{"type": "FeatureCollection", "features": [{"type": "Feature", "properties": {"name": "Lilavati Hospital and Research Centre", "type": "hospital", "emergency": "yes", "address": "A-791, Bandra Reclamation, Bandra(W), Mumbai"}, "geometry": {"type": "Point", "coordinates": [72.82916, 19.05099]}}, {"type": "Feature", "properties": {"name": "Holy Family Hospital, Mumbai", "type": "hospital", "address": "St.Andrew's Road,Bandra West,Bandra"}, "geometry": {"type": "Point", "coordinates": [72.82707, 19.0555]}}, {"type": "Feature", "properties": {"name": "\u092c\u094d\u0930\u0940\u091a \u0915\u0901\u0921\u0940 \u0939\u0949\u0938\u094d\u092a\u093f\u091f\u0932", "type": "hospital", "emergency": "yes"}, "geometry": {"type": "Point", "coordinates": [72.80422, 18.97256]}}, {"type": "Feature", "properties": {"name": "Ruxmani Lying in Hospital", "type": "hospital"}, "geometry": {"type": "Point", "coordinates": [72.80927, 18.95775]}}, {"type": "Feature", "properties": {"name": "Karuna Hospital", "type": "hospital"}, "geometry": {"type": "Point", "coordinates": [72.8531, 19.24121]}}, {"type": "Feature", "properties": {"name": "Bombay Hospital", "type": "hospital"}, "geometry": {"type": "Point", "coordinates": [72.82783, 18.94084]}}, {"type": "Feature", "properties": {"name": "Lokmanya Tilak Hospital", "type": "hospital", "emergency": "yes", "address": "Laxmibai Kelkar Marg"}, "geometry": {"type": "Point", "coordinates": [72.85887, 19.03625]}}, {"type": "Feature", "properties": {"name": "St George Hospital", "type": "hospital", "address": "opp. C S T Railway Station,"}, "geometry": {"type": "Point", "coordinates": [72.83798, 18.94069]}}, {"type": "Feature", "properties": {"name": "Saifee Hospital", "type": "hospital", "emergency": "yes", "address": "15/17, Maharshi Karve Marg"}, "geometry": {"type": "Point", "coordinates": [72.81816, 18.95251]}}, {"type": "Feature", "properties": {"name": "St George Hospital", "type": "hospital"}, "geometry": {"type": "Point", "coordinates": [72.83788, 18.94229]}}, {"type": "Feature", "properties": {"name": "Acworth Leper Asylum", "type": "hospital"}, "geometry": {"type": "Point", "coordinates": [72.85859, 19.01982]}}, {"type": "Feature", "properties": {"name": "Mahatma Gandhi Memorial Hospital", "type": "hospital"}, "geometry": {"type": "Point", "coordinates": [72.84223, 18.99693]}}, {"type": "Feature", "properties": {"name": "Tata Memorial Cancer Hospital", "type": "hospital", "address": "Mumbai"}, "geometry": {"type": "Point", "coordinates": [72.84311, 19.00562]}}, {"type": "Feature", "properties": {"name": "Haffkine Institute For Training, Research & Testing", "type": "hospital", "address": "Acharya Donde Marg"}, "geometry": {"type": "Point", "coordinates": [72.84571, 19.00275]}}, {"type": "Feature", "properties": {"name": "Hinduja Clinic", "type": "hospital"}, "geometry": {"type": "Point", "coordinates": [72.83903, 19.03299]}}, {"type": "Feature", "properties": {"name": "Hinduja Hospital", "type": "hospital"}, "geometry": {"type": "Point", "coordinates": [72.83811, 19.03313]}}, {"type": "Feature", "properties": {"name": "Aditya Jyot Eye Hospital", "type": "hospital", "address": "Registered Office, Plot No 153, Major Parmeshwaran Road Road No 9, Opp Siws College Gate No 3, Wadala (West)"}, "geometry": {"type": "Point", "coordinates": [72.85913, 19.02123]}}, {"type": "Feature", "properties": {"name": "Karbhari", "type": "hospital"}, "geometry": {"type": "Point", "coordinates": [72.84697, 19.10325]}}, {"type": "Feature", "properties": {"name": "Jaslok Hospital and Research Centre", "type": "hospital", "emergency": "yes", "address": "15, Near Sophia College, Dr.G.Deshmukh Marg,Pedder Road, Cumballa Hill"}, "geometry": {"type": "Point", "coordinates": [72.80988, 18.97158]}}, {"type": "Feature", "properties": {"name": "sathya udaiyar", "type": "hospital", "emergency": "yes", "address": "Jai Prakash Road"}, "geometry": {"type": "Point", "coordinates": [72.82426, 19.13117]}}, {"type": "Feature", "properties": {"name": "Lalita Girdhar (Hinduja Hospital)", "type": "hospital"}, "geometry": {"type": "Point", "coordinates": [72.83957, 19.03192]}}, {"type": "Feature", "properties": {"name": "Mental Hospital", "type": "hospital"}, "geometry": {"type": "Point", "coordinates": [72.96186, 19.18044]}}, {"type": "Feature", "properties": {"name": "BPT Hospital", "type": "hospital"}, "geometry": {"type": "Point", "coordinates": [72.86149, 19.01292]}}, {"type": "Feature", "properties": {"name": "Holy Spirit Hospital", "type": "hospital"}, "geometry": {"type": "Point", "coordinates": [72.86637, 19.12839]}}, {"type": "Feature", "properties": {"name": "Niron Hospital and Research Center", "type": "hospital", "address": "Kadamwadi, Off.St Anthony, St.Santacruz(East), Near Vishwakarma Samiti Hall"}, "geometry": {"type": "Point", "coordinates": [72.85837, 19.07706]}}, {"type": "Feature", "properties": {"name": "S.L. Raheja Hospital", "type": "hospital", "address": "Raheja Rugnalaya Marg, Mahim (West)"}, "geometry": {"type": "Point", "coordinates": [72.84243, 19.04631]}}, {"type": "Feature", "properties": {"name": "Brihanmumbai Municipalty Hospital", "type": "hospital"}, "geometry": {"type": "Point", "coordinates": [72.87516, 19.05328]}}, {"type": "Feature", "properties": {"name": "Vimala Dermatological Centra", "type": "hospital"}, "geometry": {"type": "Point", "coordinates": [72.80942, 19.13776]}}, {"type": "Feature", "properties": {"name": "Atmasingh Jassasingh Bankebihar Municipal ENT Hospital", "type": "hospital", "address": "Maharshi Dadhichi Marg, Azad Maidan, Fort, Mumbai"}, "geometry": {"type": "Point", "coordinates": [72.83129, 18.93485]}}, {"type": "Feature", "properties": {"name": "Lady Willingdon Building", "type": "hospital"}, "geometry": {"type": "Point", "coordinates": [72.82971, 18.94282]}}, {"type": "Feature", "properties": {"name": "Bombay Hospital and Medical Research Center", "type": "hospital", "address": "12, New Marine Lines, Marine Lines"}, "geometry": {"type": "Point", "coordinates": [72.82743, 18.94106]}}, {"type": "Feature", "properties": {"name": "Cama Hospital", "type": "hospital", "emergency": "yes", "address": "Mahapalika Marg, opp. Azad Maidan, Dhobi Talao, Chhatrapati Shivaji Terminus Area"}, "geometry": {"type": "Point", "coordinates": [72.83218, 18.94256]}}, {"type": "Feature", "properties": {"name": "\u0917\u094b\u0915\u0941\u0933\u0926\u093e\u0938 \u0924\u0947\u091c\u092a\u093e\u0932 \u0930\u0941\u0917\u094d\u0923\u093e\u0932\u092f", "type": "hospital", "address": "Near Police Commissioners Office, Lokmanya Tilak Road, G. P. O."}, "geometry": {"type": "Point", "coordinates": [72.83152, 18.94483]}}, {"type": "Feature", "properties": {"name": "Dharavi Hospital", "type": "hospital", "address": "60 Feet Road"}, "geometry": {"type": "Point", "coordinates": [72.85189, 19.03992]}}, {"type": "Feature", "properties": {"name": "Crtiti Care Asia Hospital", "type": "hospital", "address": "Kirol Road, Off LBS Road, Kurla (West)"}, "geometry": {"type": "Point", "coordinates": [72.88611, 19.07604]}}, {"type": "Feature", "properties": {"name": "Conwest And Manjula S. Badani Jain Hospital", "type": "hospital", "address": "8-10 S V Sovani Path Conwest Jain Clinic Chowk Khadilkar Road Girgaum"}, "geometry": {"type": "Point", "coordinates": [72.82109, 18.95473]}}, {"type": "Feature", "properties": {"name": "Sir H. N. Hospital & Research Centre;Sir H.N Reliance foundation hospital", "type": "hospital", "address": "Padmashri Gordhanbapa Chowk, Raja Ram Mohan Roy Road Girgaon"}, "geometry": {"type": "Point", "coordinates": [72.82007, 18.95913]}}, {"type": "Feature", "properties": {"name": "Rajeev Gandhi Medical Centre", "type": "hospital", "address": "Govandi Slums, Nirankar Nagar, Shivaji Nagar, Mumbai"}, "geometry": {"type": "Point", "coordinates": [72.92221, 19.06915]}}, {"type": "Feature", "properties": {"name": "Maa General Hospital", "type": "hospital", "address": "Postal Colony Road"}, "geometry": {"type": "Point", "coordinates": [72.89651, 19.06206]}}, {"type": "Feature", "properties": {"name": "Phoenix Hospital", "type": "hospital", "address": "CTS 374 / B(21), Padma Nagar, Chikuwadi, Borivali West, Mumbai"}, "geometry": {"type": "Point", "coordinates": [72.8381, 19.21954]}}, {"type": "Feature", "properties": {"name": "Healthcare facility", "type": "hospital"}, "geometry": {"type": "Point", "coordinates": [72.86222, 19.26115]}}, {"type": "Feature", "properties": {"name": "Dr. L. H. Hiranandani Hospital", "type": "hospital", "emergency": "yes", "address": "Hill Side Avenue, Hiranandani Gardens, Powai"}, "geometry": {"type": "Point", "coordinates": [72.91698, 19.12041]}}, {"type": "Feature", "properties": {"name": "City Hospital and Reserch Centre", "type": "hospital", "address": "Sagar Palace B Wing, Sonapur Lane, F.P.P. Marg, Off L B S Marg, Kurla (W)"}, "geometry": {"type": "Point", "coordinates": [72.88194, 19.08104]}}, {"type": "Feature", "properties": {"name": "Apollo Spectra Hospitals", "type": "hospital", "address": "Everest Building, 156, Tardeo Road, Tardeo, Mumbai"}, "geometry": {"type": "Point", "coordinates": [72.81456, 18.97032]}}, {"type": "Feature", "properties": {"name": "Sanjeevni hospital", "type": "hospital", "address": "Sheikh Misari Road"}, "geometry": {"type": "Point", "coordinates": [72.86828, 19.0278]}}, {"type": "Feature", "properties": {"name": "M. M Medicial Clinic and OPD", "type": "hospital", "address": "Holy Cross Road"}, "geometry": {"type": "Point", "coordinates": [72.85029, 19.24862]}}, {"type": "Feature", "properties": {"name": "Healthcare facility", "type": "hospital"}, "geometry": {"type": "Point", "coordinates": [72.84017, 19.07986]}}, {"type": "Feature", "properties": {"name": "Ashoka General Hospital I.C.C.U and Maternity Home", "type": "hospital", "emergency": "yes", "address": "Ashoka Place, First Floor, Makranipada Road, Off Jitendra Road, Malad East"}, "geometry": {"type": "Point", "coordinates": [72.85306, 19.1818]}}, {"type": "Feature", "properties": {"name": "Maru Hospital", "type": "hospital"}, "geometry": {"type": "Point", "coordinates": [72.83702, 18.99832]}}, {"type": "Feature", "properties": {"name": "Aniket Nursing Home", "type": "hospital", "emergency": "yes", "address": "Veer Savarkar Road"}, "geometry": {"type": "Point", "coordinates": [72.93481, 19.13043]}}, {"type": "Feature", "properties": {"name": "Balaji Hospital", "type": "hospital", "address": "Victoria Road, Cross Lane No.Iii, Byculla (E)"}, "geometry": {"type": "Point", "coordinates": [72.83533, 18.97728]}}, {"type": "Feature", "properties": {"name": "janhavi nursing home", "type": "hospital", "address": "turel pakhadi road"}, "geometry": {"type": "Point", "coordinates": [72.84249, 19.18448]}}, {"type": "Feature", "properties": {"name": "Kaizen Quro", "type": "hospital"}, "geometry": {"type": "Point", "coordinates": [72.85497, 19.07844]}}, {"type": "Feature", "properties": {"name": "Radha Krishna Hospital", "type": "hospital", "emergency": "yes", "address": "Film City Road"}, "geometry": {"type": "Point", "coordinates": [72.87389, 19.17258]}}, {"type": "Feature", "properties": {"name": "umerkhadi hospital", "type": "hospital", "emergency": "yes", "address": "A N Surve Marg (Umerkhadi Road)"}, "geometry": {"type": "Point", "coordinates": [72.83657, 18.96142]}}, {"type": "Feature", "properties": {"name": "Gokul maternity and Surgical home", "type": "hospital", "address": "Maroshi Village Road, vijay nagar LT"}, "geometry": {"type": "Point", "coordinates": [72.87946, 19.12135]}}, {"type": "Feature", "properties": {"name": "The Vein Center Andheri", "type": "hospital", "emergency": "yes", "address": "Marol Maroshi Village Road"}, "geometry": {"type": "Point", "coordinates": [72.87941, 19.12068]}}, {"type": "Feature", "properties": {"name": "smriti narvekar", "type": "hospital", "emergency": "yes", "address": "Takandas H. Kataria Marg"}, "geometry": {"type": "Point", "coordinates": [72.84398, 19.03145]}}, {"type": "Feature", "properties": {"name": "The Vein Center Mumbai", "type": "hospital", "emergency": "yes", "address": "Swami Vivekanand Road"}, "geometry": {"type": "Point", "coordinates": [72.837, 19.06856]}}, {"type": "Feature", "properties": {"name": "Healthcare facility", "type": "hospital"}, "geometry": {"type": "Point", "coordinates": [72.86299, 19.22048]}}, {"type": "Feature", "properties": {"name": "Thunga", "type": "hospital", "address": "N Dutta Road"}, "geometry": {"type": "Point", "coordinates": [72.82695, 19.12113]}}, {"type": "Feature", "properties": {"name": "Shatabdi Hospital", "type": "hospital", "emergency": "yes", "address": "Waman Tukaram Patil Marg (Ghatkopar Sewri Wadala Road)"}, "geometry": {"type": "Point", "coordinates": [72.91101, 19.04947]}}, {"type": "Feature", "properties": {"name": "K B H B Charitable Ophthalmic and E.N.T Hospital", "type": "hospital", "address": "Parel"}, "geometry": {"type": "Point", "coordinates": [72.84058, 19.00236]}}, {"type": "Feature", "properties": {"name": "Dr. Babasaheb Ambedkar Memorial Central Railway Hospital", "type": "hospital", "address": "Dr. B.A.Ambedkar Central Railway Hospital, Opp. Ranibag, BYCULLA MUMBAI"}, "geometry": {"type": "Point", "coordinates": [72.8333, 18.97985]}}, {"type": "Feature", "properties": {"name": "Asian Heart Institute", "type": "hospital", "address": "G / N Block, Bandra Kurla Complex, Bandra (E)"}, "geometry": {"type": "Point", "coordinates": [72.86068, 19.06511]}}, {"type": "Feature", "properties": {"name": "Godrej Memorial Hospital, Mumbai", "type": "hospital", "address": "Pirojshanagar, Vikhroli(E)"}, "geometry": {"type": "Point", "coordinates": [72.92787, 19.10425]}}, {"type": "Feature", "properties": {"name": "Hindu Hruday Samrat Balasaheb Thackerey Trauma Care Municipal Hospital", "type": "hospital", "address": "Hindu Hruday Samrat Balasaheb Thackerey Trauma Care, Opposite Jogeshwari Vikhroli Link Road, Jogeshwari East"}, "geometry": {"type": "Point", "coordinates": [72.8537, 19.14093]}}, {"type": "Feature", "properties": {"name": "Nowrosjee Wadia Maternity Hospital", "type": "hospital", "address": "Acharya Donde Marg, Parel East, Parel"}, "geometry": {"type": "Point", "coordinates": [72.84223, 19.00391]}}, {"type": "Feature", "properties": {"name": "Fortis Hospitals", "type": "hospital", "emergency": "yes", "address": "Mulund Goregaon Link Road"}, "geometry": {"type": "Point", "coordinates": [72.94178, 19.16166]}}, {"type": "Feature", "properties": {"name": "ESIS Hospital", "type": "hospital"}, "geometry": {"type": "Point", "coordinates": [72.94473, 19.18003]}}, {"type": "Feature", "properties": {"name": "Aarey Hospital", "type": "hospital"}, "geometry": {"type": "Point", "coordinates": [72.87555, 19.14732]}}, {"type": "Feature", "properties": {"name": "V.D. SAWARKAR HOSPITAL", "type": "hospital", "address": "V.D.Sawarkar Mun.Gen. Hospital, Mulund East Mumbai 81"}, "geometry": {"type": "Point", "coordinates": [72.96041, 19.17173]}}, {"type": "Feature", "properties": {"name": "K B Bhabha Municipal General Hospital", "type": "hospital", "address": "K.B.Bhabha Municipal General Hospital, Waterfield Road, Bandra (W)"}, "geometry": {"type": "Point", "coordinates": [72.83354, 19.05742]}}, {"type": "Feature", "properties": {"name": "Aditi Hospital", "type": "hospital", "address": "Alhad 185-R, P.K. Road, Opposite Sports Complex, Mulund (W)"}, "geometry": {"type": "Point", "coordinates": [72.94862, 19.17195]}}, {"type": "Feature", "properties": {"name": "Hira-Mongi Navneet Hospital", "type": "hospital", "address": "Valji ladha road, Mulund(west)"}, "geometry": {"type": "Point", "coordinates": [72.95016, 19.17093]}}, {"type": "Feature", "properties": {"name": "IIT Hospital", "type": "hospital"}, "geometry": {"type": "Point", "coordinates": [72.91407, 19.13075]}}, {"type": "Feature", "properties": {"name": "J. J. Hospital", "type": "hospital"}, "geometry": {"type": "Point", "coordinates": [72.83425, 18.96339]}}, {"type": "Feature", "properties": {"name": "School of Medical Assistants", "type": "hospital", "address": "45, Nanabhai Moos Marg, Near RC Church, Navy Nagar, Colaba, Mumbai"}, "geometry": {"type": "Point", "coordinates": [72.81391, 18.89948]}}, {"type": "Feature", "properties": {"name": "Healthcare facility", "type": "hospital"}, "geometry": {"type": "Point", "coordinates": [72.83874, 18.96759]}}, {"type": "Feature", "properties": {"name": "Yashada Maternity and Nursing Home", "type": "hospital", "address": "Aarey Road"}, "geometry": {"type": "Point", "coordinates": [72.85434, 19.16622]}}, {"type": "Feature", "properties": {"name": "Nirali A M Naik Charitable Health-Care Facility", "type": "hospital", "address": "Tunga, Powai, Andheri East, Mumbai"}, "geometry": {"type": "Point", "coordinates": [72.89148, 19.12121]}}, {"type": "Feature", "properties": {"name": "Apollo Spectra Hospital", "type": "hospital"}, "geometry": {"type": "Point", "coordinates": [72.91119, 19.04713]}}, {"type": "Feature", "properties": {"name": "K.J. Somaiya Hospital and Research Centre", "type": "hospital", "emergency": "yes"}, "geometry": {"type": "Point", "coordinates": [72.8747, 19.04712]}}, {"type": "Feature", "properties": {"name": "Municipal TB Hospital", "type": "hospital", "address": "Jerbai Wadia Road, Sewree East, Mumbai"}, "geometry": {"type": "Point", "coordinates": [72.85234, 19.00647]}}, {"type": "Feature", "properties": {"name": "Healthcare facility", "type": "hospital"}, "geometry": {"type": "Point", "coordinates": [72.86317, 19.24231]}}, {"type": "Feature", "properties": {"name": "Jagjivan Ram Hospital", "type": "hospital", "emergency": "yes", "address": "Maratha Mandir Marg, RBI Staff Colony"}, "geometry": {"type": "Point", "coordinates": [72.82397, 18.97039]}}, {"type": "Feature", "properties": {"name": "Khubchandani Hospital", "type": "hospital", "address": "Gulmohar Road, Gulmohar Colony, Andheri West, Mumbai"}, "geometry": {"type": "Point", "coordinates": [72.83536, 19.11952]}}, {"type": "Feature", "properties": {"name": "Shushrusha Hospital", "type": "hospital", "address": "Vikhroli, Mumbai"}, "geometry": {"type": "Point", "coordinates": [72.93467, 19.11215]}}, {"type": "Feature", "properties": {"name": "Sushrut Hospital and Research Centre", "type": "hospital", "address": "365, Swastik Park, Chembur East"}, "geometry": {"type": "Point", "coordinates": [72.88945, 19.05649]}}, {"type": "Feature", "properties": {"name": "Shivaji Nagar Muncipal Hospital", "type": "hospital", "address": "Shivaji Nagar Nanded"}, "geometry": {"type": "Point", "coordinates": [72.91898, 19.06291]}}, {"type": "Feature", "properties": {"name": "Guru Nanak Hospital", "type": "hospital", "address": "S-341, Gandhinagar, Bandra(E)"}, "geometry": {"type": "Point", "coordinates": [72.85268, 19.05938]}}, {"type": "Feature", "properties": {"name": "The B.D.Petit Parsee General Hospital", "type": "hospital", "address": "Bomanjee Petit Road, Cumballa Hill"}, "geometry": {"type": "Point", "coordinates": [72.80552, 18.96863]}}, {"type": "Feature", "properties": {"name": "Dr.Babasaheb Ambedkar Bmc General Hospital", "type": "hospital", "address": "Fateh Baug, Kandivali West, Mumbai"}, "geometry": {"type": "Point", "coordinates": [72.85134, 19.20861]}}, {"type": "Feature", "properties": {"name": "Ayurseva Hospital", "type": "hospital", "address": "Jeevan Hall Building, 2-A, Dharavi Main Road"}, "geometry": {"type": "Point", "coordinates": [72.84985, 19.04349]}}, {"type": "Feature", "properties": {"name": "Lifelline", "type": "hospital"}, "geometry": {"type": "Point", "coordinates": [72.81817, 19.20715]}}, {"type": "Feature", "properties": {"name": "Women's Hospital", "type": "hospital"}, "geometry": {"type": "Point", "coordinates": [72.83063, 19.06942]}}, {"type": "Feature", "properties": {"name": "INHS Asvini Naval Hospital", "type": "hospital", "address": "Near RC Church, Navy Nagar, Colaba, Mumbai"}, "geometry": {"type": "Point", "coordinates": [72.81494, 18.90027]}}, {"type": "Feature", "properties": {"name": "Masina Hospital", "type": "hospital", "emergency": "yes", "address": "Sant Savata Marg"}, "geometry": {"type": "Point", "coordinates": [72.83532, 18.97424]}}, {"type": "Feature", "properties": {"name": "Wockhardt Hospitals, South Mumbai", "type": "hospital", "address": "Police Station, 1877 Doctor Anandrao Nair Marg Near Agripada, Mumbai Central"}, "geometry": {"type": "Point", "coordinates": [72.82401, 18.97514]}}, {"type": "Feature", "properties": {"name": "NH SRCC Children's Hospital", "type": "hospital", "address": "1-1A, Keshavrao Khadye Marg, Haji Ali, Mumbai"}, "geometry": {"type": "Point", "coordinates": [72.8128, 18.97885]}}, {"type": "Feature", "properties": {"name": "Sarvodaya Hospital", "type": "hospital", "address": "Gandhi Nagar, Kirti Vihar, Ghatkopar West, Mumbai"}, "geometry": {"type": "Point", "coordinates": [72.90712, 19.09037]}}, {"type": "Feature", "properties": {"name": "Head And Neck Cancer Institute Of India", "type": "hospital"}, "geometry": {"type": "Point", "coordinates": [72.84568, 18.97022]}}, {"type": "Feature", "properties": {"name": "Government Hospita", "type": "hospital"}, "geometry": {"type": "Point", "coordinates": [72.81911, 19.18548]}}, {"type": "Feature", "properties": {"name": "Upasani Super Speciality Hospital", "type": "hospital", "address": "Devi Dayal Cross Road, Behind Fire Station, P&T Staff Colony, Mulund West, Mumbai"}, "geometry": {"type": "Point", "coordinates": [72.94244, 19.17458]}}, {"type": "Feature", "properties": {"name": "Asian", "type": "hospital"}, "geometry": {"type": "Point", "coordinates": [72.8607, 19.06513]}}, {"type": "Feature", "properties": {"name": "King George V Infimary", "type": "hospital"}, "geometry": {"type": "Point", "coordinates": [72.8232, 18.98882]}}, {"type": "Feature", "properties": {"name": "Sion Hospital", "type": "hospital"}, "geometry": {"type": "Point", "coordinates": [72.85804, 19.03482]}}, {"type": "Feature", "properties": {"name": "V.N. Desai Hospital", "type": "hospital", "address": "11th Road, Golibar, Santacruz East"}, "geometry": {"type": "Point", "coordinates": [72.8451, 19.0787]}}, {"type": "Feature", "properties": {"name": "Mangal nursing home", "type": "hospital", "address": "Besant Road"}, "geometry": {"type": "Point", "coordinates": [72.83948, 19.08346]}}, {"type": "Feature", "properties": {"name": "hehehe", "type": "hospital", "emergency": "yes", "address": "Swami Vivekanand Road"}, "geometry": {"type": "Point", "coordinates": [72.8419, 19.11047]}}, {"type": "Feature", "properties": {"name": "Shushrusha Citizens Co-Op Hospital Ltd.", "type": "hospital", "address": "698-B,Ranade Road, Dadar"}, "geometry": {"type": "Point", "coordinates": [72.83788, 19.02332]}}, {"type": "Feature", "properties": {"name": "Western Railway Health Unit Bandra West", "type": "hospital"}, "geometry": {"type": "Point", "coordinates": [72.83822, 19.06303]}}, {"type": "Feature", "properties": {"name": "Rajendra Clinic", "type": "clinic", "address": "Wadala Sewri Cross Road, Wadala West, Wadala, Mumbai"}, "geometry": {"type": "Point", "coordinates": [72.85335, 19.01648]}}, {"type": "Feature", "properties": {"name": "National Centre for Training and Research into Cerebral Palsy", "type": "hospital"}, "geometry": {"type": "Point", "coordinates": [72.83213, 19.05164]}}, {"type": "Feature", "properties": {"name": "Al Medica", "type": "pharmacy", "address": "Chapel Road"}, "geometry": {"type": "Point", "coordinates": [72.82753, 19.05086]}}, {"type": "Feature", "properties": {"name": "Noble Plus", "type": "pharmacy", "address": "M Kahn Chowk"}, "geometry": {"type": "Point", "coordinates": [72.82388, 19.05206]}}, {"type": "Feature", "properties": {"name": "Bobby's", "type": "pharmacy"}, "geometry": {"type": "Point", "coordinates": [72.82702, 18.94469]}}, {"type": "Feature", "properties": {"name": "Healthcare facility", "type": "pharmacy"}, "geometry": {"type": "Point", "coordinates": [72.82791, 18.94136]}}, {"type": "Feature", "properties": {"name": "Healthcare facility", "type": "pharmacy"}, "geometry": {"type": "Point", "coordinates": [72.82766, 18.94131]}}, {"type": "Feature", "properties": {"name": "Real Chemist", "type": "pharmacy", "address": "New Marine Lines"}, "geometry": {"type": "Point", "coordinates": [72.82759, 18.94136]}}, {"type": "Feature", "properties": {"name": "Borivali West", "type": "hospital", "emergency": "yes", "address": "Factory Lane, near Railway Station, Bhatt Chawl, Mini Zaveri Bazaar, Mhatre Wadi, Borivali West"}, "geometry": {"type": "Point", "coordinates": [72.84714, 19.22981]}}, {"type": "Feature", "properties": {"name": "Healthcare facility", "type": "pharmacy"}, "geometry": {"type": "Point", "coordinates": [72.84441, 19.23518]}}, {"type": "Feature", "properties": {"name": "Healthcare facility", "type": "pharmacy"}, "geometry": {"type": "Point", "coordinates": [72.8425, 19.23518]}}, {"type": "Feature", "properties": {"name": "Saifee Ambulance", "type": "hospital"}, "geometry": {"type": "Point", "coordinates": [72.8315, 18.95994]}}, {"type": "Feature", "properties": {"name": "Sheetal Medical & General Stores", "type": "pharmacy"}, "geometry": {"type": "Point", "coordinates": [72.83217, 18.92283]}}, {"type": "Feature", "properties": {"name": "Siddarth Municipal Hospital", "type": "hospital", "emergency": "yes", "address": "Siddarth Municipal General Hospital, Opp Motilal Nagar Post Office, Goregaon (W), Mumbai"}, "geometry": {"type": "Point", "coordinates": [72.83992, 19.15972]}}, {"type": "Feature", "properties": {"name": "Shastri Medical", "type": "pharmacy"}, "geometry": {"type": "Point", "coordinates": [72.84995, 19.11158]}}, {"type": "Feature", "properties": {"name": "Lifescan Imaging Centre", "type": "pharmacy"}, "geometry": {"type": "Point", "coordinates": [72.84585, 19.18772]}}, {"type": "Feature", "properties": {"name": "Jevan Vikas Hospital", "type": "hospital"}, "geometry": {"type": "Point", "coordinates": [72.84833, 19.11065]}}, {"type": "Feature", "properties": {"name": "Sai Medical Stores", "type": "pharmacy"}, "geometry": {"type": "Point", "coordinates": [72.92947, 19.04417]}}, {"type": "Feature", "properties": {"name": "JOY Hospital", "type": "hospital"}, "geometry": {"type": "Point", "coordinates": [72.89739, 19.05588]}}, {"type": "Feature", "properties": {"name": "Inlaks Hospital", "type": "hospital"}, "geometry": {"type": "Point", "coordinates": [72.89642, 19.04661]}}, {"type": "Feature", "properties": {"name": "Nobel Chemist", "type": "pharmacy"}, "geometry": {"type": "Point", "coordinates": [72.8287, 19.21518]}}, {"type": "Feature", "properties": {"name": "Dr Babar", "type": "doctors"}, "geometry": {"type": "Point", "coordinates": [72.92161, 19.05382]}}, {"type": "Feature", "properties": {"name": "Ankit Fracture, Maternity and Surgical Hospital", "type": "hospital", "address": "No. B-4, Girirath, Carter Road Near Sai Baba Temple, Borivali (East)"}, "geometry": {"type": "Point", "coordinates": [72.86059, 19.22705]}}, {"type": "Feature", "properties": {"name": "Superdoc Medical", "type": "pharmacy", "address": "Hanuman Road"}, "geometry": {"type": "Point", "coordinates": [72.84533, 19.10301]}}, {"type": "Feature", "properties": {"name": "Atul Aurvedic", "type": "pharmacy", "address": "Hanuman Road"}, "geometry": {"type": "Point", "coordinates": [72.85087, 19.10356]}}, {"type": "Feature", "properties": {"name": "Parle Provision", "type": "pharmacy", "address": "Hanuman Road"}, "geometry": {"type": "Point", "coordinates": [72.85102, 19.10353]}}, {"type": "Feature", "properties": {"name": "Suman", "type": "pharmacy", "address": "Hanuman Road"}, "geometry": {"type": "Point", "coordinates": [72.85186, 19.10364]}}, {"type": "Feature", "properties": {"name": "Dr Maitreyee Parulekar", "type": "hospital", "address": "opp Sai Mandir Marg, Navpada, Vile Parle E"}, "geometry": {"type": "Point", "coordinates": [72.84838, 19.09629]}}, {"type": "Feature", "properties": {"name": "Utility Chemists", "type": "pharmacy", "address": "Sulochana Shetty Marg"}, "geometry": {"type": "Point", "coordinates": [72.85946, 19.03502]}}, {"type": "Feature", "properties": {"name": "Sujay Hospital", "type": "hospital", "emergency": "yes", "address": "25, Gulmohar Park Gulmohar Road, Juhu Scheme Vile Parle - West"}, "geometry": {"type": "Point", "coordinates": [72.83396, 19.11623]}}, {"type": "Feature", "properties": {"name": "Powai Dental Clinic", "type": "hospital", "emergency": "no"}, "geometry": {"type": "Point", "coordinates": [72.91728, 19.12465]}}, {"type": "Feature", "properties": {"name": "Powai Hospital", "type": "hospital", "address": "1-A, BSNL Colony, Powai, Mumbai"}, "geometry": {"type": "Point", "coordinates": [72.91645, 19.12409]}}, {"type": "Feature", "properties": {"name": "Sailee Hospital and Diagnostic Center", "type": "hospital", "emergency": "yes", "address": "Prathameshhorizon, Newmhbcolony, Newlinkroad, Borivali(W)"}, "geometry": {"type": "Point", "coordinates": [72.84068, 19.22773]}}, {"type": "Feature", "properties": {"name": "Noble Medicals", "type": "pharmacy"}, "geometry": {"type": "Point", "coordinates": [72.89644, 19.07041]}}, {"type": "Feature", "properties": {"name": "Healthcare facility", "type": "hospital"}, "geometry": {"type": "Point", "coordinates": [72.87178, 19.21502]}}, {"type": "Feature", "properties": {"name": "Sanu Medical", "type": "pharmacy"}, "geometry": {"type": "Point", "coordinates": [72.82908, 19.14287]}}, {"type": "Feature", "properties": {"name": "Real Chemist", "type": "pharmacy"}, "geometry": {"type": "Point", "coordinates": [72.82253, 19.12498]}}, {"type": "Feature", "properties": {"name": "Mohan Medicine", "type": "pharmacy"}, "geometry": {"type": "Point", "coordinates": [72.82924, 19.11759]}}, {"type": "Feature", "properties": {"name": "Healthcare facility", "type": "hospital"}, "geometry": {"type": "Point", "coordinates": [72.86981, 19.04938]}}, {"type": "Feature", "properties": {"name": "Solanki Medical Shop", "type": "pharmacy", "address": "Dr B.R Ambedkar Road, Bandra West"}, "geometry": {"type": "Point", "coordinates": [72.82922, 19.06271]}}, {"type": "Feature", "properties": {"name": "Dr Shetty's Clinic", "type": "doctors"}, "geometry": {"type": "Point", "coordinates": [72.82936, 19.06265]}}, {"type": "Feature", "properties": {"name": "Ambika Medicals", "type": "pharmacy"}, "geometry": {"type": "Point", "coordinates": [72.8224, 19.1352]}}, {"type": "Feature", "properties": {"name": "Dr Manveen Gill", "type": "hospital"}, "geometry": {"type": "Point", "coordinates": [72.82749, 19.13248]}}, {"type": "Feature", "properties": {"name": "Dr CV Hemlata", "type": "clinic"}, "geometry": {"type": "Point", "coordinates": [72.82101, 19.13015]}}, {"type": "Feature", "properties": {"name": "Dr M S Jayaprakash", "type": "clinic"}, "geometry": {"type": "Point", "coordinates": [72.8192, 19.13016]}}, {"type": "Feature", "properties": {"name": "Dr Nischint Jayaprakash", "type": "clinic"}, "geometry": {"type": "Point", "coordinates": [72.81913, 19.13015]}}, {"type": "Feature", "properties": {"name": "Chemist", "type": "pharmacy"}, "geometry": {"type": "Point", "coordinates": [72.82413, 19.01523]}}, {"type": "Feature", "properties": {"name": "Balaji Medicals", "type": "pharmacy"}, "geometry": {"type": "Point", "coordinates": [72.90037, 19.06129]}}, {"type": "Feature", "properties": {"name": "Ameeta Patil Nursing Home", "type": "hospital", "emergency": "yes", "address": "M Ward Marg, Chembur East"}, "geometry": {"type": "Point", "coordinates": [72.89973, 19.06222]}}, {"type": "Feature", "properties": {"name": "Mata Ramabai B Ambedkar Hospital", "type": "hospital", "emergency": "no"}, "geometry": {"type": "Point", "coordinates": [72.89464, 19.05571]}}, {"type": "Feature", "properties": {"name": "Dr Dharampal Singh", "type": "clinic", "address": "Raviraj Oberoi Complex, Inside SAB TV Lane"}, "geometry": {"type": "Point", "coordinates": [72.82814, 19.13665]}}, {"type": "Feature", "properties": {"name": "Vital Imaging Centre", "type": "clinic", "address": "New Link Road, Andheri West"}, "geometry": {"type": "Point", "coordinates": [72.83119, 19.13962]}}, {"type": "Feature", "properties": {"name": "Top Dog Pets Clinic", "type": "clinic", "address": "J.P Road, 7 Bungalows, Andheri West"}, "geometry": {"type": "Point", "coordinates": [72.81916, 19.12935]}}, {"type": "Feature", "properties": {"name": "Hyat Hosptal", "type": "hospital", "emergency": "yes"}, "geometry": {"type": "Point", "coordinates": [72.86307, 19.18068]}}, {"type": "Feature", "properties": {"name": "Dr Preet Kochar's Dental Clinic", "type": "clinic", "address": "Bank Of Maharashtra Lane, Seven Bungalows, Andheri West"}, "geometry": {"type": "Point", "coordinates": [72.81889, 19.12966]}}, {"type": "Feature", "properties": {"name": "Richfeel Hair And Scalp Clinic", "type": "clinic"}, "geometry": {"type": "Point", "coordinates": [72.82225, 19.12533]}}, {"type": "Feature", "properties": {"name": "Jhonsons Diagnostics", "type": "clinic"}, "geometry": {"type": "Point", "coordinates": [72.91939, 19.0501]}}, {"type": "Feature", "properties": {"name": "Mount Medical Store", "type": "pharmacy"}, "geometry": {"type": "Point", "coordinates": [72.82634, 19.04973]}}, {"type": "Feature", "properties": {"name": "Mangal Murti Hospital and Polyclinic", "type": "hospital", "address": "Plot No.65-68 & 66-69, Rsc-13, Opposite Saibaba Temple, Gorai Part 1, Borivali (West)"}, "geometry": {"type": "Point", "coordinates": [72.82788, 19.2263]}}, {"type": "Feature", "properties": {"name": "Dr.zamil", "type": "hospital"}, "geometry": {"type": "Point", "coordinates": [72.92821, 19.06158]}}, {"type": "Feature", "properties": {"name": "Anu Medicals", "type": "pharmacy", "address": "Chembur Station Road"}, "geometry": {"type": "Point", "coordinates": [72.90012, 19.06253]}}, {"type": "Feature", "properties": {"name": "Healthcare facility", "type": "hospital"}, "geometry": {"type": "Point", "coordinates": [72.84513, 19.06163]}}, {"type": "Feature", "properties": {"name": "Dr. Belani\u2019s Blue Shield Medical Clinic", "type": "clinic", "address": "Andheri-Kurla Road"}, "geometry": {"type": "Point", "coordinates": [72.86865, 19.11222]}}, {"type": "Feature", "properties": {"name": "Poly Clinic Matunga", "type": "doctors"}, "geometry": {"type": "Point", "coordinates": [72.84903, 19.03164]}}, {"type": "Feature", "properties": {"name": "Rohan Chemist", "type": "pharmacy"}, "geometry": {"type": "Point", "coordinates": [72.81818, 19.13024]}}, {"type": "Feature", "properties": {"name": "jonsons diagnostics", "type": "hospital"}, "geometry": {"type": "Point", "coordinates": [72.91933, 19.05015]}}, {"type": "Feature", "properties": {"name": "IMTIYAZ Dr.", "type": "clinic", "address": "Road Number 4"}, "geometry": {"type": "Point", "coordinates": [72.92311, 19.06558]}}, {"type": "Feature", "properties": {"name": "Healthcare facility", "type": "clinic", "address": "Road 1"}, "geometry": {"type": "Point", "coordinates": [72.90455, 19.06817]}}, {"type": "Feature", "properties": {"name": "nidan hospital", "type": "hospital"}, "geometry": {"type": "Point", "coordinates": [72.91217, 19.09247]}}, {"type": "Feature", "properties": {"name": "bba", "type": "hospital"}, "geometry": {"type": "Point", "coordinates": [72.91133, 19.06026]}}, {"type": "Feature", "properties": {"name": "mahaveer hospital", "type": "hospital"}, "geometry": {"type": "Point", "coordinates": [72.92759, 19.06775]}}, {"type": "Feature", "properties": {"name": "khawaja garaib nawaz hopital", "type": "clinic", "emergency": "yes", "address": "Road Number 3"}, "geometry": {"type": "Point", "coordinates": [72.92273, 19.06734]}}, {"type": "Feature", "properties": {"name": "maa hospital", "type": "hospital"}, "geometry": {"type": "Point", "coordinates": [72.8904, 19.05851]}}, {"type": "Feature", "properties": {"name": "Healthcare facility", "type": "pharmacy"}, "geometry": {"type": "Point", "coordinates": [72.84341, 19.06025]}}, {"type": "Feature", "properties": {"name": "Healthcare facility", "type": "pharmacy"}, "geometry": {"type": "Point", "coordinates": [72.84319, 19.06038]}}, {"type": "Feature", "properties": {"name": "SuperDoc Medical Store", "type": "pharmacy"}, "geometry": {"type": "Point", "coordinates": [72.84341, 19.06013]}}, {"type": "Feature", "properties": {"name": "Gajanand Pharmacy", "type": "pharmacy"}, "geometry": {"type": "Point", "coordinates": [72.84384, 19.06141]}}, {"type": "Feature", "properties": {"name": "Aastha Nursing Home", "type": "clinic"}, "geometry": {"type": "Point", "coordinates": [72.82433, 19.13458]}}, {"type": "Feature", "properties": {"name": "sanjeevan hospital", "type": "hospital", "emergency": "yes", "address": "Jeejabai Bhosle Marg"}, "geometry": {"type": "Point", "coordinates": [72.92477, 19.06087]}}, {"type": "Feature", "properties": {"name": "Metalife", "type": "hospital"}, "geometry": {"type": "Point", "coordinates": [72.91342, 19.06689]}}, {"type": "Feature", "properties": {"name": "DR KHANPTHAN", "type": "doctors"}, "geometry": {"type": "Point", "coordinates": [72.90427, 19.06252]}}, {"type": "Feature", "properties": {"name": "MILLAT OSPITAL", "type": "clinic", "emergency": "yes"}, "geometry": {"type": "Point", "coordinates": [72.92122, 19.06781]}}, {"type": "Feature", "properties": {"name": "LOTUS HOSPITAL", "type": "clinic", "emergency": "yes"}, "geometry": {"type": "Point", "coordinates": [72.92075, 19.06747]}}, {"type": "Feature", "properties": {"name": "Diamond Polyclinic", "type": "clinic"}, "geometry": {"type": "Point", "coordinates": [72.90107, 19.05369]}}, {"type": "Feature", "properties": {"name": "AMAN", "type": "hospital"}, "geometry": {"type": "Point", "coordinates": [72.91854, 19.05245]}}, {"type": "Feature", "properties": {"name": "Dr zakir hussain nagar", "type": "doctors"}, "geometry": {"type": "Point", "coordinates": [72.92634, 19.05625]}}, {"type": "Feature", "properties": {"name": "Healthcare facility", "type": "clinic"}, "geometry": {"type": "Point", "coordinates": [72.90187, 19.05828]}}, {"type": "Feature", "properties": {"name": "pathology center", "type": "doctors", "address": "D P Road"}, "geometry": {"type": "Point", "coordinates": [72.92721, 19.05196]}}, {"type": "Feature", "properties": {"name": "Saidhanhospital Iccu and Eye Care", "type": "hospital", "emergency": "yes", "address": "Vidhataapartments, Groundfloor, Mulund(E)"}, "geometry": {"type": "Point", "coordinates": [72.96129, 19.16825]}}, {"type": "Feature", "properties": {"name": "Chandraganga Hospital, Mulund", "type": "hospital", "emergency": "yes", "address": "Chandraganga Apartments, V.B.Phadke Marg, Near Subway,Mulund (East)"}, "geometry": {"type": "Point", "coordinates": [72.96184, 19.17603]}}, {"type": "Feature", "properties": {"name": "Ambaji Medical Store", "type": "pharmacy", "address": "Lokmanya Tilak Road"}, "geometry": {"type": "Point", "coordinates": [72.95902, 19.17016]}}, {"type": "Feature", "properties": {"name": "MILLENIUM HOSPITAL", "type": "clinic", "emergency": "yes"}, "geometry": {"type": "Point", "coordinates": [72.92046, 19.06689]}}, {"type": "Feature", "properties": {"name": "SABA HOSPITAL", "type": "clinic", "emergency": "yes"}, "geometry": {"type": "Point", "coordinates": [72.92105, 19.06804]}}, {"type": "Feature", "properties": {"name": "Jupiter Scan Centre", "type": "clinic", "address": "Purushottam Kheraj Road"}, "geometry": {"type": "Point", "coordinates": [72.94743, 19.17214]}}, {"type": "Feature", "properties": {"name": "Ritesh Medical", "type": "pharmacy"}, "geometry": {"type": "Point", "coordinates": [72.88295, 19.08131]}}, {"type": "Feature", "properties": {"name": "City Medical Centre", "type": "pharmacy", "address": "Lal Bahadur Shastri Marg"}, "geometry": {"type": "Point", "coordinates": [72.88193, 19.08115]}}, {"type": "Feature", "properties": {"name": "Healthcare facility", "type": "pharmacy"}, "geometry": {"type": "Point", "coordinates": [72.88338, 19.07729]}}, {"type": "Feature", "properties": {"name": "Kurla Nursing Room", "type": "hospital", "emergency": "yes", "address": "S G Barve Marg"}, "geometry": {"type": "Point", "coordinates": [72.88068, 19.07082]}}, {"type": "Feature", "properties": {"name": "gr8 smile dental clinic", "type": "hospital", "emergency": "yes", "address": "Tejpal Scheme Road 5"}, "geometry": {"type": "Point", "coordinates": [72.85074, 19.10682]}}, {"type": "Feature", "properties": {"name": "Pushpak Diagnostics", "type": "clinic", "address": "Besant Road, Vile Parle West"}, "geometry": {"type": "Point", "coordinates": [72.84329, 19.10065]}}, {"type": "Feature", "properties": {"name": "Sriram Pharmacy", "type": "pharmacy"}, "geometry": {"type": "Point", "coordinates": [72.82116, 19.12846]}}, {"type": "Feature", "properties": {"name": "new life hospital", "type": "hospital", "address": "R B Kadam Road"}, "geometry": {"type": "Point", "coordinates": [72.905, 19.08976]}}, {"type": "Feature", "properties": {"name": "muktabai hospital", "type": "hospital"}, "geometry": {"type": "Point", "coordinates": [72.90329, 19.0946]}}, {"type": "Feature", "properties": {"name": "v care hospital intensive& unit care", "type": "hospital"}, "geometry": {"type": "Point", "coordinates": [72.88179, 19.06348]}}, {"type": "Feature", "properties": {"name": "arpan nursing home", "type": "hospital"}, "geometry": {"type": "Point", "coordinates": [72.87812, 19.06939]}}, {"type": "Feature", "properties": {"name": "fauziya hospital", "type": "hospital"}, "geometry": {"type": "Point", "coordinates": [72.87318, 19.06276]}}, {"type": "Feature", "properties": {"name": "arayan hospital", "type": "hospital"}, "geometry": {"type": "Point", "coordinates": [72.88193, 19.06361]}}, {"type": "Feature", "properties": {"name": "Healthcare facility", "type": "doctors", "address": "P.L. Lokhande Marg"}, "geometry": {"type": "Point", "coordinates": [72.90539, 19.06199]}}, {"type": "Feature", "properties": {"name": "Anket Nursing Home", "type": "hospital", "emergency": "yes"}, "geometry": {"type": "Point", "coordinates": [72.9299, 19.13089]}}, {"type": "Feature", "properties": {"name": "Jeevan Jyot Medical Centre", "type": "clinic"}, "geometry": {"type": "Point", "coordinates": [72.83866, 19.11611]}}, {"type": "Feature", "properties": {"name": "Bellevue Multispeciality Hospital", "type": "hospital", "address": "1st Floor, The Link, Link Road Extension, Opposite Star Bazaar, Next To Audi Showroom, Andheri (W)"}, "geometry": {"type": "Point", "coordinates": [72.83168, 19.129]}}, {"type": "Feature", "properties": {"name": "Nanavati Hospital, Mumbai", "type": "hospital", "address": "S V Road , Vile Parle"}, "geometry": {"type": "Point", "coordinates": [72.84001, 19.09597]}}, {"type": "Feature", "properties": {"name": "Surya Mother And Child Speciality Hospital", "type": "hospital"}, "geometry": {"type": "Point", "coordinates": [72.83773, 19.08573]}}, {"type": "Feature", "properties": {"name": "Surya Childrens Hospital", "type": "hospital", "address": "101/102 Mangal Ashirwad, June S.V. Road & Dattatray Road, T.P.S. Ii Santacruz (W)"}, "geometry": {"type": "Point", "coordinates": [72.83795, 19.08551]}}, {"type": "Feature", "properties": {"name": "Aryan Hospital", "type": "hospital"}, "geometry": {"type": "Point", "coordinates": [72.94881, 19.03916]}}, {"type": "Feature", "properties": {"name": "Nutan Mammography and Sonography Centre", "type": "hospital", "address": "2-A,Manubharti Chs,Azad Lane,S V Road,Andheri"}, "geometry": {"type": "Point", "coordinates": [72.84172, 19.11408]}}, {"type": "Feature", "properties": {"name": "Healthcare facility", "type": "clinic"}, "geometry": {"type": "Point", "coordinates": [72.84174, 19.114]}}, {"type": "Feature", "properties": {"name": "K D Polyclinic", "type": "clinic"}, "geometry": {"type": "Point", "coordinates": [72.84153, 19.114]}}, {"type": "Feature", "properties": {"name": "Shah Clinic", "type": "clinic"}, "geometry": {"type": "Point", "coordinates": [72.84159, 19.114]}}, {"type": "Feature", "properties": {"name": "Mohan Medicare", "type": "pharmacy"}, "geometry": {"type": "Point", "coordinates": [72.83135, 19.15025]}}, {"type": "Feature", "properties": {"name": "Healthcare facility", "type": "clinic"}, "geometry": {"type": "Point", "coordinates": [72.83137, 19.15031]}}, {"type": "Feature", "properties": {"name": "Aparna Clinic", "type": "clinic", "address": "Gulmohar Cross Road No 9"}, "geometry": {"type": "Point", "coordinates": [72.83424, 19.11445]}}, {"type": "Feature", "properties": {"name": "Mohan Mediico", "type": "pharmacy"}, "geometry": {"type": "Point", "coordinates": [72.82144, 19.12878]}}, {"type": "Feature", "properties": {"name": "Dr.Mukhi's Raj Hospital", "type": "hospital", "address": "109/1 Saraswati Sadan, Chs, Devi Dayal Road, Opposite Jalaram Ashish, Near T Ward Office, Mulund West"}, "geometry": {"type": "Point", "coordinates": [72.949, 19.17609]}}, {"type": "Feature", "properties": {"name": "Ashwini Hospital and I. C. C. U. with Dialysis Centre", "type": "hospital", "address": "P. K. Road, (Annexe), Lalan Building, 1st Floor Mulund (W)"}, "geometry": {"type": "Point", "coordinates": [72.95149, 19.17531]}}, {"type": "Feature", "properties": {"name": "Apollo", "type": "pharmacy"}, "geometry": {"type": "Point", "coordinates": [72.87397, 19.21014]}}, {"type": "Feature", "properties": {"name": "Sparsh Paediatric And Orthopaedic Clinic", "type": "clinic"}, "geometry": {"type": "Point", "coordinates": [72.83879, 19.19502]}}, {"type": "Feature", "properties": {"name": "Sahu Eye Hospital", "type": "clinic"}, "geometry": {"type": "Point", "coordinates": [72.83884, 19.19498]}}, {"type": "Feature", "properties": {"name": "Dr Cassy Pawar", "type": "clinic"}, "geometry": {"type": "Point", "coordinates": [72.83891, 19.19483]}}, {"type": "Feature", "properties": {"name": "Lifeline", "type": "pharmacy", "address": "Off Yari Road"}, "geometry": {"type": "Point", "coordinates": [72.8148, 19.1386]}}, {"type": "Feature", "properties": {"name": "Deepak Medicals", "type": "pharmacy"}, "geometry": {"type": "Point", "coordinates": [72.83466, 19.0875]}}, {"type": "Feature", "properties": {"name": "Bhatia", "type": "hospital", "address": "Chikalwadi, J Dadaji Road, Tardeo"}, "geometry": {"type": "Point", "coordinates": [72.81351, 18.96568]}}, {"type": "Feature", "properties": {"name": "Mukund Hospital", "type": "hospital"}, "geometry": {"type": "Point", "coordinates": [72.87239, 19.1115]}}, {"type": "Feature", "properties": {"name": "Dr.Bina Pansare ,  Child Specialist", "type": "doctors"}, "geometry": {"type": "Point", "coordinates": [72.83655, 19.02487]}}, {"type": "Feature", "properties": {"name": "Radhakrishna Clinic. Dr Bina Pansare", "type": "doctors", "address": "Sitram Jadhav Marg (Sun Mill Road)"}, "geometry": {"type": "Point", "coordinates": [72.82863, 18.99467]}}, {"type": "Feature", "properties": {"name": "Metro Medicals", "type": "pharmacy"}, "geometry": {"type": "Point", "coordinates": [72.8338, 19.05786]}}, {"type": "Feature", "properties": {"name": "Bandra Medical Stores", "type": "pharmacy"}, "geometry": {"type": "Point", "coordinates": [72.83153, 19.05549]}}, {"type": "Feature", "properties": {"name": "Tiwari Hospital", "type": "hospital"}, "geometry": {"type": "Point", "coordinates": [72.88804, 19.09722]}}, {"type": "Feature", "properties": {"name": "Dr. Jayprakash Hebbar", "type": "doctors", "address": "Ramdas Naik Road"}, "geometry": {"type": "Point", "coordinates": [72.8361, 19.05474]}}, {"type": "Feature", "properties": {"name": "Shifa Plus Medical and General Store", "type": "pharmacy", "address": "Ramdas Naik Road"}, "geometry": {"type": "Point", "coordinates": [72.8356, 19.05549]}}, {"type": "Feature", "properties": {"name": "Ramakrishna Mission Hospital, Mumbai", "type": "hospital", "address": "12Th Road, Khar"}, "geometry": {"type": "Point", "coordinates": [72.83564, 19.07502]}}, {"type": "Feature", "properties": {"name": "Dr. M.A KHAN", "type": "doctors", "address": "Patthe Bapurao Marg (Falkland Road)"}, "geometry": {"type": "Point", "coordinates": [72.82433, 18.96027]}}, {"type": "Feature", "properties": {"name": "Healthcare facility", "type": "pharmacy"}, "geometry": {"type": "Point", "coordinates": [72.91156, 19.07589]}}, {"type": "Feature", "properties": {"name": "Healthcare facility", "type": "pharmacy", "address": "Powai Road"}, "geometry": {"type": "Point", "coordinates": [72.91729, 19.12116]}}, {"type": "Feature", "properties": {"name": "Smt S.R.Mehta and Sir K.P.Cardiac Institute", "type": "hospital", "address": "Sion-Matunga Estate, Plot No: 96, Road No.31, Near Gandhi Market, King Circle-Sion (East)"}, "geometry": {"type": "Point", "coordinates": [72.85955, 19.03234]}}, {"type": "Feature", "properties": {"name": "Government General Hospital, Malwani Malad", "type": "hospital", "address": "Bafhira Nagar Road, Near Jankalyan Nagar Police Chowky, Malad"}, "geometry": {"type": "Point", "coordinates": [72.82217, 19.20071]}}, {"type": "Feature", "properties": {"name": "Healthcare facility", "type": "clinic"}, "geometry": {"type": "Point", "coordinates": [72.84562, 19.12052]}}, {"type": "Feature", "properties": {"name": "Wellness Forever", "type": "pharmacy", "address": "Central Avenue"}, "geometry": {"type": "Point", "coordinates": [72.90972, 19.11667]}}, {"type": "Feature", "properties": {"name": "Upasani Maternity and Surgical Nursing Home", "type": "hospital", "address": "Rashman Apartments ,Sevaram Lalwani Road,Mulund ( West )"}, "geometry": {"type": "Point", "coordinates": [72.95476, 19.17324]}}, {"type": "Feature", "properties": {"name": "Healthcare facility", "type": "pharmacy"}, "geometry": {"type": "Point", "coordinates": [72.82929, 18.91878]}}, {"type": "Feature", "properties": {"name": "Healthcare facility", "type": "pharmacy", "address": "GV Scheme Road 4"}, "geometry": {"type": "Point", "coordinates": [72.95972, 19.16981]}}, {"type": "Feature", "properties": {"name": "Meher Ambe Nursing Home", "type": "hospital", "address": "Raj-Sneha, Opposite Rationing Office, Tambe Nagar, S N Road, Mulund (W)"}, "geometry": {"type": "Point", "coordinates": [72.957, 19.17538]}}, {"type": "Feature", "properties": {"name": "Healthcare facility", "type": "hospital", "address": "Ganesh Gawde Road"}, "geometry": {"type": "Point", "coordinates": [72.95095, 19.17218]}}, {"type": "Feature", "properties": {"name": "Healthcare facility", "type": "doctors", "address": "Ganesh Gawde Road"}, "geometry": {"type": "Point", "coordinates": [72.95102, 19.17226]}}, {"type": "Feature", "properties": {"name": "Healthcare facility", "type": "clinic", "address": "A/203, Heritage Holy, J.N.Road, Ambika Nagar, Next To Apna Bazar,Mulund (West)"}, "geometry": {"type": "Point", "coordinates": [72.95128, 19.16744]}}, {"type": "Feature", "properties": {"name": "Pikale Hospital", "type": "hospital", "address": "Mia Mohd Chhotani Road"}, "geometry": {"type": "Point", "coordinates": [72.84458, 19.04015]}}, {"type": "Feature", "properties": {"name": "Healthcare facility", "type": "hospital", "address": "Ramratan Trivedi Road"}, "geometry": {"type": "Point", "coordinates": [72.95388, 19.17339]}}, {"type": "Feature", "properties": {"name": "Shraddha Polyclinic and Nursing Home", "type": "clinic", "address": "Opposite Mirani Nagar, 1st Floor, Junction Of Ganesh Gawade Road, Mulund (W)"}, "geometry": {"type": "Point", "coordinates": [72.95053, 19.17138]}}, {"type": "Feature", "properties": {"name": "Healthcare facility", "type": "clinic", "address": "Gopal Krushna Gokhale Marg"}, "geometry": {"type": "Point", "coordinates": [72.95795, 19.1697]}}, {"type": "Feature", "properties": {"name": "Maruti Nursing Home", "type": "clinic", "address": "1st Floor, Girnar Building, Next To Dominos Pizza, Hanuman Chowk, Gokhale Road, Mulund(East)"}, "geometry": {"type": "Point", "coordinates": [72.95836, 19.16957]}}, {"type": "Feature", "properties": {"name": "Healthcare facility", "type": "hospital", "address": "Dr Ambedkar Road"}, "geometry": {"type": "Point", "coordinates": [72.94969, 19.17291]}}, {"type": "Feature", "properties": {"name": "Healthcare facility", "type": "pharmacy"}, "geometry": {"type": "Point", "coordinates": [72.83128, 18.91845]}}, {"type": "Feature", "properties": {"name": "Healthcare facility", "type": "pharmacy"}, "geometry": {"type": "Point", "coordinates": [72.82951, 18.91885]}}, {"type": "Feature", "properties": {"name": "Healthcare facility", "type": "pharmacy"}, "geometry": {"type": "Point", "coordinates": [72.82098, 18.95439]}}, {"type": "Feature", "properties": {"name": "Mata Lachmi Hospital", "type": "hospital"}, "geometry": {"type": "Point", "coordinates": [72.86098, 19.03584]}}, {"type": "Feature", "properties": {"name": "Lav-Kush Nursing Home", "type": "clinic", "address": "Laxmi Niwas, N.S. Road, Near Syndicate Bank, Mulund"}, "geometry": {"type": "Point", "coordinates": [72.95409, 19.17585]}}, {"type": "Feature", "properties": {"name": "Healthcare facility", "type": "hospital", "address": "Navghar Marg"}, "geometry": {"type": "Point", "coordinates": [72.96016, 19.1689]}}, {"type": "Feature", "properties": {"name": "Saarthi Health Care", "type": "hospital", "address": "Jamuna Sadan,1st. Floor M.G.Road Mulund West"}, "geometry": {"type": "Point", "coordinates": [72.95148, 19.17649]}}, {"type": "Feature", "properties": {"name": "Kurla Municipal Hospital", "type": "hospital", "address": "father peter periera road"}, "geometry": {"type": "Point", "coordinates": [72.88312, 19.08151]}}, {"type": "Feature", "properties": {"name": "Bharatiya Arogya Nidhi Sheth Kantilal C. Parikh General Hospital", "type": "hospital", "address": "N. S. Road No. 13, Juhu Scheme, Vile Parle (W), Nxt To Utpal Sanghvi School"}, "geometry": {"type": "Point", "coordinates": [72.82834, 19.11178]}}, {"type": "Feature", "properties": {"name": "Healthcare facility", "type": "pharmacy", "address": "Navghar Marg"}, "geometry": {"type": "Point", "coordinates": [72.96144, 19.16804]}}, {"type": "Feature", "properties": {"name": "Arete Clinics- Eye and Dental", "type": "clinic", "address": "Mathew Road"}, "geometry": {"type": "Point", "coordinates": [72.81511, 18.95598]}}, {"type": "Feature", "properties": {"name": "Peoples Mobile Hospitals", "type": "hospital"}, "geometry": {"type": "Point", "coordinates": [72.81794, 19.00665]}}, {"type": "Feature", "properties": {"name": "Rainbow Chemist", "type": "pharmacy"}, "geometry": {"type": "Point", "coordinates": [72.81539, 18.95691]}}, {"type": "Feature", "properties": {"name": "Global Hospital Super Speciality and Transplant Center", "type": "hospital", "address": "35 Dr E Borges Road, Hospital Avenue, Opposite Shirodkar High School, Parel"}, "geometry": {"type": "Point", "coordinates": [72.8405, 18.99944]}}, {"type": "Feature", "properties": {"name": "Dr. Vora's Premature Critical Care and General Hospital", "type": "hospital", "address": "2-4/A, Kokil Kunj, Behind Patel Nagar, Kandivli (West)"}, "geometry": {"type": "Point", "coordinates": [72.84192, 19.20662]}}, {"type": "Feature", "properties": {"name": "Healthcare facility", "type": "hospital"}, "geometry": {"type": "Point", "coordinates": [72.83714, 18.9535]}}, {"type": "Feature", "properties": {"name": "Healthcare facility", "type": "hospital", "address": "Hanuman Mandir road"}, "geometry": {"type": "Point", "coordinates": [72.83661, 19.13724]}}, {"type": "Feature", "properties": {"name": "Healthcare facility", "type": "doctors", "address": "Shamaldas Gandhi Road"}, "geometry": {"type": "Point", "coordinates": [72.8295, 18.94676]}}, {"type": "Feature", "properties": {"name": "Healthcare facility", "type": "hospital", "address": "August Kranti Marg"}, "geometry": {"type": "Point", "coordinates": [72.80549, 18.96454]}}, {"type": "Feature", "properties": {"name": "Healthcare facility", "type": "clinic", "address": "August Kranti Marg"}, "geometry": {"type": "Point", "coordinates": [72.8107, 18.96329]}}, {"type": "Feature", "properties": {"name": "Healthcare facility", "type": "clinic", "address": "Mahatma Phule Marg"}, "geometry": {"type": "Point", "coordinates": [72.95965, 19.17182]}}, {"type": "Feature", "properties": {"name": "Mamta Medical and General Store", "type": "pharmacy", "address": "Chapel Road"}, "geometry": {"type": "Point", "coordinates": [72.82835, 19.05155]}}, {"type": "Feature", "properties": {"name": "La Grace", "type": "doctors"}, "geometry": {"type": "Point", "coordinates": [72.82498, 19.05449]}}, {"type": "Feature", "properties": {"name": "Noble Plus Pharmacy", "type": "pharmacy", "address": "Manuel Gonsalves Road"}, "geometry": {"type": "Point", "coordinates": [72.82981, 19.05787]}}, {"type": "Feature", "properties": {"name": "Gems Medical and General Store", "type": "pharmacy", "address": "Pali Mala Road"}, "geometry": {"type": "Point", "coordinates": [72.82476, 19.06311]}}, {"type": "Feature", "properties": {"name": "Dr. D A Tapia", "type": "doctors", "address": "28th Road"}, "geometry": {"type": "Point", "coordinates": [72.83129, 19.06026]}}, {"type": "Feature", "properties": {"name": "Healthcare facility", "type": "hospital"}, "geometry": {"type": "Point", "coordinates": [72.89865, 19.09383]}}, {"type": "Feature", "properties": {"name": "Healthcare facility", "type": "clinic", "address": "Saint John's Street"}, "geometry": {"type": "Point", "coordinates": [72.82887, 19.06172]}}, {"type": "Feature", "properties": {"name": "Marol", "type": "hospital"}, "geometry": {"type": "Point", "coordinates": [72.88234, 19.11722]}}, {"type": "Feature", "properties": {"name": "Shivam Nursing Home", "type": "hospital", "address": "Hari Mandir Road"}, "geometry": {"type": "Point", "coordinates": [72.85102, 19.06462]}}, {"type": "Feature", "properties": {"name": "Healthcare facility", "type": "doctors", "address": "Shraddhanand Road"}, "geometry": {"type": "Point", "coordinates": [72.84654, 19.1021]}}, {"type": "Feature", "properties": {"name": "Mothercare Clinic", "type": "clinic"}, "geometry": {"type": "Point", "coordinates": [72.83332, 19.1147]}}, {"type": "Feature", "properties": {"name": "Healthcare facility", "type": "hospital", "address": "Dargah Road"}, "geometry": {"type": "Point", "coordinates": [72.93691, 19.1628]}}, {"type": "Feature", "properties": {"name": "Healthcare facility", "type": "clinic"}, "geometry": {"type": "Point", "coordinates": [72.94445, 19.161]}}, {"type": "Feature", "properties": {"name": "Nicholson Eye Clinic", "type": "clinic"}, "geometry": {"type": "Point", "coordinates": [72.81954, 18.9617]}}, {"type": "Feature", "properties": {"name": "Healthcare facility", "type": "clinic", "address": "Swami Vivekanand Road"}, "geometry": {"type": "Point", "coordinates": [72.84634, 19.18137]}}, {"type": "Feature", "properties": {"name": "Ashirvaad Heart Hospital", "type": "hospital"}, "geometry": {"type": "Point", "coordinates": [72.90547, 19.07638]}}, {"type": "Feature", "properties": {"name": "Dr. Sabnis Maternity and Nursing Home", "type": "hospital", "address": "Ground Floor, Saurabh V.B. Phadke Road , Gavanpada, Mulund (E)"}, "geometry": {"type": "Point", "coordinates": [72.96212, 19.17374]}}, {"type": "Feature", "properties": {"name": "Shoppers Drug Mart", "type": "pharmacy", "address": "Jam-e-Jamshed Road"}, "geometry": {"type": "Point", "coordinates": [72.85371, 19.02364]}}, {"type": "Feature", "properties": {"name": "Lobo Eye Clinic", "type": "clinic"}, "geometry": {"type": "Point", "coordinates": [72.90027, 19.05552]}}, {"type": "Feature", "properties": {"name": "Dr. Disha's Homoeopathy", "type": "hospital", "address": "Mahatma Gandhi Road"}, "geometry": {"type": "Point", "coordinates": [72.84897, 19.20406]}}, {"type": "Feature", "properties": {"name": "Healthcare facility", "type": "pharmacy", "address": "Central Avenue"}, "geometry": {"type": "Point", "coordinates": [72.90803, 19.11538]}}, {"type": "Feature", "properties": {"name": "Healthcare facility", "type": "hospital", "address": "Central Avenue"}, "geometry": {"type": "Point", "coordinates": [72.90739, 19.11504]}}, {"type": "Feature", "properties": {"name": "Healthcare facility", "type": "pharmacy", "address": "Central Avenue - from Tulip to Forest Street Junction"}, "geometry": {"type": "Point", "coordinates": [72.90709, 19.11511]}}, {"type": "Feature", "properties": {"name": "Healthcare facility", "type": "clinic", "address": "Central Avenue - from Tulip to Forest Street Junction"}, "geometry": {"type": "Point", "coordinates": [72.90752, 19.11543]}}, {"type": "Feature", "properties": {"name": "Healthcare facility", "type": "hospital", "address": "Central Avenue - from Tulip to Forest Street Junction"}, "geometry": {"type": "Point", "coordinates": [72.90751, 19.11543]}}, {"type": "Feature", "properties": {"name": "Mamaji's Medical Store", "type": "pharmacy"}, "geometry": {"type": "Point", "coordinates": [72.91155, 19.11921]}}, {"type": "Feature", "properties": {"name": "Healthcare facility", "type": "pharmacy", "address": "Apna Bazar"}, "geometry": {"type": "Point", "coordinates": [72.9178, 19.12576]}}, {"type": "Feature", "properties": {"name": "Nihal Nursing Home & Opthalmologist", "type": "hospital"}, "geometry": {"type": "Point", "coordinates": [72.91909, 19.12537]}}, {"type": "Feature", "properties": {"name": "Sagar Medical store", "type": "pharmacy"}, "geometry": {"type": "Point", "coordinates": [72.91946, 19.12572]}}, {"type": "Feature", "properties": {"name": "Noble Plus", "type": "pharmacy"}, "geometry": {"type": "Point", "coordinates": [72.90504, 19.11775]}}, {"type": "Feature", "properties": {"name": "unique homoeo pharmacy", "type": "pharmacy"}, "geometry": {"type": "Point", "coordinates": [72.91875, 19.12671]}}, {"type": "Feature", "properties": {"name": "Healthcare facility", "type": "pharmacy"}, "geometry": {"type": "Point", "coordinates": [72.90803, 19.11525]}}, {"type": "Feature", "properties": {"name": "Healthcare facility", "type": "clinic"}, "geometry": {"type": "Point", "coordinates": [72.90827, 19.11527]}}, {"type": "Feature", "properties": {"name": "Healthcare facility", "type": "pharmacy"}, "geometry": {"type": "Point", "coordinates": [72.90801, 19.11542]}}, {"type": "Feature", "properties": {"name": "Healthcare facility", "type": "pharmacy"}, "geometry": {"type": "Point", "coordinates": [72.90702, 19.11506]}}, {"type": "Feature", "properties": {"name": "Healthcare facility", "type": "pharmacy"}, "geometry": {"type": "Point", "coordinates": [72.90499, 19.11782]}}, {"type": "Feature", "properties": {"name": "Healthcare facility", "type": "clinic"}, "geometry": {"type": "Point", "coordinates": [72.95947, 19.16916]}}, {"type": "Feature", "properties": {"name": "Healthcare facility", "type": "clinic", "address": "Hanuman Rd."}, "geometry": {"type": "Point", "coordinates": [72.91981, 19.12751]}}, {"type": "Feature", "properties": {"name": "Healthcare facility", "type": "pharmacy", "address": "Adi Sankaracharya Marg"}, "geometry": {"type": "Point", "coordinates": [72.91876, 19.12709]}}, {"type": "Feature", "properties": {"name": "Healthcare facility", "type": "pharmacy", "address": "Adi Sankaracharya Marg"}, "geometry": {"type": "Point", "coordinates": [72.91852, 19.12684]}}, {"type": "Feature", "properties": {"name": "Asian Eye Institute & Laser Centre", "type": "clinic", "address": "Mahatma Gandhi Cross Road No. 1"}, "geometry": {"type": "Point", "coordinates": [72.8588, 19.23168]}}, {"type": "Feature", "properties": {"name": "Healthcare facility", "type": "hospital", "address": "D L Vaidya Marg"}, "geometry": {"type": "Point", "coordinates": [72.84071, 19.02392]}}, {"type": "Feature", "properties": {"name": "Arogya Health Care", "type": "clinic", "address": "1st Floor, Ambe Maiya Apartments"}, "geometry": {"type": "Point", "coordinates": [72.94991, 19.17913]}}, {"type": "Feature", "properties": {"name": "Daxini Heart Centre", "type": "hospital", "address": "10,Lavkush, M.G.Road, Near Panch Rasta, Mulund (W)"}, "geometry": {"type": "Point", "coordinates": [72.95276, 19.17571]}}, {"type": "Feature", "properties": {"name": "Ashirwad Critical Care Unit", "type": "hospital", "address": "1st Floor Jalaram Ashish Devidayal Road Mulund W"}, "geometry": {"type": "Point", "coordinates": [72.95273, 19.17445]}}, {"type": "Feature", "properties": {"name": "Prasad Surgical and Children Nursing Home", "type": "hospital", "address": "Yogeshwer Dham, 1st Floor, Above Andhra Bank M G Road, Near Panch Rasta Mulund (W)"}, "geometry": {"type": "Point", "coordinates": [72.95219, 19.17624]}}, {"type": "Feature", "properties": {"name": "Royal Nursing Home, Govandi", "type": "clinic", "address": "3/A/5, Shivaji Nagar, Main Road Govandi"}, "geometry": {"type": "Point", "coordinates": [72.92027, 19.06603]}}, {"type": "Feature", "properties": {"name": "Bhatti Eye Clinic", "type": "clinic", "address": "No. 22, Amar Mansion,Trombay Road, Chembur"}, "geometry": {"type": "Point", "coordinates": [72.91768, 19.04953]}}, {"type": "Feature", "properties": {"name": "Sumangal Hospital", "type": "hospital", "address": "B-1st Floor, Mitnayan C.H.S Ltd, Linking Road ,Ganesh Ngr,Kandivali(W)"}, "geometry": {"type": "Point", "coordinates": [72.82788, 19.20202]}}, {"type": "Feature", "properties": {"name": "Niramaya General Hospital", "type": "hospital", "address": "B-28/1, Maitri Park, Sion Trombay Road, Next To Maitri Park Bus Stop,Chembur"}, "geometry": {"type": "Point", "coordinates": [72.90447, 19.05]}}, {"type": "Feature", "properties": {"name": "Gokul Nursing Home and ICCU", "type": "hospital", "address": "1st Floor Munshi Estate , M G Road Mulund (West)"}, "geometry": {"type": "Point", "coordinates": [72.95535, 19.1734]}}, {"type": "Feature", "properties": {"name": "Dr Baliga Nursing Home", "type": "clinic", "address": "Unnat Nagar 2, Paras, S.V.Road, Goregaon(W)"}, "geometry": {"type": "Point", "coordinates": [72.84569, 19.16421]}}, {"type": "Feature", "properties": {"name": "Kapadia Multi Speciality Hospital", "type": "hospital", "address": "Manali Alankar Soc., M.G.Road, Goregaon(W), Opposite Raga Hotel"}, "geometry": {"type": "Point", "coordinates": [72.84348, 19.16311]}}, {"type": "Feature", "properties": {"name": "Dr. Bamis Fracture and Hand Clinic - Goregaon", "type": "clinic", "address": "101-A,Kumud Nagar,Near Samrat Talkies, S.V.Road, Goregaon (West)"}, "geometry": {"type": "Point", "coordinates": [72.84563, 19.15689]}}, {"type": "Feature", "properties": {"name": "Pooja Hospital, Mumbai", "type": "hospital", "address": "Omyx Bldg,S V Road Next To Bses Office Goregaon - West"}, "geometry": {"type": "Point", "coordinates": [72.8455, 19.1555]}}, {"type": "Feature", "properties": {"name": "Ascent Clinic", "type": "clinic", "address": "Shop No-6, Next To Canara Bank,LBS Road"}, "geometry": {"type": "Point", "coordinates": [72.90693, 19.08902]}}, {"type": "Feature", "properties": {"name": "Ashish Nursing Home", "type": "clinic", "address": "B Wing 106 ,Shroff Apts, Sodawala Lane, Mandpeshwar Road, Op. Axis Bank"}, "geometry": {"type": "Point", "coordinates": [72.85287, 19.23345]}}, {"type": "Feature", "properties": {"name": "Dr.Sanjay Sonar Laparoscopy and Scopy Center", "type": "hospital", "address": "Plot No.185, 15Th Road, Opp Nirmal And Ayush Beauty Clinic, Chembur"}, "geometry": {"type": "Point", "coordinates": [72.89731, 19.05902]}}, {"type": "Feature", "properties": {"name": "Dr. Bet Hospital and Polyclinic", "type": "hospital", "address": "Anita Apartment, Groung Floor, Bavari Cross Road, Next To Dena Bank,Opposite Osite City Of Joy, Orlem"}, "geometry": {"type": "Point", "coordinates": [72.83971, 19.19327]}}, {"type": "Feature", "properties": {"name": "Shree Chembur Jain Medical Relief Centre", "type": "hospital", "address": "1, Casa Grande, Road No-10, Opp Jain Temple,Chembur"}, "geometry": {"type": "Point", "coordinates": [72.89574, 19.05637]}}, {"type": "Feature", "properties": {"name": "Shiv Polyclinic and Nursing Home", "type": "clinic", "address": "16/1,Prem Nivas, Laxmi Colony, Mahul Road, Near Ashish Theatre, Chembur"}, "geometry": {"type": "Point", "coordinates": [72.89319, 19.03114]}}, {"type": "Feature", "properties": {"name": "Yash Eye Care and Polyclinic", "type": "hospital", "address": "1st Floor, Hotel Pearl Building, Above Malhar Hotel, Chembur"}, "geometry": {"type": "Point", "coordinates": [72.89855, 19.06084]}}, {"type": "Feature", "properties": {"name": "Excel Urology Centre", "type": "clinic", "address": "Opposite Basant Theatre,CG Road,Chembur"}, "geometry": {"type": "Point", "coordinates": [72.90342, 19.04609]}}, {"type": "Feature", "properties": {"name": "Ria Nursing Home", "type": "hospital", "address": "104, Patils Heritage, Sarojini, Naidu Road,Tambe Nagar, Mulund(W)"}, "geometry": {"type": "Point", "coordinates": [72.95653, 19.17908]}}, {"type": "Feature", "properties": {"name": "Kk Maternity and General Hospital", "type": "hospital", "address": "D-78/79 And 95/96, Raghukul Sv Road, Dahisar (E)"}, "geometry": {"type": "Point", "coordinates": [72.86111, 19.24675]}}, {"type": "Feature", "properties": {"name": "L.C.Manek's Polyclinic and Nursing Home", "type": "clinic", "address": "Parvati Palace,Shivpuri Compound, St Road,Near Akabarally Chembur"}, "geometry": {"type": "Point", "coordinates": [72.89181, 19.05503]}}, {"type": "Feature", "properties": {"name": "Manorama Hospital", "type": "hospital", "address": "Tagore Park, Opposite U T I Bank, A Wing, Flat No.4, S V Road, Opp Axis Bank"}, "geometry": {"type": "Point", "coordinates": [72.84636, 19.19054]}}, {"type": "Feature", "properties": {"name": "Vatsal Nicu and Childrens Hospital", "type": "hospital", "address": "Ghatkopar(E)"}, "geometry": {"type": "Point", "coordinates": [72.90925, 19.08245]}}, {"type": "Feature", "properties": {"name": "Aditya Health Care Hospital", "type": "hospital", "address": "NJ,1&2,Khardev Nagar,Ghatla,N.G Adhaya Marg,Chembur"}, "geometry": {"type": "Point", "coordinates": [72.9088, 19.05799]}}, {"type": "Feature", "properties": {"name": "Le Nest Hospital", "type": "hospital", "address": "Laxmipalace Above Feast India Restaurant Off S V Road Opp Sunder Nagar Malad West"}, "geometry": {"type": "Point", "coordinates": [72.84638, 19.17594]}}, {"type": "Feature", "properties": {"name": "Dr.Guptas Nursing Home", "type": "clinic", "address": "D/6, Rani Sati Nagar, S V Road, Malad(W)"}, "geometry": {"type": "Point", "coordinates": [72.84672, 19.17869]}}, {"type": "Feature", "properties": {"name": "Asha Polyclinic and Sheetal Nursing Home", "type": "clinic", "address": "145, 60 Ft. Road, Opposite Icicii Bank, Ghatkopar (E)"}, "geometry": {"type": "Point", "coordinates": [72.90787, 19.07967]}}, {"type": "Feature", "properties": {"name": "Dr Smita Mukherjees Eye Clinic", "type": "clinic", "address": "Nav Bhartiya Bhavan, 19th Road, Chembur"}, "geometry": {"type": "Point", "coordinates": [72.89856, 19.06078]}}, {"type": "Feature", "properties": {"name": "Nayak Medicare - Chembur", "type": "hospital", "address": "16, Maitri Vijay, Opposite Basant Cinema, Chembur"}, "geometry": {"type": "Point", "coordinates": [72.9025, 19.04568]}}, {"type": "Feature", "properties": {"name": "Dr. Das Hospital - Chembur (Mumbai)", "type": "hospital", "address": "2nd & 3rd Floor, Gagangiri, 18Th Road, Chembur"}, "geometry": {"type": "Point", "coordinates": [72.89975, 19.0597]}}, {"type": "Feature", "properties": {"name": "Padmashree Nursing Home (Mulund)", "type": "clinic", "address": "A - 11,Apurva Apartment,Above Cosmos Bank, L.B.S.Marg,Mulund (West)"}, "geometry": {"type": "Point", "coordinates": [72.94687, 19.18217]}}, {"type": "Feature", "properties": {"name": "Dr Parikhs Maternity, Gynaec, and General Hospital", "type": "hospital", "address": "A/6-9, Lilam Buld, Dattapada Road, Borivali(E)"}, "geometry": {"type": "Point", "coordinates": [72.8574, 19.22289]}}, {"type": "Feature", "properties": {"name": "Dhanshri Hospital", "type": "hospital", "address": "Sidhivinayak Tower, Near Collecter Office, Natakwala Lane, Borivali(West)"}, "geometry": {"type": "Point", "coordinates": [72.85504, 19.22214]}}, {"type": "Feature", "properties": {"name": "Vasudhan Cosmetic Plastic Surgery Centre", "type": "hospital", "address": "C-212,Lancelot, S.V.Road, Borivali (W)"}, "geometry": {"type": "Point", "coordinates": [72.85237, 19.2187]}}, {"type": "Feature", "properties": {"name": "Aastha Health Care, Mumbai", "type": "clinic", "address": "Mulund Colony, Opposite Chhedda Petrol Pump, Off L. B. S. Road, Mulund (West)"}, "geometry": {"type": "Point", "coordinates": [72.94334, 19.17847]}}, {"type": "Feature", "properties": {"name": "Vinit Eye Clinic Retina and Laser Centre", "type": "clinic", "address": "301 Emperor Babhai Naka L T Road Borivali West"}, "geometry": {"type": "Point", "coordinates": [72.85514, 19.22362]}}, {"type": "Feature", "properties": {"name": "Laxmi Maternity and Nursing Home, Mumbai", "type": "hospital", "address": "Sampoorna, Plot 213,11Th Road, Chembur"}, "geometry": {"type": "Point", "coordinates": [72.89889, 19.05709]}}, {"type": "Feature", "properties": {"name": "Hegde Hospital", "type": "hospital", "address": "Saikripa Building ,Road No.1, Opposite Chembur Municipal Office,M' Ward,Chembur"}, "geometry": {"type": "Point", "coordinates": [72.89971, 19.06066]}}, {"type": "Feature", "properties": {"name": "Sai Siddhi Hospital, Mumbai", "type": "hospital", "address": "E-5/03, Highland, Park, Jaishuskinagar, Mulundcolony, Mulund(W)"}, "geometry": {"type": "Point", "coordinates": [72.93212, 19.16992]}}, {"type": "Feature", "properties": {"name": "Devkunj Charitablr Trust Matushri Mankbai Nagji Sa", "type": "hospital", "address": "Mulund"}, "geometry": {"type": "Point", "coordinates": [72.94983, 19.17064]}}, {"type": "Feature", "properties": {"name": "Soonawala Clinic", "type": "clinic", "address": "5,Pashmina Peddar Road"}, "geometry": {"type": "Point", "coordinates": [72.80901, 18.9679]}}, {"type": "Feature", "properties": {"name": "The Vission Eye Center", "type": "doctors", "address": "101,Hiralaya,N.S.Road No.10,Laxmikant Chowk,Jvpd Scheme,Vile Parle(W)"}, "geometry": {"type": "Point", "coordinates": [72.82971, 19.10653]}}, {"type": "Feature", "properties": {"name": "Dr Nandita Rane's Eye Clinic", "type": "hospital", "address": "Rane Hospital, 2nd Floor, Pestom Sagar Road No. 2, Chembur, Mumbai 400089, India"}, "geometry": {"type": "Point", "coordinates": [72.90385, 19.06944]}}, {"type": "Feature", "properties": {"name": "CGHS Dispensary No.19, Mulund", "type": "clinic", "address": "B-2, Type II, P & T colony, Mulund (W)"}, "geometry": {"type": "Point", "coordinates": [72.94404, 19.1721]}}, {"type": "Feature", "properties": {"name": "Rotunda Nursing Home", "type": "clinic", "address": "Rd Number 19, Wadala West"}, "geometry": {"type": "Point", "coordinates": [72.85735, 19.01709]}}, {"type": "Feature", "properties": {"name": "Genesis Speciality Center (Health-Check Up", "type": "hospital", "address": "4, Margaret House, Opp Indian Oil, Wadala (E)"}, "geometry": {"type": "Point", "coordinates": [72.86397, 19.01903]}}, {"type": "Feature", "properties": {"name": "Indira Nursing Home, Mumbai", "type": "clinic", "address": "M.G. Road, Opposite Dena Bank, Mulund (W)"}, "geometry": {"type": "Point", "coordinates": [72.95312, 19.17537]}}, {"type": "Feature", "properties": {"name": "Patankar's Hand and Limb Reconstruction Clinic", "type": "hospital", "address": "204,Garodia Market, Plot No 8-A, D K Sandu Road, Next To Hotel Malhaar, Chembur"}, "geometry": {"type": "Point", "coordinates": [72.8986, 19.061]}}, {"type": "Feature", "properties": {"name": "Nav Drishti Netralaya", "type": "hospital", "address": "A-7 , 1st Floor, Alps Heights, Dr. R.P.Road,Opposite396, Bus Stop, Near Railway Station, Mulund ( West )"}, "geometry": {"type": "Point", "coordinates": [72.95707, 19.17396]}}, {"type": "Feature", "properties": {"name": "Surya Eye Institute and Research Centre", "type": "hospital", "address": "104, Aroto House, P.K.Road, Saidham, Mulund (west)"}, "geometry": {"type": "Point", "coordinates": [72.94505, 19.1686]}}, {"type": "Feature", "properties": {"name": "Icon Hospital and Research Centre", "type": "hospital", "address": "1& 2 Savla Sadan, First Floor, R.C. Marg,Opposite Ration Office,Chembur"}, "geometry": {"type": "Point", "coordinates": [72.89808, 19.06182]}}, {"type": "Feature", "properties": {"name": "Dr. Khona's E. N. T. Hospital & Regional Center", "type": "hospital", "address": "Gala Manor, 1st Floor Near Dhanvantari Hosipta,l Above Silver Hardware, N.S.Road, Mulund(W)"}, "geometry": {"type": "Point", "coordinates": [72.95397, 19.17544]}}, {"type": "Feature", "properties": {"name": "Disha Polyclinic and Nursing Home", "type": "clinic", "address": "A-1,2,3-Amul Commercial Premises,1st Road,Opposite Bmc (M-Ward) Office, Chembur"}, "geometry": {"type": "Point", "coordinates": [72.89966, 19.06102]}}, {"type": "Feature", "properties": {"name": "Sumitra Eye Hospital", "type": "clinic", "address": "Wama Apt, Behind Maitri Park, St Bust Stop, Ghatala Road . Near R K Studio, Chembur"}, "geometry": {"type": "Point", "coordinates": [72.9062, 19.04925]}}, {"type": "Feature", "properties": {"name": "Siddhi Nursing Home", "type": "clinic", "address": "16/121, Anand Nagar, Near Vakola Police Station, Santacruz (E)"}, "geometry": {"type": "Point", "coordinates": [72.84774, 19.08064]}}, {"type": "Feature", "properties": {"name": "Sangita Maternity Surgical and Diagnostic Centre", "type": "hospital", "address": "11, GangaVihar Residency, 174 S.V.Road"}, "geometry": {"type": "Point", "coordinates": [72.84429, 19.11816]}}, {"type": "Feature", "properties": {"name": "Ojas Eye Hospital", "type": "hospital", "address": "8 Roseland Bulding, 180, Opposite National College, Junction Of Linking And Waterfield Road, Bandra West"}, "geometry": {"type": "Point", "coordinates": [72.83444, 19.06323]}}, {"type": "Feature", "properties": {"name": "Dr. Shettys E.N.T. Hospital", "type": "hospital", "address": "9, Lavkush, M G Road, Panchrasta, Mulund (West)"}, "geometry": {"type": "Point", "coordinates": [72.95284, 19.17581]}}, {"type": "Feature", "properties": {"name": "R. K. Hospital, Mumbai", "type": "hospital", "address": "Qureshi House, 6Th Nehru Road,Near Santacruz Railway Station, Santacruz (East)"}, "geometry": {"type": "Point", "coordinates": [72.84218, 19.08033]}}, {"type": "Feature", "properties": {"name": "Inlaks General Hospital", "type": "hospital", "address": "Inlaks Hospital Road, Chembur Colony, Chembur"}, "geometry": {"type": "Point", "coordinates": [72.89342, 19.04676]}}, {"type": "Feature", "properties": {"name": "Prime Orthopedic Speciality Hospital, Mumbai", "type": "hospital", "address": "202, Bonaza Residency, Behind : Laxmi Auto S V Road, Amboli"}, "geometry": {"type": "Point", "coordinates": [72.8469, 19.12843]}}, {"type": "Feature", "properties": {"name": "Sunflowar Laboratory and Diagnostic Centre", "type": "hospital", "address": "Malad(W)"}, "geometry": {"type": "Point", "coordinates": [72.84185, 19.19305]}}, {"type": "Feature", "properties": {"name": "Swastik Hospital and Research Centre, Mumbai", "type": "hospital", "address": "Plotno.-22, Swastik Park, Chembur"}, "geometry": {"type": "Point", "coordinates": [72.88989, 19.05522]}}, {"type": "Feature", "properties": {"name": "Sitla Hospital", "type": "hospital", "address": "No. 19-B, Near Bhakti Bhavan,Siddhi Society,Chembur"}, "geometry": {"type": "Point", "coordinates": [72.89117, 19.05266]}}, {"type": "Feature", "properties": {"name": "Dr.Suresh C Anand", "type": "doctors", "address": "Anand Niwas, Plot No 3, Sion Trombay Road, Chembur"}, "geometry": {"type": "Point", "coordinates": [72.90661, 19.04917]}}, {"type": "Feature", "properties": {"name": "Nandan Maternity and Surgical Home", "type": "hospital", "address": "Shri Sadashiv Chs, 6Th Road, Santacruz(E)"}, "geometry": {"type": "Point", "coordinates": [72.8427, 19.07979]}}, {"type": "Feature", "properties": {"name": "Smruti Nursing Home", "type": "clinic", "address": "Maheshwar Darshan, S V Road , Santacruz West"}, "geometry": {"type": "Point", "coordinates": [72.83836, 19.08192]}}, {"type": "Feature", "properties": {"name": "Mumbai Retina Centre", "type": "hospital", "address": "101, Kirti Manor, S V Road, Phiroz Dastoor & Sons, Santacruz West"}, "geometry": {"type": "Point", "coordinates": [72.83807, 19.07849]}}, {"type": "Feature", "properties": {"name": "Malpani Eye Hospital and Laser Centre", "type": "hospital", "address": "G-6, Chirag Housing Society, B-1, S.V.Road, Santacruz(W)"}, "geometry": {"type": "Point", "coordinates": [72.83767, 19.08794]}}, {"type": "Feature", "properties": {"name": "Shreeji Hospital (Kandivli)", "type": "hospital", "address": "No. 103 / B, Raj Tower, Lokhandwala Complex, Next To Alika Nagar, Akruli Road, Kandivali(E)"}, "geometry": {"type": "Point", "coordinates": [72.87367, 19.19689]}}, {"type": "Feature", "properties": {"name": "S B Nursing Home and Icu", "type": "hospital", "address": "Lake Bloom - 16, 17, 18, Opposite Solaris Estate, L.T. Gate No.6, Tunga Gaon, Sakivihar Road, Powai"}, "geometry": {"type": "Point", "coordinates": [72.89061, 19.1242]}}, {"type": "Feature", "properties": {"name": "Sri Sai Eye Care Centre", "type": "hospital", "address": "1st Floor, Paradise,Jain Mandir Road, I.I.T Market, Powai"}, "geometry": {"type": "Point", "coordinates": [72.91818, 19.12549]}}, {"type": "Feature", "properties": {"name": "Kenias Eye Hospital", "type": "hospital", "address": "102 D Wing Rizvi Nagar 1 St Floor S.V.Road Milan , , Corner Santacruz"}, "geometry": {"type": "Point", "coordinates": [72.83858, 19.08951]}}, {"type": "Feature", "properties": {"name": "Centre For Sight, Juhu", "type": "hospital", "address": "B201, Dhruv, OppositeGagandeep, Main Road, Juhu, Vile Parle (West)"}, "geometry": {"type": "Point", "coordinates": [72.83792, 19.11295]}}, {"type": "Feature", "properties": {"name": "Parvish Nursing Home Pvt Ltd, Mumbai", "type": "clinic", "address": "12 Shiraz Telli Galli Andheri (E), Above Hero Honda Showroom, Opp Citi Point"}, "geometry": {"type": "Point", "coordinates": [72.85031, 19.11619]}}, {"type": "Feature", "properties": {"name": "Ankur Hospital", "type": "hospital", "address": "1st Floor,Kalpataru,Mathuradas Road,Opposite Punjab National Bank,Kandivali (W)"}, "geometry": {"type": "Point", "coordinates": [72.84703, 19.20307]}}, {"type": "Feature", "properties": {"name": "Total Woman Medical Centre - Dahisar", "type": "hospital", "address": "K Wing, 1st Floor, Shankheshwar Nagar, Shiv Vallabh Road , Dahisar (E)"}, "geometry": {"type": "Point", "coordinates": [72.86759, 19.24254]}}, {"type": "Feature", "properties": {"name": "Mangeshikar Access Gynecology and Infertility Center", "type": "hospital", "address": "(Dr Mangeshikar Clinic) Madhav Niwas , 8. Laburnum Road , Bombay"}, "geometry": {"type": "Point", "coordinates": [72.81021, 18.96032]}}, {"type": "Feature", "properties": {"name": "Healthcare facility", "type": "clinic", "address": "Amprali Appartment Turel Pakhadi Road Malad-West"}, "geometry": {"type": "Point", "coordinates": [72.84221, 19.18424]}}, {"type": "Feature", "properties": {"name": "Dr Khandeparkar's Nursing Home", "type": "clinic", "address": "157 Bhagyalaxmi, 3rd Floor, Sir Bhalchandra Road, Hindu Colony, Dadar"}, "geometry": {"type": "Point", "coordinates": [72.84961, 19.02177]}}, {"type": "Feature", "properties": {"name": "Shroff Eye Hospital", "type": "hospital", "address": "# 222, S.V. Road, Bandra- West"}, "geometry": {"type": "Point", "coordinates": [72.83693, 19.06046]}}, {"type": "Feature", "properties": {"name": "Vinod Sharma Memorial Medical Centre", "type": "hospital", "address": "9th Floor, Room No-91, Lady Ratan Tata Medical & Research Centre 31, Maharshi Karve Road, Cooperage"}, "geometry": {"type": "Point", "coordinates": [72.82761, 18.92309]}}, {"type": "Feature", "properties": {"name": "Prerana Nursing Home", "type": "clinic", "address": "Gomes Houseing Co-Opreative Society Ltd., Ground Floor Tps3 4Th Road, Santacruz (East)"}, "geometry": {"type": "Point", "coordinates": [72.84376, 19.07673]}}, {"type": "Feature", "properties": {"name": "Noble Hospital, Ghatkopar", "type": "hospital", "address": "203- A, 205, Trimurti Arcade, Near Sarvodya Hospital, L.B.S.Marg, Ghatkopar(W)"}, "geometry": {"type": "Point", "coordinates": [72.90693, 19.08782]}}, {"type": "Feature", "properties": {"name": "Ashirvad Clinic(Dr.Vandana Walvekar)", "type": "clinic", "address": "Dadar"}, "geometry": {"type": "Point", "coordinates": [72.84747, 19.0208]}}, {"type": "Feature", "properties": {"name": "Excel Ent Hospital", "type": "hospital", "address": "501, Vishal Building, Above Subhiksha, Junction Of Hingwala Lane & 60 Feet Road,Ghatkopar East"}, "geometry": {"type": "Point", "coordinates": [72.90923, 19.08246]}}, {"type": "Feature", "properties": {"name": "Parle Eye Hospital", "type": "hospital", "address": "# 102/6, Purshottam Niwas,1st Floor, Park Road, Vile Parle (E)"}, "geometry": {"type": "Point", "coordinates": [72.84846, 19.10132]}}, {"type": "Feature", "properties": {"name": "Dr. Vinod B Joshi Maternity Nursing Home", "type": "clinic", "address": "Ghatkopar,West"}, "geometry": {"type": "Point", "coordinates": [72.90614, 19.08677]}}, {"type": "Feature", "properties": {"name": "Dr.Bhatia's Ruby Hospital", "type": "hospital", "address": "1st Floor, Arunoday Tower, Sps Marg, Kokan Nagar"}, "geometry": {"type": "Point", "coordinates": [72.92936, 19.14572]}}, {"type": "Feature", "properties": {"name": "Megha Surgical Hospital", "type": "hospital", "address": "Gr. Floor, Ashmi Apartment , Bachani Nagar Road , Opposite Children's Academy School , Malad ( East )"}, "geometry": {"type": "Point", "coordinates": [72.85445, 19.1858]}}, {"type": "Feature", "properties": {"name": "Shri Bala Hanuman Maternity & Surgical Hospital", "type": "hospital", "address": "C-113, Lancelot Building, SV Road, Shastri Nagar, Borivali West"}, "geometry": {"type": "Point", "coordinates": [72.85239, 19.21878]}}, {"type": "Feature", "properties": {"name": "Seth Ent and Eye Clinic", "type": "clinic", "address": "1, Sakshat, Opposite Gokhale School, Shimpoli Cross Road No.2, Borivali (W)"}, "geometry": {"type": "Point", "coordinates": [72.84863, 19.22205]}}, {"type": "Feature", "properties": {"name": "Shah Surgical Hospital and Maternity Home P. Ltd.", "type": "hospital", "address": "Shreeji Arcade, 3Road Floor, S.V. Road, Kandivilli (W)"}, "geometry": {"type": "Point", "coordinates": [72.84943, 19.20391]}}, {"type": "Feature", "properties": {"name": "Dr.Vaze Hospital", "type": "hospital", "address": "Meghdoot, S.H.Paralkar Marg, Shivaji Park, Dadar (W)"}, "geometry": {"type": "Point", "coordinates": [72.8369, 19.02403]}}, {"type": "Feature", "properties": {"name": "Asha Surgical and Maternity Home", "type": "hospital", "address": "Gyaneshwar Apts, 2nd Floor, Off Veer Savarkar Marg, Prabhadevi"}, "geometry": {"type": "Point", "coordinates": [72.82838, 19.01353]}}, {"type": "Feature", "properties": {"name": "Sushrut Clinic Orthosurgical Nursing Home", "type": "clinic", "address": "Anderi(W)"}, "geometry": {"type": "Point", "coordinates": [72.84502, 19.12578]}}, {"type": "Feature", "properties": {"name": "Agrawal Clinic", "type": "clinic", "address": "49, Daftary Road, Malad (E)"}, "geometry": {"type": "Point", "coordinates": [72.85287, 19.18846]}}, {"type": "Feature", "properties": {"name": "Apex Hospital, Mumbai", "type": "hospital", "address": "Awing Vaishali Heights,Near Standerd Chartered Bank,Chandavarkar Road,Borivali(W)"}, "geometry": {"type": "Point", "coordinates": [72.85008, 19.23189]}}, {"type": "Feature", "properties": {"name": "Mukund Maternity and Surgical Nursing Home", "type": "hospital", "address": "Mukund Nagar Co-Opp Hsg Andheri Kurla Road Andheri (E)"}, "geometry": {"type": "Point", "coordinates": [72.87213, 19.11113]}}, {"type": "Feature", "properties": {"name": "Aparna Hospital, Mulund (W)", "type": "hospital", "address": "J Nehru Road, Mulund (W)"}, "geometry": {"type": "Point", "coordinates": [72.95364, 19.16991]}}, {"type": "Feature", "properties": {"name": "Vikas Nursing Home, Mumbai", "type": "hospital", "address": "Plot No-18-U-1-1(A) & 2, Near Bhaji Market, Shivaji Nagar, Govandi"}, "geometry": {"type": "Point", "coordinates": [72.92074, 19.06282]}}, {"type": "Feature", "properties": {"name": "Upadhyaya Nursing Home, Mumbai", "type": "clinic", "address": "Moiz Apt., 12Th Road, Near Reliance Energy, Santacruz (E)"}, "geometry": {"type": "Point", "coordinates": [72.84628, 19.08132]}}, {"type": "Feature", "properties": {"name": "Shanti Nursing Home, Mumbai", "type": "clinic", "address": "Prabhu Krupa,103, L.B.S. Marg, Sarvodaya Hospital, Ghatkopar(W)"}, "geometry": {"type": "Point", "coordinates": [72.90838, 19.08987]}}, {"type": "Feature", "properties": {"name": "Ameya Maternity and Surgical Nursing Home, Borivali", "type": "hospital", "address": "102-103 A, Tulip, Royal Complex, Opposite Hotel Kokan Deep, Eksar Road, Borivali (W)"}, "geometry": {"type": "Point", "coordinates": [72.84707, 19.23223]}}, {"type": "Feature", "properties": {"name": "Shivam Nursing Home, Mumbai", "type": "clinic", "address": "Shrenik Chs Ltd, P No 106, Sector-Ii, Charkop Kandivili - West"}, "geometry": {"type": "Point", "coordinates": [72.82402, 19.21471]}}, {"type": "Feature", "properties": {"name": "Dr. Yash Shah Total Eye Care", "type": "hospital", "address": "E -1st Floor, Bhaveshwar Vihar Svp Road, Prathna Samaj,Opposite Hurkiondas Hospital, Girgaum"}, "geometry": {"type": "Point", "coordinates": [72.82132, 18.95768]}}, {"type": "Feature", "properties": {"name": "Gandhi Nursing Home, Mumbai", "type": "clinic", "address": "105/106, Garden View Shastri Nagar Off J P Road, Before Lokhandwala Complex Andheri (W)"}, "geometry": {"type": "Point", "coordinates": [72.8265, 19.13957]}}, {"type": "Feature", "properties": {"name": "Rhushabh Nursing Home & Laparoscopic Centre", "type": "clinic", "address": "C-2/101-102-201, Anjana Apartments, Above HDFC Bank, S V Road-Shimpoli Road Junction, Borivali West"}, "geometry": {"type": "Point", "coordinates": [72.85339, 19.22314]}}, {"type": "Feature", "properties": {"name": "Krishna Cardiac Care Centre, Mumbai", "type": "hospital", "address": "166-C Krishna Kunj,Khareghat Road, Dr.Ambedkar Road,Dadar( E)"}, "geometry": {"type": "Point", "coordinates": [72.84868, 19.01966]}}, {"type": "Feature", "properties": {"name": "Chinmay Nursing Home, Wadala", "type": "clinic", "address": "103,104-A Wing, Odyssey, Bhakti Park, Wadala (East)"}, "geometry": {"type": "Point", "coordinates": [72.87909, 19.02517]}}, {"type": "Feature", "properties": {"name": "Shree Sai Hospital, Mumbai", "type": "hospital", "address": "Gokul Nagari No1, Near Sai Dham Temple , 90 Ft Road, Opp Hdfc Bank, Western Express Highway,Thakur Complex , Kandivali East"}, "geometry": {"type": "Point", "coordinates": [72.86704, 19.21365]}}, {"type": "Feature", "properties": {"name": "Dr. Prakash Doshis Fracture and Orthopaedic Nursing Home", "type": "clinic", "address": "Neelkanth Market, M.G.Road, Ghatkopar (E)"}, "geometry": {"type": "Point", "coordinates": [72.90418, 19.0811]}}, {"type": "Feature", "properties": {"name": "Tara Neo Surg Hospital", "type": "hospital", "address": "C-5, Satyam Shopping Centre, 1st Flr, M.G. Road, Ghatkopar (E)"}, "geometry": {"type": "Point", "coordinates": [72.90306, 19.07576]}}, {"type": "Feature", "properties": {"name": "The Eye Super Specialities", "type": "hospital", "address": "201,Punit Plaza , Second Floor , Next To Rajawadi Post Office , Rajawadi , Ghatkopar ( East )"}, "geometry": {"type": "Point", "coordinates": [72.90215, 19.0793]}}, {"type": "Feature", "properties": {"name": "Advanced Orthopaedic and Super Speciality Center", "type": "hospital", "address": "Jayant Arcade, Ist Floor, 140-142, M.G. Road, Ghatkopar(E)"}, "geometry": {"type": "Point", "coordinates": [72.90394, 19.07915]}}, {"type": "Feature", "properties": {"name": "Dr Nerurkars Harish Nursing Home", "type": "clinic", "address": "No. B-104, 105, 1st Floor, Prithvi Vandan Co-Operative Hsg.Soc., OppositeN.M.Joshi Marg Police Station, Delisle Road, Parel"}, "geometry": {"type": "Point", "coordinates": [72.83128, 18.99263]}}, {"type": "Feature", "properties": {"name": "Surbhi Life Care Hospital", "type": "hospital", "address": "90 Feet Road , Near Cambrige School"}, "geometry": {"type": "Point", "coordinates": [72.86368, 19.21339]}}, {"type": "Feature", "properties": {"name": "Sushila Hospital-Icu and Maternity", "type": "hospital", "address": "Pratap Nagar, Housing Society, A-Wing, 1st Floor, L.B.S. Marg, Kurla West"}, "geometry": {"type": "Point", "coordinates": [72.88194, 19.08293]}}, {"type": "Feature", "properties": {"name": "Furia's Eye Clinic", "type": "clinic", "address": "301-302/B, Bhaveshwar Plaza, Near Shreyas Cinema, Lbs Marg, Ghatkopar East"}, "geometry": {"type": "Point", "coordinates": [72.91245, 19.09215]}}, {"type": "Feature", "properties": {"name": "Dadhich Nursing Home", "type": "clinic", "address": "Pandit Indra Marg, J.B. Nagar"}, "geometry": {"type": "Point", "coordinates": [72.86904, 19.11074]}}, {"type": "Feature", "properties": {"name": "Adarsh Hospital, Mumbai", "type": "hospital", "address": "C-Wing Meenakshi Apt , Orlem Marve Road Malad(W)"}, "geometry": {"type": "Point", "coordinates": [72.83944, 19.19378]}}, {"type": "Feature", "properties": {"name": "Dewang Nursing Home Pvt. Ltd.", "type": "clinic", "address": "Bhaveshwar Market, 2nd Floor, M.G. Road Next To Gandhi Market, Ghatkopar (E)"}, "geometry": {"type": "Point", "coordinates": [72.90401, 19.08087]}}, {"type": "Feature", "properties": {"name": "Dr.Pattnaik's Hospital", "type": "clinic", "address": "Kakad Apartments, 4, Pali Road, Bandra West"}, "geometry": {"type": "Point", "coordinates": [72.82985, 19.06052]}}, {"type": "Feature", "properties": {"name": "V Care Hospital and Icu", "type": "hospital", "address": "Opposite Bldg No.101, Nehru Nagar, Kurla (E)"}, "geometry": {"type": "Point", "coordinates": [72.88159, 19.06271]}}, {"type": "Feature", "properties": {"name": "Ursekar Laser and Microssurgery Eye Clinic", "type": "clinic", "address": "Hospital Address: Krishna Nivas, Junction Of Karve Road , & R R Roy Road, Girgaon"}, "geometry": {"type": "Point", "coordinates": [72.81772, 18.95296]}}, {"type": "Feature", "properties": {"name": "Universal Eye Clinic and Surgical Centre", "type": "hospital", "address": "5, Safal Ganga, Opposite Collector's Colony, Chembur Camp"}, "geometry": {"type": "Point", "coordinates": [72.89369, 19.04314]}}, {"type": "Feature", "properties": {"name": "Aastha Surgical Clinic", "type": "clinic", "address": "4/30 Old Anand Nagar Bses Road Opp Billawa Bhavan Santacruz East"}, "geometry": {"type": "Point", "coordinates": [72.845, 19.08132]}}, {"type": "Feature", "properties": {"name": "Mahavir Medical Research Centre", "type": "clinic", "address": "Pujya Shri Kanshiram Jain Smarak, Ahimsa Bhavan, Ahimsa Marg, 14th A Road, Khar (West)"}, "geometry": {"type": "Point", "coordinates": [72.83283, 19.07393]}}, {"type": "Feature", "properties": {"name": "Shroff Eye Clinic", "type": "clinic", "address": "Gobind Mahal ,1st Floor ,86-B , Subhash Road, Marine Drive"}, "geometry": {"type": "Point", "coordinates": [72.82391, 18.94247]}}, {"type": "Feature", "properties": {"name": "Mahima Hospital and Polyclinic", "type": "hospital", "address": "5/6-C, Janakdeep Bldg, 7 Bungalow, J.P.Road, Andheri West"}, "geometry": {"type": "Point", "coordinates": [72.81844, 19.13059]}}, {"type": "Feature", "properties": {"name": "Niramay Mother-Care Centre (Maternity and Surgical)", "type": "hospital", "address": "C-01, Parasmani, Chikuwadi, Shimpoli, Borivali (W)"}, "geometry": {"type": "Point", "coordinates": [72.84012, 19.22131]}}, {"type": "Feature", "properties": {"name": "Siddivinayak Healthcare Pvt Ltd", "type": "hospital", "address": "Ishaan, 1st Floor, Khed Gully, Prabhadevi, Dadar West"}, "geometry": {"type": "Point", "coordinates": [72.83259, 19.01396]}}, {"type": "Feature", "properties": {"name": "Indu Child Care Center", "type": "hospital", "address": "32, Behind Blases Church, Ceasors Road, Hamboli, Andheriw)"}, "geometry": {"type": "Point", "coordinates": [72.82437, 19.13441]}}, {"type": "Feature", "properties": {"name": "Suchak Hospital", "type": "hospital", "address": "No. 186, Manchhubhai Road,Malad-East"}, "geometry": {"type": "Point", "coordinates": [72.85017, 19.18881]}}, {"type": "Feature", "properties": {"name": "Aryan Hospital and Iccu - Kurla-Mumbai", "type": "hospital", "address": "D-28 & 29, Nehru Nagar, Station Road, Kurla (East)"}, "geometry": {"type": "Point", "coordinates": [72.88239, 19.06301]}}, {"type": "Feature", "properties": {"name": "Dr Bothra's Hospital", "type": "hospital", "address": "1st Floor, Ramkrishna Bldg , Gadhav Naka, Bhandup (W)"}, "geometry": {"type": "Point", "coordinates": [72.93089, 19.15326]}}, {"type": "Feature", "properties": {"name": "Dr. Kirits Nursing Home-Vile Parle", "type": "clinic", "address": "Pushpa Apartments, Tejpal Scheme Main Road, Vile Parle (East)"}, "geometry": {"type": "Point", "coordinates": [72.85009, 19.10565]}}, {"type": "Feature", "properties": {"name": "Eye-Q Vision Care", "type": "doctors", "address": "31 Surya Prakash Ground Floor, Babulnath Road, Chowpatty"}, "geometry": {"type": "Point", "coordinates": [72.80826, 18.95575]}}, {"type": "Feature", "properties": {"name": "Dr.Daftarys Total Care Clinic", "type": "clinic", "address": "2, Ashok Nagar Society, North South Road No-11, Juhu-Scheme"}, "geometry": {"type": "Point", "coordinates": [72.82922, 19.10511]}}, {"type": "Feature", "properties": {"name": "Paramount Ganpati Health Care - Kandivali", "type": "hospital", "address": "Kandivali(East)"}, "geometry": {"type": "Point", "coordinates": [72.86871, 19.21495]}}, {"type": "Feature", "properties": {"name": "Anandpara Surgical and General Hospital", "type": "hospital", "address": "Iqbal House, Rani Sati Marg, Pandit Solicitor Lane, Malad(East)"}, "geometry": {"type": "Point", "coordinates": [72.85143, 19.18444]}}, {"type": "Feature", "properties": {"name": "Sanket Hospital", "type": "hospital", "address": "Nand Dham, Opposite St. Anne S School, L.T. Road"}, "geometry": {"type": "Point", "coordinates": [72.85108, 19.22884]}}, {"type": "Feature", "properties": {"name": "Maher Maternity and Nursing Home, Mumbai", "type": "hospital", "address": "Gayatri Building 1st Floor Hanuman Chowk L T Road Mulund(E)"}, "geometry": {"type": "Point", "coordinates": [72.95884, 19.17037]}}, {"type": "Feature", "properties": {"name": "Bahl Nursing Home - Malad (W)", "type": "clinic", "address": "Jaydeep Apartment,Near Malwani Fire Brigade Malad (W)"}, "geometry": {"type": "Point", "coordinates": [72.82155, 19.19735]}}, {"type": "Feature", "properties": {"name": "Hamidani Laser Vision Centre", "type": "doctors", "address": "104 Kulsum Apt Opp Ward Office Next To Kurla Nagrik Bank Station Kurla W"}, "geometry": {"type": "Point", "coordinates": [72.87944, 19.07104]}}, {"type": "Feature", "properties": {"name": "Amardeep Nursing Home", "type": "clinic", "address": "101/103, Ratna Tarang Building,Old Nagardas Road, Andheri Eeast"}, "geometry": {"type": "Point", "coordinates": [72.85127, 19.12514]}}, {"type": "Feature", "properties": {"name": "Shri Bal Chikitsalaya", "type": "clinic", "address": "14-A Miniland Tank Road,Shivaji Talau,Bhandup (W)"}, "geometry": {"type": "Point", "coordinates": [72.93159, 19.14752]}}, {"type": "Feature", "properties": {"name": "I and Eye Dr Kolhes Eye Clinic", "type": "clinic", "address": "1st Floor, Kailas Complex L.B.S. Marg"}, "geometry": {"type": "Point", "coordinates": [72.93567, 19.1462]}}, {"type": "Feature", "properties": {"name": "Kini Nursing Home", "type": "clinic", "address": "Shashitara Appartment, Near Sudhir Phadke Flyover, Mandapeshwar Road, Borivali West"}, "geometry": {"type": "Point", "coordinates": [72.85528, 19.2376]}}, {"type": "Feature", "properties": {"name": "Navjivan Maternity and Surgical Nursing Home", "type": "hospital", "address": "Vimal Apartment, Nehru Road, No.9, 10, 11, Near Municipal Office, Vile Parle East"}, "geometry": {"type": "Point", "coordinates": [72.84938, 19.09728]}}, {"type": "Feature", "properties": {"name": "Kolekar Hospital & ICCU", "type": "hospital", "address": "Omprakash Arcade, 2nd Floor, Unit No.209, Ambedkar Garden, Chembur"}, "geometry": {"type": "Point", "coordinates": [72.90113, 19.05988]}}, {"type": "Feature", "properties": {"name": "Surana Sethia Hospital And Research Centre", "type": "hospital", "address": "Sion-Trombay Road, Suman Nagar, Chembur East"}, "geometry": {"type": "Point", "coordinates": [72.88701, 19.05356]}}, {"type": "Feature", "properties": {"name": "Kamran Nursing Home", "type": "clinic", "address": "Opposite BMC M Ward Office, 1st Road, Chembur"}, "geometry": {"type": "Point", "coordinates": [72.89973, 19.06083]}}, {"type": "Feature", "properties": {"name": "Tushar Maternity and Surgical Nursing Home", "type": "hospital", "address": "Goregaon"}, "geometry": {"type": "Point", "coordinates": [72.86138, 19.17439]}}, {"type": "Feature", "properties": {"name": "Durga Maternity and Surgical Nursing Home", "type": "hospital", "address": "C.S.T. Road, Next To Sundar Nagar,M Kalina, Santacruz(E)"}, "geometry": {"type": "Point", "coordinates": [72.86082, 19.07585]}}, {"type": "Feature", "properties": {"name": "Suresh Eye Clinic", "type": "clinic", "address": "A Padmavati Nagar Film City Road Gurgaon East"}, "geometry": {"type": "Point", "coordinates": [72.86231, 19.17458]}}, {"type": "Feature", "properties": {"name": "Mahaveer Nursing Home, Mumbai", "type": "clinic", "address": "Plot No. 44,A-1-2-3, Shivaji Nagar, Govandi"}, "geometry": {"type": "Point", "coordinates": [72.90475, 19.08498]}}, {"type": "Feature", "properties": {"name": "Vatsalya Maternity and Surgical Nursing Home", "type": "hospital", "address": "3Road Floor, M G Road , Near Bank Of India, Ghatkopar West"}, "geometry": {"type": "Point", "coordinates": [72.90531, 19.08587]}}, {"type": "Feature", "properties": {"name": "Shreeji Hospital, Ghatkopar", "type": "hospital", "address": "Nilkanth Shopping Centre Corner Cama Lane , Ghatkopar, West Mumbai"}, "geometry": {"type": "Point", "coordinates": [72.90481, 19.08449]}}, {"type": "Feature", "properties": {"name": "Banaji Eyesurgery and Laser Center", "type": "hospital", "address": "Navsari Bldg.240,Dr. D.N. Road"}, "geometry": {"type": "Point", "coordinates": [72.83324, 18.93584]}}, {"type": "Feature", "properties": {"name": "Shree Guru Maternity and Childrens Nursing Home - Mumbai", "type": "clinic", "address": "B-102, 103 Aakar Apartments, Gen. A K Vaidya Marg, Opposite Wagheshwari Temple"}, "geometry": {"type": "Point", "coordinates": [72.87333, 19.17625]}}, {"type": "Feature", "properties": {"name": "Gyatri Maternity and Gynaec Clinc", "type": "clinic", "address": "13/14, Parvati Chs, Plot No. 243, Opp Apna Bazar,Sector No 3, Charkop, Kandivali (East)"}, "geometry": {"type": "Point", "coordinates": [72.82886, 19.21579]}}, {"type": "Feature", "properties": {"name": "Nirmala Maternity and Surgical Hospital with Polyclinic", "type": "hospital", "address": "Subh Ashish, Subhash Nagar, Estate N M Joshi Marg"}, "geometry": {"type": "Point", "coordinates": [72.83069, 18.98689]}}, {"type": "Feature", "properties": {"name": "CGHS Dispensary No.7, Wadala", "type": "clinic", "address": "CGHS Quarters, Flat 226-227, Type IV, Wadala"}, "geometry": {"type": "Point", "coordinates": [72.85666, 19.01695]}}, {"type": "Feature", "properties": {"name": "Dr. Malwankar's Romeen Nursing Home", "type": "clinic", "address": "Gr.Floor,Gautam Dham Society, Opposite Gama House, Bhandup (W)"}, "geometry": {"type": "Point", "coordinates": [72.93391, 19.15114]}}, {"type": "Feature", "properties": {"name": "Abhijit Hospital", "type": "hospital", "address": "Divya Trusha, Mamlatdar Wadi Road, Malad- West"}, "geometry": {"type": "Point", "coordinates": [72.84339, 19.18809]}}, {"type": "Feature", "properties": {"name": "Siddhivinayak Surgical Centre", "type": "hospital", "address": "D.N.Nagar, Link Road, J.P.Road Junction, Andheri (W)"}, "geometry": {"type": "Point", "coordinates": [72.83146, 19.12741]}}, {"type": "Feature", "properties": {"name": "Kapoor Eye Center", "type": "clinic", "address": "409 , Om Kemp Corner"}, "geometry": {"type": "Point", "coordinates": [72.8072, 18.96333]}}, {"type": "Feature", "properties": {"name": "Gopi Nursing Home", "type": "clinic", "address": "115 S.V.Road Khar(W)"}, "geometry": {"type": "Point", "coordinates": [72.8371, 19.07047]}}, {"type": "Feature", "properties": {"name": "Suvidha Hospital and Iccu", "type": "hospital", "address": "4, Neelam Appartment, Near Triveni Nagar, Kokani Pada, Kurar, Malad East"}, "geometry": {"type": "Point", "coordinates": [72.86347, 19.18133]}}, {"type": "Feature", "properties": {"name": "Netra Jyot Eye Care Centre", "type": "hospital", "address": "206, Jai Commercial Complex, At The Junction Of M. G. Road And S. L. Road, Opposite Hotel Gurukrupa, Mulund (West)"}, "geometry": {"type": "Point", "coordinates": [72.95508, 19.17394]}}, {"type": "Feature", "properties": {"name": "Shakuntal- Chitra Nursing Home", "type": "clinic", "address": "1/3,1/4B Sarvodaya Chs Ltd, Amrutnagar Bandra ( E) Next To Building 35 And Shivsena Shaka Kher Nagar"}, "geometry": {"type": "Point", "coordinates": [72.84382, 19.06034]}}, {"type": "Feature", "properties": {"name": "Aryan Hospital and Icu", "type": "hospital", "address": "Royal Garden Next To Girnar Tower Ambawadi Kalachowki"}, "geometry": {"type": "Point", "coordinates": [72.84122, 18.98986]}}, {"type": "Feature", "properties": {"name": "The Vascular Clinic", "type": "clinic", "address": "15 Dar Ui Muluk 26 Pandita Ramabai Road"}, "geometry": {"type": "Point", "coordinates": [72.811, 18.95851]}}, {"type": "Feature", "properties": {"name": "DNA Multispeciality Hospital - Mumbai", "type": "hospital", "address": "1st Floor, Whispering Palms Shopping Center,Next To Kokhandwala Sales Office, Akurli Road, Kandivali(E)"}, "geometry": {"type": "Point", "coordinates": [72.87144, 19.20052]}}, {"type": "Feature", "properties": {"name": "Divyajyoti Eye Clinic", "type": "clinic", "address": "Jyoti Apartment, Ground Floor, Opp. Seven Bunglow Bus Depot, J P Road, Andheri(W),Mum 53"}, "geometry": {"type": "Point", "coordinates": [72.81903, 19.1301]}}, {"type": "Feature", "properties": {"name": "Dr Chetan Shetty- Birth & Beyond Clinic Clinic", "type": "clinic", "address": "Dr Ernest Borges Rd, Parel East,"}, "geometry": {"type": "Point", "coordinates": [72.84036, 19.00108]}}, {"type": "Feature", "properties": {"name": "Sulochan Eye", "type": "hospital", "address": "7/6R.R. Point Grount Floor Off Lbs Marg Opp Dreams Mall Bhandup (W)"}, "geometry": {"type": "Point", "coordinates": [72.93631, 19.14733]}}, {"type": "Feature", "properties": {"name": "Purandare Hospital, Mumbai", "type": "hospital", "address": "F-3, Evershine Apartment, Four Bunglow, J. P. Road, Andheri(W)"}, "geometry": {"type": "Point", "coordinates": [72.82212, 19.12935]}}, {"type": "Feature", "properties": {"name": "Vibha Care Home", "type": "hospital", "address": "Rajvilla, B-Wing, Opposite May, Immacula School, Borivali (W)"}, "geometry": {"type": "Point", "coordinates": [72.85147, 19.22084]}}, {"type": "Feature", "properties": {"name": "Sunflower Nursing Home, Mumbai", "type": "clinic", "address": "Sunflower,J.V.P.D Scheme, N.S Road ,Vileparle,West"}, "geometry": {"type": "Point", "coordinates": [72.83449, 19.106]}}, {"type": "Feature", "properties": {"name": "Vaishnav Seva Samaj", "type": "hospital", "address": "No. 1/ 7, Sindhi Society, opp. Gurukrupa Hotel, Sion"}, "geometry": {"type": "Point", "coordinates": [72.85901, 19.03386]}}, {"type": "Feature", "properties": {"name": "Patel Nursing Home, Mumbai", "type": "hospital", "address": "Mangal Kunj 1st Floor, S.V. Road Borivli (W)"}, "geometry": {"type": "Point", "coordinates": [72.85493, 19.22695]}}, {"type": "Feature", "properties": {"name": "Priyanka Maternity and Surgical Nursing Home", "type": "hospital", "address": "4 Durgashram, Sakinaka-Asalpha Link Road, , Sakinaka, Besides Peninsula Hotel, Sakinaka"}, "geometry": {"type": "Point", "coordinates": [72.89072, 19.10068]}}, {"type": "Feature", "properties": {"name": "Vasudev Eye Clinic", "type": "clinic", "address": "104,Sagar Complex Bldg., Ram Mandir Road Corner, Besides Market Ram Mandir, Vile-Parle (E)"}, "geometry": {"type": "Point", "coordinates": [72.84574, 19.09872]}}, {"type": "Feature", "properties": {"name": "Foresight Eye Center", "type": "hospital", "address": "105 A&C & 405 A Sukh Sagar, N.S. Patkar Marg, Opera House"}, "geometry": {"type": "Point", "coordinates": [72.81339, 18.95631]}}, {"type": "Feature", "properties": {"name": "Dr. Masurkar Hospital", "type": "hospital", "address": "Sukhsagar Bldg, 1st Floor,Near Prem Ashram,Akurli Cross Road,No.1,Kandivli East"}, "geometry": {"type": "Point", "coordinates": [72.85246, 19.20336]}}, {"type": "Feature", "properties": {"name": "Vivek Maternity and Nursing Home", "type": "hospital", "address": "101-102-103, Sai Darshan Co-Opp Soc Asaifa, Bhattwadi Ghatkopar - West"}, "geometry": {"type": "Point", "coordinates": [72.90004, 19.09406]}}, {"type": "Feature", "properties": {"name": "Benzer Nursing Home", "type": "clinic", "address": "Benzer, 2nd Cross Road, Lokhandwala Complex, Andheri (W)"}, "geometry": {"type": "Point", "coordinates": [72.82475, 19.14375]}}, {"type": "Feature", "properties": {"name": "Sujata Medicare (Sujata Gyanaecology Clinic);Dhake Colony", "type": "hospital", "address": "Andheri Mumbai"}, "geometry": {"type": "Point", "coordinates": [72.83338, 19.12786]}}, {"type": "Feature", "properties": {"name": "Kripa Eye Clinic", "type": "clinic", "address": "Flat No.3 , Nityanand Nagar 2 , Nityapriya Co-Op Housing Society , Station Sahar Road , Andheri ( East )"}, "geometry": {"type": "Point", "coordinates": [72.84752, 19.1165]}}, {"type": "Feature", "properties": {"name": "Akshit Maternity Home", "type": "hospital", "address": "Panchdnam,01 D Wing Anand Nagar Road Corner Opp Jarimari Garden Dahisar (E)"}, "geometry": {"type": "Point", "coordinates": [72.86409, 19.25515]}}, {"type": "Feature", "properties": {"name": "Dr. M.C.Desai Eye Clinic and Microsurgury Eye Centre", "type": "clinic", "address": "No.001, Aztec Appt.,Near Jalaram Store,Behind N.K.Foot Wear,Marol Maroshi Road,Andheri (East)"}, "geometry": {"type": "Point", "coordinates": [72.88106, 19.11313]}}, {"type": "Feature", "properties": {"name": "Shushrusha Hospital and Icu", "type": "hospital", "address": "Shreenath Plaza, L. T. Marg, Mulund East"}, "geometry": {"type": "Point", "coordinates": [72.95805, 19.17127]}}, {"type": "Feature", "properties": {"name": "Maa Nursing Home and Netra Jyoti Eye Care Center", "type": "hospital", "address": "Himachal Building, Opposite Sunder Nagar, S V Road"}, "geometry": {"type": "Point", "coordinates": [72.84594, 19.17503]}}, {"type": "Feature", "properties": {"name": "Vardhaman Iccu and Nursing Home", "type": "hospital", "address": "61 Shreeji Apt, Ramchandra Lane, Opp Chate Classes, Malad West"}, "geometry": {"type": "Point", "coordinates": [72.84412, 19.19014]}}, {"type": "Feature", "properties": {"name": "Gulmohar Eye Clinic", "type": "clinic", "address": "Gulmohar ,15 Ashok Nagar Cross Road No 1 Kandivli (E)"}, "geometry": {"type": "Point", "coordinates": [72.85648, 19.19945]}}, {"type": "Feature", "properties": {"name": "Sai Vilayatrai Charitable Polyclinc", "type": "clinic", "address": "Kandivali"}, "geometry": {"type": "Point", "coordinates": [72.84462, 19.20188]}}, {"type": "Feature", "properties": {"name": "Medicenter Nursing Home", "type": "clinic", "address": "B, Wing, Ground Floor, Blossom Chs., Ltd. Off Link Road,Gaurav Heights Mahavir Nagar, Kandivli (W)"}, "geometry": {"type": "Point", "coordinates": [72.83742, 19.21262]}}, {"type": "Feature", "properties": {"name": "Doctor J.K. Shah's Eye Clinic and Laser Centre", "type": "clinic", "address": "A-1, Kanwal Apartments, 145, Four Bunglow Road, P.O. Azadnagar, Andheri(W)"}, "geometry": {"type": "Point", "coordinates": [72.82612, 19.13744]}}, {"type": "Feature", "properties": {"name": "Dr.Reena Mokal Nursing Home and Polyclinic", "type": "hospital", "address": "Plot No 6,R.S.C.7, Building Charkop Sector 8 ,Kandivali W,Behind Sai Prem"}, "geometry": {"type": "Point", "coordinates": [72.81536, 19.21537]}}, {"type": "Feature", "properties": {"name": "Saket Maternity and Nursing Home", "type": "hospital", "address": "Flat No 7, Near Police Officer progressive HSG, SOC near Agha Khan Baugh"}, "geometry": {"type": "Point", "coordinates": [72.81406, 19.13521]}}, {"type": "Feature", "properties": {"name": "Dr. Nisars Eye Care Centre", "type": "hospital", "address": "Modi Bhavan, Pandita Ramabai Road, Gamdevi, Grant Road (W)"}, "geometry": {"type": "Point", "coordinates": [72.81167, 18.95906]}}, {"type": "Feature", "properties": {"name": "Varsha Parekh Maternity and Surgical Hospital", "type": "hospital", "address": "Garodia Market, Plot No 8/A, 1st Floor D K Sandu Marg, Chembur"}, "geometry": {"type": "Point", "coordinates": [72.89851, 19.06103]}}, {"type": "Feature", "properties": {"name": "Shree Sukh Shanti Hospital", "type": "hospital", "address": "Vikram Apartments , G Wing, New Maniklal Estate, L B Marg, Ghakopar (West)"}, "geometry": {"type": "Point", "coordinates": [72.90233, 19.08788]}}, {"type": "Feature", "properties": {"name": "Divyadrashti Eye Care Centre", "type": "hospital", "address": "B-12/13,Laxmi Niwas, Painagar Gokul Hotel, Mandpeshwar Road , Borivli"}, "geometry": {"type": "Point", "coordinates": [72.85535, 19.23477]}}, {"type": "Feature", "properties": {"name": "Dr. Sadiwalas Clinic and Nursing Home", "type": "clinic", "address": "A-4/5/6 Majithia Apts. S.V. Road,Irla, Vile Parle (West)"}, "geometry": {"type": "Point", "coordinates": [72.84042, 19.10662]}}, {"type": "Feature", "properties": {"name": "Vital Care Centre", "type": "hospital", "address": "A-1 Ground Floor Building No 20, Manish Nagar 4. Bunglows Andheri (W)"}, "geometry": {"type": "Point", "coordinates": [72.83115, 19.14689]}}, {"type": "Feature", "properties": {"name": "Modi General Hospital and Iccu", "type": "hospital", "address": "237/3258, Tagore Nagar, Opp: Muncipal Market, Vikroli - East"}, "geometry": {"type": "Point", "coordinates": [72.93066, 19.11547]}}, {"type": "Feature", "properties": {"name": "Kairav Nursing Home", "type": "clinic", "address": "Riddhi Siddhi Apt., 1st Floor, Kumar Village, Opposite Saibaba Mandir, Malad (E)"}, "geometry": {"type": "Point", "coordinates": [72.85998, 19.18833]}}, {"type": "Feature", "properties": {"name": "Speciality Ear Nose Throat Hospital", "type": "hospital", "address": "Satyam Towers, 90 Feet.Road, Behind HDFC Bank, Kandivali (East)"}, "geometry": {"type": "Point", "coordinates": [72.86714, 19.21448]}}, {"type": "Feature", "properties": {"name": "Saraswati Eye Hospital, Mumbai", "type": "hospital", "address": "C-23, 2nd Floor, Satyam Shopping Centre, M.G. Road"}, "geometry": {"type": "Point", "coordinates": [72.90432, 19.08]}}, {"type": "Feature", "properties": {"name": "Ashirwad Heart Hospital", "type": "hospital", "address": "# 1, Vivek - 67, Tilak Road, Ghatkopar (E)"}, "geometry": {"type": "Point", "coordinates": [72.90564, 19.07618]}}, {"type": "Feature", "properties": {"name": "Neon Critical Care", "type": "hospital", "address": "3Road Floor, Deora Commercial Centre, Malad, Marve Road, Malad (West)"}, "geometry": {"type": "Point", "coordinates": [72.83921, 19.19401]}}, {"type": "Feature", "properties": {"name": "Darshan Orthopaedic and Surgical Clinic - Malad (W)", "type": "hospital", "address": "123,Milap Apartment, 1st Floor, Opposite Milap Cinema, S. V. Road, Malad (West)"}, "geometry": {"type": "Point", "coordinates": [72.84759, 19.19518]}}, {"type": "Feature", "properties": {"name": "Dr. Alok Shahs Iccu and Nursing Home", "type": "hospital", "address": "A/6,Shroff Apartment, Sodawala Lane Off., S.V.P.Road, Borivali (West)"}, "geometry": {"type": "Point", "coordinates": [72.85334, 19.23371]}}, {"type": "Feature", "properties": {"name": "Dr.Shyam Agrawal", "type": "clinic", "address": "Maharaja Apartments, Opp Telephone Exchange, S.V.Road, Malad (West)"}, "geometry": {"type": "Point", "coordinates": [72.84657, 19.18997]}}, {"type": "Feature", "properties": {"name": "Shree Vardhaman Sthanakvasi Jain Shravak Sangh Dadar Sanchalit Navneet Jain Health Centre", "type": "hospital", "address": "12, Gyan Mandir Road, Dadar West Railway Station"}, "geometry": {"type": "Point", "coordinates": [72.83838, 19.02047]}}, {"type": "Feature", "properties": {"name": "J. K. Child Health Care and Nicu", "type": "hospital", "address": "Shrenik Hospital, Dina Patil Estate, Station Road, Bhandup (W)"}, "geometry": {"type": "Point", "coordinates": [72.93472, 19.14496]}}, {"type": "Feature", "properties": {"name": "Kanchi Nursing Home", "type": "clinic", "address": "Rajnigandha Shoping Centre, Gokuldham, Filmcity Road, Goregaon E, Mumbai 63"}, "geometry": {"type": "Point", "coordinates": [72.86812, 19.17485]}}, {"type": "Feature", "properties": {"name": "Amruta Surgical and Maternity Home", "type": "hospital", "address": "C Wing, 4th Floor, Bhaveshwar Plaza, L.B.S.Marg, Ghatkopar (West)"}, "geometry": {"type": "Point", "coordinates": [72.91251, 19.09263]}}, {"type": "Feature", "properties": {"name": "Varun Cardiac Clinic", "type": "clinic", "address": "101-102, Gayatridham, Derasar Lane, Ghatkopar(E)"}, "geometry": {"type": "Point", "coordinates": [72.90505, 19.08241]}}, {"type": "Feature", "properties": {"name": "Navjeevan Urology and Stone Care Centre", "type": "hospital", "address": "Arihant Above Bhandari Co-Op Bank,Next To Goregaon"}, "geometry": {"type": "Point", "coordinates": [72.85076, 19.16601]}}, {"type": "Feature", "properties": {"name": "Criticare Multispeciality Hospital and Research Centre", "type": "hospital", "address": "Plot No38/39, Opposite Juhu Supreme Shopping Centre, Main Gulmohar Road, Andheri (W),"}, "geometry": {"type": "Point", "coordinates": [72.83533, 19.11569]}}, {"type": "Feature", "properties": {"name": "Orbit Eye Hospital, Mumbai", "type": "hospital", "address": "1st Floor, Aftab Classic, Opposite City Hospital, S.V Road, Jogeshwari(West)"}, "geometry": {"type": "Point", "coordinates": [72.84272, 19.14332]}}, {"type": "Feature", "properties": {"name": "CGHS Dispensary No.11, Byculla", "type": "clinic", "address": "Khan Mansion, Flat NO.1, Victoria Road, Byculla"}, "geometry": {"type": "Point", "coordinates": [72.83574, 18.97621]}}, {"type": "Feature", "properties": {"name": "Enclave Maternity Home", "type": "hospital", "address": "54 Yashodham Enclave Opp Royal Challenge Hotel Film City Road Goregaon East"}, "geometry": {"type": "Point", "coordinates": [72.86404, 19.17455]}}, {"type": "Feature", "properties": {"name": "Sai Krupa E.N.T. Nursing Home", "type": "hospital", "address": "Vaibhav,A/102, Jambli Gully, Near M.K.High School, Borivali(W)"}, "geometry": {"type": "Point", "coordinates": [72.85267, 19.2263]}}, {"type": "Feature", "properties": {"name": "Balaji Speciality Hospital", "type": "hospital", "address": "1st Floor, Jalaram Commercial Centre, Next To Hotel Shiv Sagar-Ansa Industrial, Saki Vihar Road, Saki Naka, Andheri East"}, "geometry": {"type": "Point", "coordinates": [72.888, 19.10791]}}, {"type": "Feature", "properties": {"name": "West Lake Speciality Clinic", "type": "clinic", "address": "27-A Nootan Nagar Bandra Station Road, Bandra(W)"}, "geometry": {"type": "Point", "coordinates": [72.83893, 19.0565]}}, {"type": "Feature", "properties": {"name": "Holy Trinity Hospital", "type": "hospital", "address": "1st Floor, Heritage Holy J N Road Mulund"}, "geometry": {"type": "Point", "coordinates": [72.95137, 19.16763]}}, {"type": "Feature", "properties": {"name": "Sanghvi Maternity and Surgical Hospital", "type": "hospital", "emergency": "yes", "address": "101/A, Panchratna, V Moolji Nagar, Saibaba Mandir Road, Borivali West"}, "geometry": {"type": "Point", "coordinates": [72.85079, 19.21706]}}, {"type": "Feature", "properties": {"name": "RG Stone Urology and Laparoscopy Hospital, Khar", "type": "hospital", "address": "21 - A, Sita Bhavan, 14Th A Road, Ahimsa Marg, Khar (West)"}, "geometry": {"type": "Point", "coordinates": [72.83296, 19.07408]}}, {"type": "Feature", "properties": {"name": "Chetna Critical Care Unit", "type": "hospital", "address": "Navinjyot Building, RRT Road, Mulund West"}, "geometry": {"type": "Point", "coordinates": [72.95263, 19.17472]}}, {"type": "Feature", "properties": {"name": "Omkar Eye Care Center", "type": "hospital", "address": "302-303 Koteshwar Plaza Junction Of Jn Road And R.H.B Road Mulund(W)"}, "geometry": {"type": "Point", "coordinates": [72.95411, 19.17084]}}, {"type": "Feature", "properties": {"name": "Dr.Badwaik's Maternity and General Hospital", "type": "hospital", "address": "Lal Bahadur Shastri Marg, Bhandup West"}, "geometry": {"type": "Point", "coordinates": [72.93813, 19.15036]}}, {"type": "Feature", "properties": {"name": "Saheli Clinic", "type": "clinic", "address": "Vertex Vikas Shopping Centre, Andheri East"}, "geometry": {"type": "Point", "coordinates": [72.84858, 19.12001]}}, {"type": "Feature", "properties": {"name": "Bay View Clinic", "type": "clinic", "address": "Bach By View, 2nd Floor, 3-A,Mama Parmanand Marg, Near Charni Road Station"}, "geometry": {"type": "Point", "coordinates": [72.81706, 18.95345]}}, {"type": "Feature", "properties": {"name": "Shanmukhananda Jasubhai R k shah Medical Centre", "type": "hospital", "address": "Mumbai"}, "geometry": {"type": "Point", "coordinates": [72.86004, 19.03105]}}, {"type": "Feature", "properties": {"name": "Aditi Hospital, Kandivali", "type": "hospital", "address": "90 Feet Road, Thakur Complex,Kandivali East"}, "geometry": {"type": "Point", "coordinates": [72.86413, 19.21349]}}, {"type": "Feature", "properties": {"name": "Kokilaben Dhirubhai Ambani Hospital, Mumbai", "type": "hospital", "emergency": "yes", "address": "Rao Saheb Achutrao Patwardhan Marg, Four Bungalows, Andheri West"}, "geometry": {"type": "Point", "coordinates": [72.82463, 19.13129]}}, {"type": "Feature", "properties": {"name": "Panorama Eye Clinic Superspeciality Eye Care", "type": "clinic", "address": "2, Navnath Society, Patel Nagar, Kandivali West"}, "geometry": {"type": "Point", "coordinates": [72.84453, 19.20682]}}, {"type": "Feature", "properties": {"name": "Dr Telangs Dhanvantari Hospital", "type": "hospital", "address": "Om Nikentan V P Road S V Road Behind Hotel Alpha , Andher (West)"}, "geometry": {"type": "Point", "coordinates": [72.84333, 19.11887]}}, {"type": "Feature", "properties": {"name": "Dr.Pintos Pathological Laboratory", "type": "hospital", "address": "H-2, Vijay Tower,Vijay Nagar,Marol Maroshi Road Andheri(E)"}, "geometry": {"type": "Point", "coordinates": [72.87997, 19.12125]}}, {"type": "Feature", "properties": {"name": "Raichura Prasuti Gruha", "type": "hospital", "address": "Nishita Apart., Dahanukar Wadi, M.G.Road, Kandivli (W)"}, "geometry": {"type": "Point", "coordinates": [72.83605, 19.20786]}}, {"type": "Feature", "properties": {"name": "Sudha Hospital and Polyclinic, Mumbai", "type": "hospital", "address": "Lachhiramplaza, Ground Floor, D-Wing(Film City Road), Gen.A.K.Vaidya Marg, Goregaon(E)"}, "geometry": {"type": "Point", "coordinates": [72.84932, 19.18115]}}, {"type": "Feature", "properties": {"name": "Jyoti Nursing Home", "type": "clinic", "address": "Mistry Park Building No.2, C Wing, Ground Floor, S.M.Road, Antop Hill"}, "geometry": {"type": "Point", "coordinates": [72.86437, 19.02596]}}, {"type": "Feature", "properties": {"name": "Nagvekar Eye Clinic", "type": "clinic", "address": "2 Jain , 1st Floor, Sv Road, Opp Akbarally, Santacruz (W)"}, "geometry": {"type": "Point", "coordinates": [72.83767, 19.08]}}, {"type": "Feature", "properties": {"name": "Dr.Sakhalkar's Maternity and Nursing Home", "type": "hospital", "address": "Manas, Plot No.19, Sher-E-Punjab Society, Mahakali Caves Road, Andheri East"}, "geometry": {"type": "Point", "coordinates": [72.86115, 19.12445]}}, {"type": "Feature", "properties": {"name": "Suyog Urology Centre", "type": "hospital", "address": "401, Rajshree Plaza, L.B.S. Marg, Opposite Shreyas Theatre, Ghatkopar(West)"}, "geometry": {"type": "Point", "coordinates": [72.91315, 19.09318]}}, {"type": "Feature", "properties": {"name": "Punamiya Hospital, Mumbai", "type": "hospital", "address": "101, Inder Tower Gokhale Road (S), Near Tilak Bhavan, Opposite Ashishind Estate, Dadar (West)"}, "geometry": {"type": "Point", "coordinates": [72.83435, 19.01247]}}, {"type": "Feature", "properties": {"name": "Patil Hospital, Mumbai", "type": "hospital", "address": "110-A, Jaiprakash Road, OppositeNavrang Theatre, Andheri(W)"}, "geometry": {"type": "Point", "coordinates": [72.84234, 19.12359]}}, {"type": "Feature", "properties": {"name": "Oculus Eye Hospital Pvt. Ltd", "type": "hospital", "address": "101, Juhu Sheetal,Jvpd Scheme, 9Th Gulmohar Cross Road ,Vile Parle(W)"}, "geometry": {"type": "Point", "coordinates": [72.83341, 19.11437]}}, {"type": "Feature", "properties": {"name": "Mehta Eye Clinic Pvt Ltd", "type": "clinic", "address": "Jayant Arcade,3Road Floor,Above Shamrao Vithal Bank"}, "geometry": {"type": "Point", "coordinates": [72.90245, 19.08101]}}, {"type": "Feature", "properties": {"name": "Navdurga Fracture and Accident Centre", "type": "hospital", "address": "B1, Amiraj, Ground Floor, Opposite Namita Hospital, Swami Vivekananda Road, Dahisar East"}, "geometry": {"type": "Point", "coordinates": [72.85996, 19.24559]}}, {"type": "Feature", "properties": {"name": "Sai Swayam MatandNur Home", "type": "hospital", "address": "Nalanda Soceity,Kurar Villege"}, "geometry": {"type": "Point", "coordinates": [72.85931, 19.18796]}}, {"type": "Feature", "properties": {"name": "Ashirwad Orthopaedic and Surgical Nursing Home", "type": "hospital", "address": "Bhakti Bldg B-Wing Gr Floor Opp Jain Temple Jambli Galli, Indrsprastha Shopping Center Borivali W)"}, "geometry": {"type": "Point", "coordinates": [72.8543, 19.22844]}}, {"type": "Feature", "properties": {"name": "Zynova Heart Hospital", "type": "hospital", "address": "Near Sarvodaya Hospital, L.B.S.Marg, Ghatkoper (West)"}, "geometry": {"type": "Point", "coordinates": [72.90714, 19.08903]}}, {"type": "Feature", "properties": {"name": "Kedia Nursing Home", "type": "clinic", "address": "2A/2B, Dhanwantari Bldg., Opposite Abhiyudaya Bank , Jeevdaya Lane, Off L.B.S Marg , Ghatkopar ( West )"}, "geometry": {"type": "Point", "coordinates": [72.9052, 19.08858]}}, {"type": "Feature", "properties": {"name": "Shree Borivli Gujarati Seva Mandal", "type": "hospital", "address": "A/1-4 Marble Arch 51 T P S Road Off Factory Lane Borivali (W)"}, "geometry": {"type": "Point", "coordinates": [72.85021, 19.22511]}}, {"type": "Feature", "properties": {"name": "Pooja Nursing Home, Mumbai", "type": "clinic", "address": "C-101, Sani Shopping Centre, Opposite Railway Station, Jogeshwari (West)"}, "geometry": {"type": "Point", "coordinates": [72.84847, 19.13717]}}, {"type": "Feature", "properties": {"name": "Jeevan Maternity and General Hospital", "type": "hospital", "address": "201,202, Manish Mandir Co- Op. Hag.Soc.Mansa Apt, , 2nd Floor, Kedarmal Road, Malad (E)"}, "geometry": {"type": "Point", "coordinates": [72.85393, 19.18538]}}, {"type": "Feature", "properties": {"name": "Sai Krupa Hospital, Mumbai", "type": "hospital", "address": "1-2 Ashish Chs, Raheja Township, Rani Sati Road, Near Sai Baba Temple, Malad East"}, "geometry": {"type": "Point", "coordinates": [72.85737, 19.18124]}}, {"type": "Feature", "properties": {"name": "Kaveri Eye Care Centre", "type": "clinic", "address": "119/1st Floor, Sagar Shopping Centre, J. P. Road, Opposite Bombay Bazar Showroom, Andheri (W)"}, "geometry": {"type": "Point", "coordinates": [72.84434, 19.12336]}}, {"type": "Feature", "properties": {"name": "Vishal X-Ray Clinic", "type": "clinic", "address": "Madhav Medicare Centre, Andheri West"}, "geometry": {"type": "Point", "coordinates": [72.84579, 19.12086]}}, {"type": "Feature", "properties": {"name": "Prince Aly Khan Hospital", "type": "hospital", "emergency": "yes", "address": "Aga Hall, Nesbit Road, Mazgaon"}, "geometry": {"type": "Point", "coordinates": [72.83661, 18.97078]}}, {"type": "Feature", "properties": {"name": "Parekh Eye Clinic and Child Clinic", "type": "clinic", "address": "301, Madhav Apts., Avove Samrat Hotel, Opposite Railway Station, Ghatkopar (E)"}, "geometry": {"type": "Point", "coordinates": [72.90768, 19.08454]}}, {"type": "Feature", "properties": {"name": "Laxmi Health Care Center and Iccu", "type": "hospital", "address": "210/3042, Near Sangali Sahakari Bank, Tagore Nagar No.1, Vikhroli(E)"}, "geometry": {"type": "Point", "coordinates": [72.93153, 19.11344]}}, {"type": "Feature", "properties": {"name": "Khushal Hospital and Maternity Home", "type": "hospital", "address": "102/108, Karmavihar, Station Road,Opposite Muncipal Market, Near Railway Station"}, "geometry": {"type": "Point", "coordinates": [72.91006, 19.0852]}}, {"type": "Feature", "properties": {"name": "Rajendra Maternity and Surgical Nursing Home", "type": "hospital", "address": "E- 18/001A, Yogi Nagar, Eksar Road, Borivali(W)"}, "geometry": {"type": "Point", "coordinates": [72.8416, 19.23479]}}, {"type": "Feature", "properties": {"name": "Pooja Nursing Home Pvt. Ltd.", "type": "clinic", "address": "Shreeram Apt, 1st Floor , Jn Road, Mulund West"}, "geometry": {"type": "Point", "coordinates": [72.9502, 19.16744]}}, {"type": "Feature", "properties": {"name": "Hiren Mehta Eye Care Centre", "type": "hospital", "address": "18-A Happy Home 1st Floor Opp Achija & Guru Kurupa Hotel Ghatkopar (E)"}, "geometry": {"type": "Point", "coordinates": [72.90589, 19.07981]}}, {"type": "Feature", "properties": {"name": "Dr Thakur Hospital", "type": "hospital", "address": "Vidya Bhuvan 121, Shivaji Park, Opp Shiv Sena Bhavan Dadar - West"}, "geometry": {"type": "Point", "coordinates": [72.84008, 19.02507]}}, {"type": "Feature", "properties": {"name": "Ashirwad Children and Surgical Hospital", "type": "hospital", "address": "305/306 Ruby Monarch, 3Road Floor , Opp Post Office, Saki Vihar Road , Saki Naka, Andheri East"}, "geometry": {"type": "Point", "coordinates": [72.88778, 19.10649]}}, {"type": "Feature", "properties": {"name": "Medha Maternity and Nursing Home - Kandivali (E) Mumbai", "type": "hospital", "address": "1st Floor, Green Gagan Bldg, Mhada Layout,Plot No-14,Lokhandwala Township,Akurli Road,Kandivali(Eas)"}, "geometry": {"type": "Point", "coordinates": [72.87487, 19.19515]}}, {"type": "Feature", "properties": {"name": "Jaydeep Eye and Physiotherapy Clinic - Kandivli", "type": "hospital", "address": "2,Ratnadeep, Sector 3, OppositeApna Bazaar,Near Saibaba Mandir, Charkop Kandivli (W)"}, "geometry": {"type": "Point", "coordinates": [72.82894, 19.21834]}}, {"type": "Feature", "properties": {"name": "Kamdar Nursing Home and Polyclinic Pvt. Ltd.", "type": "clinic", "address": "Ist Floor, Kiran Niketan,Next To Bhatia Wadi, Tilak Road, Ghatkopar East"}, "geometry": {"type": "Point", "coordinates": [72.90604, 19.08042]}}, {"type": "Feature", "properties": {"name": "Reliance Life Sciences Pvt. Ltd", "type": "hospital", "address": "3Road Floor, Sadhana House Behind Mahindra Towers, Pandurang Budhkar Marg, Worli Mumbai"}, "geometry": {"type": "Point", "coordinates": [72.82256, 19.00503]}}, {"type": "Feature", "properties": {"name": "Sharada Nursing Home.", "type": "clinic", "address": "110, Magan Nathuram Road, Opposite Sonapurlane Police, Chowky, Sonapurlane, Kurla"}, "geometry": {"type": "Point", "coordinates": [72.88028, 19.08129]}}, {"type": "Feature", "properties": {"name": "Lakshmi Nursing Home, Mumbai", "type": "clinic", "address": "Sheetal Chayya Premises Co-Op Society, Jawaharlal Nehru Road, Mulund West"}, "geometry": {"type": "Point", "coordinates": [72.95322, 19.17012]}}, {"type": "Feature", "properties": {"name": "Mallika Hospital and Envision Eye Centre", "type": "hospital", "address": "Sharma Estate, Next To Dlwan Shopping Centre,S.V.Road, Jogeswari (W)"}, "geometry": {"type": "Point", "coordinates": [72.84666, 19.13738]}}, {"type": "Feature", "properties": {"name": "Gaurav Maternity and Surgical Hospital", "type": "hospital", "address": "Arunoday Tower, C Wing, Ground Floor, Opp Kokan Nagar Bus Stop, Bhandup (W)"}, "geometry": {"type": "Point", "coordinates": [72.92921, 19.14569]}}, {"type": "Feature", "properties": {"name": "Sanghavi Eye Clinic", "type": "clinic", "address": "Gr. Flr, Prem Ashish, Opposite Param Keshav Baug, Navroji Lane, Ghatkopar (W)"}, "geometry": {"type": "Point", "coordinates": [72.90367, 19.08531]}}, {"type": "Feature", "properties": {"name": "Kiran Care and Cure Hospital", "type": "hospital", "address": "Mistry Complex, Sankalp (Gr. Floor), Near Greater Bank, J.B. Nagar, Andheri (E)"}, "geometry": {"type": "Point", "coordinates": [72.86554, 19.10681]}}, {"type": "Feature", "properties": {"name": "Doctor Pareek's Deafness Clinic and ENT Hospital", "type": "hospital", "address": "Yashodhan Apt. No.1,Next To Four Bunglows Signal, Andheri (W)"}, "geometry": {"type": "Point", "coordinates": [72.82948, 19.12886]}}, {"type": "Feature", "properties": {"name": "Sas Health Care Pvt. Limited", "type": "hospital", "address": "23-C, Miniland, Shivaji Talao, Tank Road, Bhandup (W)"}, "geometry": {"type": "Point", "coordinates": [72.93073, 19.1477]}}, {"type": "Feature", "properties": {"name": "Rohit Nursing Home - Dahisar", "type": "clinic", "address": "Bldg.No.4, Block No.5-6,Shanti Nagar, S.V.Road, Dahisar (E)"}, "geometry": {"type": "Point", "coordinates": [72.8632, 19.24852]}}, {"type": "Feature", "properties": {"name": "Shakuntala Maternity Home", "type": "hospital", "address": "Ground Floor, Gharkul, Charkop Modern Society, Sector No.1, Charkop, Kandivali West"}, "geometry": {"type": "Point", "coordinates": [72.82575, 19.21069]}}, {"type": "Feature", "properties": {"name": "Dr.Patrawala's Kalpana Nursing Home", "type": "clinic", "address": "B- Bhagnari Co-Op, Hsg, Society Sion-Duncan Causeway Road, Next To Chunabhatti Rly Chunabhatti"}, "geometry": {"type": "Point", "coordinates": [72.86866, 19.05234]}}, {"type": "Feature", "properties": {"name": "Patel Nursing Home andheri (E)", "type": "clinic", "address": "B, Vaishali Apartments, Sir M.V. Road, 1st Floor, Andheri (E)"}, "geometry": {"type": "Point", "coordinates": [72.85252, 19.1184]}}, {"type": "Feature", "properties": {"name": "Mangal Anand Hospital", "type": "hospital", "address": "48 Swastik Park, Umarshi Bappa Chowk, Sion Trombay Road, Chembur"}, "geometry": {"type": "Point", "coordinates": [72.89054, 19.0566]}}, {"type": "Feature", "properties": {"name": "Kumar Clinic, Mumbai", "type": "clinic", "address": "14-A Road , Khar"}, "geometry": {"type": "Point", "coordinates": [72.83259, 19.07475]}}, {"type": "Feature", "properties": {"name": "CGHS Polyclinic Koliwada", "type": "clinic", "address": "Building No.221, Sector I, Kane Nagar"}, "geometry": {"type": "Point", "coordinates": [72.86092, 19.02658]}}, {"type": "Feature", "properties": {"name": "Umang Maternity and Surgical Nursing Home", "type": "hospital", "address": "1-Lacreame Nrakruti Trade Center Road No-7 Kondivita Midc Area Andheri(E)"}, "geometry": {"type": "Point", "coordinates": [72.87132, 19.1169]}}, {"type": "Feature", "properties": {"name": "Aniket Nursing Home", "type": "clinic", "address": "Kanjurmarg East"}, "geometry": {"type": "Point", "coordinates": [72.93483, 19.13042]}}, {"type": "Feature", "properties": {"name": "Nidhi Nursing Home and Iccu", "type": "hospital", "address": "Neelyog Apts, Ground Floor, M. G. Road-4, Opposite Patel Nagar, Kandivali(W)"}, "geometry": {"type": "Point", "coordinates": [72.84409, 19.20623]}}, {"type": "Feature", "properties": {"name": "Ashirwad Maternity and Nursing Home", "type": "hospital", "address": "001-002,Harsh Apartments, A/5, Anand Narar Off C.S.Road, Dahisar (E)"}, "geometry": {"type": "Point", "coordinates": [72.86472, 19.25703]}}, {"type": "Feature", "properties": {"name": "Dnyan Geeta Nursing Home", "type": "clinic", "address": "1 Trimurti, Ground Floor, 64, Shivaji Parak, Keluskar Road (S), Dadar"}, "geometry": {"type": "Point", "coordinates": [72.839, 19.02543]}}, {"type": "Feature", "properties": {"name": "Sugun Hospital Multispeciality Diagnostic, Icu", "type": "hospital", "address": "Plot No.236, Twin Arcade,Military Road,Marol,Andheri (East)"}, "geometry": {"type": "Point", "coordinates": [72.88275, 19.1172]}}, {"type": "Feature", "properties": {"name": "Dr. Karmarkar Hospital", "type": "hospital", "address": "172 -A Naigaum, Dadar"}, "geometry": {"type": "Point", "coordinates": [72.8467, 19.01302]}}, {"type": "Feature", "properties": {"name": "Belle-Vue General Nursing Home", "type": "clinic", "address": "Sejal 1st Floor Link Extension Road Off. Veera Desai Road Andheri (West)"}, "geometry": {"type": "Point", "coordinates": [72.83246, 19.13179]}}, {"type": "Feature", "properties": {"name": "Sanjeevan Nursing Home and Iccu", "type": "clinic", "address": "1st Floor, Neha Annexe, Khot Road, Near Madhuban Garden, Bhandup (W)"}, "geometry": {"type": "Point", "coordinates": [72.93684, 19.15061]}}, {"type": "Feature", "properties": {"name": "Sai Deep Nursing Home", "type": "clinic", "address": "Christina Apartments., Near Kalina Police Chowky,Kalina Villgae Road, Kalina"}, "geometry": {"type": "Point", "coordinates": [72.86485, 19.07797]}}, {"type": "Feature", "properties": {"name": "Dhanwantary Hospital and ICCU", "type": "hospital", "address": "545, Thawaroadas Bhavan, N. S. Road, Near Abhyudaya Bank"}, "geometry": {"type": "Point", "coordinates": [72.95356, 19.1763]}}, {"type": "Feature", "properties": {"name": "Dr Pagruts Fracture Orthopaedic and Surgical Hospital", "type": "hospital", "address": "Sahadev, Vishal Nagar, Mith Chowki, Marve Road, Malad (W)"}, "geometry": {"type": "Point", "coordinates": [72.83194, 19.19536]}}, {"type": "Feature", "properties": {"name": "Samarth Maternity and Nursing Home", "type": "hospital", "address": "102, Samarth C.H.S Ltd., Lokmanya Tilak Road(Extn)"}, "geometry": {"type": "Point", "coordinates": [72.95945, 19.16856]}}, {"type": "Feature", "properties": {"name": "Shri Bala Hanuman Maternity and Surgical Hospital", "type": "hospital", "address": "Municipal Corporation Of Greater Mumbai,108-113,Lancelot,S.V.Road,Borivli(W)"}, "geometry": {"type": "Point", "coordinates": [72.8523, 19.21858]}}, {"type": "Feature", "properties": {"name": "Jashem Eye Institute", "type": "hospital", "address": "Sanjay, Ground Floor, Plot 376, Telang Cross Road No.2, Near Matunga Circle"}, "geometry": {"type": "Point", "coordinates": [72.85384, 19.02793]}}, {"type": "Feature", "properties": {"name": "Vijay Polyclinic and Care Centre", "type": "clinic", "address": "001/002, Kaveri Building, Shiv Vallabh Cross Road River Park, Dahisar(E)"}, "geometry": {"type": "Point", "coordinates": [72.87054, 19.24713]}}, {"type": "Feature", "properties": {"name": "Aayush Eye Clinic & Aayush Lasik Centre", "type": "clinic", "address": "201/202, Coral Classic, Plot no.955/956, 20th Road, Chembur"}, "geometry": {"type": "Point", "coordinates": [72.89896, 19.05975]}}, {"type": "Feature", "properties": {"name": "Vyas' Surgery", "type": "hospital", "address": "2/254, Alka Mansion, Dr Ambedkar Road, Sion West"}, "geometry": {"type": "Point", "coordinates": [72.85919, 19.03429]}}, {"type": "Feature", "properties": {"name": "Shri Siddhivinayak Nursing Home", "type": "clinic", "address": "1, Ram Mansion, C H S Ground Floor, S K Bole Road, Near Sidhi Vinayak Mandir, Dadar"}, "geometry": {"type": "Point", "coordinates": [72.83091, 19.01715]}}, {"type": "Feature", "properties": {"name": "Riddhivinayak Critical Care and Cardiac Centre", "type": "hospital", "address": "559/1, Pushpachandra Apartment, S V Road, Riddhi Vinayak Temple Lane, Malad West"}, "geometry": {"type": "Point", "coordinates": [72.84746, 19.19388]}}, {"type": "Feature", "properties": {"name": "Sohum Eyecare Centre", "type": "hospital", "address": "Grd Flr, Hare Krishna Apts, S. V .P. Road , Opposite Bhagwati Hospital, Borivali West"}, "geometry": {"type": "Point", "coordinates": [72.85348, 19.24731]}}, {"type": "Feature", "properties": {"name": "Mulund Nursing Home", "type": "clinic", "address": "Shanti Sadan Gv Scheme Road, 90 Ft Road Mulund (E)"}, "geometry": {"type": "Point", "coordinates": [72.96122, 19.16943]}}, {"type": "Feature", "properties": {"name": "Sai Hospital", "type": "hospital", "address": "90 Feet Road, Ground, 1st, 2nd & 3rd Road, At Masiha Islampura Co-operative Housing Society Ltd., Behind Sion Hospital, Near Dharavi Police Station"}, "geometry": {"type": "Point", "coordinates": [72.85462, 19.03997]}}, {"type": "Feature", "properties": {"name": "Drishti Eye Care Centre", "type": "hospital", "address": "1st Floor, Shri Siddhi Plaza, Above Hast Kala Showroom, R.R.T. Road, Mulund"}, "geometry": {"type": "Point", "coordinates": [72.9521, 19.17456]}}, {"type": "Feature", "properties": {"name": "Khar Clinico-Pathology Laboratory", "type": "hospital", "address": "1 Milton Tower, 290-291, Linking Road, Khar West"}, "geometry": {"type": "Point", "coordinates": [72.83441, 19.07445]}}, {"type": "Feature", "properties": {"name": "Saibaba Maternity and Nursing Home", "type": "hospital", "address": "A-101, Nagvekar Apartment, Akurli Road, Kandivali East"}, "geometry": {"type": "Point", "coordinates": [72.85677, 19.20176]}}, {"type": "Feature", "properties": {"name": "Shree Surgical and Maternity Nursing Home", "type": "hospital", "address": "Ashwin B Ground Floor, Marve Road, Malad (West)"}, "geometry": {"type": "Point", "coordinates": [72.84379, 19.19184]}}, {"type": "Feature", "properties": {"name": "Ashirwad Hospital and Polyclinic", "type": "hospital", "address": "101, 102, 103, Ashirwad Hospital, Anurag Bussiness Center, Waman- Tukaram Patil Marg, Chembur"}, "geometry": {"type": "Point", "coordinates": [72.90925, 19.05216]}}, {"type": "Feature", "properties": {"name": "Aseem Orthopaedic Hospital", "type": "hospital", "emergency": "yes", "address": "Rizvi Park, S.V.Road, Santacruz(W)"}, "geometry": {"type": "Point", "coordinates": [72.85452, 19.07995]}}, {"type": "Feature", "properties": {"name": "Mohit Hospital", "type": "hospital", "address": "Koyna, Shantivan Complex, Near National Park, Borivali East"}, "geometry": {"type": "Point", "coordinates": [72.86453, 19.23376]}}, {"type": "Feature", "properties": {"name": "Brahman Sabha, Mhaskar Gruh and General Nursing Home", "type": "hospital", "address": "9,Dr, D.D. Sathe Marg"}, "geometry": {"type": "Point", "coordinates": [72.81904, 18.9568]}}, {"type": "Feature", "properties": {"name": "Tata Memorial Hospital", "type": "hospital", "address": "Dr.E Borges Road, Parel"}, "geometry": {"type": "Point", "coordinates": [72.84321, 19.00498]}}, {"type": "Feature", "properties": {"name": "Sanjeevani Surgical and General Hospital", "type": "hospital", "address": "Bhavani Chambers, Kedarmal Road, Malad East"}, "geometry": {"type": "Point", "coordinates": [72.85275, 19.18458]}}, {"type": "Feature", "properties": {"name": "Sanjeevani Chandrabhan Agrawal Charitable Trust Eye Hospital", "type": "hospital", "address": "Ishwar Bhuvan, Pt.Solicitor Road, Off Rani Sati Marg, Malad East"}, "geometry": {"type": "Point", "coordinates": [72.85103, 19.18421]}}, {"type": "Feature", "properties": {"name": "J.P Hospital, Mumbai", "type": "hospital", "address": "J.P House, Sakinaka,Andheri Kurla Road,Andheri East"}, "geometry": {"type": "Point", "coordinates": [72.8853, 19.10125]}}, {"type": "Feature", "properties": {"name": "Gandhi Nursing Home-Borivali-Mumbai", "type": "clinic", "address": "A-Chandra Apartments, Mandpeshwar Road, Near Ram Mandir, Borivali (W)"}, "geometry": {"type": "Point", "coordinates": [72.85446, 19.23796]}}, {"type": "Feature", "properties": {"name": "The Laser Vision Centre", "type": "hospital", "address": "Chheda Apartment Liberty Garden Cross Road No-3, Below Malad Sahakar Bank Malad(W)"}, "geometry": {"type": "Point", "coordinates": [72.84057, 19.18692]}}, {"type": "Feature", "properties": {"name": "Samarth Hospital, Mumbai", "type": "hospital", "address": "A- Kumar Apartments, Behind St.Joseph School,Vikhroli(W)"}, "geometry": {"type": "Point", "coordinates": [72.92649, 19.10958]}}, {"type": "Feature", "properties": {"name": "Dr. Gala's Nursing Home", "type": "clinic", "address": "6, Kailas Darshan, 2nd Floor,Nana Chowk, Kennedy Bridge, Marine Lines"}, "geometry": {"type": "Point", "coordinates": [72.81344, 18.96102]}}, {"type": "Feature", "properties": {"name": "Navneet Hi-Tech Hospital", "type": "hospital", "address": "Manav Kalyan Kendra Chowk S V Road Dahisar East"}, "geometry": {"type": "Point", "coordinates": [72.86062, 19.24637]}}, {"type": "Feature", "properties": {"name": "Navnirman Maternity and Surgical Hospital", "type": "hospital", "address": "302/303, Trimurti Arcade, 3Road Flr, L.B.S. Road, Near Sarvodaya Hospital, Ghatkopar (W)"}, "geometry": {"type": "Point", "coordinates": [72.90708, 19.08901]}}, {"type": "Feature", "properties": {"name": "Dr. Vaidya Eye Hospital", "type": "hospital", "address": "15/16, A-Wing, Doctors Corner, Sitladevi Chs,Opp Indian Oil Nagar, D.N.Nagar, Andheri Link Road"}, "geometry": {"type": "Point", "coordinates": [72.83158, 19.12736]}}, {"type": "Feature", "properties": {"name": "Sanchaiti Hospital", "type": "hospital", "address": "Shri Mira Co-Op Housing Societuy, Ankurli Road, Kandivali (E)"}, "geometry": {"type": "Point", "coordinates": [72.85877, 19.20146]}}, {"type": "Feature", "properties": {"name": "Paarth Hospital", "type": "hospital", "address": "Kalyan Apt., M.G. Road, Behind Swaminarayan Temple, Kandivali(W)"}, "geometry": {"type": "Point", "coordinates": [72.84538, 19.20569]}}, {"type": "Feature", "properties": {"name": "Saraogi Maternity and General Hospital", "type": "hospital", "address": "Khetan Appts., S.V.Road, Malad(W)"}, "geometry": {"type": "Point", "coordinates": [72.84657, 19.18984]}}, {"type": "Feature", "properties": {"name": "Sumeet Nursing Home", "type": "clinic", "address": "19 & 20/B, Amita Apartments, 5Th Kasturba Road, Borivli(E)"}, "geometry": {"type": "Point", "coordinates": [72.86199, 19.22997]}}, {"type": "Feature", "properties": {"name": "Dr.Palep's Priyank Maternity Nursing Home", "type": "hospital", "address": "Manoj Co-Op,Hsg,Society,Shankar Ghanekar Marg.Prabhedevi"}, "geometry": {"type": "Point", "coordinates": [72.83187, 19.01469]}}, {"type": "Feature", "properties": {"name": "Dr.Mugdha Ranade Eye Clinic", "type": "clinic", "address": "C-19,Tashkent,Near Bhagwati Hospital,S.V.P. Road,Opp Ram Mandir,Borivali (W)"}, "geometry": {"type": "Point", "coordinates": [72.84442, 19.23195]}}, {"type": "Feature", "properties": {"name": "Nulife Hospital, Mumbai", "type": "hospital", "address": "A1, Harekrishna Building,First Floor,Near Telephone Exchange,L.B.S. Marg,Ghatkopar(West)"}, "geometry": {"type": "Point", "coordinates": [72.9052, 19.0881]}}, {"type": "Feature", "properties": {"name": "Jivdaya Hospital", "type": "hospital", "address": "Jivdaya Lane, Dharmodaya B Wing, 1st Floor, Ghatkopar (W)"}, "geometry": {"type": "Point", "coordinates": [72.90533, 19.08826]}}, {"type": "Feature", "properties": {"name": "Shradha Heart Hospital", "type": "hospital", "address": "A/101,Chandradaya Bldg,Above Saibaba Temple,R.B. Kadam Marg, Lbs Road,Ghatkopar(W)"}, "geometry": {"type": "Point", "coordinates": [72.90518, 19.08815]}}, {"type": "Feature", "properties": {"name": "Mamta Maternity and Nursing Home", "type": "hospital", "address": "Vishwashanti, Juhu - 7 Bungalows, Link Road, 7, Bungalows Garden"}, "geometry": {"type": "Point", "coordinates": [72.81585, 19.12938]}}, {"type": "Feature", "properties": {"name": "Dr.Satish G.Desai", "type": "hospital", "address": "Shop No - 1,Dunhill Castle,Opp 9 To 9 Super Market,Hanuman Road,Vileparle (East)"}, "geometry": {"type": "Point", "coordinates": [72.8515, 19.10352]}}, {"type": "Feature", "properties": {"name": "Dev Nursing Home", "type": "hospital", "address": "Shilpa Appts, 1st Floor, Shankar Ghanekar Marg, Off Gokhle Road (S)"}, "geometry": {"type": "Point", "coordinates": [72.8336, 19.01544]}}, {"type": "Feature", "properties": {"name": "Insight Eye Clinic", "type": "clinic", "address": "225/A, Shreekrishna Bhavan, Behind Ruia Collage, Sir Bhakhadra Road,Matuya"}, "geometry": {"type": "Point", "coordinates": [72.84996, 19.02217]}}, {"type": "Feature", "properties": {"name": "Siddhamrut Clinic", "type": "clinic", "address": "Flat 2 Ground Floor Vasudev Sadan 207 D Dr Ambedkar Road Matunga"}, "geometry": {"type": "Point", "coordinates": [72.85105, 19.02263]}}, {"type": "Feature", "properties": {"name": "Dr Shah Piles Clinic", "type": "clinic", "address": "139, Markez View Bldg, Near 24 Karat Talkies, Opp Excel Industries , S V Road, Jogeshwari"}, "geometry": {"type": "Point", "coordinates": [72.84463, 19.14004]}}, {"type": "Feature", "properties": {"name": "Suprabha Surgicare", "type": "hospital", "address": "15, First Floor, Vincent Court, Near Fire Brigade, Opposite Chitra Cinema, Dr.B.Ambedkar Road, Dadar (East)"}, "geometry": {"type": "Point", "coordinates": [72.84511, 19.01364]}}, {"type": "Feature", "properties": {"name": "Dr. Deosthaci's Eye Care Centre", "type": "hospital", "address": "6/206, Shiv Mahal Chs, Sion Main Road"}, "geometry": {"type": "Point", "coordinates": [72.86409, 19.0419]}}, {"type": "Feature", "properties": {"name": "H.J. Doshi Ghatkopar Hindu Sabha Hospital", "type": "hospital", "address": "Shradhanand Road, Ghatkopar (W)"}, "geometry": {"type": "Point", "coordinates": [72.90629, 19.08529]}}, {"type": "Feature", "properties": {"name": "Dr V T Shah Diagnostic Centre and Clinic", "type": "clinic", "address": "Kapole Niwas 590 Dr Ambedkar Road Matunga Cr"}, "geometry": {"type": "Point", "coordinates": [72.85308, 19.02402]}}, {"type": "Feature", "properties": {"name": "Dr.Chhatres Maternity and Surgical Nursing Home", "type": "hospital", "address": "1/320, Shridhar Niwas,Sir Bhaichandra Road, Matunga"}, "geometry": {"type": "Point", "coordinates": [72.85205, 19.02532]}}, {"type": "Feature", "properties": {"name": "Ashirwad Nursing Home, Amravati", "type": "clinic", "address": "Rajgir Sadan, Ground Floor, Laxmi Baug, Opp Sion Rly. Stn. , Sion (W)"}, "geometry": {"type": "Point", "coordinates": [72.86261, 19.04644]}}, {"type": "Feature", "properties": {"name": "Ashvini Nursing and Maternity Home", "type": "clinic", "address": "Mohan Nivas, Keluskar Road, Opposite Masaheb Thakre Statue, Shivaji Park, Dadar (W)"}, "geometry": {"type": "Point", "coordinates": [72.83971, 19.02599]}}, {"type": "Feature", "properties": {"name": "Dr.Patkars Surgical Nursing Home", "type": "clinic", "address": "Ground Floor, 74, Anant Niwas, Keluskar Road, Near Shivaji Ground, Shivaji Park, Dadar West"}, "geometry": {"type": "Point", "coordinates": [72.83763, 19.0253]}}, {"type": "Feature", "properties": {"name": "Well Spring Dr Avinash Phadke Pathlab Clinic", "type": "hospital", "address": "Udyam, Ranade Road Shivaji Park"}, "geometry": {"type": "Point", "coordinates": [72.83804, 19.02418]}}, {"type": "Feature", "properties": {"name": "Shree Sai Maternity and Surgical Nursing Home", "type": "hospital", "address": "Sarvodaya Parshwanath Nagar Mulund W"}, "geometry": {"type": "Point", "coordinates": [72.94692, 19.16399]}}, {"type": "Feature", "properties": {"name": "Eye Care Centre, Borivali", "type": "clinic", "address": "1- 2- 3- C.Wing Ground Floor, Lancelot, S.V.Road, Borivali (W)"}, "geometry": {"type": "Point", "coordinates": [72.8523, 19.21906]}}, {"type": "Feature", "properties": {"name": "Aashirwad Nursing Home", "type": "clinic", "address": "A-3, New Green Apartment, Tilak Chowk, T.P.Road, Malad (W)"}, "geometry": {"type": "Point", "coordinates": [72.9309, 19.14424]}}, {"type": "Feature", "properties": {"name": "Surana Hospital and Research Centre, Mumbai", "type": "hospital", "address": "Tank Road, Next To Skywalk Tower, Near Orlem Church, End Of Shankar Lane Malad - West"}, "geometry": {"type": "Point", "coordinates": [72.83834, 19.1988]}}, {"type": "Feature", "properties": {"name": "Ashirwad Maternity and Nursing Home, Mulund", "type": "hospital", "address": "Buiding No. E/5 , Highland Park , Guru Gobind Singh Road , Jai Shastri Nagar , Mulund Colony , Mulund ( West )"}, "geometry": {"type": "Point", "coordinates": [72.93227, 19.17023]}}, {"type": "Feature", "properties": {"name": "Omm Sai Nursing Home - Kandivali, Mumbai", "type": "clinic", "address": "C-12&13, E-2, Highway Park, Near Brijwasi Sweets, Kandivali(E)"}, "geometry": {"type": "Point", "coordinates": [72.86674, 19.20886]}}, {"type": "Feature", "properties": {"name": "Nerkar Surgical Clinic", "type": "clinic", "address": "Avani 2nd Floor Senapati Bapat Marg Dadar(W)"}, "geometry": {"type": "Point", "coordinates": [72.84112, 19.01759]}}, {"type": "Feature", "properties": {"name": "The Ark Clinic", "type": "clinic", "address": "102, Suryoday, Juhu Road , Near Santacruz Police Station, Santacruz (W)"}, "geometry": {"type": "Point", "coordinates": [72.83679, 19.08411]}}, {"type": "Feature", "properties": {"name": "Utkarsh Nursing Home", "type": "clinic", "address": "4, Nirmala Sadan, Kasturba Road No1, Borivali East"}, "geometry": {"type": "Point", "coordinates": [72.85672, 19.22482]}}, {"type": "Feature", "properties": {"name": "Yashwant Hospital, Mumbai", "type": "hospital", "address": "No. 199/2952, Group No. 08/B,Opposite Old Tagore Nagar Post Office,Vikhroli East"}, "geometry": {"type": "Point", "coordinates": [72.93357, 19.11524]}}, {"type": "Feature", "properties": {"name": "Krishna Eye Care Centre", "type": "hospital", "emergency": "yes", "address": "1st Floor, Ganga Jamuna Bldg., 16 Rani Sati Marg, Malad(E)"}, "geometry": {"type": "Point", "coordinates": [72.84984, 19.18392]}}, {"type": "Feature", "properties": {"name": "Dr. Thakurs Ear Nose Throat Clinic and Hospital - Bhandup (W) Mumbai", "type": "hospital", "address": "100A, RR Realty, Lbs Marg, Bhandup (W)"}, "geometry": {"type": "Point", "coordinates": [72.93648, 19.14735]}}, {"type": "Feature", "properties": {"name": "Dr. Khatavs Mother and Child Hospital", "type": "hospital", "address": "1 St Floor Arunoday Shopping Centre, Market Lane, Near Ajanta Talkies, Borivli ( West)"}, "geometry": {"type": "Point", "coordinates": [72.85444, 19.22971]}}, {"type": "Feature", "properties": {"name": "Divya Eye Clinic and Day Care Centre, Juhu", "type": "clinic", "address": "B/102,First Floor,Dhruv Apartments,Plot No. 60/61,Main Gulmohar Road,Opposite Gagandeep Society,Jvpd Scheme, Juhu"}, "geometry": {"type": "Point", "coordinates": [72.83734, 19.11331]}}, {"type": "Feature", "properties": {"name": "Laxmi Mirat Eye Clinic and Day Care Centre", "type": "clinic", "address": "Nityanad Nagar 3, 1st Floor, Andheri (E)"}, "geometry": {"type": "Point", "coordinates": [72.84817, 19.11666]}}, {"type": "Feature", "properties": {"name": "Dr.Patel's Nursing Home", "type": "clinic", "address": "Vinit Tower, Balasaheb Sawant Road, Four Bungalows, Andheri West"}, "geometry": {"type": "Point", "coordinates": [72.82252, 19.12637]}}, {"type": "Feature", "properties": {"name": "Shetty Nursing Home (Shetty Health Services Pvt. Ltd.)", "type": "hospital", "address": "Between Cross Roads Shopping Centre And Tardeo A/C Market, 50, Tardeo Road"}, "geometry": {"type": "Point", "coordinates": [72.81284, 18.97479]}}, {"type": "Feature", "properties": {"name": "Dholkawalla Maternity Home", "type": "hospital", "address": "58,Mohammedali Road"}, "geometry": {"type": "Point", "coordinates": [72.83378, 18.95271]}}, {"type": "Feature", "properties": {"name": "Vibha Maternity and Surgical Nursing Home", "type": "hospital", "address": "Alka Building Opp M A High School S V Road Andheri W"}, "geometry": {"type": "Point", "coordinates": [72.84437, 19.11697]}}, {"type": "Feature", "properties": {"name": "Shri K V O Jain Manav Seva Kendra Navneet Hospital", "type": "hospital", "address": "Daulat Nagar, Road No. 5 & 7, Behind Punjab Bank, Borivali(E)"}, "geometry": {"type": "Point", "coordinates": [72.85856, 19.23426]}}, {"type": "Feature", "properties": {"name": "Surlata Hospital", "type": "hospital", "address": "1st Fl., Shayog Society, L.J. Road, Next To City Light Cinema, Mahim"}, "geometry": {"type": "Point", "coordinates": [72.84165, 19.03072]}}, {"type": "Feature", "properties": {"name": "Saraswati Hospital, Mumbai", "type": "hospital", "address": "Divya Smurti, Opposite Toyata Showroom, Near Ichhapuri Hanuman Temple, Link Road, Malad(W)"}, "geometry": {"type": "Point", "coordinates": [72.83687, 19.18094]}}, {"type": "Feature", "properties": {"name": "Khm Medical Centre Shree Kandivli Hitwardhak Mandal Kandivali", "type": "hospital", "address": "Shri Mangubhai Dattani Bhavan, S V Road, S M Road Kandivali(W)"}, "geometry": {"type": "Point", "coordinates": [72.84855, 19.20064]}}, {"type": "Feature", "properties": {"name": "Doshi Maternity Nursing Home", "type": "clinic", "address": "Manek Nagar Bldg.,B-3,First Floor,Punjabi Lane,Chandavarkar Road,Borivli(W)"}, "geometry": {"type": "Point", "coordinates": [72.85288, 19.23005]}}, {"type": "Feature", "properties": {"name": "Sainath Polyclinic", "type": "clinic", "address": "Viral Apt, A4, Opp Shopper`S Stop,S V Road, Andheri West"}, "geometry": {"type": "Point", "coordinates": [72.84342, 19.11469]}}, {"type": "Feature", "properties": {"name": "Dr. Kamat's Hospital", "type": "hospital", "address": "B3/4, Satellite Classic Caves Road, Near Jogeshwari Railway Station, Jogeshwari (East)"}, "geometry": {"type": "Point", "coordinates": [72.85035, 19.13614]}}, {"type": "Feature", "properties": {"name": "Mahatma Gandhi Seva Mandir", "type": "hospital", "address": "Opp,Lake.S.V Road,Bandra(West)"}, "geometry": {"type": "Point", "coordinates": [72.83686, 19.05593]}}, {"type": "Feature", "properties": {"name": "Purohit Hospital", "type": "hospital", "address": "Kahan Bhavan, Ground Floor, L.T. Road, Behind Diamond Cinema, Borivali West"}, "geometry": {"type": "Point", "coordinates": [72.85439, 19.22946]}}, {"type": "Feature", "properties": {"name": "Ameya Surgical and General Nursing Home", "type": "hospital", "address": "F/2, 3, Ajit Nagar, J.B.Nagar, Andheri East"}, "geometry": {"type": "Point", "coordinates": [72.86738, 19.10708]}}, {"type": "Feature", "properties": {"name": "Dr. Raut's Maternity and Surgical Nursing Home", "type": "hospital", "address": "Karlton Apts, Vakola Village Road, Vakola Santacruz (E)"}, "geometry": {"type": "Point", "coordinates": [72.8562, 19.08045]}}, {"type": "Feature", "properties": {"name": "Oma Hospital", "type": "hospital", "address": "Near Diamond Garden, Sion-Trombay Road, Near Fairlawn So., Chembur"}, "geometry": {"type": "Point", "coordinates": [72.90182, 19.05127]}}, {"type": "Feature", "properties": {"name": "Dr. Shetty's Nursing Home", "type": "clinic", "address": "Hill - N - Dale Building, Hill Road, Near Bandra Police Station, Bandra (West)"}, "geometry": {"type": "Point", "coordinates": [72.83631, 19.05544]}}, {"type": "Feature", "properties": {"name": "Dr Kulkarni Hospital", "type": "hospital", "address": "Kesar Plaza, Caves Road, Station Road, Jogeshwari (E)"}, "geometry": {"type": "Point", "coordinates": [72.85201, 19.13595]}}, {"type": "Feature", "properties": {"name": "Shree Krishna Hospital, Mumbai", "type": "hospital", "address": "Plot No-161, Shree Krishna Nagar, Shantivan, Near Post Office, Kajupada Road,Near National Park, Borivali"}, "geometry": {"type": "Point", "coordinates": [72.86644, 19.23527]}}, {"type": "Feature", "properties": {"name": "Kumta Eye and Retina Clinic and Laser Center", "type": "hospital", "address": "Kashi Kunj(Sahajanand), 1st Flr, Next To Malad Shopping Centre, 62, S.V.Road, Malad(W)"}, "geometry": {"type": "Point", "coordinates": [72.84713, 19.18527]}}, {"type": "Feature", "properties": {"name": "Krishna Eye Centre", "type": "hospital", "address": "# 102, Maryland Corner, Plot No.39, Next To Hp Petrol Pump,Sion(E)"}, "geometry": {"type": "Point", "coordinates": [72.86517, 19.04443]}}, {"type": "Feature", "properties": {"name": "Nadkarni Eye Care Centre", "type": "hospital", "address": "Neha Annexe, Khot Road, Bhandup (W)"}, "geometry": {"type": "Point", "coordinates": [72.93744, 19.15068]}}, {"type": "Feature", "properties": {"name": "Riddhi Eye Clinic", "type": "clinic", "address": "104,S.B.Apt.,Carter Road No.5,Rai Dongri,Behind Mk Bakery,Borivali(E)"}, "geometry": {"type": "Point", "coordinates": [72.86286, 19.22697]}}, {"type": "Feature", "properties": {"name": "Omkar Surgical and Maternity Home", "type": "hospital", "address": "1st Flr Sitamai Apartmets Hanuman Chowk L.T. Road, Mulund (East)"}, "geometry": {"type": "Point", "coordinates": [72.95928, 19.17]}}, {"type": "Feature", "properties": {"name": "Matushree Maternity, Surgical and General Nursing Home", "type": "hospital", "address": "1st Floor, Kesar Plaza, Charkop Market Above Noble Medical Store, Kandivali(W)"}, "geometry": {"type": "Point", "coordinates": [72.82663, 19.20786]}}, {"type": "Feature", "properties": {"name": "Sehgal Path Lab", "type": "hospital", "address": "003, Yashodhan Building II, JP Road, Four Bungalows, Andheri West"}, "geometry": {"type": "Point", "coordinates": [72.82518, 19.12915]}}, {"type": "Feature", "properties": {"name": "Rushabh Eye Hospital and Laser Centre", "type": "hospital", "address": "18th Road, Near Ambedkar Garden, Chembur"}, "geometry": {"type": "Point", "coordinates": [72.90008, 19.05944]}}, {"type": "Feature", "properties": {"name": "North Bombay Clinic Surgical and Maternity Home", "type": "clinic", "address": "185/B,Lady Jamshedji Road, Mahim"}, "geometry": {"type": "Point", "coordinates": [72.84212, 19.03032]}}, {"type": "Feature", "properties": {"name": "Madhu Polyclinic and Nursing Home", "type": "clinic", "address": "Mini Apartments, Opp Sarvodaya Nagar, Jungle Mangle Road, Bhandup(W)"}, "geometry": {"type": "Point", "coordinates": [72.93235, 19.1479]}}, {"type": "Feature", "properties": {"name": "Srushti Orthotech Hospital", "type": "hospital", "address": "111,R R Realty 1st Floor Junction Of L B S Road &, Tank Road Bhandup West, Above Axis Bank"}, "geometry": {"type": "Point", "coordinates": [72.93611, 19.14733]}}, {"type": "Feature", "properties": {"name": "Dr. Kamdars Nursing Home", "type": "clinic", "address": "101/102 & 201, Rizvi Nagar, , Jn. Of S.V.Road & Milan Subway, Santacruz (W)"}, "geometry": {"type": "Point", "coordinates": [72.83861, 19.08933]}}, {"type": "Feature", "properties": {"name": "Malhaar Maternity and Nursing Home", "type": "hospital", "address": "B-9/G-2 & 3, Ground Floor, Khira Nagar, S V Road, Santacruz West"}, "geometry": {"type": "Point", "coordinates": [72.83633, 19.08809]}}, {"type": "Feature", "properties": {"name": "Chiranjeevi Nursing Home", "type": "clinic", "address": "Bhawani Tower, Plot No 18A, 101/102 , Bhawani Nagar, Near Marol Eduction SOC, Andheri East"}, "geometry": {"type": "Point", "coordinates": [72.88092, 19.11919]}}, {"type": "Feature", "properties": {"name": "Medico Surgical Clinic and Hospital", "type": "hospital", "address": "B103-104, Lal Bahadur Chs, Opposite Sarvodaya Hospital, L B S Road Ghatkopar"}, "geometry": {"type": "Point", "coordinates": [72.90696, 19.0883]}}, {"type": "Feature", "properties": {"name": "Shaha Children Hospital", "type": "hospital", "address": "A 102/103, Wing Arunoday Tower,1st Floor,Kokan Nagar ,J.M.Road"}, "geometry": {"type": "Point", "coordinates": [72.92924, 19.14566]}}, {"type": "Feature", "properties": {"name": "Dr Shehnaz Shaikh Clinic", "type": "clinic", "address": "Kurla West"}, "geometry": {"type": "Point", "coordinates": [72.88466, 19.08251]}}, {"type": "Feature", "properties": {"name": "Dr Savlas Child Care Centre", "type": "hospital", "address": "103, Jai Ganesh Co-Op Soc, Plot No 206, Opp Sion Hosp-Sion East"}, "geometry": {"type": "Point", "coordinates": [72.85117, 19.03998]}}, {"type": "Feature", "properties": {"name": "Iyers Polyclinic", "type": "clinic", "address": "Sion(E)"}, "geometry": {"type": "Point", "coordinates": [72.86217, 19.03856]}}, {"type": "Feature", "properties": {"name": "Doctor Eye Hospital", "type": "hospital", "address": "Viral Apartments, I Floor, Shoppers Shop,S.V.Road, Andheri (W)"}, "geometry": {"type": "Point", "coordinates": [72.8432, 19.11481]}}, {"type": "Feature", "properties": {"name": "Shanmukhananda Aditya Jyot Eye Institute", "type": "hospital", "address": "4Th Floor, (Tower Block), Jasubhai R K Shah Medical Centre 292,Comrade Harbansial Marg, Sion East"}, "geometry": {"type": "Point", "coordinates": [72.86006, 19.0309]}}, {"type": "Feature", "properties": {"name": "Mediwavw Clinic", "type": "clinic", "address": "102-A Wing, Shiv Ashish Apt., 66, S. V. Road, Andheri (W)"}, "geometry": {"type": "Point", "coordinates": [72.84091, 19.11106]}}, {"type": "Feature", "properties": {"name": "Dr Eye Institute Pvt Ltd", "type": "hospital", "address": "Spenta Mansion, S.V.Road, Andheri(W)"}, "geometry": {"type": "Point", "coordinates": [72.83214, 19.13869]}}, {"type": "Feature", "properties": {"name": "Aus Clinic and Lithotripsy Center", "type": "clinic", "address": "204, Arun Chambers, Next To Ac Market, Tardeo"}, "geometry": {"type": "Point", "coordinates": [72.81396, 18.97317]}}, {"type": "Feature", "properties": {"name": "Ashwini Maternity and Surgical Hospital,Ghatkopar(E)", "type": "hospital", "address": "Ambika Darshan, M. G. Road, Ghatkopar (E), Ghatkopar (E)"}, "geometry": {"type": "Point", "coordinates": [72.90434, 19.08009]}}, {"type": "Feature", "properties": {"name": "Yogeshwar Surgical Clinic and Nursing Home - Mumbai", "type": "hospital", "address": "Mahaprabhu Krupa, 1st Floor, Room No.5, Near Alankar Cinema, Girgaum -Charni Road"}, "geometry": {"type": "Point", "coordinates": [72.82484, 18.95734]}}, {"type": "Feature", "properties": {"name": "Palshetkar Patil Nursing Home", "type": "clinic", "address": "534, Bombay Mutual Terrace, 4Th Floor, Opera House"}, "geometry": {"type": "Point", "coordinates": [72.81427, 18.9566]}}, {"type": "Feature", "properties": {"name": "G.M.Medical Centre - Khar", "type": "hospital", "address": "Naseeb Plot No.115,1st Floor, S.V.Road, Khar (West)"}, "geometry": {"type": "Point", "coordinates": [72.83702, 19.07045]}}, {"type": "Feature", "properties": {"name": "Mahek Nursing Home", "type": "clinic", "address": "Chetna Appartment, J. M. Road, Bhandup (W)"}, "geometry": {"type": "Point", "coordinates": [72.93263, 19.14937]}}, {"type": "Feature", "properties": {"name": "Tulip Womens Healthcare Centre - Khar (W)", "type": "hospital", "address": "Shyamkripa Bldg,Ground Floor 15Th Road, Khar (W)"}, "geometry": {"type": "Point", "coordinates": [72.83198, 19.06603]}}, {"type": "Feature", "properties": {"name": "Mother Care Maternity and Surgical Nursing Home - Mumbai", "type": "hospital", "address": "Gokul Apt. Kevanipada, Next To Farooq High School, S. V Road Jogeshwari (W)"}, "geometry": {"type": "Point", "coordinates": [72.84681, 19.13098]}}, {"type": "Feature", "properties": {"name": "Jain Nursing Home, Mumbai", "type": "clinic", "address": "B/1-2-3 Aditya Apts, Old Nagardas Road, Andheri (East)"}, "geometry": {"type": "Point", "coordinates": [72.85263, 19.12465]}}, {"type": "Feature", "properties": {"name": "Manish Nursing Home, Mumbai", "type": "clinic", "address": "Kashi Kunj Road, Malad (W)"}, "geometry": {"type": "Point", "coordinates": [72.84708, 19.18493]}}, {"type": "Feature", "properties": {"name": "Parekh Eye Hospital", "type": "hospital", "address": "1st Floor , Diamond Palace , 15 - A , Hill Road , Opposite Bandra , Police Station , Bandra (West )"}, "geometry": {"type": "Point", "coordinates": [72.83564, 19.05545]}}, {"type": "Feature", "properties": {"name": "Pushpa Maternity Home", "type": "hospital", "address": "33 Nebula 4Th Cross Road Lokhandwala Complex Andheri W"}, "geometry": {"type": "Point", "coordinates": [72.82307, 19.14535]}}, {"type": "Feature", "properties": {"name": "Kokan Hospital", "type": "hospital", "address": "Aareshwar Bldg., Opp Dhiraj Darshan, Kokan Nagar, Jogeshwari East"}, "geometry": {"type": "Point", "coordinates": [72.86542, 19.13398]}}, {"type": "Feature", "properties": {"name": "Ipc Heart Care", "type": "hospital", "address": "Mumbai"}, "geometry": {"type": "Point", "coordinates": [72.82434, 18.99255]}}, {"type": "Feature", "properties": {"name": "Anil Cancer Clinic", "type": "hospital", "address": "117-O, Hallmark, Vasant Oscar, Opp- Greenworld, Near Nirmal Life Style, Mulund"}, "geometry": {"type": "Point", "coordinates": [72.93881, 19.16818]}}, {"type": "Feature", "properties": {"name": "Jain Eye Clinic", "type": "hospital", "address": "301, Sapphire Arcade, Above Sejal Jewellery, M.G. Road, Near Rajawadi Signal, Ghatkopar(E)"}, "geometry": {"type": "Point", "coordinates": [72.90432, 19.07964]}}, {"type": "Feature", "properties": {"name": "Mandakini Nuclear Imaging Centre", "type": "hospital", "address": "48 Swastic Park Chembur"}, "geometry": {"type": "Point", "coordinates": [72.90572, 19.07411]}}, {"type": "Feature", "properties": {"name": "M.H. Saboo Siddique Maternity and General Hospital - Masjid", "type": "hospital", "emergency": "yes", "address": "Imamwada Road, Opposite Mughal Masjid"}, "geometry": {"type": "Point", "coordinates": [72.83312, 18.9596]}}, {"type": "Feature", "properties": {"name": "I Sight Eyecare and Surgery", "type": "hospital", "address": "Mumbai"}, "geometry": {"type": "Point", "coordinates": [72.83772, 19.07138]}}, {"type": "Feature", "properties": {"name": "Saarthi Hospital, Mumbai", "type": "hospital", "address": "Vakratunda Palace, Tank Road, Lodha Imperia, Bhandup (W)"}, "geometry": {"type": "Point", "coordinates": [72.93486, 19.1467]}}, {"type": "Feature", "properties": {"name": "Grace Maternity and Nursing Home - Kandivli (W)", "type": "hospital", "address": "Atlanta, 1277/C, M. G. Road, Kandivali (W)"}, "geometry": {"type": "Point", "coordinates": [72.83845, 19.20648]}}, {"type": "Feature", "properties": {"name": "Akshar Eye Clinic", "type": "clinic", "address": "Akshar Kunj, Khajuria Tank Road, OppositeMilap Cinema,Kandivali( W)"}, "geometry": {"type": "Point", "coordinates": [72.84542, 19.19354]}}, {"type": "Feature", "properties": {"name": "Platinum Hospitals", "type": "hospital", "address": "The Color Scape Shopping Mall, G-103, D D Upadhayay Marg, Near Mulund Check Naka, Mulund West"}, "geometry": {"type": "Point", "coordinates": [72.95416, 19.18285]}}, {"type": "Feature", "properties": {"name": "Shree Samarth Nursing Home", "type": "clinic", "address": "128, Hindu Colony, 5Th Lane, Dadar(East)"}, "geometry": {"type": "Point", "coordinates": [72.84742, 19.02122]}}, {"type": "Feature", "properties": {"name": "Kulkarni Nursing Home and Polyclinic", "type": "clinic", "address": "Link Garden,Parasram Punia,Tower-2 Via Link Road,Andheri(West)"}, "geometry": {"type": "Point", "coordinates": [72.82839, 19.1483]}}, {"type": "Feature", "properties": {"name": "Priya Maternity Home", "type": "hospital", "address": "2/252/3369, Tagore Nagar, Vikhroli"}, "geometry": {"type": "Point", "coordinates": [72.93062, 19.11616]}}, {"type": "Feature", "properties": {"name": "CGHS Dispensary No.6, Ghatkopar", "type": "clinic", "address": "Flat No.25, C.G.S.Colony, Ghatkopar"}, "geometry": {"type": "Point", "coordinates": [72.90995, 19.09035]}}, {"type": "Feature", "properties": {"name": "Sai Sparsh Maternity and Nursing Home", "type": "hospital", "emergency": "yes", "address": "1st Floor,Trupti Building,Near Sai Temple,Sai Baba Nagar,Borivali(W)"}, "geometry": {"type": "Point", "coordinates": [72.84789, 19.2176]}}, {"type": "Feature", "properties": {"name": "Smt. Laxmiben Dharamsi Karsan Gala Eye Hospital", "type": "hospital", "address": "261 Sumat Bhavan, Malvia Road, Above Jain Sthanak, Vile Parle East"}, "geometry": {"type": "Point", "coordinates": [72.84934, 19.09953]}}, {"type": "Feature", "properties": {"name": "Aditi Hospital, Mumbai", "type": "hospital", "address": "Param Ratan,1st Floor,OppositeNew Post Office,Jakaria Road,Malad(W)"}, "geometry": {"type": "Point", "coordinates": [72.84609, 19.18649]}}, {"type": "Feature", "properties": {"name": "Sunita Hospital, Mumbai", "type": "hospital", "address": "A-Nirman Vihar, Rajmata Jijabai Road, Near Pump House, Andheri (E)"}, "geometry": {"type": "Point", "coordinates": [72.86012, 19.12922]}}, {"type": "Feature", "properties": {"name": "Dr Haresh Shah Prabhat Maternity and Surgical Nursing Home", "type": "hospital", "address": "Above Prabhat Bazar, 26, Kapad Bazar, Mahim"}, "geometry": {"type": "Point", "coordinates": [72.83975, 19.03739]}}, {"type": "Feature", "properties": {"name": "Doshi Nursing Home", "type": "hospital", "address": "Amrut Kunj Anjaria Wadi , Near Rly Stn M G Road Ghatkopar East"}, "geometry": {"type": "Point", "coordinates": [72.90472, 19.08317]}}, {"type": "Feature", "properties": {"name": "Rathod Nursing Home and Iccu", "type": "clinic", "address": "Shiv Sagar Complex, Plot No. B, 'A' Wing Off. T.P. Road, Bhandup (W)"}, "geometry": {"type": "Point", "coordinates": [72.92828, 19.14773]}}, {"type": "Feature", "properties": {"name": "Sanghavi Eye and Diabetes Care Center", "type": "hospital", "address": "17-Baharbldg, No-3Shantinagar, Near canarabank, Svroad, Dahisar(E)"}, "geometry": {"type": "Point", "coordinates": [72.865, 19.24837]}}, {"type": "Feature", "properties": {"name": "Arihant Eye Care Centre, Borivali", "type": "hospital", "address": "B-104, Gomati Appartments,Above Mandpeshwar Hospital,Near Sudhir Phadke Flyover,S.V.P. Road, Borivali(W)"}, "geometry": {"type": "Point", "coordinates": [72.85597, 19.23752]}}, {"type": "Feature", "properties": {"name": "Atul - Lok Hospital", "type": "hospital", "address": "139/2447, Group Vii, Tagore Nagar, Vikhroli (E)"}, "geometry": {"type": "Point", "coordinates": [72.93442, 19.11907]}}, {"type": "Feature", "properties": {"name": "Dr. Mathure's Surgical Clinic", "type": "clinic", "address": "Plot No.16 Next To Citylight Cinema, L J Road , Mahim"}, "geometry": {"type": "Point", "coordinates": [72.84175, 19.03076]}}, {"type": "Feature", "properties": {"name": "Unique Hospital and Polyclinic", "type": "clinic", "address": "Jamuna Apartments, Opposite ShOppositeErs Stop,S. V. Road"}, "geometry": {"type": "Point", "coordinates": [72.84309, 19.11429]}}, {"type": "Feature", "properties": {"name": "Irla Nursing Home and Polyclinic", "type": "clinic", "address": "189, Majithia Appt. Icici Bank S.V. Road, Irla,Vile Parle (W)"}, "geometry": {"type": "Point", "coordinates": [72.84044, 19.10667]}}, {"type": "Feature", "properties": {"name": "Aayush Nursing Home", "type": "clinic", "address": "Hospital Address D1 4 5 6 Runwal Estate Behind R Mall G B Road Manpada Thane W"}, "geometry": {"type": "Point", "coordinates": [72.83318, 19.21376]}}, {"type": "Feature", "properties": {"name": "Zenith Hospital, Malad West", "type": "hospital", "address": "Parth Business Plaza, Mith Chowky, Malad West"}, "geometry": {"type": "Point", "coordinates": [72.83427, 19.19507]}}, {"type": "Feature", "properties": {"name": "Lions Club Of East Bombay", "type": "hospital", "address": "Matunga"}, "geometry": {"type": "Point", "coordinates": [72.85358, 19.02542]}}, {"type": "Feature", "properties": {"name": "Nupur Nursing Home - Kandivli", "type": "clinic", "address": "3/4/5 A, Mangalam Apts, Thakur Complex, Kandivali (E)"}, "geometry": {"type": "Point", "coordinates": [72.86214, 19.20805]}}, {"type": "Feature", "properties": {"name": "Navkar Child Care Centre and Nursing Home", "type": "hospital", "address": "Shops No 7 8 9 Link Road Malad West"}, "geometry": {"type": "Point", "coordinates": [72.86829, 19.21823]}}, {"type": "Feature", "properties": {"name": "Dr Sule's Vaibhav Polyclinic and Siddharth Nursing Home", "type": "clinic", "address": "Chandrodaya Building, Jivdaya Lane, L.B.S. Road, Between Ghatkopar Telephone Exchange & Sarvodaya Hospital, Ghatkopar West"}, "geometry": {"type": "Point", "coordinates": [72.90533, 19.08818]}}, {"type": "Feature", "properties": {"name": "Rachana Maternity Paediatric and Surgical Nursing Home", "type": "clinic", "address": "A-3/4, Monarch Palace, Next To Saidev Hotel, J B Nagar, Andheri East"}, "geometry": {"type": "Point", "coordinates": [72.86415, 19.10814]}}, {"type": "Feature", "properties": {"name": "Saraswati Hospital(Kandivali)", "type": "hospital", "address": "Sushila Sadan, Near Charkop Bus Depot & Mtnl, Kandivali(W)"}, "geometry": {"type": "Point", "coordinates": [72.82939, 19.22031]}}, {"type": "Feature", "properties": {"name": "Dr Mehta Nursing Home", "type": "clinic", "address": "198/1, Garodia Palace, Garodia Nagar, 90 Feet Road, Ghatkopar (E)"}, "geometry": {"type": "Point", "coordinates": [72.90674, 19.07483]}}, {"type": "Feature", "properties": {"name": "Shruti Nursing Home", "type": "clinic", "address": "19-A, Pali Road, ! St Floor, Opp Hsbc Bank, Above 10The Health Spa, Bandra West"}, "geometry": {"type": "Point", "coordinates": [72.83006, 19.06046]}}, {"type": "Feature", "properties": {"name": "Worli Hospital For Women", "type": "hospital", "address": "Pupala Sadan"}, "geometry": {"type": "Point", "coordinates": [72.82259, 19.01281]}}, {"type": "Feature", "properties": {"name": "Dr Gupte Lying-In Surgical Hospital", "type": "hospital", "address": "No. 81, Swami Vivekanand Road, Above State Bank Of India, Khar West"}, "geometry": {"type": "Point", "coordinates": [72.83766, 19.07163]}}, {"type": "Feature", "properties": {"name": "Shruti Clinic", "type": "clinic", "address": "Shrinath Darshan, Near Golden Tobacco, S.V.Road, Vile Parle (W)"}, "geometry": {"type": "Point", "coordinates": [72.83931, 19.10332]}}, {"type": "Feature", "properties": {"name": "Dr.Apte Maternity and Nursing Home", "type": "hospital", "address": "Ronda Apartments,Shankar Lane & Tank Lane Junction"}, "geometry": {"type": "Point", "coordinates": [72.83884, 19.19765]}}, {"type": "Feature", "properties": {"name": "Shakuntala Memorial Surgical Childerns and General Hospital", "type": "hospital", "address": "182 Shere Punjab Colony Mahakali Caves Road Andheri (East)"}, "geometry": {"type": "Point", "coordinates": [72.86258, 19.12778]}}, {"type": "Feature", "properties": {"name": "Nadkarni Clinic", "type": "clinic", "address": "13, Rameshwar, 1st Floor, Opposite Citylight Cinema, 206, K.J. Road, Mahim"}, "geometry": {"type": "Point", "coordinates": [72.84256, 19.03132]}}, {"type": "Feature", "properties": {"name": "Well Care Nursing Home", "type": "clinic", "address": "1 Khot Chawl Opp Sainath Chowk Near Afuwala Lane Takiya Ward Sarveshwar Mandir Road Kurla W"}, "geometry": {"type": "Point", "coordinates": [72.87786, 19.06688]}}, {"type": "Feature", "properties": {"name": "Bhargava Nursing Home", "type": "clinic", "address": "Gopal Bhuvan,Tagore Road, Santacruz (W)"}, "geometry": {"type": "Point", "coordinates": [72.83527, 19.07955]}}, {"type": "Feature", "properties": {"name": "Sai Sparsh Hospital and Iccu", "type": "hospital", "address": "2nd Floor,Jamil Nagar,J.M.Road,Near Maratha Mitra Mandal"}, "geometry": {"type": "Point", "coordinates": [72.92533, 19.14329]}}, {"type": "Feature", "properties": {"name": "K B Haji Bachooali Charitable Ophthalmic and E N T H", "type": "hospital", "address": "58-60 Jehangir Merwanji Street Parel"}, "geometry": {"type": "Point", "coordinates": [72.84023, 19.00308]}}, {"type": "Feature", "properties": {"name": "Nanda Nursing Home", "type": "clinic", "address": "103,104,Lobo Mansion, OppositeDigamber Jain Temple, S.V.P.Road, Borivali"}, "geometry": {"type": "Point", "coordinates": [72.85511, 19.23254]}}, {"type": "Feature", "properties": {"name": "Palkar Hospital", "type": "clinic", "address": "No. 121, Goyal Shopping Arcade OppositeStation, Borivli West"}, "geometry": {"type": "Point", "coordinates": [72.84414, 19.23528]}}, {"type": "Feature", "properties": {"name": "Fracture Care Hospital and Diagnostic Centre", "type": "hospital", "address": "Ratan Apartment S V Road Opp Shimpoli Roadbetween Flyover Bridge And Dattapada Phatak Borivili"}, "geometry": {"type": "Point", "coordinates": [72.85341, 19.22294]}}, {"type": "Feature", "properties": {"name": "Kiddie Ville Clinic", "type": "clinic", "address": "Ground Floor Surya Bldg Opp Holy Family Hospital 79 Hill Road Bandra"}, "geometry": {"type": "Point", "coordinates": [72.82746, 19.05449]}}, {"type": "Feature", "properties": {"name": "Indu Clinic", "type": "clinic", "address": "58 Royal Terrace Wode House Road Colaba"}, "geometry": {"type": "Point", "coordinates": [72.82432, 18.91579]}}, {"type": "Feature", "properties": {"name": "Dr Chauhans Sanjeevani Hospital", "type": "hospital", "emergency": "yes", "address": "No:4, Pestom Sugar Road Opp: Pestom Pollice Station"}, "geometry": {"type": "Point", "coordinates": [72.90477, 19.06996]}}, {"type": "Feature", "properties": {"name": "Dr. Joshi Surgical and Maternity Hospital", "type": "hospital", "address": "Andheri"}, "geometry": {"type": "Point", "coordinates": [72.84256, 19.1126]}}, {"type": "Feature", "properties": {"name": "Krishna Nursing Home, Mumbai", "type": "clinic", "address": "Neha Apts, L.B.S Marg, Bhandup (W)"}, "geometry": {"type": "Point", "coordinates": [72.93735, 19.15065]}}, {"type": "Feature", "properties": {"name": "Ami Drashti Eye Care Centre", "type": "hospital", "address": "27-D, Navnit Nagar, Gandhi Mkt. Bldg, M.G.Road, Ghatkopar (E)"}, "geometry": {"type": "Point", "coordinates": [72.90391, 19.08067]}}, {"type": "Feature", "properties": {"name": "Nirmal Nursing Home, Mumbai", "type": "clinic", "address": "Gokul 1st Floor Near Senapati Bapat Statue 93 Ranade Road Dadar"}, "geometry": {"type": "Point", "coordinates": [72.83692, 19.02505]}}, {"type": "Feature", "properties": {"name": "Raj Nursing Home, Mumbai", "type": "clinic", "address": "Riddhi Apartment Road No-1, Puspha Park, Off Daftary Road Malad-M,"}, "geometry": {"type": "Point", "coordinates": [72.85539, 19.18923]}}, {"type": "Feature", "properties": {"name": "Bosco Nursing Home and Ent Research Centre", "type": "clinic", "address": "Continental Bldg, Opp, Glaxo"}, "geometry": {"type": "Point", "coordinates": [72.81848, 19.0061]}}, {"type": "Feature", "properties": {"name": "Parel Institute Of Orthopaedic Specialities", "type": "hospital", "address": "96/97, Jerbai Wadia Road, Near Tata Hospital, Opp Vicco House, Bhoiwada, Parel"}, "geometry": {"type": "Point", "coordinates": [72.84495, 19.00563]}}, {"type": "Feature", "properties": {"name": "Narurkar Ent Hospital", "type": "hospital", "address": "Shop No.7, Waman Appartments, Behind Maitri Park St.Bus Stand, Ghatla Road, Chembur"}, "geometry": {"type": "Point", "coordinates": [72.90634, 19.04944]}}, {"type": "Feature", "properties": {"name": "Dr Worlikar's Shree Surgical and General Nursing Home", "type": "clinic", "address": "Anuj Apt., 1st Flogr, Parabhat Nagar, S.V.Road, Dahisar(E)"}, "geometry": {"type": "Point", "coordinates": [72.85993, 19.24375]}}, {"type": "Feature", "properties": {"name": "Elite Hospital - Mumbai - Borivali (W)", "type": "hospital", "address": "Adinath Tower, D Wing, Nancy Colony"}, "geometry": {"type": "Point", "coordinates": [72.86459, 19.23943]}}, {"type": "Feature", "properties": {"name": "Voras Nursing Home", "type": "clinic", "address": "Paresh, 4-A Bhulabhai Desai Road"}, "geometry": {"type": "Point", "coordinates": [72.81006, 18.97778]}}, {"type": "Feature", "properties": {"name": "Sushama Patkar Maternity ( and Surgical) Home - Bandra", "type": "hospital", "address": "13, Hill Road, Bandra (W)"}, "geometry": {"type": "Point", "coordinates": [72.82462, 19.05361]}}, {"type": "Feature", "properties": {"name": "Mandapeshwar Hospital and Clinics", "type": "hospital", "address": "Gomti Apts, Near Punjab Nationl Bank, Mandpeshwar Oad, Borivali West"}, "geometry": {"type": "Point", "coordinates": [72.85612, 19.23749]}}, {"type": "Feature", "properties": {"name": "Shivaani Mother and Child Care Hospital", "type": "hospital", "address": "1st Flr, B Wing Hallmark Commercial Complex Vasant Oscar Layout Near Duncan Co, Mulud"}, "geometry": {"type": "Point", "coordinates": [72.93903, 19.1684]}}, {"type": "Feature", "properties": {"name": "Purnima Hospital", "type": "hospital", "address": "Road No- 8, Daulat Nagar ,Borivali(E)"}, "geometry": {"type": "Point", "coordinates": [72.86077, 19.23666]}}, {"type": "Feature", "properties": {"name": "Tejas Eye Clinic", "type": "clinic", "address": "Bldg.No.56, Gandhi Nagar, Bandra East"}, "geometry": {"type": "Point", "coordinates": [72.84758, 19.05903]}}, {"type": "Feature", "properties": {"name": "Diamond Maternity and General Hospital", "type": "hospital", "address": "D-301, New Ushanagar Co Op Hos Society, Village Road, Bhandup (W)"}, "geometry": {"type": "Point", "coordinates": [72.94237, 19.14969]}}, {"type": "Feature", "properties": {"name": "Vinayak Maternity and General Hospital", "type": "hospital", "address": "A-1, Vikas Park, Linking Road, Opposite Uncle's Kitchen, Malad(W)"}, "geometry": {"type": "Point", "coordinates": [72.8332, 19.19469]}}, {"type": "Feature", "properties": {"name": "Amar Nursing Home", "type": "clinic", "address": "Amar Apt. Opposite Telephone Exchange, S.V.Road, Kandiveli(West)"}, "geometry": {"type": "Point", "coordinates": [72.85226, 19.21168]}}, {"type": "Feature", "properties": {"name": "Parulekar Maternity and Surgical Nursing Home - Mumbai", "type": "hospital", "address": "Plot No-13 , Gr. Floor, & 1st Floor, Ushahkal Hindu Friends Society Road, Jogeshwari(E)"}, "geometry": {"type": "Point", "coordinates": [72.84967, 19.13228]}}, {"type": "Feature", "properties": {"name": "Dr. Trivedi's Maternity Nursing Home & Aakar IVF Test Tube Baby Centre", "type": "hospital", "address": "1 , 2 , 3 Gautam Building , Opposite Balaji Temple , Tilak Road , Ghatkopar ( East )"}, "geometry": {"type": "Point", "coordinates": [72.90586, 19.07827]}}, {"type": "Feature", "properties": {"name": "Bathia Hospital and Eye Clinic", "type": "clinic", "address": "Krishna Kunj, Maharashtra Nagar, Off Chandavarkar Road, , Opp Indian Overseas Bank, Borivali West"}, "geometry": {"type": "Point", "coordinates": [72.85166, 19.23044]}}, {"type": "Feature", "properties": {"name": "Apex Hospital", "type": "hospital", "address": "A-Wing, Vaishali Heights,Near Standard Chartered Bank,Chandavarkar Road,Borivali(W)"}, "geometry": {"type": "Point", "coordinates": [72.84964, 19.23178]}}, {"type": "Feature", "properties": {"name": "Ashtavinayak Maternity Surgical and Eye Hospital", "type": "hospital", "address": "104, Ramgiri Heights, Mtnl Marg, Dadari (W)"}, "geometry": {"type": "Point", "coordinates": [72.83396, 19.02027]}}, {"type": "Feature", "properties": {"name": "E N T Clinic and Deafness Center", "type": "clinic", "address": "No. 16, Nityanand Nagar-Ii, Opp Bank Of Maharashtra, Near Flyover Bridge, Stationsahar Road) Andheri E)"}, "geometry": {"type": "Point", "coordinates": [72.84737, 19.11651]}}, {"type": "Feature", "properties": {"name": "Bombay City Eye Institute and Research Centre", "type": "hospital", "address": "Apex centre, 5 Babulnath Road, OppositeBabulnath Temple, Grant Road"}, "geometry": {"type": "Point", "coordinates": [72.80953, 18.95804]}}, {"type": "Feature", "properties": {"name": "Shraddha Hospital, Mumbai", "type": "hospital", "address": "A1, A2, A3, Ranjan Ritika S V Road Next To Dahisar Polic Station Dahisar (E)"}, "geometry": {"type": "Point", "coordinates": [72.8641, 19.25345]}}, {"type": "Feature", "properties": {"name": "Asmi Arthroscopy and Sports Medicine Institute", "type": "hospital", "address": "Savitri Sadan, 168-A, Dr. Ambedkar Road"}, "geometry": {"type": "Point", "coordinates": [72.84859, 19.00513]}}, {"type": "Feature", "properties": {"name": "Rajvi Clinic", "type": "clinic", "address": "139 Unity Frd Floor Road No 5 Shivaji Park"}, "geometry": {"type": "Point", "coordinates": [72.84201, 19.02836]}}, {"type": "Feature", "properties": {"name": "Arya Womens Health Care Centre Surgical and Maternity Home", "type": "hospital", "address": "First Floor, Om Shivechha Chs Ltd Jun Of Link Road And M G Road Dahanukarwadi Kandivali West"}, "geometry": {"type": "Point", "coordinates": [72.83521, 19.207]}}, {"type": "Feature", "properties": {"name": "L.C.Maneks Polyclinic and Nursing Home", "type": "clinic", "address": "Parvati Palace, Shivpuri Compound, Near Akbarally, Chembur, Opposite Alllahabad Bank"}, "geometry": {"type": "Point", "coordinates": [72.8918, 19.05499]}}, {"type": "Feature", "properties": {"name": "Beramjis Hospital", "type": "hospital", "address": "266 , Patel Bldg Opposite Central Cinema Girgaum"}, "geometry": {"type": "Point", "coordinates": [72.81827, 18.95471]}}, {"type": "Feature", "properties": {"name": "Dr Sonagra Medical and Surgical Centre", "type": "hospital", "address": "Shiva Plaza, Lbs Road, Opp Ghatkopar Tel Exchange, Ghatkopar (W)"}, "geometry": {"type": "Point", "coordinates": [72.90453, 19.08757]}}, {"type": "Feature", "properties": {"name": "Ishita Nursing Home", "type": "clinic", "address": "B-103/104, Hetal Arch, Opposite Natraj Market,Off. S. V. Road, Malad (W)"}, "geometry": {"type": "Point", "coordinates": [72.84566, 19.18807]}}, {"type": "Feature", "properties": {"name": "G S B S Medical Trust", "type": "hospital", "address": "Shilpa Apartment Dasturwadi Dadar E Mumbai"}, "geometry": {"type": "Point", "coordinates": [72.84519, 19.01561]}}, {"type": "Feature", "properties": {"name": "Ahura Nursing Home", "type": "clinic", "address": "Behind State Bank Of Indore, Marve Road, , Malad (West)"}, "geometry": {"type": "Point", "coordinates": [72.84283, 19.1912]}}, {"type": "Feature", "properties": {"name": "Gupte Maternity and Surgical Home", "type": "hospital", "address": "Rajdeep, 143, Lt. Dilip Gupte Road, Mahim"}, "geometry": {"type": "Point", "coordinates": [72.84017, 19.03468]}}, {"type": "Feature", "properties": {"name": "Ameya Orthopaedic Centre", "type": "hospital", "address": "B-101, Kaustubh Park,Beside Bhagwati Hospital, S.V.P. Road, Borivali West"}, "geometry": {"type": "Point", "coordinates": [72.85474, 19.24071]}}, {"type": "Feature", "properties": {"name": "Netra Jyoti Eye Care Center", "type": "clinic", "address": "205. 2nd Floor, Kesar Kripa Co-Operative Housing Society, Chandavarkar Road, Above Saraswat Bank, Diagonally Opposite Raj Mahal Hotel, Borivali West"}, "geometry": {"type": "Point", "coordinates": [72.85433, 19.23074]}}, {"type": "Feature", "properties": {"name": "Jeevan ram Hospital", "type": "hospital", "address": "Opposite Ghatkopar Railway Station, Ghatkopar West"}, "geometry": {"type": "Point", "coordinates": [72.90675, 19.08537]}}, {"type": "Feature", "properties": {"name": "Vivek Pathology Laboratory", "type": "hospital", "address": "Silver Apartment 29, Mahant Road, Vile Parle East"}, "geometry": {"type": "Point", "coordinates": [72.84868, 19.10225]}}, {"type": "Feature", "properties": {"name": "Clear Vision Eye Center", "type": "hospital", "address": "1A, Ashoka Road , 15 S.V. Road, Santacruz(W)"}, "geometry": {"type": "Point", "coordinates": [72.90521, 19.08806]}}, {"type": "Feature", "properties": {"name": "Jay Polyclinic Maternity Surgical Nursing Home and Eye Hospital", "type": "hospital", "address": "Shree Dutt Apartment, Amarshi Road, Malad West"}, "geometry": {"type": "Point", "coordinates": [72.84507, 19.18493]}}, {"type": "Feature", "properties": {"name": "Shah Nursing Home", "type": "clinic", "address": "471/C, Manu Mahal, 1st Floor, Block No.4/5, Above Centurion Bank Of Punjab, Maheshwari Udyan, Matunga"}, "geometry": {"type": "Point", "coordinates": [72.85544, 19.02606]}}, {"type": "Feature", "properties": {"name": "Shakuntala Nursing Home", "type": "clinic", "address": "254/3383, Tagore Nagar, Ganesh Mandir Road, Vikhroli East"}, "geometry": {"type": "Point", "coordinates": [72.93047, 19.11633]}}, {"type": "Feature", "properties": {"name": "Saurabh Clinic Dr.Sanjanwalas Maternity and Gynacologist", "type": "hospital", "address": "101, Homai Mahal, M G Road, Vile Parle East"}, "geometry": {"type": "Point", "coordinates": [72.84892, 19.10962]}}, {"type": "Feature", "properties": {"name": "Neoplus Criticare Children Hospital", "type": "hospital", "address": "2nd Floor, Arunoday Shopping Centre, Next To Ajanta Theater, Market Lane, Borivali"}, "geometry": {"type": "Point", "coordinates": [72.84068, 19.22878]}}, {"type": "Feature", "properties": {"name": "Eye Essential Hospital", "type": "hospital", "address": "3, Milan, Ground Floor, 169-Garodia Nagar,90Ft Road, Opposite Lavender Baugh"}, "geometry": {"type": "Point", "coordinates": [72.90855, 19.07549]}}, {"type": "Feature", "properties": {"name": "Despande Nursing Home", "type": "hospital", "address": "Town Hall"}, "geometry": {"type": "Point", "coordinates": [72.87511, 19.07044]}}, {"type": "Feature", "properties": {"name": "Shanti Maternity Clinic", "type": "hospital", "address": "Bhandup"}, "geometry": {"type": "Point", "coordinates": [72.92846, 19.14766]}}, {"type": "Feature", "properties": {"name": "Gokul Maternity & Surgical Home", "type": "hospital", "address": "marol"}, "geometry": {"type": "Point", "coordinates": [72.87949, 19.12137]}}, {"type": "Feature", "properties": {"name": "Saifee Polyclinic and Diagnostic Centre", "type": "clinic", "address": "Ghiya Compound 2nd Hasnabad Lane Santacruz (West)"}, "geometry": {"type": "Point", "coordinates": [72.83973, 19.07869]}}, {"type": "Feature", "properties": {"name": "Eclat Polyclinic", "type": "clinic", "address": "Anil Villa,Vallabhabhai Road,Opp Nanavati Womens College,Vileparle West"}, "geometry": {"type": "Point", "coordinates": [72.8408, 19.09719]}}, {"type": "Feature", "properties": {"name": "Doctor M.I. Doongerwala", "type": "hospital", "address": "Bldg.No.15, Flat No.102,Mhada Complex,New Link Road,Near Oshiwara Police Station, Andheri (West)"}, "geometry": {"type": "Point", "coordinates": [72.82919, 19.14551]}}, {"type": "Feature", "properties": {"name": "Sai Kripa Childrens Hospital", "type": "hospital", "address": "Road No 1, Opp M Ward Muncipal Office,Chembur"}, "geometry": {"type": "Point", "coordinates": [72.89964, 19.06067]}}, {"type": "Feature", "properties": {"name": "Piyush Hospital", "type": "hospital", "address": "4/5/6-C Janakdeep, J.P.Road, 7 Bunglows, Andherw)"}, "geometry": {"type": "Point", "coordinates": [72.8543, 19.13529]}}, {"type": "Feature", "properties": {"name": "Narvekar Clinics", "type": "clinic", "address": "Goola Mansion, Jam-E-Jamshed Road, Near Five Gardens"}, "geometry": {"type": "Point", "coordinates": [72.81419, 18.95652]}}, {"type": "Feature", "properties": {"name": "Dwarkesh Nursing Home", "type": "clinic", "address": "Khajooria Tank Road Milap Theatre Kandivali"}, "geometry": {"type": "Point", "coordinates": [72.83838, 19.19844]}}, {"type": "Feature", "properties": {"name": "Linkway Nursing Home and Polyclinic", "type": "clinic", "address": "Link Road, Behram Baug, OppositeM.G.High School, Jogeshwari(W)"}, "geometry": {"type": "Point", "coordinates": [72.83691, 19.14325]}}, {"type": "Feature", "properties": {"name": "Indu Maternity and Surgical Nursing Home", "type": "hospital", "address": "183,Kalpana, Sher-E-Punjab Society, Mahakali Road,Andheri (E)"}, "geometry": {"type": "Point", "coordinates": [72.86241, 19.12786]}}, {"type": "Feature", "properties": {"name": "Spectrum Health Care", "type": "hospital", "address": "81-84 Lady R.T.Med.&Reserch Cntre"}, "geometry": {"type": "Point", "coordinates": [72.82757, 18.92314]}}, {"type": "Feature", "properties": {"name": "Shree Saraswati Nursing Home", "type": "clinic", "address": "2, Anand Sagar, Mogal Lane Matunga Bombay"}, "geometry": {"type": "Point", "coordinates": [72.84528, 19.0305]}}, {"type": "Feature", "properties": {"name": "Mangala Nursing Home", "type": "clinic", "address": "# 1, Symphony Appts., Azad Road, Gundavli, Andheri (East)"}, "geometry": {"type": "Point", "coordinates": [72.8532, 19.1205]}}, {"type": "Feature", "properties": {"name": "Dr Jayant Doshi", "type": "doctors", "address": "Jolly Centre, Tilak Road, Next To Bank Of Maharashtra first Floor, Santa Cruz(W)"}, "geometry": {"type": "Point", "coordinates": [72.83906, 19.08221]}}, {"type": "Feature", "properties": {"name": "Bses Mg Hospital (Managed By)Brahma Kumari Global Hospital and Res Center", "type": "hospital", "address": "S.V Road, Opp Railway Station, Andheri West"}, "geometry": {"type": "Point", "coordinates": [72.84502, 19.11933]}}, {"type": "Feature", "properties": {"name": "Ankur Maternity and Surgical Nursing Home", "type": "hospital", "address": "Shree Vijay Kunj, Cooperative Housing Society"}, "geometry": {"type": "Point", "coordinates": [72.93631, 19.13095]}}, {"type": "Feature", "properties": {"name": "Devangi Hospital", "type": "hospital", "address": "74, Raj Chambers, Manchhubhai Road, Off Daftary Road, Near Station, Malad (East)"}, "geometry": {"type": "Point", "coordinates": [72.84983, 19.1881]}}, {"type": "Feature", "properties": {"name": "Nagori Clinic and Nursing Home", "type": "hospital", "address": "245-A, Maulana Azad Road , Nagpada"}, "geometry": {"type": "Point", "coordinates": [72.8286, 18.96851]}}, {"type": "Feature", "properties": {"name": "Nandini Eye Care Centre", "type": "hospital", "address": "Bldg.No.3,Kher Nagar Kala Co-Op Hsg Soc., Ram Mandir Road, Bandra (E)"}, "geometry": {"type": "Point", "coordinates": [72.84569, 19.06054]}}, {"type": "Feature", "properties": {"name": "Cumbala Hill Hospital and Heart Institute", "type": "hospital", "address": "93/95, August Kranti Marg, August Kranti Maidan"}, "geometry": {"type": "Point", "coordinates": [72.80878, 18.9635]}}, {"type": "Feature", "properties": {"name": "Eva Medicare Center - andheri", "type": "hospital", "address": "Docors Comer, Sitladevi C.H.S.,D.N.Nagar, New Link Road, Andheri (W)"}, "geometry": {"type": "Point", "coordinates": [72.83137, 19.1274]}}, {"type": "Feature", "properties": {"name": "Spectacles and Contact Lens Clinic", "type": "hospital", "address": "B-1 Greenland Apt J.B Ngr Andheri(E)"}, "geometry": {"type": "Point", "coordinates": [72.8672, 19.11132]}}, {"type": "Feature", "properties": {"name": "Sai Raj Hospital", "type": "hospital", "address": "Queystreet, OppositeSaibabamandir, Reayroad(E)"}, "geometry": {"type": "Point", "coordinates": [72.8486, 18.97723]}}, {"type": "Feature", "properties": {"name": "Sai Baba Hospital, Mumbai", "type": "hospital", "address": "Sita Estate, Near Ashish Cinema, Aziz Baug, Mahul Road, Chembur"}, "geometry": {"type": "Point", "coordinates": [72.89609, 19.03535]}}, {"type": "Feature", "properties": {"name": "Dr. Bhanushalis Nursing Home", "type": "clinic", "address": "Avantika Apt., New Maneklal Estate, Ghatkopar (W)"}, "geometry": {"type": "Point", "coordinates": [72.90227, 19.0888]}}, {"type": "Feature", "properties": {"name": "Shivam Eye Care Centre", "type": "hospital", "address": "204, B Wing, 2nd Floor, Shivam Apartment, Above Bank Of India, Opposite S.T. Depot, Mahatma Gandhi Road, Borivali East"}, "geometry": {"type": "Point", "coordinates": [72.86103, 19.23127]}}, {"type": "Feature", "properties": {"name": "Vrindavan Nursing Home", "type": "clinic", "address": "6 Raj Kiran, Near Swimming Pool , M.G.Road, Kandivli West"}, "geometry": {"type": "Point", "coordinates": [72.84597, 19.20478]}}, {"type": "Feature", "properties": {"name": "Powai Polyclinic and Hospital", "type": "clinic", "address": "19/A, Opposite Iit Main Gate, Powai"}, "geometry": {"type": "Point", "coordinates": [72.89769, 19.12139]}}, {"type": "Feature", "properties": {"name": "Bakul Parekh Children Hospital", "type": "hospital", "address": "Jayant Arcade,4Th Floor, Rajawadi,M.G.Road,Ghatkopar(E)"}, "geometry": {"type": "Point", "coordinates": [72.90385, 19.07914]}}, {"type": "Feature", "properties": {"name": "Shreedhar Hospital", "type": "hospital", "address": "Anil Apartment Ist Floor College Street Behind Prabhadevi Teleophone Exchange Agar Bazar Dadar"}, "geometry": {"type": "Point", "coordinates": [72.83373, 19.01961]}}, {"type": "Feature", "properties": {"name": "Elite Maternity Home and Polyclinic", "type": "hospital", "address": "33,Dattani Chembers,S.V.Road,OppositeBank Of Baroda,Near New Era Cinema,Malad(W)"}, "geometry": {"type": "Point", "coordinates": [72.84703, 19.1847]}}, {"type": "Feature", "properties": {"name": "Life Line Hospital and Diagnostics Pvt Ltd", "type": "hospital", "address": "C-Wing 1st Floor Rizvi Park,At Milan Subway Signal S V Road Santacruz(W)"}, "geometry": {"type": "Point", "coordinates": [72.838, 19.08954]}}, {"type": "Feature", "properties": {"name": "Sadhu-Kamal Eye Hospital", "type": "hospital", "address": "Bldg. No.2, 1st Floor, R.No. 4, 5 & 10, Navjivan Society, Lamington Road"}, "geometry": {"type": "Point", "coordinates": [72.81957, 18.96618]}}, {"type": "Feature", "properties": {"name": "Dr. Amins Clinic", "type": "clinic", "address": "901-902,Tulsani Chambers,9Th Floor,212 Free Press Journal Marg"}, "geometry": {"type": "Point", "coordinates": [72.82421, 18.9241]}}, {"type": "Feature", "properties": {"name": "Daycare Angels", "type": "hospital", "address": "Sushrut Hospital. 365, Swastik Park Chembur"}, "geometry": {"type": "Point", "coordinates": [72.88953, 19.05653]}}, {"type": "Feature", "properties": {"name": "Shivam Netram Eye Hospital", "type": "hospital", "address": "Hafizi House, S.V. Road, Oshiwara Jogeshwari(W)"}, "geometry": {"type": "Point", "coordinates": [72.84306, 19.14392]}}, {"type": "Feature", "properties": {"name": "Nityanand Iccu and Nursing Home", "type": "hospital", "address": "A - 103, 104, Saurabh Apartment, Shahaji Raje Marg Next To Bhuta High School"}, "geometry": {"type": "Point", "coordinates": [72.84842, 19.10746]}}, {"type": "Feature", "properties": {"name": "Khandwala Eye Hospital and Polyclinic", "type": "hospital", "address": "D-31, Navmangal Chs, 1st Floor,Above Venilal Saree Shop, S. V. Road"}, "geometry": {"type": "Point", "coordinates": [72.83922, 19.10313]}}, {"type": "Feature", "properties": {"name": "Rahul Eye Clinic", "type": "clinic", "address": "S-1 Unit/Shop No.9, Sunder Nagar, S.V.Road,Malad - W"}, "geometry": {"type": "Point", "coordinates": [72.84226, 19.17708]}}, {"type": "Feature", "properties": {"name": "Dhanwantari Nursing Home and Diagnostic Centre", "type": "clinic", "address": "1st Flr, United Enclave 60Ft Road, Dharavi"}, "geometry": {"type": "Point", "coordinates": [72.85276, 19.03897]}}, {"type": "Feature", "properties": {"name": "Parvatibai Chavan Charitable Trust", "type": "hospital", "address": "Yashwant Hosp.Bldg., Datta Mandir Road, Off.M.G.Road, Dahanukar Wadi, Kandivli (West)"}, "geometry": {"type": "Point", "coordinates": [72.83654, 19.20799]}}, {"type": "Feature", "properties": {"name": "Royal Health Care Pvt Ltd", "type": "hospital", "address": "22-23, Gr Floor, Diamond Plaza, Laxminarayan Shopping Centre, Opp Railway Station, Malad"}, "geometry": {"type": "Point", "coordinates": [72.85038, 19.1871]}}, {"type": "Feature", "properties": {"name": "Life Care Iccu , Medical and Surgical Emergencies", "type": "hospital", "address": "2nd Floor , Shri Mumbadevi Homeopathic Hospital , Natakkar Ram , Ganesh Gadkari Road , Irla , Vile Parle ( West )"}, "geometry": {"type": "Point", "coordinates": [72.83767, 19.10955]}}, {"type": "Feature", "properties": {"name": "Dr Mukul Dabholkar", "type": "doctors", "address": "1st Floor, Hill View, Mount View Co Operative Housing Society, Opposite Mehboob Studio, Patel Stores, Hill Raod, Bandra West"}, "geometry": {"type": "Point", "coordinates": [72.82394, 19.05239]}}, {"type": "Feature", "properties": {"name": "Satyam Hospital", "type": "hospital", "address": "Bhaveshwar Plaza, C Wing, 2nd Floor, Lal Bahadur Shastri Road, Ghatkoper West"}, "geometry": {"type": "Point", "coordinates": [72.91243, 19.0925]}}, {"type": "Feature", "properties": {"name": "National Hospital", "type": "hospital", "address": "Matru Ashish Building, 1st Floor, Next To Madhav Hall, Opposite Station Bus Depot, Mahatma Gandhi Road, Borivali East"}, "geometry": {"type": "Point", "coordinates": [72.86153, 19.23117]}}, {"type": "Feature", "properties": {"name": "Navjivan Global Heart Centre", "type": "hospital", "address": "17/120, Swagat Cooperative Housing Society Limited, Mhada Colony, F.C.I Road, Near Railway Flyover, Rajendra Nagar, Borivali East"}, "geometry": {"type": "Point", "coordinates": [72.85841, 19.2205]}}, {"type": "Feature", "properties": {"name": "CGHS Dispensary No.1, C.G.O.", "type": "clinic", "address": "CGO Building, Maharshi Karve Road"}, "geometry": {"type": "Point", "coordinates": [72.82812, 18.93538]}}, {"type": "Feature", "properties": {"name": "Hi-Tech Urology Centre", "type": "clinic", "address": "Ground Floor, Sushobhan, Opposite MCGM Market, Sarojini Naidu Road, Behind Bhurabhai Hall, Kandiwali West"}, "geometry": {"type": "Point", "coordinates": [72.84424, 19.20035]}}, {"type": "Feature", "properties": {"name": "Kedar Nursing Home", "type": "clinic", "address": "B 101, Gokul Monarch, Thakur Complex, Kandivali East"}, "geometry": {"type": "Point", "coordinates": [72.86559, 19.20739]}}, {"type": "Feature", "properties": {"name": "Zain Eye Care", "type": "hospital", "address": "3-D, Kakad House, 11, 3rd Floor, Opposite Liberty Cinema, Vithaldas Thackersey Marg, New Marine Lines"}, "geometry": {"type": "Point", "coordinates": [72.82784, 18.9415]}}, {"type": "Feature", "properties": {"name": "Dr. Gandhi's Nusing Home", "type": "clinic", "address": "Mangal Murti Cooperative Housing Society, Off. S.K. Bole Road, Near Raheja Princess, Agar Bazar, Dadar West"}, "geometry": {"type": "Point", "coordinates": [72.83322, 19.01783]}}, {"type": "Feature", "properties": {"name": "Shah Eye Clinic and Microsurgery Centre", "type": "clinic", "address": "103/4/5/6, Parimal Building, Daffary Road, Opposite Raja Medical Centre , Malad ( E)"}, "geometry": {"type": "Point", "coordinates": [72.85167, 19.18824]}}, {"type": "Feature", "properties": {"name": "Sarla Hospital and Icu", "type": "hospital", "address": "5-D, Dattaray Road, Santacruz (West)"}, "geometry": {"type": "Point", "coordinates": [72.83672, 19.08573]}}, {"type": "Feature", "properties": {"name": "Anmmol Orthovision", "type": "hospital", "address": "101 / 102, Manisha Heights,Balrajeshwar Road"}, "geometry": {"type": "Point", "coordinates": [72.94703, 19.18641]}}, {"type": "Feature", "properties": {"name": "Hinduja Healthcare", "type": "hospital", "address": "724, 11Th Road , Khar West-Bhandara"}, "geometry": {"type": "Point", "coordinates": [72.83535, 19.06791]}}, {"type": "Feature", "properties": {"name": "Paras Nursing Home", "type": "clinic", "address": "Sai Krupa, Mg Cross Road No 3, Near Mandvi Co Op Bank Ltd Opp Modi Nagar, Kandivli ( W)"}, "geometry": {"type": "Point", "coordinates": [72.8431, 19.20379]}}, {"type": "Feature", "properties": {"name": "Masrani Clinic For Women and Mimas", "type": "clinic", "address": "Matru Ashish Near Hotel Karl Residency Lallubhai Park Andheri (W)"}, "geometry": {"type": "Point", "coordinates": [72.84462, 19.11245]}}, {"type": "Feature", "properties": {"name": "Diamond Hospital", "type": "hospital", "address": "105, First Floor , Markaz View, Opposite Excel Industries , S.V Road, Jogeshwari(W)"}, "geometry": {"type": "Point", "coordinates": [72.8435, 19.13964]}}, {"type": "Feature", "properties": {"name": "Noble Hospital, Mumbai", "type": "hospital", "address": "Assumption View,Opp St.Joseph School, Off. M G Road,Kandivali Village,Kandivali West"}, "geometry": {"type": "Point", "coordinates": [72.83923, 19.20637]}}, {"type": "Feature", "properties": {"name": "Empire Centre", "type": "clinic", "address": "52 Natasha 3Road Floor Hill Road Bandra West"}, "geometry": {"type": "Point", "coordinates": [72.83237, 19.05584]}}, {"type": "Feature", "properties": {"name": "Kolekar Nursing Home", "type": "clinic", "address": "N G Acharya Marg, Khardeo Nagar Ghatla Chembur"}, "geometry": {"type": "Point", "coordinates": [72.91028, 19.05555]}}, {"type": "Feature", "properties": {"name": "Anand Nursing Home, Borivali (E)", "type": "clinic", "address": "Godavari, E-Wing, Shanti-Van, Next To National Park, Borivali (East)"}, "geometry": {"type": "Point", "coordinates": [72.86446, 19.23499]}}, {"type": "Feature", "properties": {"name": "Dr.Redkar's Maternity and Nursing Home", "type": "hospital", "address": "A-10,Apurva Apartment,Govardhan Nagar,L.B.S.Marg,Mulund(W)"}, "geometry": {"type": "Point", "coordinates": [72.94678, 19.182]}}, {"type": "Feature", "properties": {"name": "The Metropolitan Heart Institute and Research Centre", "type": "hospital", "address": "(Previously Known As The Metropolitan Heart Institute And Research Centre) Trimurti Arcade, L B S Marg, Near Sarvoday Hospital, Ghatkopar, (West)"}, "geometry": {"type": "Point", "coordinates": [72.90701, 19.08895]}}, {"type": "Feature", "properties": {"name": "Vishwa Kripa Hospital", "type": "hospital", "address": "Naikwadi, Opposite Heritage Hotel ,Aarey Road,Goregaon (E)"}, "geometry": {"type": "Point", "coordinates": [72.85189, 19.16686]}}, {"type": "Feature", "properties": {"name": "Aditya Nursing Home", "type": "clinic", "address": "1st Floor, Gopal Sadan, Off Western Express Highway, Near Pump House Bridge, Andheri (E)"}, "geometry": {"type": "Point", "coordinates": [72.85719, 19.12427]}}, {"type": "Feature", "properties": {"name": "Sunny Childrens Hospital", "type": "hospital", "address": "201-202, Sunny Estate, Sion Trombay Road"}, "geometry": {"type": "Point", "coordinates": [72.89783, 19.05286]}}, {"type": "Feature", "properties": {"name": "Ashwini Laboratory", "type": "clinic", "address": "Andheri"}, "geometry": {"type": "Point", "coordinates": [72.81909, 19.13012]}}, {"type": "Feature", "properties": {"name": "Rg Stone Urology and Laparoscopy Hospital, Mumbai", "type": "hospital", "address": "C Wing, Dhananjay Apt Behind Balaji Studio, Opp Veera Desai Road Andheri"}, "geometry": {"type": "Point", "coordinates": [72.83642, 19.13664]}}, {"type": "Feature", "properties": {"name": "Dr.Pai Dhungat Maternity and Nursing Home", "type": "hospital", "address": "V.P.Road"}, "geometry": {"type": "Point", "coordinates": [72.82291, 18.95719]}}, {"type": "Feature", "properties": {"name": "Rose Petal Nursing Home", "type": "clinic", "address": "Nanddham, L T Road , Borivli (W)"}, "geometry": {"type": "Point", "coordinates": [72.85131, 19.22888]}}, {"type": "Feature", "properties": {"name": "Dr A K Chandiramani Hospital", "type": "hospital", "address": "Renuka, Gr Flr 269-D, Nr National College , Linking Road Bandra W)"}, "geometry": {"type": "Point", "coordinates": [72.83585, 19.0626]}}, {"type": "Feature", "properties": {"name": "Parmar Hospital", "type": "hospital", "address": "63/C, Amita Apartment, 5Th Kastruba Road, Boravili East"}, "geometry": {"type": "Point", "coordinates": [72.86202, 19.22994]}}, {"type": "Feature", "properties": {"name": "Anjali Maternity and Surgical Hospital - Mulund", "type": "hospital", "address": "1st Floor, Bps Plaza, Bps Estates, Devidayal Road, Near Best Bus Depot"}, "geometry": {"type": "Point", "coordinates": [72.94609, 19.17553]}}, {"type": "Feature", "properties": {"name": "N S Optical Contact Lens Clinic Ghatkopar", "type": "clinic", "address": "Jain Sthanak Chawl, Dr Baba Saheb Ambedkar Rd, Chinchpokali (East)"}, "geometry": {"type": "Point", "coordinates": [72.83546, 18.98695]}}, {"type": "Feature", "properties": {"name": "Akanksha Maternity and Surgical Hospital", "type": "hospital", "emergency": "no", "address": "#6, Manish Tower , Manish Nagar,J.R. Road ,Near Manish Shopping Centre"}, "geometry": {"type": "Point", "coordinates": [72.82698, 19.12857]}}, {"type": "Feature", "properties": {"name": "Dr Panchals Ishita Nursing Home", "type": "clinic", "address": "No. B-103 / 104, Hetal Arch, Opposite Natraj Market, Off. S.V. Road, Malad West"}, "geometry": {"type": "Point", "coordinates": [72.84561, 19.18812]}}, {"type": "Feature", "properties": {"name": "Smt. Kamladevi Gauridutt Mittal Ayurvedic Hospital", "type": "hospital", "address": "Netaji Subash Road"}, "geometry": {"type": "Point", "coordinates": [72.8201, 18.94984]}}, {"type": "Feature", "properties": {"name": "Maauli Hospital", "type": "hospital", "address": "Sharda Appt.-B, Ashok Kedare Chowk, Bhandup (W)"}, "geometry": {"type": "Point", "coordinates": [72.92879, 19.14826]}}, {"type": "Feature", "properties": {"name": "Kataria Eye Clinic", "type": "clinic", "address": "103,Kartar Bhavan,Colaba M"}, "geometry": {"type": "Point", "coordinates": [72.82954, 18.91901]}}, {"type": "Feature", "properties": {"name": "Samyak Drishti Eye Centre", "type": "hospital", "address": "202-A, Sukh Sagar,2nd Floor, N S Patkar Marg"}, "geometry": {"type": "Point", "coordinates": [72.81335, 18.95639]}}, {"type": "Feature", "properties": {"name": "Jai Ambe Poly Clinic Nursing Home and Maternity Hospital", "type": "hospital", "address": "Shivdham Apt, Flat No 01, 02, N Wing, Grd Floor, S P Road, Vaishali Nagar Dahisar East"}, "geometry": {"type": "Point", "coordinates": [72.87316, 19.25202]}}, {"type": "Feature", "properties": {"name": "Dhiraj Hospital", "type": "hospital", "address": "2nd Flr, Shubh Bldg, Opp, Esis Hospital Akurli Road, Kandivali"}, "geometry": {"type": "Point", "coordinates": [72.85535, 19.20251]}}, {"type": "Feature", "properties": {"name": "Paramount General Hospital and ICU", "type": "hospital", "address": "1st & 2nd Floor Laxmi Commarcial Premises Saki Naka Junction Andheri ( E)"}, "geometry": {"type": "Point", "coordinates": [72.8869, 19.10382]}}, {"type": "Feature", "properties": {"name": "Apex Kidney Care Pvt. Ltd (Mira Road)", "type": "hospital", "address": "101, Eden Rose Shopping Complex,Opposite Cinemax Multiplex,Beverly Park, Mira Road(E)"}, "geometry": {"type": "Point", "coordinates": [72.8366, 19.1879]}}, {"type": "Feature", "properties": {"name": "Shreeji Kripa Surgical Center Icu and Nursing Home", "type": "hospital", "address": "A-2/B-3, Gaurav Dhruv, Behind Bhatia School, Off Saibaba Nagar Road, Borivali West"}, "geometry": {"type": "Point", "coordinates": [72.8475, 19.215]}}, {"type": "Feature", "properties": {"name": "Maniar Clinic", "type": "clinic", "address": "D1,Khira Nagar , S.V. Road, Santacruz (W)"}, "geometry": {"type": "Point", "coordinates": [72.83779, 19.08822]}}, {"type": "Feature", "properties": {"name": "Abhishek Nursing Home", "type": "clinic", "address": "Jagruti Co-Op Hsg Near Maratha Mandir Co-Op Bank,Bhatwadi Ghatkopar"}, "geometry": {"type": "Point", "coordinates": [72.90094, 19.09426]}}, {"type": "Feature", "properties": {"name": "Paramount General Hospital and ICCU", "type": "hospital", "address": "Laxmi Commercial Premises, Near Sakinaka Junction, Andheri Kurla Road, Andheri East"}, "geometry": {"type": "Point", "coordinates": [72.88704, 19.10361]}}, {"type": "Feature", "properties": {"name": "Sankalp Eye Care Centre", "type": "hospital", "address": "Yashashree Society N M Joshi Marg Opp Zee News Bldg Lower Parel"}, "geometry": {"type": "Point", "coordinates": [72.83136, 18.98934]}}, {"type": "Feature", "properties": {"name": "Netra Mandir", "type": "hospital", "address": "Madona Colony Road, Near Bhawati Hsp, Off Mandapeshwar Road, Borivali (W) Borivali"}, "geometry": {"type": "Point", "coordinates": [72.85497, 19.24204]}}, {"type": "Feature", "properties": {"name": "Dr. Shindes Childrens Hospital and Nicu", "type": "hospital", "address": "004/C-2, Satellite Classic, Caves Road, Opposite, Jogeshwari Railway Station, Jogeshwari (E)"}, "geometry": {"type": "Point", "coordinates": [72.85018, 19.13665]}}, {"type": "Feature", "properties": {"name": "Dr. Savlas Stone Clinic And Endoscopy Centre", "type": "doctors", "address": "No-2/3, Dharmoday Building, Jivdaya Lane, Ghatkopar West"}, "geometry": {"type": "Point", "coordinates": [72.90515, 19.08856]}}, {"type": "Feature", "properties": {"name": "Shree Krishna Hospital", "type": "hospital", "address": "1,2 & 3, Shiv Kripa C.H.S., S.V.P. Lane, Opposite Municipal Garden, Kandivali (W)"}, "geometry": {"type": "Point", "coordinates": [72.84602, 19.19982]}}, {"type": "Feature", "properties": {"name": "Namitha Polyclinic and Hospital", "type": "clinic", "address": "Ganga Shalimar,Navyug Nagar,S.Y.Road,Dahisar(E)"}, "geometry": {"type": "Point", "coordinates": [72.86118, 19.24471]}}, {"type": "Feature", "properties": {"name": "SRL Diagnostics Andheri (MIDC)", "type": "hospital", "address": "PLOT No, 88, Rd Number 15, Marol MIDC Industry Estate, Andheri East"}, "geometry": {"type": "Point", "coordinates": [72.87362, 19.11768]}}, {"type": "Feature", "properties": {"name": "Narendra Hospital, Mumbai", "type": "hospital", "address": "Seeta Mahal, Kasturba Road No. 5, Borivili (E)"}, "geometry": {"type": "Point", "coordinates": [72.86299, 19.23045]}}, {"type": "Feature", "properties": {"name": "Laxmi Clinic - Kandivli - (Mumbai)", "type": "hospital", "address": "Pragnya Apartment, 1st Floor, Akurli Road, Kandivli"}, "geometry": {"type": "Point", "coordinates": [72.85464, 19.20186]}}, {"type": "Feature", "properties": {"name": "Pandya Surgical and Maternity Hospital", "type": "hospital", "address": "Opposite Dr.S.S.Panya Chowk, Sodawala Lane, Borivli (W)"}, "geometry": {"type": "Point", "coordinates": [72.85308, 19.23309]}}, {"type": "Feature", "properties": {"name": "CGHS Dispensary No., Vikhroli", "type": "clinic", "address": "Flat No.81 and 83, Type III, OCS Qrts., Vikroli"}, "geometry": {"type": "Point", "coordinates": [72.93308, 19.10944]}}, {"type": "Feature", "properties": {"name": "Life Line Medicare Hospital Pvt Ltd", "type": "hospital", "address": "A-1,Gagan Chembers - 5,Near Gokuldham,Medicare Centre,Goregaon (E)"}, "geometry": {"type": "Point", "coordinates": [72.84437, 19.17431]}}, {"type": "Feature", "properties": {"name": "Dr. Rane hospital maternity & surgical", "type": "hospital", "address": "Nanda Patkar Road, Vileparle East"}, "geometry": {"type": "Point", "coordinates": [72.84974, 19.09425]}}, {"type": "Feature", "properties": {"name": "Aastha Nursing Home, andheri", "type": "clinic", "address": "10, Narsinh Niwas, 2nd Floor, Near Daud Baug, 126 J P Road Above Punjabi Ghasitaram Halwai, Andheri (W)"}, "geometry": {"type": "Point", "coordinates": [72.84386, 19.12355]}}, {"type": "Feature", "properties": {"name": "Gokul Hospital, Mumbai", "type": "hospital", "address": "Videocon Tower,Thakur Complex,Kandivali(E)"}, "geometry": {"type": "Point", "coordinates": [72.86511, 19.21051]}}, {"type": "Feature", "properties": {"name": "Laxmi Surgical Clinic", "type": "clinic", "address": "10/480, M.H.B.Colony, Kherwadi,Opp Muncipal School, Bandra E)"}, "geometry": {"type": "Point", "coordinates": [72.84565, 19.05902]}}, {"type": "Feature", "properties": {"name": "Bhagat Nursing Home", "type": "clinic", "address": "Ganesh Nivas, 2nd Floor, Pai Nagar, Borivali (E)"}, "geometry": {"type": "Point", "coordinates": [72.857, 19.23404]}}, {"type": "Feature", "properties": {"name": "Vishwanath Hospital, Mumbai", "type": "hospital", "address": "Rajsatyam Building, Shiv Vallabh Road, Ashokvan ,Dahisar (E)"}, "geometry": {"type": "Point", "coordinates": [72.86764, 19.24423]}}, {"type": "Feature", "properties": {"name": "Shrikhande Clinic, Mumbai", "type": "clinic", "address": "Shreyas, 120, Hindu Colony, 5Th Road, Dadar"}, "geometry": {"type": "Point", "coordinates": [72.84781, 19.02059]}}, {"type": "Feature", "properties": {"name": "Shobha Maternity and Surgical Home", "type": "hospital", "address": "17/1, Vijay Niwas, R.A.K Road Wadala (W)"}, "geometry": {"type": "Point", "coordinates": [72.85497, 19.01209]}}, {"type": "Feature", "properties": {"name": "Sadanand Danait Hospital", "type": "hospital", "address": "Jeevan Vikas Kendra Marg , Off S. Nityanand Marg Andheri (East)"}, "geometry": {"type": "Point", "coordinates": [72.84838, 19.11073]}}, {"type": "Feature", "properties": {"name": "Netrapuja Research Centre", "type": "hospital", "address": "103, Parasurampuria Apt, 2 Tps 6 2nd Road , Santacruz West"}, "geometry": {"type": "Point", "coordinates": [72.83674, 19.08801]}}, {"type": "Feature", "properties": {"name": "Sapna Health Care Centre Pvt Ltd", "type": "hospital", "address": "A Wing,Bhaveshwar Plaza Lbs Marg Ghatkopar - West"}, "geometry": {"type": "Point", "coordinates": [72.91237, 19.09211]}}, {"type": "Feature", "properties": {"name": "Smt.Laxmiben Dhanji Devshi Health Centre", "type": "hospital", "address": "122, Dr Maheshwari Rd, Dongri, Umerkhadi"}, "geometry": {"type": "Point", "coordinates": [72.83835, 18.95924]}}, {"type": "Feature", "properties": {"name": "Cg Eye Foundaton and Shree Ghatkopar Brahman Samaj", "type": "hospital", "address": "Samaj Bhavan, 5Th Floor, Joshi Lane, M G Road, Ghatkopar"}, "geometry": {"type": "Point", "coordinates": [72.9058, 19.08142]}}, {"type": "Feature", "properties": {"name": "Gynaecworld", "type": "hospital", "address": "Mumbai"}, "geometry": {"type": "Point", "coordinates": [72.80787, 18.964]}}, {"type": "Feature", "properties": {"name": "Dr.Ronak Prakash Bhandari", "type": "hospital", "address": "Shweta Bldg, Khandelwal Layout, Link Road Malad West"}, "geometry": {"type": "Point", "coordinates": [72.83314, 19.19535]}}, {"type": "Feature", "properties": {"name": "Dr Shah Hospital", "type": "hospital", "address": "C wing, 1st floor, Opposite Jogeshwari station west"}, "geometry": {"type": "Point", "coordinates": [72.84851, 19.13733]}}, {"type": "Feature", "properties": {"name": "Mumbai Cancer Clinic", "type": "clinic", "address": "403/B, 4Th Floor, Plot No-184 Bandra(W)"}, "geometry": {"type": "Point", "coordinates": [72.83432, 19.06262]}}, {"type": "Feature", "properties": {"name": "Ashwini Accident Hospital and Poly Clinic", "type": "hospital", "address": "Ganesh Apt. Ground Floor, L. J. Road, Opposite Sitladevi Temple, Mahim"}, "geometry": {"type": "Point", "coordinates": [72.84273, 19.03637]}}, {"type": "Feature", "properties": {"name": "Ashish Maternity and Nursing Home - Vile Parle (E)", "type": "hospital", "address": "199, Dixit Cross Road, Near Chetan School, Vile Parle (East)"}, "geometry": {"type": "Point", "coordinates": [72.84739, 19.09706]}}, {"type": "Feature", "properties": {"name": "Tandon Hospital", "type": "hospital", "address": "Gagangiri Complex, 1st And 4Th Floor, 18Th Road, Near Dr. Ambedkar Garden Chembur"}, "geometry": {"type": "Point", "coordinates": [72.89968, 19.0597]}}, {"type": "Feature", "properties": {"name": "Dr Patanis Eye Clinic", "type": "clinic", "address": "210, R R Realty, Tank Road, Lbs Marg Junction Opposite Dreamas Mall, Bhandup(West)"}, "geometry": {"type": "Point", "coordinates": [72.93607, 19.14709]}}, {"type": "Feature", "properties": {"name": "Radiance Laser Vision Centre", "type": "hospital", "address": "Santacruz (W)"}, "geometry": {"type": "Point", "coordinates": [72.83765, 19.0829]}}, {"type": "Feature", "properties": {"name": "Harish Nursing Home", "type": "clinic", "address": "B-104,105 Prithvi Vandan N M Joshi Marg N M Joshi Marg"}, "geometry": {"type": "Point", "coordinates": [72.83126, 18.99171]}}, {"type": "Feature", "properties": {"name": "Vision Laser Surgery Centre", "type": "hospital", "address": "Opp Mehboob Sutdio, Hill Road , Bandra West"}, "geometry": {"type": "Point", "coordinates": [72.82381, 19.05204]}}, {"type": "Feature", "properties": {"name": "CGHS Dispensary No.10, Bandra", "type": "clinic", "address": "Plot No.215, 31st Road, Bandra Sadan Annexe, Bandra"}, "geometry": {"type": "Point", "coordinates": [72.83618, 19.06065]}}, {"type": "Feature", "properties": {"name": "Dr. Mahaveer Jangada Clinic, Dadar", "type": "clinic", "address": "10/86 Dadasaheb Phalka Road Dadar"}, "geometry": {"type": "Point", "coordinates": [72.84272, 19.01498]}}, {"type": "Feature", "properties": {"name": "Dr Sanjay Soni Dental Clinic", "type": "hospital", "address": "Flat 1, Ridhhi, E W Road 2, 41, Vallabhnagar Society, Opposite Cooper Casualy, Jvpd Scheme"}, "geometry": {"type": "Point", "coordinates": [72.83564, 19.10692]}}, {"type": "Feature", "properties": {"name": "CGHS Dispensary No.3, Worli", "type": "clinic", "address": "25-C, Sea Race, Opposite Flora Hotel, Thadani Marg, Worli"}, "geometry": {"type": "Point", "coordinates": [72.81399, 19.00336]}}, {"type": "Feature", "properties": {"name": "Kumar Hospital and Polyclinic", "type": "clinic", "address": "S.N.Dubey Road, Rawal Pada, Dahisar (E)"}, "geometry": {"type": "Point", "coordinates": [72.86832, 19.24744]}}, {"type": "Feature", "properties": {"name": "Anand Nursing Home", "type": "clinic", "address": "Divya Sarjan, 1st Floor, 90 Ft. Road, Ganesh Chowk, Near P.F.Office, Charkop, Kandivali"}, "geometry": {"type": "Point", "coordinates": [72.83314, 19.21499]}}, {"type": "Feature", "properties": {"name": "Parijat Surgical and General Hospital", "type": "hospital", "address": "Eversun Soc., Sahakar Nagar, Jp Road, Andheri West"}, "geometry": {"type": "Point", "coordinates": [72.83225, 19.12841]}}, {"type": "Feature", "properties": {"name": "Dr.Bhute Nursing Home", "type": "clinic", "address": "Mahatenay Park, Aziz Baug,Opp Site Estate, Mahul Road Chembur"}, "geometry": {"type": "Point", "coordinates": [72.89485, 19.03752]}}, {"type": "Feature", "properties": {"name": "Crystal Hospitals", "type": "hospital", "address": "Sheel Palace Near State Bank , Dattapada Borivali East"}, "geometry": {"type": "Point", "coordinates": [72.85751, 19.22469]}}, {"type": "Feature", "properties": {"name": "Shree Ramnath Eye Care", "type": "hospital", "address": "Veer Makrand Ghanekar Marg, Navpada, Vile Parle East, Vile Parle"}, "geometry": {"type": "Point", "coordinates": [72.84361, 19.09182]}}, {"type": "Feature", "properties": {"name": "Society Of The Helpers Of Mary Shraddha Vihar Hospital", "type": "hospital", "address": "Andheri"}, "geometry": {"type": "Point", "coordinates": [72.83818, 19.13525]}}, {"type": "Feature", "properties": {"name": "Veena Nagar Health Care Center and Hospital", "type": "hospital", "address": "C-1, Shivkrishna Dham, Lal Bahadur Shastri Marg, Mulund West"}, "geometry": {"type": "Point", "coordinates": [72.94226, 19.17487]}}, {"type": "Feature", "properties": {"name": "Matangi Nursing Home", "type": "clinic", "address": "B-1,Anand Bhuvan,Hira Chand Desai Road , Ghatkopar (West)"}, "geometry": {"type": "Point", "coordinates": [72.90782, 19.08797]}}, {"type": "Feature", "properties": {"name": "Shah Fracture-Orthopaedic Hospital", "type": "hospital", "address": "techKNEEque, Flat 7, Nilanjana CHS, Next to Nutan Vidyamandir, Marve Road, Malad West\\"}, "geometry": {"type": "Point", "coordinates": [72.84491, 19.19214]}}, {"type": "Feature", "properties": {"name": "Day Care Eye Clinic(Dr.S.V.Sharma Eye Clini)", "type": "clinic", "address": "Santacruz"}, "geometry": {"type": "Point", "coordinates": [72.84307, 19.08565]}}, {"type": "Feature", "properties": {"name": "Nachiketa Health Care Center", "type": "hospital", "address": "B/6-7, 1st Floor, Dharmodaya Building, Near Telephone Exchange, Jivdaya Lane, Ghatkopar West"}, "geometry": {"type": "Point", "coordinates": [72.9051, 19.08873]}}, {"type": "Feature", "properties": {"name": "Sanghvi Clinic", "type": "hospital", "address": "Nebula Apartment, Lokhandwala, Andheri West"}, "geometry": {"type": "Point", "coordinates": [72.82308, 19.14552]}}, {"type": "Feature", "properties": {"name": "Anudhiti Care", "type": "hospital", "address": "47-A, Walchand Terraces, Opp Tardeo A/C Market, Tardeo"}, "geometry": {"type": "Point", "coordinates": [72.81456, 18.97346]}}, {"type": "Feature", "properties": {"name": "Amar Jyot Eye Care Centre", "type": "hospital", "address": "207, Jyoti Chambers, Khot Lane, Above New Bata Showroom,Ghatkopar(W)"}, "geometry": {"type": "Point", "coordinates": [72.90748, 19.08878]}}, {"type": "Feature", "properties": {"name": "M.S.Maternity and General Hospital", "type": "hospital", "address": "10/ A & B, Miniland,Tank Road,Near Shivaji Talao, Bhandup(W)"}, "geometry": {"type": "Point", "coordinates": [72.93219, 19.14737]}}, {"type": "Feature", "properties": {"name": "Vardan Nursing Home Pvt.Ltd.", "type": "clinic", "address": "Goregaon"}, "geometry": {"type": "Point", "coordinates": [72.83883, 19.16543]}}, {"type": "Feature", "properties": {"name": "Abhishek Day Care Institute and Medical Research Centre", "type": "hospital", "address": "74/78/Lady Ratan Tata M R C Karve Road, Cooperage"}, "geometry": {"type": "Point", "coordinates": [72.82755, 18.92307]}}, {"type": "Feature", "properties": {"name": "Shrishti Clinic and Microsurgery Centre", "type": "clinic", "address": "Navi"}, "geometry": {"type": "Point", "coordinates": [72.85574, 19.13139]}}, {"type": "Feature", "properties": {"name": "Uma Maternity Nursing Home", "type": "hospital", "address": "B6/7,Bilquis Apt. - Iii,Mayrose Chs,Mahakali Caves Road,Andheri (East)"}, "geometry": {"type": "Point", "coordinates": [72.87022, 19.12973]}}, {"type": "Feature", "properties": {"name": "Laxmi Clinic", "type": "clinic", "address": "Vidya Building, Kotnis Path, Near Hinduja Hospital, Mahim"}, "geometry": {"type": "Point", "coordinates": [72.83925, 19.03342]}}, {"type": "Feature", "properties": {"name": "Sai Hospital, Mumbai", "type": "hospital", "address": "Sambhaji Maidan Circle,Sai Prasad Shopping Centre"}, "geometry": {"type": "Point", "coordinates": [72.93707, 19.1167]}}, {"type": "Feature", "properties": {"name": "Apex Kidney Care Pvt. Ltd.", "type": "hospital", "address": "C/0. Sushrut Hosptial, 2nd Floor, Swastik Park, Near Kach Gujar Hall, Chembur (E)"}, "geometry": {"type": "Point", "coordinates": [72.89487, 19.06114]}}, {"type": "Feature", "properties": {"name": "Jeevandeep Children Hospital, Mumbai", "type": "hospital", "address": "No. A/102, Chandrodaya Building,Jivdaya Lane,Between Sarvodaya Hospital & Telephone Exchange,Ghatkopar (W)"}, "geometry": {"type": "Point", "coordinates": [72.9052, 19.08813]}}, {"type": "Feature", "properties": {"name": "Zen Eye Center", "type": "hospital", "address": "No. 7, Rajsarovar Nikethan, No. 315. A Working Road, Above Punjab Sindhi Bank, Khar West"}, "geometry": {"type": "Point", "coordinates": [72.83437, 19.07215]}}, {"type": "Feature", "properties": {"name": "Aaditya Netralaya", "type": "hospital", "address": "Maruti Darshan, C Wing, 2nd Floor, Mulund East"}, "geometry": {"type": "Point", "coordinates": [72.95943, 19.16914]}}, {"type": "Feature", "properties": {"name": "Shraddha Orthopedic and Surgical Hospital", "type": "hospital", "address": "Vasant Vijay Mahal, Pushpa Park, Road No.2, Malad (E)"}, "geometry": {"type": "Point", "coordinates": [72.85583, 19.19073]}}, {"type": "Feature", "properties": {"name": "Iris Eye Center", "type": "hospital", "address": "Heena Smruti, Road No 2, Juhu Scheme, Opposite Cooper Hospital Casualty, Vile Parle(W)"}, "geometry": {"type": "Point", "coordinates": [72.83588, 19.10697]}}, {"type": "Feature", "properties": {"name": "CGHS Dispensary No.15, Deonar", "type": "clinic", "address": "Deanor Post Office Building, Telecom Factory Camp, Deonar"}, "geometry": {"type": "Point", "coordinates": [72.91884, 19.04501]}}, {"type": "Feature", "properties": {"name": "Dr Satish wadhwa", "type": "clinic", "address": "No.506, 5th Floor, Doctor House, Opp Jaslok Hospital, Pedder Rd, Cumballa, Hill"}, "geometry": {"type": "Point", "coordinates": [72.8092, 18.97207]}}, {"type": "Feature", "properties": {"name": "Arihant Heart Clinic", "type": "clinic", "address": "A-Ground Floor, Lancelot Apartment,opposite kalyan jewellers S.V. Road, Borivali West"}, "geometry": {"type": "Point", "coordinates": [72.85248, 19.21887]}}, {"type": "Feature", "properties": {"name": "Ashtavinayak Hospital & Swami Samarth Health Clinic", "type": "hospital", "address": "B/102, 1st Floor, Goyal Trade Centre, Sona Talkies Building, Shantivan Colony"}, "geometry": {"type": "Point", "coordinates": [72.86504, 19.23454]}}, {"type": "Feature", "properties": {"name": "Lifeline Hospital, Mumbai", "type": "hospital", "address": "Vishal Complex, S.V.Road, Malad (West)"}, "geometry": {"type": "Point", "coordinates": [72.84666, 19.19363]}}, {"type": "Feature", "properties": {"name": "Lifeline Hospital, Mumbai", "type": "hospital", "address": "SV Rd, Malad, Mahavir Nagar, Malad West"}, "geometry": {"type": "Point", "coordinates": [72.84793, 19.19011]}}, {"type": "Feature", "properties": {"name": "Apex Kidney Care (Dialysisnetworks)", "type": "hospital", "address": "Mulund"}, "geometry": {"type": "Point", "coordinates": [72.95374, 19.17378]}}, {"type": "Feature", "properties": {"name": "Dr. Sandeep S. Nagvekar", "type": "doctors", "address": "Ophthalmic Surgeon And Contact Lens Consultant"}, "geometry": {"type": "Point", "coordinates": [72.83704, 19.07889]}}, {"type": "Feature", "properties": {"name": "Dr Phadkes Maternity and Surgical Hospital", "type": "hospital", "address": "9-B, Vallabhai Patel Rd, New Mhada Colony, Indira Nagar, Jogeshwari East"}, "geometry": {"type": "Point", "coordinates": [72.86967, 19.13261]}}, {"type": "Feature", "properties": {"name": "Varad Medical Centre", "type": "hospital", "address": "14,Ground Floor Muljee House,Veer Savarkar Marg,Prabhadevi"}, "geometry": {"type": "Point", "coordinates": [72.82748, 19.01469]}}, {"type": "Feature", "properties": {"name": "Parijat Child Health Clinic", "type": "clinic", "address": "Shrikrishna Nagar, Near Post Office,Borivli East"}, "geometry": {"type": "Point", "coordinates": [72.86637, 19.23569]}}, {"type": "Feature", "properties": {"name": "New Life Clinic & Hijama Center", "type": "clinic", "address": "Lallubhai Compount, Mankhurd"}, "geometry": {"type": "Point", "coordinates": [72.92684, 19.05197]}}, {"type": "Feature", "properties": {"name": "Icon The Eye Consultants Eye and Laser Centre", "type": "hospital", "address": "153-B Dongre Building Hindu Colony Opp Ruia College Matunga (Cr)"}, "geometry": {"type": "Point", "coordinates": [72.84983, 19.02303]}}, {"type": "Feature", "properties": {"name": "Vertex Hospital", "type": "hospital", "address": "Veena Nagar Phase Ii, Near Swapna Nagari Tulsi Pipe Line Road, Mulund(W)"}, "geometry": {"type": "Point", "coordinates": [72.94255, 19.18097]}}, {"type": "Feature", "properties": {"name": "CGHS Dispensary No.14, Vakola", "type": "clinic", "address": "PandT Colony, Vakola"}, "geometry": {"type": "Point", "coordinates": [72.85724, 19.08348]}}, {"type": "Feature", "properties": {"name": "Aditya Eye Clinic, Kandivali", "type": "clinic", "address": "1, Ronik Apartments, Sai Nagar Junction, M.G. Road, Kandivali (E)"}, "geometry": {"type": "Point", "coordinates": [72.84649, 19.20475]}}, {"type": "Feature", "properties": {"name": "Mauli Hospital, Mumbai", "type": "hospital", "address": "Umang Co-Op-Hsg Soc , C-3/4 Rukhason Nagar Sant Dnyneshwar Road Dahisar"}, "geometry": {"type": "Point", "coordinates": [72.86487, 19.24221]}}, {"type": "Feature", "properties": {"name": "Nirmal Clinic", "type": "clinic", "address": "395-A G.K. Marg, Worli"}, "geometry": {"type": "Point", "coordinates": [72.81861, 18.99804]}}, {"type": "Feature", "properties": {"name": "AR Hospital Orthopaedic & ICU", "type": "hospital", "address": "Sriniwas Apartment, 78, S.V. Road, Opposite New Era Talkies, Malad"}, "geometry": {"type": "Point", "coordinates": [72.84647, 19.18369]}}, {"type": "Feature", "properties": {"name": "Goel Hospital", "type": "hospital", "address": "Goel Apartments, J B Nagar, Near Kalgidhar High School, Wireless Street, Andheri East"}, "geometry": {"type": "Point", "coordinates": [72.86421, 19.11006]}}, {"type": "Feature", "properties": {"name": "Infiniti Eye Hospital", "type": "hospital", "address": "6,Jaymahal,French Bridge,Opera House, Next To Patidar Samaj Hall"}, "geometry": {"type": "Point", "coordinates": [72.81162, 18.96544]}}, {"type": "Feature", "properties": {"name": "Lifecare Hospital", "type": "hospital", "address": "Priyadarshini Co-Op. Hsg.Soc.,Room No.102,G-Wing, 1st Floor,OppositeNew Ongc Tower, Sion-Bandra Link Road, Dharavi"}, "geometry": {"type": "Point", "coordinates": [72.8575, 19.04668]}}, {"type": "Feature", "properties": {"name": "Dr Kiran Katar Clinic", "type": "clinic", "address": "Mumbai"}, "geometry": {"type": "Point", "coordinates": [72.83786, 19.02381]}}, {"type": "Feature", "properties": {"name": "Veena Clinic", "type": "clinic", "address": "59, Harishchandra Apartment, Tarunbharat Society, Chakala, Andheri(E)"}, "geometry": {"type": "Point", "coordinates": [72.86224, 19.10849]}}, {"type": "Feature", "properties": {"name": "Dr. Dipak Desai's Ear Nose and Throat Hospital", "type": "hospital", "address": "206, Gayatri Dham, Jn. Of M.G Road , & Derasar Lane , Ghatkopar (East)"}, "geometry": {"type": "Point", "coordinates": [72.90498, 19.08248]}}, {"type": "Feature", "properties": {"name": "Deccan Fertility Clinic and Keyhole Surgery Center", "type": "clinic", "address": "Flat No-01,Shankar Niwas,Plot No-117,Shivaji Park Lane No-03,Opp Sena Bhawan,Shiva Ji Park"}, "geometry": {"type": "Point", "coordinates": [72.83957, 19.02492]}}, {"type": "Feature", "properties": {"name": "Prarushi Healthcare Pvt Ltd / Kusumesh Chandra Maternity Hospital", "type": "hospital", "address": "Opp-Building No-101 Nehru Nagar, Kurla (E)"}, "geometry": {"type": "Point", "coordinates": [72.88161, 19.06265]}}, {"type": "Feature", "properties": {"name": "Dr. Mehta's Maternity Home", "type": "hospital", "address": "Laxmi Nivas, OppositeAmba Mandir, Carter Road-3, Borivli(E)"}, "geometry": {"type": "Point", "coordinates": [72.85981, 19.23756]}}, {"type": "Feature", "properties": {"name": "Sanjeevani Nursing Home", "type": "clinic", "address": "Rangwala Appt, 1st Flr, Mahatma Gandhi Road , Opp Bank Of India, Ghatkopar W)"}, "geometry": {"type": "Point", "coordinates": [72.90595, 19.08616]}}, {"type": "Feature", "properties": {"name": "Amruta Maternity and Surgical Nursing Home", "type": "clinic", "address": "Mahadeo Appt., Off. Jangal Mangal Road , Behind Abhyudaya Bank, Bhandup (W)"}, "geometry": {"type": "Point", "coordinates": [72.93291, 19.14946]}}, {"type": "Feature", "properties": {"name": "Prarthana Hospital And ICU", "type": "hospital", "address": "1st Floor, M.G.Road Junction,Motilal Nagar"}, "geometry": {"type": "Point", "coordinates": [72.83511, 19.16318]}}, {"type": "Feature", "properties": {"name": "CGHS Sub-Dispensary, Juhu", "type": "clinic", "address": "Aerodrome, Opposite Nanavati Hospital, Juhu"}, "geometry": {"type": "Point", "coordinates": [72.83189, 19.08442]}}, {"type": "Feature", "properties": {"name": "Shree Nagesh Childrens Hospital", "type": "hospital", "address": "105-108. 1st Floor, Kesar Plaza, A-Wing, Sector 3, Charkop"}, "geometry": {"type": "Point", "coordinates": [72.82875, 19.21509]}}, {"type": "Feature", "properties": {"name": "Laud Clinic", "type": "clinic", "address": "180, Saraswati Nilayam , 180 , Hindu Colony , Dadar ( East )"}, "geometry": {"type": "Point", "coordinates": [72.84865, 19.02061]}}, {"type": "Feature", "properties": {"name": "MG365", "type": "pharmacy"}, "geometry": {"type": "Point", "coordinates": [72.82509, 19.13478]}}, {"type": "Feature", "properties": {"name": "Dr. Vaibhav Shah! Cosmetic Surgery & Hair Transplant", "type": "doctors", "address": "Road No. 1, near Kasturba Police station, Kasturba, Borivali (East)"}, "geometry": {"type": "Point", "coordinates": [72.8578, 19.22807]}}, {"type": "Feature", "properties": {"name": "Dawood Multispeciality Nursing Home", "type": "hospital", "emergency": "yes", "address": "Memni Buidling, Dimtimakar Road"}, "geometry": {"type": "Point", "coordinates": [72.82892, 18.96664]}}, {"type": "Feature", "properties": {"name": "Municipality Clinic", "type": "clinic", "address": "B Virani Marg (Hazaria Street)"}, "geometry": {"type": "Point", "coordinates": [72.8306, 18.96376]}}, {"type": "Feature", "properties": {"name": "Tibbia Hospital", "type": "hospital", "address": "Duncan Road, Dalal Estate, Kamathipura"}, "geometry": {"type": "Point", "coordinates": [72.82844, 18.96667]}}, {"type": "Feature", "properties": {"name": "Noor Hospital", "type": "hospital", "address": "49, Mohammed Ali Road near Masjid Bunder, Pydhonie, Mumbai 400003"}, "geometry": {"type": "Point", "coordinates": [72.83346, 18.95389]}}, {"type": "Feature", "properties": {"name": "Healthcare facility", "type": "hospital", "emergency": "no", "address": "1st Floor, Greenstone Heritage, Commercial premises, C-Wing, Chhatrapati Shivaji Terminus Area, Mumbai 400001"}, "geometry": {"type": "Point", "coordinates": [72.83454, 18.94561]}}, {"type": "Feature", "properties": {"name": "Mangalmurti Hospital", "type": "hospital", "address": "Rose Apts Near Fire Brigade, Malvani Rd, BMC Colony, Malad West"}, "geometry": {"type": "Point", "coordinates": [72.82132, 19.1941]}}, {"type": "Feature", "properties": {"name": "Kalina Hospital", "type": "hospital", "address": "Kalina Health Post, Near Geeta Vihar Market, Santacruz East"}, "geometry": {"type": "Point", "coordinates": [72.86302, 19.078]}}, {"type": "Feature", "properties": {"name": "Kidwai Nagr health Post & Dispensary", "type": "clinic", "address": "Rafi Ahmad Kidwai Road, Near Post Office, Wadala Mumbai"}, "geometry": {"type": "Point", "coordinates": [72.85369, 19.01087]}}, {"type": "Feature", "properties": {"name": "Piwala Bungalow Dispensary", "type": "clinic", "address": "Dharavi Main Road, Near kannadi Chawl Mun. U.P. Tamil School, Dharavi"}, "geometry": {"type": "Point", "coordinates": [72.85555, 19.04769]}}, {"type": "Feature", "properties": {"name": "Kasturba Hospital", "type": "hospital", "address": "Near Nirmal Park Railway Quarters, Chinchpokli"}, "geometry": {"type": "Point", "coordinates": [72.83003, 18.98419]}}, {"type": "Feature", "properties": {"name": "Abhyudaya Nagar Dispensary", "type": "clinic", "address": "13, Abhyudaya Nagar Rd, Jijamata Nagar, Dock Labour Colony, Abhyudaya Nagar"}, "geometry": {"type": "Point", "coordinates": [72.84623, 18.99092]}}, {"type": "Feature", "properties": {"name": "Healthcare facility", "type": "hospital", "address": "RN Gandhi Road, Near Somaiya College, Ghatkopar East, Mumbai"}, "geometry": {"type": "Point", "coordinates": [72.90131, 19.07868]}}, {"type": "Feature", "properties": {"name": "ESIS Hospital WORLI", "type": "hospital", "address": "BDD Chawls Worli, behind Poddar Hospital"}, "geometry": {"type": "Point", "coordinates": [72.8169, 19.00173]}}, {"type": "Feature", "properties": {"name": "Pandurangawadi Health Post", "type": "hospital", "address": "Road Number 4, C-WING, Subhash Nagar, Goregaon"}, "geometry": {"type": "Point", "coordinates": [72.85176, 19.17204]}}, {"type": "Feature", "properties": {"name": "Marol Maternity Home", "type": "hospital", "address": "Marol Village Road, Near Miljul Housing Society, Marol"}, "geometry": {"type": "Point", "coordinates": [72.87816, 19.11088]}}, {"type": "Feature", "properties": {"name": "Matoshri Ramabai Ambedkar Maternity Hospital", "type": "hospital", "address": "Ramakrishna Chemburkar Marg, Near BMC Office, Chembur"}, "geometry": {"type": "Point", "coordinates": [72.89476, 19.0562]}}, {"type": "Feature", "properties": {"name": "Poddar Hospital", "type": "hospital", "address": "Dr Annie Besant Road, B Wing, BDD Chawls Worli"}, "geometry": {"type": "Point", "coordinates": [72.81626, 19.00228]}}, {"type": "Feature", "properties": {"name": "M.W. Desai Municipal General Hospital", "type": "hospital", "address": "Govind Nagar Road, Near Mahindra Academy, Malad"}, "geometry": {"type": "Point", "coordinates": [72.85111, 19.17843]}}, {"type": "Feature", "properties": {"name": "V N Shirodkar Hospital", "type": "hospital", "address": "Dr. V.N.Shirodkar Municipal Maternity Home, Vileparle (E)"}, "geometry": {"type": "Point", "coordinates": [72.85186, 19.10546]}}, {"type": "Feature", "properties": {"name": "Sambhaji Nagar, Dispensary", "type": "clinic", "address": "Sambhaji Nagar Dispensary, Thakkar Bekri, Vileparle (E)"}, "geometry": {"type": "Point", "coordinates": [72.8466, 19.11436]}}, {"type": "Feature", "properties": {"name": "Nair Hospital Dental College", "type": "hospital", "address": "55, Dr Anandrao Nair Marg, Near Mumbai Central Railway Station, Mumbai"}, "geometry": {"type": "Point", "coordinates": [72.82097, 18.97119]}}, {"type": "Feature", "properties": {"name": "Pahadi Health Post", "type": "hospital", "address": "Chinchowali Colony, Near Railway Station, Malad"}, "geometry": {"type": "Point", "coordinates": [72.84947, 19.17617]}}, {"type": "Feature", "properties": {"name": "Kamgar Nagar Health Post and Qureshi Nagar Dispensary", "type": "clinic", "address": "Qureshi Nagar Municipal Dispensary, Near Urdu Municipal School Qureshi Nagar, Muftie Azam Road, Kurla East"}, "geometry": {"type": "Point", "coordinates": [72.8769, 19.06004]}}, {"type": "Feature", "properties": {"name": "BMC Maternity Hospital", "type": "hospital", "address": "BMC General Hospital, Kasturba Cross Road No.2, Boriwali (E)"}, "geometry": {"type": "Point", "coordinates": [72.87082, 19.21976]}}, {"type": "Feature", "properties": {"name": "M.T. Agrawal Hospital", "type": "hospital", "address": "Mahakavi Kalidas Road, Near B.M.C.T. Ward Office, Mulund"}, "geometry": {"type": "Point", "coordinates": [72.9511, 19.17532]}}, {"type": "Feature", "properties": {"name": "Sant Muktabai Hospital", "type": "hospital", "address": "Sant Muktabai Mun. Gen. Hospital, Barve Nagar, Ghatkopar (W)"}, "geometry": {"type": "Point", "coordinates": [72.90415, 19.09849]}}, {"type": "Feature", "properties": {"name": "L.T.Muncipal Medical College and Sion Hospital", "type": "hospital", "address": "Dr Babasaheb Ambedkar Road, Sion West, Sion"}, "geometry": {"type": "Point", "coordinates": [72.8582, 19.03692]}}, {"type": "Feature", "properties": {"name": "Krantiveer Mahatma Jyotiba Phule Hospital, Vikhroli", "type": "hospital", "address": "Krantiveer Mahatma Jyotiba Phule Hospital, Vikas College Road, Kannamwar Nagar - 2"}, "geometry": {"type": "Point", "coordinates": [72.93948, 19.118]}}, {"type": "Feature", "properties": {"name": "Dhanukar Wadi Dispensary", "type": "clinic", "address": "Kandivali, Pushp Heritage, Dahanukar Wadi, Kandivali West"}, "geometry": {"type": "Point", "coordinates": [72.83798, 19.2072]}}, {"type": "Feature", "properties": {"name": "BYL Nair hospital", "type": "hospital", "address": "Dr. A. L. Nair Road, Mumbai"}, "geometry": {"type": "Point", "coordinates": [72.82192, 18.97422]}}, {"type": "Feature", "properties": {"name": "General Hospital, Janabai Rokade", "type": "hospital", "emergency": "yes", "address": "Janabai Madhavrao Rokade Municipal School Ground Floor, Masjid Bunder Katha Bazzar, Mumbai"}, "geometry": {"type": "Point", "coordinates": [72.83883, 18.95168]}}, {"type": "Feature", "properties": {"name": "Gaurabai Dispensary", "type": "clinic", "address": "Guarabai Municipal Dispensary Ground Floor, Mumbai Central East"}, "geometry": {"type": "Point", "coordinates": [72.82798, 18.96565]}}, {"type": "Feature", "properties": {"name": "Healthcare facility", "type": "pharmacy"}, "geometry": {"type": "Point", "coordinates": [72.95729, 19.17159]}}, {"type": "Feature", "properties": {"name": "The Muslim Ambulance Society Diagnostic Center", "type": "hospital", "emergency": "no"}, "geometry": {"type": "Point", "coordinates": [72.83409, 18.95401]}}, {"type": "Feature", "properties": {"name": "Habib Hospital", "type": "hospital"}, "geometry": {"type": "Point", "coordinates": [72.8368, 18.95969]}}, {"type": "Feature", "properties": {"name": "Nagpada Police Hospital", "type": "hospital", "address": "Shreeram Rane Chowk, Police Colony, New Nagpada, Byculla, Mumbai"}, "geometry": {"type": "Point", "coordinates": [72.83191, 18.96606]}}, {"type": "Feature", "properties": {"name": "Rajshree Maternity", "type": "hospital"}, "geometry": {"type": "Point", "coordinates": [72.83575, 18.97242]}}, {"type": "Feature", "properties": {"name": "Masina Cancer Center", "type": "hospital"}, "geometry": {"type": "Point", "coordinates": [72.83574, 18.97495]}}, {"type": "Feature", "properties": {"name": "Parveen Medical & General Stores", "type": "pharmacy", "address": "Ramchandra Bhatt Marg"}, "geometry": {"type": "Point", "coordinates": [72.83238, 18.96183]}}, {"type": "Feature", "properties": {"name": "Munna General Store", "type": "pharmacy", "address": "Ramchandra Bhatt Marg"}, "geometry": {"type": "Point", "coordinates": [72.83286, 18.96195]}}, {"type": "Feature", "properties": {"name": "Dr. Abbas F. Merchant", "type": "doctors", "address": "Dimtimakar Road"}, "geometry": {"type": "Point", "coordinates": [72.83025, 18.96539]}}, {"type": "Feature", "properties": {"name": "Government Hospital, Mulund", "type": "hospital", "address": "Mulund West"}, "geometry": {"type": "Point", "coordinates": [72.9527, 19.17515]}}, {"type": "Feature", "properties": {"name": "Savitribai Jyotiba Phule Maternity Home Bhandup", "type": "hospital", "address": "Bhandup"}, "geometry": {"type": "Point", "coordinates": [72.93455, 19.14627]}}, {"type": "Feature", "properties": {"name": "BMC Eye Hospital ,Kamathipura", "type": "hospital", "address": "MS Ali Road, Siddharth Nagar, Kamathipura, Mumbai"}, "geometry": {"type": "Point", "coordinates": [72.82651, 18.96198]}}, {"type": "Feature", "properties": {"name": "Matoshree Ramabai Maternity BMC Hospital", "type": "hospital", "address": "Sainath Nagar, Indira Nagar, Ghatkopar West, Mumbai"}, "geometry": {"type": "Point", "coordinates": [72.91038, 19.09609]}}, {"type": "Feature", "properties": {"name": "Deonar Maternity Home", "type": "hospital", "address": "Deonar"}, "geometry": {"type": "Point", "coordinates": [72.92321, 19.05363]}}, {"type": "Feature", "properties": {"name": "All India Institute of Physical Medicine and Rehabilitation", "type": "hospital", "address": "Haji Ali, Keshavrao Khadye Marg"}, "geometry": {"type": "Point", "coordinates": [72.81287, 18.97858]}}, {"type": "Feature", "properties": {"name": "BMC Hospital", "type": "hospital", "address": "Kandivali, Babrekar Nagar"}, "geometry": {"type": "Point", "coordinates": [72.82448, 19.20377]}}, {"type": "Feature", "properties": {"name": "Savitri Bai Phule BMC Hospital ,Malad East", "type": "hospital", "address": "Riddhi Gardens, Malad East, Mumbai"}, "geometry": {"type": "Point", "coordinates": [72.87244, 19.17775]}}, {"type": "Feature", "properties": {"name": "Siddhivinayak Nurshing Home", "type": "hospital", "address": "Gayatri Krupa Building, Opp. Punjab & Sindh Bank, Borivali West, Mumbai"}, "geometry": {"type": "Point", "coordinates": [72.84619, 19.2281]}}, {"type": "Feature", "properties": {"name": "Singhi Hospital", "type": "hospital", "address": "Ashok Raj Building, SV Road, Above Ratan Hotel, Kakaji Nagar, Jawahar Nagar, Goregaon West, Mumbai"}, "geometry": {"type": "Point", "coordinates": [72.84634, 19.1631]}}, {"type": "Feature", "properties": {"name": "Happy Solutions Clinic", "type": "clinic", "address": "Krishna Vatika Marg, Near Ryan International School, Azad Nagar, Gokuldham Colony, Goregaon, Mumbai"}, "geometry": {"type": "Point", "coordinates": [72.87207, 19.17217]}}, {"type": "Feature", "properties": {"name": "Apex Hospitals", "type": "hospital", "address": "Vaishali Heights, Chandavarkar Road, Near Standard Chartered Bank, Borivali West, Mumbai"}, "geometry": {"type": "Point", "coordinates": [72.84962, 19.23131]}}, {"type": "Feature", "properties": {"name": "Dr. Usha Hospital", "type": "hospital", "emergency": "yes", "address": "Usha Nagar Road, Prem Nagar, Borivali West, Mumbai"}, "geometry": {"type": "Point", "coordinates": [72.85398, 19.23545]}}, {"type": "Feature", "properties": {"name": "Jivanand Clinic", "type": "clinic", "address": "Yogi Dwar, C-1,A Wing Room No. 003, Mumbai"}, "geometry": {"type": "Point", "coordinates": [72.84425, 19.23485]}}, {"type": "Feature", "properties": {"name": "Neetas Day Care Clinic", "type": "clinic", "address": "BMC Colony, Santosh Nagar, Muncipal Colony, Sector B, Goregaon, Mumbai"}, "geometry": {"type": "Point", "coordinates": [72.8797, 19.17262]}}, {"type": "Feature", "properties": {"name": "Dr. Pravin", "type": "doctors", "address": "SV Road, Mahesh Nagar, Goregaon West, Mumbai"}, "geometry": {"type": "Point", "coordinates": [72.845, 19.1698]}}, {"type": "Feature", "properties": {"name": "Vivanta Multispeciality Hospital", "type": "hospital", "address": "Chincholi Bunder Road, Mandlik Nagar, Sunder Nagar, Malad West, Mumbai"}, "geometry": {"type": "Point", "coordinates": [72.84283, 19.17882]}}, {"type": "Feature", "properties": {"name": "Apex Superspeciality Hospitals", "type": "hospital", "address": "Lokmanya Tilak Road, Beside Punjab & Sind Bank, Babhai Naka, Borivali West, Mumbai"}, "geometry": {"type": "Point", "coordinates": [72.8466, 19.22933]}}, {"type": "Feature", "properties": {"name": "Vivanta Hospital", "type": "hospital", "address": "JP Residency, Vivanta Hospital, Chincholi Bunder, Malad West, Mumbai"}, "geometry": {"type": "Point", "coordinates": [72.83504, 19.16321]}}, {"type": "Feature", "properties": {"name": "Sai Siddhi Hospital", "type": "hospital", "address": "Plot No: 39/D-5, Lokhandwala Complex, Mahada Colony Road, No: 3, Near Auto Stand, Kandivali East, Mumbai"}, "geometry": {"type": "Point", "coordinates": [72.87367, 19.19412]}}, {"type": "Feature", "properties": {"name": "Dr. Sharik's Asha Maternity & General Hospital", "type": "hospital", "address": "Pooja Building, Daftary Road, Malkani Estate, Pushpa Park, Malad East, Mumbai"}, "geometry": {"type": "Point", "coordinates": [72.85525, 19.18892]}}, {"type": "Feature", "properties": {"name": "Dr. Monappa Moolya", "type": "doctors", "address": "Kharade Shopping Centre, Near Anupam Theater, Jay Prakash Nagar, Goregaon, Mumbai"}, "geometry": {"type": "Point", "coordinates": [72.85099, 19.16503]}}, {"type": "Feature", "properties": {"name": "Jobanputra Clinic", "type": "clinic", "address": "Balasinor Society, SV Road, Kandivali West, Mumbai"}, "geometry": {"type": "Point", "coordinates": [72.85008, 19.20693]}}, {"type": "Feature", "properties": {"name": "Cloud Nine Children's Hospital", "type": "hospital", "address": "New Link Road, Malad, Sunder Nagar, Malad West, Mumbai"}, "geometry": {"type": "Point", "coordinates": [72.83746, 19.17563]}}, {"type": "Feature", "properties": {"name": "Dr. Nitin Pandit's Family Clinic", "type": "clinic", "address": "Sai Road, Gokuldham Colony, Goregaon, Mumbai"}, "geometry": {"type": "Point", "coordinates": [72.86802, 19.17269]}}, {"type": "Feature", "properties": {"name": "Tanay Clinic", "type": "clinic", "address": "Road Number 2, Unnat Nagar, Goregaon West, Mumbai"}, "geometry": {"type": "Point", "coordinates": [72.84404, 19.1675]}}, {"type": "Feature", "properties": {"name": "Dr. Nirmal Clinic", "type": "clinic", "address": "Yashodham, Goregaon, Mumbai"}, "geometry": {"type": "Point", "coordinates": [72.86711, 19.17407]}}, {"type": "Feature", "properties": {"name": "Shishubharti Hospital;Nandini Hospital", "type": "hospital", "address": "Gopalpuri Cooperative Housing Society, Swami Vivekananda Marg, Nehru Nagar, Daulat Nagar, Borivali East, Mumbai;S.V.Road, Above Uma Hotel, Pannalal Nagar, Borivali East, Mumbai"}, "geometry": {"type": "Point", "coordinates": [72.85829, 19.23467]}}, {"type": "Feature", "properties": {"name": "L. M Patel Eye Hospital", "type": "hospital", "address": "SV Road, Malad, Vijaykar Wadi, Malad West, Mumbai"}, "geometry": {"type": "Point", "coordinates": [72.84674, 19.18167]}}, {"type": "Feature", "properties": {"name": "Shree Sai Clinic", "type": "clinic", "address": "Valentine Apartments, Pimpripada Road, Near Hanuman Temple, Malad East, Mumbai"}, "geometry": {"type": "Point", "coordinates": [72.86945, 19.17808]}}, {"type": "Feature", "properties": {"name": "Indira Clinic", "type": "clinic", "address": "Vaibhav Shopping Center, General Arun Kumar Vaidya Marg, Nagari Niwara Parishad, Azad Nagar, Goregaon, Mumbai"}, "geometry": {"type": "Point", "coordinates": [72.8779, 19.17602]}}, {"type": "Feature", "properties": {"name": "Ganatra's Riddhi Nursing Home", "type": "hospital", "address": "Next to Ganesh Mandir & Near Bank Of Baroda, Gorai Nagar, Borivali West, Mumbai"}, "geometry": {"type": "Point", "coordinates": [72.84012, 19.23123]}}, {"type": "Feature", "properties": {"name": "Omkareshwar Nursing Home", "type": "hospital", "address": "Riddhi Siddhi Complex, Near Sukurwadi S.T Depot, M.G Road, Borivali East, Mumbai"}, "geometry": {"type": "Point", "coordinates": [72.8612, 19.23164]}}, {"type": "Feature", "properties": {"name": "MIB Super Speciality Hospital", "type": "hospital", "address": "Vini Elegance, Lokmanya Tilak Road, Borivali West, Above Tanishq, Mumbai"}, "geometry": {"type": "Point", "coordinates": [72.85233, 19.2285]}}, {"type": "Feature", "properties": {"name": "Radha Krishna Hospital", "type": "hospital", "address": "Building D-2, Satellite Gardens-2, Film City Road, Near Hanuman Nagar, Goregaon, Mumbai"}, "geometry": {"type": "Point", "coordinates": [72.87393, 19.17255]}}, {"type": "Feature", "properties": {"name": "Pristine Eye Clinic", "type": "clinic", "address": "Chaitanya Residency, Road Number 2, Jay Prakash Nagar, Goregaon, Mumbai"}, "geometry": {"type": "Point", "coordinates": [72.85287, 19.16357]}}, {"type": "Feature", "properties": {"name": "Dr. Rajiv S Tungare", "type": "doctors", "address": "Gulmohar Apartment, Goregaon East, Opp. Anupam Cinema, Mumbai"}, "geometry": {"type": "Point", "coordinates": [72.85056, 19.1661]}}, {"type": "Feature", "properties": {"name": "Soham Clinic", "type": "clinic", "address": "Unnat Nagar Road, Number 2, Next to Filmistan Studio, Unnat Nagar, Goregaon West, Mumbai"}, "geometry": {"type": "Point", "coordinates": [72.84521, 19.16603]}}, {"type": "Feature", "properties": {"name": "Gala Clinic", "type": "clinic", "address": "Shop No.4, Om Sagar Building, Chandavarkar Road, Mumbai"}, "geometry": {"type": "Point", "coordinates": [72.84947, 19.23057]}}, {"type": "Feature", "properties": {"name": "Jain Hospital", "type": "hospital", "address": "Mahatma Gandhi Road, Opposite Rosary Church, Goregaon West, Mumbai"}, "geometry": {"type": "Point", "coordinates": [72.83772, 19.16361]}}, {"type": "Feature", "properties": {"name": "The Children's Hospital Mumbai - Best child specialist in Mumbai", "type": "hospital", "address": "Shweta Building, New Link Road, Khandelwal Layout, Kanchpada, Malad West, Mumbai"}, "geometry": {"type": "Point", "coordinates": [72.83491, 19.19039]}}, {"type": "Feature", "properties": {"name": "Punit Orthopaedic Hospital", "type": "hospital", "address": "Swami Vivekanand Road, Jai Punit Nagar, Borivali West, Mumbai"}, "geometry": {"type": "Point", "coordinates": [72.85083, 19.21613]}}, {"type": "Feature", "properties": {"name": "Bittoo Clinic", "type": "clinic", "address": "Shop No. 5, Tapovan - B, Pathanwadi Road, Malad, Tapovan Housing Complex, Pathan Wadi, Malad East, Mumbai"}, "geometry": {"type": "Point", "coordinates": [72.85975, 19.18002]}}, {"type": "Feature", "properties": {"name": "Matushree Gomati Hospital", "type": "hospital", "address": "L.T. Nagar, 4th Lane, Mahatma Gandhi Road, Goregaon West, Mumbai"}, "geometry": {"type": "Point", "coordinates": [72.84018, 19.16123]}}, {"type": "Feature", "properties": {"name": "Thunga Hospital", "type": "hospital", "address": "Goraswadi Road, Opp. Nirman Hitech Diagnostics, Malad West, Mumbai"}, "geometry": {"type": "Point", "coordinates": [72.8462, 19.19524]}}, {"type": "Feature", "properties": {"name": "Quest Multispeciality Clinic", "type": "clinic", "address": "General Arun Kumar Vaidya Marg, Opp. Heena Gaurav Jewels, Malad, Dindoshi, Mumbai"}, "geometry": {"type": "Point", "coordinates": [72.87083, 19.17575]}}, {"type": "Feature", "properties": {"name": "Krishna Clinic", "type": "clinic", "address": "Wall Bhatt Road, ST Yadav Road, Ganesh Nagar, Cama Industrial Estate, Goregaon, Mumbai"}, "geometry": {"type": "Point", "coordinates": [72.85582, 19.15934]}}, {"type": "Feature", "properties": {"name": "Dattatray Clinic", "type": "clinic", "address": "A.K. Vaidya Marg, Maha Nagar Palika Vasahat, BMC Colony, Dindoshi, Goregaon, Mumbai"}, "geometry": {"type": "Point", "coordinates": [72.87763, 19.17121]}}, {"type": "Feature", "properties": {"name": "Hospital Vedant", "type": "hospital", "emergency": "yes", "address": "Nagri Niwara Cooperative Housing Society, Goregaon, Mumbai"}, "geometry": {"type": "Point", "coordinates": [72.87785, 19.17512]}}, {"type": "Feature", "properties": {"name": "Sai Care Clinic", "type": "clinic", "address": "Sidhgiri Co-Operative Housing Society, Charkop, Sector 4, Kandivali West, Mumbai"}, "geometry": {"type": "Point", "coordinates": [72.83284, 19.22166]}}, {"type": "Feature", "properties": {"name": "Lodha Clinic", "type": "clinic", "address": "Vasudev Bhavan, Pannalal Ghosh Marg, Somwari Bazar, Malad West, Mumbai"}, "geometry": {"type": "Point", "coordinates": [72.84175, 19.18331]}}, {"type": "Feature", "properties": {"name": "New Nari Hospital", "type": "hospital", "address": "Pathanwadi Road, Malad, Tapovan Housing Complex, Pathan Wadi, Malad East, Mumbai"}, "geometry": {"type": "Point", "coordinates": [72.86068, 19.1795]}}, {"type": "Feature", "properties": {"name": "Om Sai Hospital", "type": "hospital", "address": "Sodawala Line, CKP Colony, Borivali West, Mumbai"}, "geometry": {"type": "Point", "coordinates": [72.84974, 19.23227]}}, {"type": "Feature", "properties": {"name": "Sage Hospital", "type": "hospital", "address": "Rustomjee Elanza, Ground Floor, Aditya Heritage, Industrial Society, Chincholi Bunder Road, Ram Nagar, Malad West, Mumbai"}, "geometry": {"type": "Point", "coordinates": [72.83385, 19.17549]}}, {"type": "Feature", "properties": {"name": "Ashok Hospital", "type": "hospital", "address": "Panorama Park, Ground Floor, Ashok Van, Dahisar East, Mumbai"}, "geometry": {"type": "Point", "coordinates": [72.86595, 19.24327]}}, {"type": "Feature", "properties": {"name": "Balajee Hospital", "type": "hospital", "address": "Rani Sati Marg, Near Passport Office, Malad East, Mumbai"}, "geometry": {"type": "Point", "coordinates": [72.85672, 19.18272]}}, {"type": "Feature", "properties": {"name": "Shree Ganesha Hospital", "type": "hospital", "address": "Bina Apart, Lokmanya Tilak Road, Near Damodar Medical, Vazira, Borivali West, Mumbai"}, "geometry": {"type": "Point", "coordinates": [72.84594, 19.2282]}}, {"type": "Feature", "properties": {"name": "Neerja Children's Hospital", "type": "hospital", "address": "Sardar Vallabhbhai Patel Road, Near Bhagwati Hospital, Borivali West, Mumbai"}, "geometry": {"type": "Point", "coordinates": [72.85454, 19.23916]}}, {"type": "Feature", "properties": {"name": "Dr. Sabnis Hospital", "type": "hospital", "address": "Naikwadi Road, Naik Wadi, Churi Wadi, Goregaon, Mumbai"}, "geometry": {"type": "Point", "coordinates": [72.85136, 19.16712]}}, {"type": "Feature", "properties": {"name": "Jeevan Jyoti Hospital", "type": "hospital", "address": "Akurli Road, Mira Road, East, MHADA Colony, Lokhandwala Twp, Kandivali East, Mumbai"}, "geometry": {"type": "Point", "coordinates": [72.87433, 19.19453]}}, {"type": "Feature", "properties": {"name": "Sai Kripa Pediatric Hospital", "type": "hospital", "address": "Ovaripada, Borivali East, Mumbai"}, "geometry": {"type": "Point", "coordinates": [72.86364, 19.24223]}}, {"type": "Feature", "properties": {"name": "Chiranjeev Childrens Hospital", "type": "hospital", "address": "D Wing, Ground Floor, Panorama Park, Shiv Vallabh Road, Ashok Van, Mumbai"}, "geometry": {"type": "Point", "coordinates": [72.86593, 19.2432]}}, {"type": "Feature", "properties": {"name": "Kamal Jyoti Clinic", "type": "clinic", "address": "Santosh Nagar, NNP, Municipal Colony, Sector B, Goregaon, Mumbai"}, "geometry": {"type": "Point", "coordinates": [72.87932, 19.17279]}}, {"type": "Feature", "properties": {"name": "Apex Multispeciality Hospitals", "type": "hospital", "address": "Dattapada Road, Next to Suswagat Restaurant, Borivali East, Mumbai"}, "geometry": {"type": "Point", "coordinates": [72.86286, 19.22042]}}, {"type": "Feature", "properties": {"name": "Gosalia Hospital", "type": "hospital", "address": "Janet Castle, Opp St Joseph School, Marve Road, Orlem, Mumbai"}, "geometry": {"type": "Point", "coordinates": [72.83643, 19.19554]}}, {"type": "Feature", "properties": {"name": "Aastha Maternity", "type": "hospital", "address": "Bhoomi Residency, Next to Triveni Nagar, Kurar Village, Malad East, Mumbai"}, "geometry": {"type": "Point", "coordinates": [72.86433, 19.18141]}}, {"type": "Feature", "properties": {"name": "Shree Clinic", "type": "clinic", "address": "5B, Shree Niketan, Pandurang Wadi Road, Number 1, Pandurang Wadi, Goregaon, Mumbai"}, "geometry": {"type": "Point", "coordinates": [72.8498, 19.16998]}}, {"type": "Feature", "properties": {"name": "Shree Ram Shyam Clinic", "type": "clinic", "address": "Malad, Laxman Nagar, Kurar Village, Malad East, Mumbai"}, "geometry": {"type": "Point", "coordinates": [72.86583, 19.18565]}}, {"type": "Feature", "properties": {"name": "Dalvi Hospital", "type": "hospital", "address": "Vijaykar Wadi, Kandivali West, Mumbai"}, "geometry": {"type": "Point", "coordinates": [72.84983, 19.20415]}}, {"type": "Feature", "properties": {"name": "Dr. Patil's IVF and Fertility Clinic", "type": "clinic", "address": "Unnat Nagar Road, Number 1, Yashwant Nagar, Goregaon West, Mumbai"}, "geometry": {"type": "Point", "coordinates": [72.84375, 19.16723]}}, {"type": "Feature", "properties": {"name": "Navjivan Hospital", "type": "hospital", "emergency": "yes", "address": "Building No. 3, Block A, Saibaba Mandir Marg, Shastri Nagar, Borivali West, Mumbai"}, "geometry": {"type": "Point", "coordinates": [72.85011, 19.21743]}}, {"type": "Feature", "properties": {"name": "Trauma Hospital", "type": "hospital", "address": "Sonawala Industry Estate, Goregaon, Mumbai"}, "geometry": {"type": "Point", "coordinates": [72.85624, 19.16043]}}, {"type": "Feature", "properties": {"name": "Dr. Mrs. Shaila Pailoor", "type": "doctors", "address": "Rashi Tower, Next To Ryan International School, Gokuldham Colony, Goregaon, Mumbai"}, "geometry": {"type": "Point", "coordinates": [72.87192, 19.17224]}}, {"type": "Feature", "properties": {"name": "Anand Nursing Home", "type": "hospital", "address": "SV Road, Mhatre Wadi, Borivali West, Mumbai"}, "geometry": {"type": "Point", "coordinates": [72.855, 19.22516]}}, {"type": "Feature", "properties": {"name": "Vidya Hospital", "type": "hospital", "address": "Shop No. 21, Heena Gaurav Jewels, Gokuldam Market, General AK Vaidya Marg, Film City Road, Mumbai"}, "geometry": {"type": "Point", "coordinates": [72.87069, 19.17513]}}, {"type": "Feature", "properties": {"name": "Anash Clinic", "type": "clinic", "address": "GAKV Marg, IGIDR, Nagri Niwara Cooperative Housing Society, Goregaon, Mumbai"}, "geometry": {"type": "Point", "coordinates": [72.88003, 19.1688]}}, {"type": "Feature", "properties": {"name": "Dr. Bhatt's Hospital", "type": "hospital", "address": "Hirnen Shopping Centre, Mahatma Gandhi Road, Goregaon West, Mumbai"}, "geometry": {"type": "Point", "coordinates": [72.84531, 19.16324]}}, {"type": "Feature", "properties": {"name": "Dr. Fulia's Homoeopathic Clinic", "type": "clinic", "address": "Opp Lifeline Hospital, Near Gokuldham Temple, Dindoshi, Goregaon, Mumbai"}, "geometry": {"type": "Point", "coordinates": [72.86824, 19.17209]}}, {"type": "Feature", "properties": {"name": "Shree Sai Clinic", "type": "clinic", "address": "Padmavati Building, Unnat Nagar Road, Number 2, Near Patkar College, Unnat Nagar, Goregaon West, Mumbai"}, "geometry": {"type": "Point", "coordinates": [72.84475, 19.16831]}}, {"type": "Feature", "properties": {"name": "Dr. Sudhir Patil Sai Siddhi Clinic", "type": "hospital", "address": "Muncipal Colony, General Arun Kumar Vaidya Marg, Santosh Nagar, Sector B, Goregaon, Mumbai"}, "geometry": {"type": "Point", "coordinates": [72.87847, 19.17078]}}, {"type": "Feature", "properties": {"name": "Glint Clinic", "type": "clinic", "address": "202, Accord Towers, Near Station, Goregaon E, Goregaon, Mumbai"}, "geometry": {"type": "Point", "coordinates": [72.85062, 19.16516]}}, {"type": "Feature", "properties": {"name": "Usha Maternity Home", "type": "hospital", "address": "Paradise Building, Shantilal Modi Road, Kandivali West, Mumbai"}, "geometry": {"type": "Point", "coordinates": [72.84738, 19.20097]}}, {"type": "Feature", "properties": {"name": "Namaha Hospital", "type": "hospital", "address": "S V Road, Kandivali West, Mumbai"}, "geometry": {"type": "Point", "coordinates": [72.84844, 19.1979]}}, {"type": "Feature", "properties": {"name": "Shree Siddhivinayak Clinic", "type": "clinic", "address": "SV Road, Film City Road, Shree Krishna Nagar, Laxmi Nagar, Shivdarshan Nagar, Goregaon, Mumbai"}, "geometry": {"type": "Point", "coordinates": [72.87784, 19.16951]}}, {"type": "Feature", "properties": {"name": "Choksi Nursing Home", "type": "hospital", "address": "Marve Road, Adarsh Nagar, Malad West, Opposite Nutan School, Mumbai"}, "geometry": {"type": "Point", "coordinates": [72.84435, 19.19143]}}, {"type": "Feature", "properties": {"name": "Sai Clinic and Day Care Centre", "type": "clinic", "address": "Chitrawani Building, A Wing, Pimpripada Road, Malad, Pimpripada, Malad East, Mumbai"}, "geometry": {"type": "Point", "coordinates": [72.87113, 19.17934]}}, {"type": "Feature", "properties": {"name": "Meeti Lifeline Hospital", "type": "hospital", "address": "Rustomjee Complex, Jaywant Savant Road, Near Rustomjee School, Dahisar West, Mumbai"}, "geometry": {"type": "Point", "coordinates": [72.85735, 19.24292]}}, {"type": "Feature", "properties": {"name": "Evershine Ortho & Surgical Hospital", "type": "hospital", "address": "21/22, Blue Haven, New Link Road, Evershine Nagar, Malad West, Mumbai"}, "geometry": {"type": "Point", "coordinates": [72.83406, 19.1929]}}, {"type": "Feature", "properties": {"name": "Aashapuri Hospital", "type": "hospital", "address": "Chamunda Co-Operative Housing Society Ltd, Western Express Highway, Rawalpada, Dahisar East, Mumbai"}, "geometry": {"type": "Point", "coordinates": [72.86656, 19.2495]}}, {"type": "Feature", "properties": {"name": "Sun Hospital", "type": "hospital", "address": "BJ Patel Road, Opp. SNDT college, Near Liberty Garden, Malad, Kanchpada, Mumbai"}, "geometry": {"type": "Point", "coordinates": [72.84634, 19.19051]}}, {"type": "Feature", "properties": {"name": "Savla Hospital", "type": "hospital", "address": "Malad, Navy Colony, Mamledarwadi, Malad West, Mumbai"}, "geometry": {"type": "Point", "coordinates": [72.84503, 19.18438]}}, {"type": "Feature", "properties": {"name": "Shree Clinic", "type": "clinic", "address": "Didoshi BMC Colony, Santosh Nagar, Goregaon, Mumbai"}, "geometry": {"type": "Point", "coordinates": [72.8769, 19.17274]}}, {"type": "Feature", "properties": {"name": "Vardann Multi Speciality Hospital", "type": "hospital", "address": "Arch Gold Apartment, S.V.Road, Poisar, Next to Telephone Exchange, Mumbai"}, "geometry": {"type": "Point", "coordinates": [72.8516, 19.2117]}}, {"type": "Feature", "properties": {"name": "Chandra Maternity Hospital", "type": "hospital", "address": "Shanti, I C Colony, Borivali West, Mumbai"}, "geometry": {"type": "Point", "coordinates": [72.85076, 19.24591]}}, {"type": "Feature", "properties": {"name": "Lotus Eye Hospital", "type": "hospital", "address": "Bus Terminus, North South Road, Opp Juhu, Vithal Nagar, Juhu, Mumbai"}, "geometry": {"type": "Point", "coordinates": [72.82763, 19.10982]}}, {"type": "Feature", "properties": {"name": "Dr. Ashfaque Shah's City Hospital", "type": "hospital", "address": "Sonapur Road, New Gautam Nagar, Govandi East, Mumbai"}, "geometry": {"type": "Point", "coordinates": [72.91699, 19.06058]}}, {"type": "Feature", "properties": {"name": "Dr. F. F. Pardiwala", "type": "clinic", "address": "Maheshwari Nagar,'J' Building, Shop No.7, Kondivita Road, Andheri East, Mumbai"}, "geometry": {"type": "Point", "coordinates": [72.8729, 19.11683]}}, {"type": "Feature", "properties": {"name": "Upadhya Clinic", "type": "clinic", "address": "Sai Baba Mandir, Adarsh Nagar, Opposite Aarey Colony, Goregaon, Mumbai"}, "geometry": {"type": "Point", "coordinates": [72.88269, 19.15021]}}, {"type": "Feature", "properties": {"name": "Dadasaheb Gaikwad BMC Hospital", "type": "hospital", "address": "Eastern Express Highway, Ramabai Ambedkar Nagar, Mumbai"}, "geometry": {"type": "Point", "coordinates": [72.91527, 19.07639]}}, {"type": "Feature", "properties": {"name": "Medicare Hospital", "type": "hospital", "address": "Near Petrol Pump, Marol Naka, Andheri Kurla Road, Andheri East, Mumbai"}, "geometry": {"type": "Point", "coordinates": [72.87774, 19.10845]}}, {"type": "Feature", "properties": {"name": "Chandra Maternity Hospital", "type": "hospital", "address": "Door No. 10, 1, Mahul Road, Laxmi Colony, Tolaram Colony, Chembur, Mumbai"}, "geometry": {"type": "Point", "coordinates": [72.89417, 19.04225]}}, {"type": "Feature", "properties": {"name": "CritiCare Hospital", "type": "hospital", "address": "Besides SBI, Telli Galli, Andheri East, Mumbai"}, "geometry": {"type": "Point", "coordinates": [72.85055, 19.11808]}}, {"type": "Feature", "properties": {"name": "Vikas Fracture Clinic and Nursing Home", "type": "clinic", "address": "Opp. Bank of Baroda, Rajawadi Colony, Ghatkopar East, Mumbai"}, "geometry": {"type": "Point", "coordinates": [72.9029, 19.07921]}}, {"type": "Feature", "properties": {"name": "Dr. Sanjanwala Hospital", "type": "hospital", "address": "G B Indulkar Road, Vishnu Prasad Society, Navpada, Vile Parle East, Mumbai"}, "geometry": {"type": "Point", "coordinates": [72.84812, 19.1055]}}, {"type": "Feature", "properties": {"name": "Revati Clinic", "type": "clinic", "address": "Indira Nagar Road, Indira Nagar, Jogeshwari East, Mumbai"}, "geometry": {"type": "Point", "coordinates": [72.8641, 19.13375]}}, {"type": "Feature", "properties": {"name": "Mrudula Hospital", "type": "hospital", "address": "MD Kini Road, Nahur, Friends Colony, Bhandup East, Mumbai"}, "geometry": {"type": "Point", "coordinates": [72.9459, 19.15174]}}, {"type": "Feature", "properties": {"name": "Dr. Jayant P Gandhi", "type": "doctors", "address": "Modi Niwas, Opp Standard Chartered Bank, S. V. Road, Santacruz, West Mumbai"}, "geometry": {"type": "Point", "coordinates": [72.83832, 19.08425]}}, {"type": "Feature", "properties": {"name": "Shifa Clinic", "type": "clinic", "address": "G - Block, Station Road, Opposite Janshakti Police Chowki, Saraswati Baug, Meghwadi, Prem Nagar, Jogeshwari East, Mumbai"}, "geometry": {"type": "Point", "coordinates": [72.85923, 19.1355]}}, {"type": "Feature", "properties": {"name": "Dr. Rajiv R. Bhanse Clinic", "type": "clinic", "address": "Ganesh Nagar, Goregaon, Mumbai"}, "geometry": {"type": "Point", "coordinates": [72.87525, 19.13896]}}, {"type": "Feature", "properties": {"name": "Sona Maternity and Surgical Nursing Home", "type": "hospital", "address": "Kirol Gaon, Ramabai Ambedkar Nagar, Mankur, Mumbai"}, "geometry": {"type": "Point", "coordinates": [72.91675, 19.07815]}}, {"type": "Feature", "properties": {"name": "City Hospital", "type": "hospital", "address": "Ripon Apartment, 176, 1st Floor, Tulsi Pipe Road, Mumbai"}, "geometry": {"type": "Point", "coordinates": [72.84313, 19.14332]}}, {"type": "Feature", "properties": {"name": "Subhash Hospital", "type": "hospital", "address": "LBS Road, Bail Bajar, Saki Naka, Mumbai"}, "geometry": {"type": "Point", "coordinates": [72.8817, 19.0827]}}, {"type": "Feature", "properties": {"name": "Lions Club Medical Centre General Hospital", "type": "hospital", "address": "LBS Road, Kurla West, Kurla, Mumbai"}, "geometry": {"type": "Point", "coordinates": [72.87255, 19.06154]}}, {"type": "Feature", "properties": {"name": "Buddh Colony BMC Hospital", "type": "hospital", "address": "88, New Hall Road, Jai Ambika Nagar, Christian Gaon, Kurla West, Mumbai"}, "geometry": {"type": "Point", "coordinates": [72.88272, 19.07979]}}, {"type": "Feature", "properties": {"name": "Shukh Aayu Clinic", "type": "clinic", "address": "Jogeshwari - Vikhroli Link Road, Sariput Nagar, Andheri East, Mumbai"}, "geometry": {"type": "Point", "coordinates": [72.87563, 19.13214]}}, {"type": "Feature", "properties": {"name": "Kohinoor Hospital", "type": "hospital", "address": "513, Linking Road, Khar, Pali Village, Khar West, Mumbai"}, "geometry": {"type": "Point", "coordinates": [72.83514, 19.06467]}}, {"type": "Feature", "properties": {"name": "Keep Fit Clinic", "type": "clinic", "address": "Marzban Society, Shahaji Raje Marg, Vile Parle East, Mumbai"}, "geometry": {"type": "Point", "coordinates": [72.84962, 19.10959]}}, {"type": "Feature", "properties": {"name": "Dr. Deepika Shetty Skin Clinic", "type": "clinic", "address": "Gulmohar Park, JVPD Scheme, Juhu, Mumbai"}, "geometry": {"type": "Point", "coordinates": [72.83258, 19.11626]}}, {"type": "Feature", "properties": {"name": "Matrichhaya Clinic", "type": "clinic", "address": "Sariput Nagar, Jogeshwari Vikroli Link Road, Seepz, Andheri East, Mumbai"}, "geometry": {"type": "Point", "coordinates": [72.8754, 19.13195]}}, {"type": "Feature", "properties": {"name": "Zobiya Hospital Maternity Home", "type": "hospital", "address": "RM House, Khairani Road, Near Jama Masjid, Yadav Nagar, Chandivali, Powai, Mumbai"}, "geometry": {"type": "Point", "coordinates": [72.89315, 19.1073]}}, {"type": "Feature", "properties": {"name": "Diabetes and Wellness Clinic", "type": "clinic", "address": "Gold Cornet Building, Opp. Holy Spirit Hospital, Mahakali Caves Road, Andheri East, Mumbai"}, "geometry": {"type": "Point", "coordinates": [72.86791, 19.12764]}}, {"type": "Feature", "properties": {"name": "Jogeshwari Hospital", "type": "hospital", "address": "Anmol Apartment, Ground Floor, Sankar Road, Jogeshwari West, Mumbai"}, "geometry": {"type": "Point", "coordinates": [72.84462, 19.13588]}}, {"type": "Feature", "properties": {"name": "Dr. Suresh Na. Purandare Clinic", "type": "clinic", "address": "3/14 Sayyed Chawl, Meghwadi, Jogeshwari East, Mumbai"}, "geometry": {"type": "Point", "coordinates": [72.85713, 19.13506]}}, {"type": "Feature", "properties": {"name": "Kankal Hospital Child Specialist", "type": "hospital", "address": "Pestom Sagar Road, Number 2, Chembur West, Asha Nagar, Mumbai"}, "geometry": {"type": "Point", "coordinates": [72.90195, 19.06835]}}, {"type": "Feature", "properties": {"name": "Usha Healthcare Clinic", "type": "clinic", "address": "Building-R-1, Ashirwad CHS, New MMrdA Colony, Near PMGP, Poonam Nagar, Andheri (E), Mumbai"}, "geometry": {"type": "Point", "coordinates": [72.86857, 19.13587]}}, {"type": "Feature", "properties": {"name": "Sapna Maternity and General Hospital", "type": "hospital", "address": "Kherani Road, Nair Wadi, Asalfa, Mumbai"}, "geometry": {"type": "Point", "coordinates": [72.89349, 19.10262]}}, {"type": "Feature", "properties": {"name": "Rathi Clinic", "type": "clinic", "address": "Orchard Mall, Royal Palms Estate, Aarey Colony, Goregaon, Mumbai"}, "geometry": {"type": "Point", "coordinates": [72.8846, 19.15312]}}, {"type": "Feature", "properties": {"name": "Dr. Chhajed Surgerical & Maternity Hospital", "type": "hospital", "address": "Ram Niwas Mohili Village, Saki Naka, Mumbai"}, "geometry": {"type": "Point", "coordinates": [72.89146, 19.10238]}}, {"type": "Feature", "properties": {"name": "Sai Hospital", "type": "hospital", "address": "Vikas Building Shree Chambers, Ganesh Co-operative Housing LTD, Sion - Trombay Road, Sindhi Society, Chembur, Mumbai"}, "geometry": {"type": "Point", "coordinates": [72.89136, 19.05445]}}, {"type": "Feature", "properties": {"name": "Muskaan Hospital", "type": "hospital", "address": "Opposite Quality Bakery, Near Shalimar Hotel, Swadeshi Mills Road, Kurla West, Kurla, Mumbai"}, "geometry": {"type": "Point", "coordinates": [72.88041, 19.07837]}}, {"type": "Feature", "properties": {"name": "Shree Clinic", "type": "clinic", "address": "Shivneri Vasahat Road, MHB Colony, Kokan Nagar, Shyam Nagar, Jogeshwari East, Mumbai"}, "geometry": {"type": "Point", "coordinates": [72.86523, 19.13413]}}, {"type": "Feature", "properties": {"name": "DNA Hospital", "type": "hospital", "address": "Jogeshwari - Vikhroli Link Road, Anand Nagar, Jogeshwari East, Mumbai"}, "geometry": {"type": "Point", "coordinates": [72.85969, 19.13942]}}, {"type": "Feature", "properties": {"name": "Dr. Alpa Jain Clinic", "type": "clinic", "address": "Dheeraj Garden, Vallabhai Patel Road, MMA Colony, Poonam Vihar, Poonam Nagar, Andheri East, Mumbai"}, "geometry": {"type": "Point", "coordinates": [72.86989, 19.13464]}}, {"type": "Feature", "properties": {"name": "Pasaydan Hospital and Trust", "type": "hospital", "address": "Bhatwadi, Bhim Nagar, Barve Nagar, Ghatkopar West, Mumbai"}, "geometry": {"type": "Point", "coordinates": [72.90387, 19.09292]}}, {"type": "Feature", "properties": {"name": "Amarnath Multidisciplinary Children's Hospital", "type": "hospital", "address": "Baman Apartment, Sion - Trombay Road, Chembur, Mumbai"}, "geometry": {"type": "Point", "coordinates": [72.90605, 19.04924]}}, {"type": "Feature", "properties": {"name": "Cuddles N Care Pediatric Hospital", "type": "hospital", "address": "Blue Fortuna, Military Road, Sankara Nagar, Marol, Andheri East, Mumbai"}, "geometry": {"type": "Point", "coordinates": [72.88419, 19.11734]}}, {"type": "Feature", "properties": {"name": "Habib Hospital", "type": "hospital", "address": "AH Wadia Marg, Old Agra Road, Off, LBS Road, Opp. Shalimar Hotel, Kurla West, Mumbai"}, "geometry": {"type": "Point", "coordinates": [72.8801, 19.07825]}}, {"type": "Feature", "properties": {"name": "Shiv Hospital", "type": "hospital", "address": "Plot No.16, Prem Nivas, Mahul Road, Laxmi Colony, Chembur, Near Ashish Theatre, Mumbai"}, "geometry": {"type": "Point", "coordinates": [72.89409, 19.04119]}}, {"type": "Feature", "properties": {"name": "Ruby Hospital", "type": "hospital", "address": "Seth Govindram Jolly Marg, Group 2, Sona Intp Colony, Tagore Nagar, Vikhroli, Mumbai"}, "geometry": {"type": "Point", "coordinates": [72.9318, 19.1165]}}, {"type": "Feature", "properties": {"name": "RCF Hospital", "type": "hospital", "address": "Behind Ashish Theater, Tolaram Colony, RCF Colony, Chembur, Mumbai"}, "geometry": {"type": "Point", "coordinates": [72.89725, 19.04057]}}, {"type": "Feature", "properties": {"name": "Vatsalya Clinic", "type": "clinic", "address": "Ganga Kesav Building, Hanuman Cross Road, 1 Near Shiv Leela Restaurant, Vile Parle East, Mumbai"}, "geometry": {"type": "Point", "coordinates": [72.8496, 19.10279]}}, {"type": "Feature", "properties": {"name": "Ramuna Clinic", "type": "clinic", "address": "Poonam Vihar Building A Wing, Near Rahul Dairy, Vallabhai Patel Road, Opp. Zodiac Hotel, Poonam Nagar, Jogeshwari East, Mumbai"}, "geometry": {"type": "Point", "coordinates": [72.87013, 19.1376]}}, {"type": "Feature", "properties": {"name": "Uma Hospital", "type": "hospital", "address": "Dosti Building, D'souza Nagar, 90 Feet Road, Mayfair Industrial Area, Sakinaka, Andheri East, Mumbai"}, "geometry": {"type": "Point", "coordinates": [72.88705, 19.09457]}}, {"type": "Feature", "properties": {"name": "Dr. Pragati Ghosalkar Clinic", "type": "clinic", "address": "Mayuresh Cooperation Society, Vallabhai Patel Road, Kokan Nagar, New Mhada Colony, Jogeshwari East, Mumbai"}, "geometry": {"type": "Point", "coordinates": [72.86625, 19.1339]}}, {"type": "Feature", "properties": {"name": "Looks Clinic", "type": "clinic", "address": "Tarapore Gardens, Mhada Colony, Andheri West, Mumbai"}, "geometry": {"type": "Point", "coordinates": [72.82865, 19.14658]}}, {"type": "Feature", "properties": {"name": "Alphine Life Solutions General Hospital", "type": "hospital", "address": "Office No. 701, Trade Center, Bandra Kurla Complex, Opp. MTNL, Bandra (East), Mumbai"}, "geometry": {"type": "Point", "coordinates": [72.87107, 19.07261]}}, {"type": "Feature", "properties": {"name": "Salpra Clinic", "type": "clinic", "address": "Jogeshwari - Vikhroli Link Road, Oberoi Splendor, Jogeshwari East, Mumbai"}, "geometry": {"type": "Point", "coordinates": [72.86592, 19.13968]}}, {"type": "Feature", "properties": {"name": "Nirmal Clinic", "type": "clinic", "address": "Jhula Maidan Road, Saraswati Baug, Bandra Plot, Prem Nagar, Jogeshwari East, Mumbai"}, "geometry": {"type": "Point", "coordinates": [72.85768, 19.13406]}}, {"type": "Feature", "properties": {"name": "Mahavir Hospital", "type": "hospital", "address": "Baji Prabhu Deshpande Road, Govandi West, Phase 1, Shivaji Nagar, Mumbai"}, "geometry": {"type": "Point", "coordinates": [72.9198, 19.06321]}}, {"type": "Feature", "properties": {"name": "Dr. Gujar and Doctor Pandey", "type": "doctors", "address": "Ram Hajare Marg, Bagrat Nagar, Tagore Nagar, Vikhroli, Mumbai"}, "geometry": {"type": "Point", "coordinates": [72.9325, 19.11236]}}, {"type": "Feature", "properties": {"name": "Mangal Multispeciality Hospital", "type": "hospital", "address": "Harihar Niwas, Besant Road, Santacruz West, Mumbai"}, "geometry": {"type": "Point", "coordinates": [72.8395, 19.08347]}}, {"type": "Feature", "properties": {"name": "SRV Hospital", "type": "hospital", "address": "Kamal Charan Building, 180, Road Number 2, Jawahar Nagar, Goregaon West, Mumbai"}, "geometry": {"type": "Point", "coordinates": [72.84923, 19.15899]}}, {"type": "Feature", "properties": {"name": "Suvidha Hospital & PolyClinic", "type": "hospital", "address": "Jawahar Nagar, Goregaon West, Mumbai"}, "geometry": {"type": "Point", "coordinates": [72.84666, 19.15663]}}, {"type": "Feature", "properties": {"name": "Dr. Wagh Maternity Hospital", "type": "hospital", "address": "Chittaranjan Road, Satsang CHSL, Navpada, Park Road, Vile Parle, Mumbai"}, "geometry": {"type": "Point", "coordinates": [72.849, 19.10167]}}, {"type": "Feature", "properties": {"name": "Santrupti Hospital", "type": "hospital", "address": "Flat No.5/6 Sheetal Building, Narayan Nagar, Chunabhatti East, Mumbai"}, "geometry": {"type": "Point", "coordinates": [72.87681, 19.05323]}}, {"type": "Feature", "properties": {"name": "Naval Hospital", "type": "hospital", "address": "Dockyard Goi Employees, N C H Colony, Kanjurmarg West, Bhandup West, Mumbai"}, "geometry": {"type": "Point", "coordinates": [72.92548, 19.13245]}}, {"type": "Feature", "properties": {"name": "Sunridges Speciality Hospital", "type": "hospital", "address": "V. L Vaikunthlal Mehta Road, JVPD Scheme, Vile Parle"}, "geometry": {"type": "Point", "coordinates": [72.83486, 19.10322]}}, {"type": "Feature", "properties": {"name": "Masoom Child Hospital", "type": "hospital", "address": "New Dwarkapuri Building, LBS Road, Next To Subiksha, Christian Gaon, Kurla, Mumbai"}, "geometry": {"type": "Point", "coordinates": [72.88211, 19.08184]}}, {"type": "Feature", "properties": {"name": "Balthakra Sahara Jogeshwari Hospital", "type": "hospital", "address": "Caves Road, Janta Nagar, Gandhi Nagar Society, Harijan Nagar Nagar, Jogeshwari East, Mumbai"}, "geometry": {"type": "Point", "coordinates": [72.85646, 19.13692]}}, {"type": "Feature", "properties": {"name": "Sparsh Poly Clinic", "type": "clinic", "address": "Diamond 4, Royal Palms, Aarey Colony, Goregaon, Mumbai"}, "geometry": {"type": "Point", "coordinates": [72.88545, 19.15452]}}, {"type": "Feature", "properties": {"name": "Zen Multi Speciality Hospital", "type": "hospital", "address": "Plot No 425, 10th Road, Near Sandu Garden, Chembur Gaothan, Chembur, Mumbai"}, "geometry": {"type": "Point", "coordinates": [72.89697, 19.05593]}}, {"type": "Feature", "properties": {"name": "Shrimati Diwaliben Mohanlal Mehta Maa Sarvasadharan Rugnalay Hospital", "type": "hospital", "address": "Postal Colony Road, Chembur East, Postal Colony, Mumbai"}, "geometry": {"type": "Point", "coordinates": [72.89672, 19.06199]}}, {"type": "Feature", "properties": {"name": "Ruby Hospital", "type": "hospital", "address": "Sufi Sayed Kamal Ahmed Marg, Khoja Society, Vaishali Nagar, Jogeshwari, Mumbai"}, "geometry": {"type": "Point", "coordinates": [72.84311, 19.14477]}}, {"type": "Feature", "properties": {"name": "Dr. Neeta Sanghvi Homeopathy Clinic", "type": "clinic", "address": "Lokhandwala Complex Market, Lokhandwala Complex, Andheri West, Mumbai"}, "geometry": {"type": "Point", "coordinates": [72.8239, 19.14469]}}, {"type": "Feature", "properties": {"name": "Chandra Hospital", "type": "hospital", "address": "9-1, Laxmi Colony, Tolaram Colony, RCF Colony, Chembur, Mumbai"}, "geometry": {"type": "Point", "coordinates": [72.89474, 19.04138]}}, {"type": "Feature", "properties": {"name": "Noor Nursing Home", "type": "hospital", "address": "Mathra Apartment, Swami Vivekanand Marg, Beside Jain Mandir, Jogeshwari, Mumbai"}, "geometry": {"type": "Point", "coordinates": [72.84264, 19.14371]}}, {"type": "Feature", "properties": {"name": "Shree Hospital", "type": "hospital", "address": "Near Station, Ambedkar Garden, 19th Road, D Marg, Chembur, Mumbai"}, "geometry": {"type": "Point", "coordinates": [72.9001, 19.06053]}}, {"type": "Feature", "properties": {"name": "Prathamesh Hospital", "type": "hospital", "address": "Akansha Building, VN Purav Marg, Opp. Muncipal Hospital, Chunabhatti, Mumbai"}, "geometry": {"type": "Point", "coordinates": [72.87496, 19.05277]}}, {"type": "Feature", "properties": {"name": "Dr. Dev Clinic", "type": "clinic", "address": "Dawood Baug Road, Fish Market Area, Navneeth Colony, Andheri West, Mumbai"}, "geometry": {"type": "Point", "coordinates": [72.84468, 19.12379]}}, {"type": "Feature", "properties": {"name": "Mrudupal Clinic", "type": "clinic", "address": "Meghwadi, Indira Nagar, Jogeshwari East, Mumbai"}, "geometry": {"type": "Point", "coordinates": [72.86066, 19.13527]}}, {"type": "Feature", "properties": {"name": "Central Hospital & Child Care Centre", "type": "hospital", "address": "Behind Sakinaka Telephone Exchange, Safed Pul, Saki Naka, Mumbai"}, "geometry": {"type": "Point", "coordinates": [72.883, 19.1003]}}, {"type": "Feature", "properties": {"name": "People's Clinic & Vaccinations Centre", "type": "clinic", "address": "Shiv Shakti Nagar, Raje Shivaji Nagar, Marol, Andheri East, Mumbai"}, "geometry": {"type": "Point", "coordinates": [72.89005, 19.12262]}}, {"type": "Feature", "properties": {"name": "Apex Multi Speciality Hospital", "type": "hospital", "address": "Raza Estate, Opp BMC School, Andheri Ghatkopar Link Road, Andheri East, Mumbai"}, "geometry": {"type": "Point", "coordinates": [72.89165, 19.09949]}}, {"type": "Feature", "properties": {"name": "Mohili Village Municipal Hospital", "type": "hospital", "address": "Sir Mathuradas Vasanji Road, Lokmanya Tilak Nagar, Saki Naka, Mumbai"}, "geometry": {"type": "Point", "coordinates": [72.89214, 19.09792]}}, {"type": "Feature", "properties": {"name": "Singh Poly Clinic", "type": "clinic", "address": "110 A Wing Orchard Road, Mall Royal Palm Aarey Colony, Goregaon E"}, "geometry": {"type": "Point", "coordinates": [72.88429, 19.15277]}}, {"type": "Feature", "properties": {"name": "Shalyak Hospital", "type": "hospital", "address": "S. K. Apartment, Building, 2, 10, Dalwal Compound Gumpha Road, Near Police Station, Bandrekar Wadi, Jogeshwari East, Mumbai"}, "geometry": {"type": "Point", "coordinates": [72.85415, 19.13729]}}, {"type": "Feature", "properties": {"name": "Hajari Hospital", "type": "hospital", "address": "Bin Apartment, Natwar Nagar, Mogra Village, Jogeshwari East, Near Bhandari Bank, Mumbai"}, "geometry": {"type": "Point", "coordinates": [72.85301, 19.12954]}}, {"type": "Feature", "properties": {"name": "Fathima Children Hospital & Criticare Centre", "type": "hospital", "address": "Dreamland Apartments, 1st, Govindji Shroff Marg, Vaishali Nagar, Jogeshwari, Mumbai"}, "geometry": {"type": "Point", "coordinates": [72.84365, 19.14505]}}, {"type": "Feature", "properties": {"name": "Devaki Hospital", "type": "hospital", "address": "Quarry Road, Bhandup, JM Nagar, Ganesh Nagar, Bhandup West, Mumbai"}, "geometry": {"type": "Point", "coordinates": [72.92836, 19.1404]}}, {"type": "Feature", "properties": {"name": "Asmira Hospital", "type": "hospital", "address": "Khairani Road, Ansa Industrial Estate, Chandivali, Asalpha, Mumbai"}, "geometry": {"type": "Point", "coordinates": [72.89208, 19.10707]}}, {"type": "Feature", "properties": {"name": "Shashikant Hospital", "type": "hospital", "address": "B, 82, 72, Govandi Station Road, Deonar, Chembur, Mumbai"}, "geometry": {"type": "Point", "coordinates": [72.90148, 19.06197]}}, {"type": "Feature", "properties": {"name": "Shrenik Hospital and Maternity House", "type": "hospital", "address": "Bhandup Station Road, Bhandup, Dina Bama Estate, Bhandup West, Mumbai"}, "geometry": {"type": "Point", "coordinates": [72.93706, 19.14381]}}, {"type": "Feature", "properties": {"name": "Jeevan Jyot Hospital and Nursing Home", "type": "hospital", "address": "Shivaji Nagar, Govandi West, Phase 1, Shivaji Nagar, Mumbai"}, "geometry": {"type": "Point", "coordinates": [72.91996, 19.06368]}}, {"type": "Feature", "properties": {"name": "Dr. Sanjay Shah Hospital", "type": "hospital", "address": "Khemraj Srikrishna Das Marg, Grant Road, Khetwadi, Girgaon, Mumbai"}, "geometry": {"type": "Point", "coordinates": [72.82386, 18.95919]}}, {"type": "Feature", "properties": {"name": "Suryakant Wagal Maternity Hospital", "type": "hospital", "address": "Zaobawadi Road, Marine Lines East, Thakurdwar, Kalbadevi, Mumbai"}, "geometry": {"type": "Point", "coordinates": [72.82365, 18.95139]}}, {"type": "Feature", "properties": {"name": "Dr. Khatri's Hina Clinic", "type": "clinic", "address": "Municipal Chawl Number 601, 104-A, Wadala Sewri Cross Road, Madhav Nagar, Wadala, Mumbai"}, "geometry": {"type": "Point", "coordinates": [72.8547, 19.00658]}}, {"type": "Feature", "properties": {"name": "Zarah Medical & Comestic Skin Clinic", "type": "clinic", "address": "10, Bomanji Petit Marg, Cumballa Hill, Mumbai"}, "geometry": {"type": "Point", "coordinates": [72.80538, 18.96709]}}, {"type": "Feature", "properties": {"name": "Matoshree Clinic", "type": "clinic", "address": "Bhoiwada Samshan Bhoomi Road, New Police Lines, Wadala, Mumbai"}, "geometry": {"type": "Point", "coordinates": [72.8511, 19.00554]}}, {"type": "Feature", "properties": {"name": "Gorai Naka Nalasopara Zoya Hospital", "type": "hospital", "address": "R K Madani Building, Babasaheb Ambedkar Nagar, Mumbai"}, "geometry": {"type": "Point", "coordinates": [72.83506, 19.01245]}}, {"type": "Feature", "properties": {"name": "Kalajot Hospital", "type": "hospital", "address": "Devidas Mansion, 4, Behind Taj Hotel, Apollo Bandar, Colaba, Mumbai"}, "geometry": {"type": "Point", "coordinates": [72.83281, 18.92304]}}, {"type": "Feature", "properties": {"name": "Family Clinic", "type": "clinic", "address": "R-9, New Navy Nagar, Colaba, Mumbai"}, "geometry": {"type": "Point", "coordinates": [72.81069, 18.91196]}}, {"type": "Feature", "properties": {"name": "Dr. Nitin Gupta ENT Specialist", "type": "doctors", "address": "Bhatia Hospital, Tardeo Road, Grant Road, West Grant Road, (W), Tardeo, Mumbai"}, "geometry": {"type": "Point", "coordinates": [72.81419, 18.96455]}}, {"type": "Feature", "properties": {"name": "Anand Niketan Hospital", "type": "hospital", "address": "20, Dr E Moses Road, Gandhi Nagar, Upper Worli, Lower Parel, Mumbai"}, "geometry": {"type": "Point", "coordinates": [72.82304, 18.98878]}}, {"type": "Feature", "properties": {"name": "Desa's Hospital", "type": "hospital", "address": "Dadyseth Road, Opp Bombay Garage, Chowpatty, Mumbai"}, "geometry": {"type": "Point", "coordinates": [72.80769, 18.956]}}, {"type": "Feature", "properties": {"name": "Malpani Infertility Clinic", "type": "clinic", "address": "Jamuna Sagar, Azad Nagar, Colaba, Mumbai"}, "geometry": {"type": "Point", "coordinates": [72.82237, 18.91212]}}, {"type": "Feature", "properties": {"name": "Ria Clinic", "type": "clinic", "address": "Geeta Smriti Building, B-42,44, Pandita Ramabai Marg, Gamdevi, Mumbai"}, "geometry": {"type": "Point", "coordinates": [72.81141, 18.95842]}}, {"type": "Feature", "properties": {"name": "Dolby Hospital", "type": "hospital", "address": "KM Munshi Road, Gamdevi, Mumbai"}, "geometry": {"type": "Point", "coordinates": [72.8116, 18.9571]}}, {"type": "Feature", "properties": {"name": "Ashvini Nursing Home", "type": "hospital", "address": "Rupal Apartment, 1st Floor, Dadasaheb Phalke Road, Dadar East, Mumbai"}, "geometry": {"type": "Point", "coordinates": [72.84248, 19.01461]}}, {"type": "Feature", "properties": {"name": "Dr. Shantilal Oza Hospital", "type": "hospital", "address": "37, St Mary Road, Tadwadi, Mazgaon, Mumbai"}, "geometry": {"type": "Point", "coordinates": [72.83875, 18.96751]}}, {"type": "Feature", "properties": {"name": "Khan's Clinic", "type": "clinic", "address": "Kabristan, VOC Chawl, Dharavi, Opp Nagmani TV Centre, Beside Tarwadi, Mumbai"}, "geometry": {"type": "Point", "coordinates": [72.8553, 19.04036]}}, {"type": "Feature", "properties": {"name": "Cheers Child Care Clinic", "type": "clinic", "address": "White Hall Building, Next to Shalimar Hotel, Kemps Corner, Mumbai"}, "geometry": {"type": "Point", "coordinates": [72.80565, 18.96436]}}, {"type": "Feature", "properties": {"name": "Dr. Nilen Shah's Clinic", "type": "clinic", "address": "C/1, August Kranti Road, Cumballa Hill, Mumbai"}, "geometry": {"type": "Point", "coordinates": [72.80701, 18.96426]}}, {"type": "Feature", "properties": {"name": "Cods Clinic", "type": "clinic", "address": "Ground Floor, Shiv Tapi Building, H.Goregaonkar Road, Gamdevi, Mumbai"}, "geometry": {"type": "Point", "coordinates": [72.81367, 18.95864]}}, {"type": "Feature", "properties": {"name": "Junaid Clinic", "type": "clinic", "address": "RK Parekh Road, Wadla Village, Wadala, Mumbai"}, "geometry": {"type": "Point", "coordinates": [72.85344, 19.0162]}}, {"type": "Feature", "properties": {"name": "Janani Hospital", "type": "hospital", "address": "Dharavi Vivekananda Cooperative Housing Society Limited, RP Nagar, Dharavi, Mumbai"}, "geometry": {"type": "Point", "coordinates": [72.85463, 19.04041]}}, {"type": "Feature", "properties": {"name": "Supraja Clinic", "type": "clinic", "address": "Naigaon Cross Road, Opposite Royal Industrial Estate, Sahkar Nagar, Wadala, Mumbai"}, "geometry": {"type": "Point", "coordinates": [72.85185, 19.01209]}}, {"type": "Feature", "properties": {"name": "Laxmi Niwas General Hospital", "type": "hospital", "address": "Elphinstone Bridge, Babasaheb Ambedkar Nagar, Parel, Mumbai"}, "geometry": {"type": "Point", "coordinates": [72.83548, 19.00818]}}, {"type": "Feature", "properties": {"name": "Resham Hospital", "type": "hospital", "address": "90 Feet Road, Dharavi Slums, Laxmi Baug, Dharavi, Mumbai"}, "geometry": {"type": "Point", "coordinates": [72.85963, 19.04563]}}, {"type": "Feature", "properties": {"name": "New Ratna Hospital", "type": "hospital", "address": "Sitladevi Temple Road, Mahim West, Mahim, Mumbai"}, "geometry": {"type": "Point", "coordinates": [72.8386, 19.03586]}}, {"type": "Feature", "properties": {"name": "Smt. Motiben B. Dalvi Hospital", "type": "hospital", "address": "N S Patkar Marg, Opp Westside, Babulnath, Dadi Sheth Wadi, Gamdevi, Mumbai"}, "geometry": {"type": "Point", "coordinates": [72.81028, 18.95829]}}, {"type": "Feature", "properties": {"name": "Punamiya Hospital", "type": "hospital", "address": "101, Inder Tower, Gokhale Road, Near Tilak Bhavan, Dadar West, Mumbai"}, "geometry": {"type": "Point", "coordinates": [72.83364, 19.01215]}}, {"type": "Feature", "properties": {"name": "Khimji Jeeva Sanitorium Hospital", "type": "hospital", "address": "2, Banganga Cross Lane, Teen Batti, Malabar Hill, Mumbai"}, "geometry": {"type": "Point", "coordinates": [72.79524, 18.94593]}}, {"type": "Feature", "properties": {"name": "Astha Nursing Home", "type": "hospital", "address": "Digvijay Mill Building, Dattaram Lad Marg, Ghodapdeo, Byculla East, Mumbai"}, "geometry": {"type": "Point", "coordinates": [72.83769, 18.98815]}}, {"type": "Feature", "properties": {"name": "BMC Hospital", "type": "hospital", "address": "Old Prabhadevi Road, G-South Ward, Dadar West, Prabhadevi, Mumbai"}, "geometry": {"type": "Point", "coordinates": [72.82618, 19.01544]}}, {"type": "Feature", "properties": {"name": "Hospital For Women Care", "type": "hospital", "address": "Rambha Bhavan, Near Babulnath Temple, Khareghat Colony, Malabar Hill, Mumbai"}, "geometry": {"type": "Point", "coordinates": [72.80733, 18.95709]}}, {"type": "Feature", "properties": {"name": "Mahim Police Hospital", "type": "hospital", "address": "Building No.1, Ground Floor, New Mahim Police Colony, Mahim, Mumbai"}, "geometry": {"type": "Point", "coordinates": [72.84134, 19.04715]}}, {"type": "Feature", "properties": {"name": "Welkarwadi BMC Hospital", "type": "hospital", "address": "Welkarwadi BMC Building, LJ Cross Road, Opp.Darga Sarff, Mahim West, Mahim, Mumbai"}, "geometry": {"type": "Point", "coordinates": [72.84003, 19.03978]}}, {"type": "Feature", "properties": {"name": "Dr. Nadeem Rais Endocrinologist", "type": "hospital", "address": "Baig Mansion, Chowpatty Medical Centre 3, Babulnath Road, Mumbai"}, "geometry": {"type": "Point", "coordinates": [72.80841, 18.95598]}}, {"type": "Feature", "properties": {"name": "Sun Clinic", "type": "clinic", "address": "Vaju Kotak Marg, Ballard Estate, Fort, Mumbai"}, "geometry": {"type": "Point", "coordinates": [72.83795, 18.93697]}}, {"type": "Feature", "properties": {"name": "R&R Eye Care Clinic", "type": "clinic", "address": "Colaba Causeway, Apollo Bandar, Colaba, Mumbai"}, "geometry": {"type": "Point", "coordinates": [72.83191, 18.92316]}}, {"type": "Feature", "properties": {"name": "Raj Ratan Hospital", "type": "hospital", "address": "Bobby Apartments, Near Mahim Bazar, P.O., Kapad Bazar, Mahim West, Mumbai"}, "geometry": {"type": "Point", "coordinates": [72.84004, 19.03634]}}, {"type": "Feature", "properties": {"name": "Sion Hospital", "type": "hospital", "address": "RB2 Central Railway Quarters, Jain Society, Sion, Mumbai"}, "geometry": {"type": "Point", "coordinates": [72.85987, 19.03638]}}, {"type": "Feature", "properties": {"name": "Reliance Health Ventures Limited Hospital", "type": "hospital", "address": "5, Walchand Hirachand Marg, Ballard Estate, Fort, Mumbai"}, "geometry": {"type": "Point", "coordinates": [72.84034, 18.93681]}}, {"type": "Feature", "properties": {"name": "Dr. Tabassum Clinic", "type": "clinic", "address": "Sewri, Mumbai"}, "geometry": {"type": "Point", "coordinates": [72.85452, 19.00546]}}, {"type": "Feature", "properties": {"name": "Nair Hospital", "type": "hospital", "address": "43-A/43B, Dr Anandrao Nair Marg, RTO Colony, Mumbai Central, Mumbai"}, "geometry": {"type": "Point", "coordinates": [72.82191, 18.97302]}}, {"type": "Feature", "properties": {"name": "Simeen Clinic", "type": "clinic", "address": "Sewri Cross Road, Sewri, Mumbai"}, "geometry": {"type": "Point", "coordinates": [72.85433, 19.00598]}}, {"type": "Feature", "properties": {"name": "Dr. A G Kamat", "type": "doctors", "address": "9th Floor, Flat No 43, Joothica, Sleater Road, Grant Road, West Grant Road, Mumbai"}, "geometry": {"type": "Point", "coordinates": [72.81609, 18.96595]}}, {"type": "Feature", "properties": {"name": "Lelavati Hospital", "type": "hospital", "address": "Bandra Reclamation Road, Muslim Nagar, Kumbhar Wada, Bandra West, Mumbai"}, "geometry": {"type": "Point", "coordinates": [72.85532, 19.04033]}}, {"type": "Feature", "properties": {"name": "Aayush Hospital", "type": "hospital", "address": "Dharavi Vivekananda Cooperative Housing Society Limited, 90 Feet Road, Muslim Nagar, RP Nagar, Dharavi, Mumbai"}, "geometry": {"type": "Point", "coordinates": [72.85481, 19.04031]}}, {"type": "Feature", "properties": {"name": "Lifecare Hospital", "type": "hospital", "address": "Dharavi, Mumbai"}, "geometry": {"type": "Point", "coordinates": [72.85792, 19.04793]}}, {"type": "Feature", "properties": {"name": "Mhaskar Hospital", "type": "hospital", "address": "31, Lower Parel East, BDD Chawl, Lower Parel, Mumbai"}, "geometry": {"type": "Point", "coordinates": [72.82944, 18.9922]}}, {"type": "Feature", "properties": {"name": "Om Shanti Churchgate J.D.F Mumbai Medical Centre Trust", "type": "clinic", "address": "Dr Babasaheb Ambedkar Marg"}, "geometry": {"type": "Point", "coordinates": [72.83486, 18.98654]}}, {"type": "Feature", "properties": {"name": "Kiara's Neurology, Rheumatology and Arthritis Clinic", "type": "clinic", "address": "Shroff Apartment,Borivali west"}, "geometry": {"type": "Point", "coordinates": [72.8529, 19.23381]}}, {"type": "Feature", "properties": {"name": "Dr. Shreedhar Archik", "type": "clinic", "address": "Dadasaheb Rege Marg , Opposite Shiv Sena Bhavan, Behind bank Of Maharashtra, Shivaji Park, Dadar West"}, "geometry": {"type": "Point", "coordinates": [72.83957, 19.02483]}}, {"type": "Feature", "properties": {"name": "Oscar hospital charkop naka", "type": "hospital", "emergency": "yes", "address": "RSC Rd Number 11, Kandivali west"}, "geometry": {"type": "Point", "coordinates": [72.82354, 19.213]}}, {"type": "Feature", "properties": {"name": "DR. ANUJ SINGH'S HIP & KNEE CENTRE", "type": "clinic", "address": "Naman Plaza, S.V. Road, Near East West Flyover,, Kandivali West"}, "geometry": {"type": "Point", "coordinates": [72.84927, 19.11881]}}, {"type": "Feature", "properties": {"name": "MUMBAI SPINE CARE CLINIC", "type": "clinic", "address": "DR PLUS HEALTH CARE NATHANI HEIGHTS, Opposite Mumbai Central"}, "geometry": {"type": "Point", "coordinates": [72.82043, 18.96869]}}, {"type": "Feature", "properties": {"name": "Shanti Nursing Home", "type": "clinic", "address": "Prabhu Krupa, Lal Bahadur Shastri Road Behind Vodafone Gallery, Near Sarvoday Hospital, Ghatkopar"}, "geometry": {"type": "Point", "coordinates": [72.83721, 19.05163]}}, {"type": "Feature", "properties": {"name": "Dr. Amit Jain renowned Spine specialist in mumbai", "type": "clinic", "address": "OrthoSpine Centre and Physio Rehab Care, Ground Floor, Shivaradhana, Ahimsa marg, Near Mickey Mehta,Off Link Road, chincholi Bunder, Malad( West )"}, "geometry": {"type": "Point", "coordinates": [72.83858, 19.17647]}}, {"type": "Feature", "properties": {"name": "DR ANOOP DHAMANGOANKAR", "type": "clinic", "address": "Ground Floor, Om Aradhana Mandir Co Operative Housing Society,(Next to Bank of Baroda, Near Raja Rani Travels), L J Road, Mahim"}, "geometry": {"type": "Point", "coordinates": [72.84134, 19.029]}}, {"type": "Feature", "properties": {"name": "Shakari Bhandar Pharmacy", "type": "pharmacy"}, "geometry": {"type": "Point", "coordinates": [72.92023, 19.0418]}}, {"type": "Feature", "properties": {"name": "Samadhan Diagnostic Centre", "type": "clinic", "address": "Dattaram Lad Marg (Kala Chowky Road)"}, "geometry": {"type": "Point", "coordinates": [72.83736, 18.98839]}}, {"type": "Feature", "properties": {"name": "S.K.Patil Hospital", "type": "hospital", "address": "Malad East, Mumbai"}, "geometry": {"type": "Point", "coordinates": [72.85402, 19.18847]}}, {"type": "Feature", "properties": {"name": "Charkop Maternity Home", "type": "hospital", "address": "214, Kandivali West, Mumbai"}, "geometry": {"type": "Point", "coordinates": [72.83093, 19.21557]}}, {"type": "Feature", "properties": {"name": "Dr Bhatia\u2019s Hospital, Bhandup", "type": "hospital", "emergency": "yes", "address": "Kukreja, Govind Nagar, Bhandup West, Mumbai"}, "geometry": {"type": "Point", "coordinates": [72.93993, 19.1522]}}, {"type": "Feature", "properties": {"name": "Healthcare facility", "type": "hospital", "address": "Sant Savata Mali Marg, Naralwadi, Sewri, Mumbai"}, "geometry": {"type": "Point", "coordinates": [72.84161, 18.97648]}}, {"type": "Feature", "properties": {"name": "Millat Dialysis Center", "type": "hospital", "address": "Shastri Nagar, Jogeshwari West, Mumbai"}, "geometry": {"type": "Point", "coordinates": [72.84279, 19.14018]}}, {"type": "Feature", "properties": {"name": "Sapna Health Care Centre Pvt Ltd", "type": "hospital", "address": "A Wing, Ghatkopar, Mumbai"}, "geometry": {"type": "Point", "coordinates": [72.88365, 19.08464]}}, {"type": "Feature", "properties": {"name": "Sushrut Hospital", "type": "hospital", "address": "Eksar, Borivali West, Mumbai"}, "geometry": {"type": "Point", "coordinates": [72.84665, 19.23523]}}, {"type": "Feature", "properties": {"name": "matoshri umabai RANE hospital", "type": "hospital", "address": "Shiv Kunj, Dhobi Ghat, Jogeshwari East, Mumbai"}, "geometry": {"type": "Point", "coordinates": [72.8565, 19.13723]}}, {"type": "Feature", "properties": {"name": "Shantiniketan Hospital", "type": "hospital", "address": "E-1, Society, Ghatkopar West, Mumbai"}, "geometry": {"type": "Point", "coordinates": [72.91371, 19.09528]}}, {"type": "Feature", "properties": {"name": "Dalvi Nursing Home", "type": "hospital", "address": "VN Purav Marg, Chunabhatti, Mumbai"}, "geometry": {"type": "Point", "coordinates": [72.87321, 19.05269]}}, {"type": "Feature", "properties": {"name": "Oscar Hospital", "type": "hospital", "address": "D And E Wing, 15-22 Pooja Enclave, Kandivali, Nilkanth Nagar, Ganesh Nagar, Mumbai"}, "geometry": {"type": "Point", "coordinates": [72.82792, 19.20349]}}, {"type": "Feature", "properties": {"name": "Sunrise Hospital", "type": "hospital", "address": "3rd Floor, Bhandup"}, "geometry": {"type": "Point", "coordinates": [72.93699, 19.1463]}}, {"type": "Feature", "properties": {"name": "Ashirwad Critical Care Unit & Multi speciality", "type": "hospital", "address": "Hanuman Chowk, Mulund East, Mumbai"}, "geometry": {"type": "Point", "coordinates": [72.95861, 19.17107]}}, {"type": "Feature", "properties": {"name": "Zen Hospital", "type": "hospital", "address": "Mulund West, Mumbai"}, "geometry": {"type": "Point", "coordinates": [72.95083, 19.17212]}}, {"type": "Feature", "properties": {"name": "Akurli Maternity Home", "type": "hospital", "address": "A-901, Thakur, Kandivali East, Mumbai"}, "geometry": {"type": "Point", "coordinates": [72.87723, 19.20766]}}, {"type": "Feature", "properties": {"name": "ESIC Hospital", "type": "hospital", "address": "Thakur Village, Kandivali East, Mumbai"}, "geometry": {"type": "Point", "coordinates": [72.87698, 19.20718]}}, {"type": "Feature", "properties": {"name": "Naigaon Municipal Maternity Home", "type": "hospital", "address": "SS Wagh Marg, Old bdd chawl, Naigaon, Dadar, Mumbai"}, "geometry": {"type": "Point", "coordinates": [72.84601, 19.01158]}}, {"type": "Feature", "properties": {"name": "BMC arogya Kendra", "type": "hospital", "address": "Sunder Nagar, Jogeshwari East"}, "geometry": {"type": "Point", "coordinates": [72.87208, 19.13048]}}, {"type": "Feature", "properties": {"name": "Axon Hospital & Dialysis Center", "type": "hospital", "address": "5th Floor, 'A' Wing, Pranik Chamber, Marol, Andheri East, Mumbai"}, "geometry": {"type": "Point", "coordinates": [72.88714, 19.10535]}}, {"type": "Feature", "properties": {"name": "Surya Hospital", "type": "hospital", "address": "BEST Colony, Santacruz West, Mumbai"}, "geometry": {"type": "Point", "coordinates": [72.83767, 19.08995]}}, {"type": "Feature", "properties": {"name": "Babasaheb Gawde Hospital", "type": "hospital", "address": "Plot No. 77, Vile Parle, Mumbai"}, "geometry": {"type": "Point", "coordinates": [72.84635, 19.09972]}}, {"type": "Feature", "properties": {"name": "Government Hospital, Malvani", "type": "hospital", "address": "Malad, Azad Nagar, Malvani"}, "geometry": {"type": "Point", "coordinates": [72.81795, 19.18804]}}, {"type": "Feature", "properties": {"name": "CritiCare Hospital", "type": "hospital", "address": "Plot No 516, Teli Gali, Andheri East"}, "geometry": {"type": "Point", "coordinates": [72.85046, 19.11728]}}, {"type": "Feature", "properties": {"name": "Dr Mudit Khanna", "type": "hospital", "address": "Doctor Anandrao Nair Marg, Near Agripada Police Station Mumbai Central East, Agripada"}, "geometry": {"type": "Point", "coordinates": [72.82376, 18.97523]}}, {"type": "Feature", "properties": {"name": "S.N. Hospital", "type": "hospital", "address": "Plot No. 46/K/1,2 3, Govandi West, Shivaji Nagar, Mumbai"}, "geometry": {"type": "Point", "coordinates": [72.92159, 19.06213]}}, {"type": "Feature", "properties": {"name": "Noble Chemist", "type": "pharmacy"}, "geometry": {"type": "Point", "coordinates": [72.81967, 18.9596]}}, {"type": "Feature", "properties": {"name": "Mumbai Clinic", "type": "clinic", "address": "A B Kolhatkar Marg"}, "geometry": {"type": "Point", "coordinates": [72.82195, 18.95858]}}, {"type": "Feature", "properties": {"name": "Lifeline Chemist", "type": "pharmacy"}, "geometry": {"type": "Point", "coordinates": [72.81448, 19.13844]}}, {"type": "Feature", "properties": {"name": "Sanjeevani Endoscopy Centre", "type": "clinic", "address": "Dattani Park Road"}, "geometry": {"type": "Point", "coordinates": [72.86961, 19.21185]}}, {"type": "Feature", "properties": {"name": "Al Madina Medical Store", "type": "pharmacy", "address": "Dimtimakar Road"}, "geometry": {"type": "Point", "coordinates": [72.83107, 18.96432]}}, {"type": "Feature", "properties": {"name": "Al-Falah Medical & General Store", "type": "pharmacy", "address": "Dimtimakar Road"}, "geometry": {"type": "Point", "coordinates": [72.82988, 18.96555]}}, {"type": "Feature", "properties": {"name": "Anmol Chemist", "type": "pharmacy"}, "geometry": {"type": "Point", "coordinates": [72.82883, 18.96676]}}, {"type": "Feature", "properties": {"name": "Global Medical and General Store", "type": "pharmacy", "address": "Dimtimakar Road"}, "geometry": {"type": "Point", "coordinates": [72.83081, 18.96455]}}, {"type": "Feature", "properties": {"name": "Noble Plus Medicals Store", "type": "pharmacy", "address": "Ashok Academy Lane"}, "geometry": {"type": "Point", "coordinates": [72.82732, 19.14107]}}, {"type": "Feature", "properties": {"name": "Anant Seva Hospital", "type": "hospital"}, "geometry": {"type": "Point", "coordinates": [72.96759, 19.17733]}}, {"type": "Feature", "properties": {"name": "Mohan Medicure", "type": "pharmacy"}, "geometry": {"type": "Point", "coordinates": [72.82569, 19.12806]}}, {"type": "Feature", "properties": {"name": "Wellness Forever", "type": "pharmacy"}, "geometry": {"type": "Point", "coordinates": [72.82576, 19.12836]}}, {"type": "Feature", "properties": {"name": "Health & More", "type": "pharmacy"}, "geometry": {"type": "Point", "coordinates": [72.82555, 19.13304]}}, {"type": "Feature", "properties": {"name": "Shri Balaji Medical and General Store", "type": "pharmacy"}, "geometry": {"type": "Point", "coordinates": [72.83154, 19.14304]}}, {"type": "Feature", "properties": {"name": "Heath Guard Chemist and Supermarket", "type": "pharmacy"}, "geometry": {"type": "Point", "coordinates": [72.83176, 19.12777]}}, {"type": "Feature", "properties": {"name": "24x7 Chemist and General Store", "type": "pharmacy"}, "geometry": {"type": "Point", "coordinates": [72.82796, 19.12859]}}, {"type": "Feature", "properties": {"name": "Mohini Medical Store", "type": "pharmacy"}, "geometry": {"type": "Point", "coordinates": [72.82185, 19.13674]}}, {"type": "Feature", "properties": {"name": "Gomathi Eye & Cornea Centre", "type": "hospital", "address": "Hanuman Chowk, Mulund East"}, "geometry": {"type": "Point", "coordinates": [72.96329, 19.16732]}}, {"type": "Feature", "properties": {"name": "Axis Orthopaedic Hospital", "type": "hospital", "address": "Suresh Nagar, Andheri West, Mumbai"}, "geometry": {"type": "Point", "coordinates": [72.82738, 19.13629]}}, {"type": "Feature", "properties": {"name": "AL Kaleskar Hospital", "type": "hospital", "address": "Jeet Nagar, Versova, Andheri West"}, "geometry": {"type": "Point", "coordinates": [72.81224, 19.13607]}}, {"type": "Feature", "properties": {"name": "Bhabha Hospital", "type": "hospital", "address": "Ambedkar Nagar, Kurla West"}, "geometry": {"type": "Point", "coordinates": [72.87811, 19.07085]}}, {"type": "Feature", "properties": {"name": "Navkar Skin Hair And Laser Clinic", "type": "hospital", "address": "Rajendra Vihar, Evershine Nagar, Malad West"}, "geometry": {"type": "Point", "coordinates": [72.83355, 19.1909]}}, {"type": "Feature", "properties": {"name": "Thyrocare Aarogyam Center - Dadar West", "type": "hospital", "address": "Dadar West"}, "geometry": {"type": "Point", "coordinates": [72.84193, 19.02078]}}, {"type": "Feature", "properties": {"name": "Clear Vision Eye Care", "type": "hospital", "address": "Unit-3 1st Flore, Samrath Vaibhav' Off-K.L Walawalkar Marg, Oshiwara Lokhandwala"}, "geometry": {"type": "Point", "coordinates": [72.82927, 19.14694]}}, {"type": "Feature", "properties": {"name": "Shukla Diagnostic and Healthcare Centre", "type": "clinic", "address": "Shukla Diagnostic and Healthcare Centre Shop No. 12, Next to DMART Ready, Manthandarshi Apartment, Datta Mandir Rd, opp. New Classic Restaurant, Malad East"}, "geometry": {"type": "Point", "coordinates": [72.8567, 19.19193]}}, {"type": "Feature", "properties": {"name": "Shree Ganesh Medical & General Stores", "type": "pharmacy"}, "geometry": {"type": "Point", "coordinates": [72.82666, 19.05514]}}, {"type": "Feature", "properties": {"name": "Healthcare facility", "type": "hospital"}, "geometry": {"type": "Point", "coordinates": [72.82715, 19.05545]}}, {"type": "Feature", "properties": {"name": "Satvic Hospital", "type": "hospital", "address": "Ramakrishna Chemburkar Marg"}, "geometry": {"type": "Point", "coordinates": [72.89468, 19.05194]}}, {"type": "Feature", "properties": {"name": "Kokilaben Dhirubhai Ambani Hospital", "type": "hospital"}, "geometry": {"type": "Point", "coordinates": [72.82456, 19.13125]}}, {"type": "Feature", "properties": {"name": "Cutis Skin Care Clinic", "type": "clinic"}, "geometry": {"type": "Point", "coordinates": [72.82979, 19.21557]}}, {"type": "Feature", "properties": {"name": "Doctor Satish Savant", "type": "clinic"}, "geometry": {"type": "Point", "coordinates": [72.82589, 19.12957]}}, {"type": "Feature", "properties": {"name": "Dr. Kaushal Malhan", "type": "clinic", "address": "Goregaon Link Rd, Mulund West, Mumbai- 400078,Maharashtra, India"}, "geometry": {"type": "Point", "coordinates": [72.94649, 19.16048]}}, {"type": "Feature", "properties": {"name": "Bijlani Clinic", "type": "clinic"}, "geometry": {"type": "Point", "coordinates": [72.83783, 19.06787]}}, {"type": "Feature", "properties": {"name": "Dr Govind Jadhwani", "type": "doctors"}, "geometry": {"type": "Point", "coordinates": [72.83542, 19.06743]}}, {"type": "Feature", "properties": {"name": "Shri Gowalia Tank Shankheswara Parshwanath Jain Medical Centre & Kankutara Diagnostic Medical Centre", "type": "clinic", "address": "Tejpal Marg"}, "geometry": {"type": "Point", "coordinates": [72.80992, 18.96305]}}, {"type": "Feature", "properties": {"name": "Metro medical", "type": "pharmacy", "address": "P.L. Lokhande Marg"}, "geometry": {"type": "Point", "coordinates": [72.91052, 19.0603]}}, {"type": "Feature", "properties": {"name": "Mamta Maternity Home", "type": "clinic", "address": "LIC Colony Rd"}, "geometry": {"type": "Point", "coordinates": [72.8519, 19.24235]}}, {"type": "Feature", "properties": {"name": "Fauziya hospital", "type": "hospital"}, "geometry": {"type": "Point", "coordinates": [72.87318, 19.06278]}}, {"type": "Feature", "properties": {"name": "bhabha hospital", "type": "hospital"}, "geometry": {"type": "Point", "coordinates": [72.87811, 19.07087]}}, {"type": "Feature", "properties": {"name": "Alphine life solutions general hospital", "type": "hospital"}, "geometry": {"type": "Point", "coordinates": [72.87105, 19.07265]}}, {"type": "Feature", "properties": {"name": "Dalvi nursing home", "type": "hospital"}, "geometry": {"type": "Point", "coordinates": [72.87322, 19.05273]}}, {"type": "Feature", "properties": {"name": "Prathamesh hospital", "type": "hospital"}, "geometry": {"type": "Point", "coordinates": [72.87496, 19.0528]}}, {"type": "Feature", "properties": {"name": "Brihanmumbai mucipality Hospital", "type": "hospital"}, "geometry": {"type": "Point", "coordinates": [72.87519, 19.05329]}}, {"type": "Feature", "properties": {"name": "Santrupti hospital", "type": "hospital"}, "geometry": {"type": "Point", "coordinates": [72.87681, 19.05322]}}, {"type": "Feature", "properties": {"name": "Dr.Sanjay sonar laparoscopy and scopy centre", "type": "hospital"}, "geometry": {"type": "Point", "coordinates": [72.89731, 19.05903]}}, {"type": "Feature", "properties": {"name": "Amita Patil Nursing Home", "type": "hospital"}, "geometry": {"type": "Point", "coordinates": [72.89972, 19.06225]}}, {"type": "Feature", "properties": {"name": "Chandra maternity Hospital", "type": "hospital"}, "geometry": {"type": "Point", "coordinates": [72.89415, 19.04227]}}, {"type": "Feature", "properties": {"name": "Chandra Hospital", "type": "hospital"}, "geometry": {"type": "Point", "coordinates": [72.89474, 19.0414]}}, {"type": "Feature", "properties": {"name": "Shiv Hospital", "type": "hospital"}, "geometry": {"type": "Point", "coordinates": [72.89408, 19.04122]}}, {"type": "Feature", "properties": {"name": "RCF Hospital", "type": "hospital"}, "geometry": {"type": "Point", "coordinates": [72.89726, 19.04061]}}, {"type": "Feature", "properties": {"name": "Nayak medicare -chembur", "type": "hospital"}, "geometry": {"type": "Point", "coordinates": [72.9025, 19.04568]}}, {"type": "Feature", "properties": {"name": "Inlaska Hospital", "type": "hospital"}, "geometry": {"type": "Point", "coordinates": [72.89641, 19.04665]}}, {"type": "Feature", "properties": {"name": "Healthcare facility", "type": "pharmacy", "address": "Purushottam Kheraj Road"}, "geometry": {"type": "Point", "coordinates": [72.94448, 19.16739]}}, {"type": "Feature", "properties": {"name": "Magnum Diagnostic Centre", "type": "clinic", "address": "Lions Tarachand Bapa hospital, Jain Society, Sion West"}, "geometry": {"type": "Point", "coordinates": [72.85904, 19.03821]}}, {"type": "Feature", "properties": {"name": "Healthcare facility", "type": "hospital"}, "geometry": {"type": "Point", "coordinates": [72.85699, 19.08145]}}, {"type": "Feature", "properties": {"name": "Shivam Diagnostic Center", "type": "clinic", "address": "RK Patkar Marg"}, "geometry": {"type": "Point", "coordinates": [72.83369, 19.05784]}}, {"type": "Feature", "properties": {"name": "Prime Pharma Distributor", "type": "pharmacy"}, "geometry": {"type": "Point", "coordinates": [72.83358, 19.05785]}}, {"type": "Feature", "properties": {"name": "Healthcare facility", "type": "hospital"}, "geometry": {"type": "Point", "coordinates": [72.82711, 18.97834]}}, {"type": "Feature", "properties": {"name": "Tulsi medicals", "type": "pharmacy"}, "geometry": {"type": "Point", "coordinates": [72.91387, 19.04539]}}, {"type": "Feature", "properties": {"name": "Dr Kamat", "type": "doctors"}, "geometry": {"type": "Point", "coordinates": [72.91403, 19.05351]}}, {"type": "Feature", "properties": {"name": "Orange Pharmacy", "type": "pharmacy"}, "geometry": {"type": "Point", "coordinates": [72.90247, 19.04569]}}, {"type": "Feature", "properties": {"name": "Healthcare facility", "type": "pharmacy"}, "geometry": {"type": "Point", "coordinates": [72.90257, 19.04569]}}, {"type": "Feature", "properties": {"name": "Healthcare facility", "type": "pharmacy"}, "geometry": {"type": "Point", "coordinates": [72.90252, 19.04569]}}, {"type": "Feature", "properties": {"name": "Nursing Home", "type": "hospital"}, "geometry": {"type": "Point", "coordinates": [72.86903, 19.11082]}}, {"type": "Feature", "properties": {"name": "Orthomax Super Speciality Center", "type": "doctors", "address": "1st Floor, C Wing , Ambika Plaza 101, V B Phadke Road, 90 Feet Road,Mulund East. Landmark: Near Shiv Sena Office, Below Sai Chemist,Mumbai"}, "geometry": {"type": "Point", "coordinates": [72.96164, 19.16933]}}, {"type": "Feature", "properties": {"name": "Healthcare facility", "type": "pharmacy", "address": "Ram Nagar"}, "geometry": {"type": "Point", "coordinates": [72.90971, 19.10155]}}, {"type": "Feature", "properties": {"name": "Healthcare facility", "type": "hospital", "address": "Amrut Nagar"}, "geometry": {"type": "Point", "coordinates": [72.91211, 19.10158]}}, {"type": "Feature", "properties": {"name": "BMC Health Centre", "type": "clinic"}, "geometry": {"type": "Point", "coordinates": [72.95105, 19.16786]}}, {"type": "Feature", "properties": {"name": "Anuvansh Fertility & Women's Clinic", "type": "clinic", "address": "Madhavdas Amarshi Marg"}, "geometry": {"type": "Point", "coordinates": [72.84608, 19.11792]}}, {"type": "Feature", "properties": {"name": "Modern Stores", "type": "pharmacy"}, "geometry": {"type": "Point", "coordinates": [72.82934, 19.06271]}}, {"type": "Feature", "properties": {"name": "Wellness Forever", "type": "pharmacy"}, "geometry": {"type": "Point", "coordinates": [72.82982, 19.06491]}}, {"type": "Feature", "properties": {"name": "Noble Plus", "type": "pharmacy"}, "geometry": {"type": "Point", "coordinates": [72.83162, 19.0656]}}, {"type": "Feature", "properties": {"name": "Agarwal Nursing Home", "type": "clinic"}, "geometry": {"type": "Point", "coordinates": [72.83229, 19.06223]}}, {"type": "Feature", "properties": {"name": "Bone & Beyond Orthopedic Speciality Clinic", "type": "clinic", "address": "Peyton Palace, St Anthony Rd, Kadamwadi, Oppsite Domino's Pizza, Beside Dmart Store, Vakola, Santacruz (E)"}, "geometry": {"type": "Point", "coordinates": [72.85863, 19.07919]}}, {"type": "Feature", "properties": {"name": "Healthcare facility", "type": "pharmacy", "address": "Shamaldas Gandhi Road"}, "geometry": {"type": "Point", "coordinates": [72.83051, 18.94751]}}, {"type": "Feature", "properties": {"name": "Dr Pandit's Ayurveda and Panchakarma Clinic", "type": "clinic", "address": "Jagannath Shankarsheth Marg"}, "geometry": {"type": "Point", "coordinates": [72.81969, 18.95363]}}, {"type": "Feature", "properties": {"name": "Apollo Pharmacy", "type": "pharmacy"}, "geometry": {"type": "Point", "coordinates": [72.83653, 19.05874]}}, {"type": "Feature", "properties": {"name": "Bafna Medical and General Stores", "type": "pharmacy", "address": "Juhu Church Road"}, "geometry": {"type": "Point", "coordinates": [72.82672, 19.11051]}}, {"type": "Feature", "properties": {"name": "Welcome Medical & General Stores", "type": "pharmacy", "address": "Juhu Church Road"}, "geometry": {"type": "Point", "coordinates": [72.82671, 19.11047]}}, {"type": "Feature", "properties": {"name": "The Good Health Clinic", "type": "doctors"}, "geometry": {"type": "Point", "coordinates": [72.84185, 19.03144]}}, {"type": "Feature", "properties": {"name": "Alive United", "type": "pharmacy"}, "geometry": {"type": "Point", "coordinates": [72.82961, 19.05513]}}, {"type": "Feature", "properties": {"name": "KLS Memorial Hospital", "type": "hospital"}, "geometry": {"type": "Point", "coordinates": [72.84086, 19.10792]}}, {"type": "Feature", "properties": {"name": "Dr Surbhi Trivedi", "type": "doctors"}, "geometry": {"type": "Point", "coordinates": [72.84093, 19.10595]}}, {"type": "Feature", "properties": {"name": "Noble chemist", "type": "hospital"}, "geometry": {"type": "Point", "coordinates": [72.90226, 19.07712]}}, {"type": "Feature", "properties": {"name": "\u0930\u093e\u091c\u092a\u0942\u0924 \u092e\u0947\u0921\u093f\u0915\u0932", "type": "pharmacy"}, "geometry": {"type": "Point", "coordinates": [72.90356, 19.02923]}}, {"type": "Feature", "properties": {"name": "Anuvansh Clinic", "type": "clinic", "address": "Sarojani Path"}, "geometry": {"type": "Point", "coordinates": [72.84108, 19.09889]}}, {"type": "Feature", "properties": {"name": "Grand Medical", "type": "pharmacy"}, "geometry": {"type": "Point", "coordinates": [72.88937, 19.08453]}}, {"type": "Feature", "properties": {"name": "Sheetal Ayurveda", "type": "pharmacy"}, "geometry": {"type": "Point", "coordinates": [72.83907, 19.0221]}}, {"type": "Feature", "properties": {"name": "Navjeevan", "type": "hospital", "address": "Dattapada Road"}, "geometry": {"type": "Point", "coordinates": [72.85839, 19.22046]}}, {"type": "Feature", "properties": {"name": "battlefield", "type": "hospital"}, "geometry": {"type": "Point", "coordinates": [72.8503, 19.25325]}}, {"type": "Feature", "properties": {"name": "Soham Medical and General Store", "type": "pharmacy"}, "geometry": {"type": "Point", "coordinates": [72.93007, 19.04695]}}, {"type": "Feature", "properties": {"name": "tirupathi metarnal and general hospital", "type": "hospital", "emergency": "yes", "address": "Mahindra Flyover Western Express"}, "geometry": {"type": "Point", "coordinates": [72.86506, 19.20662]}}, {"type": "Feature", "properties": {"name": "dr.anjali's hospital", "type": "hospital", "address": "Adi Sankaracharya Marg"}, "geometry": {"type": "Point", "coordinates": [72.91604, 19.12453]}}, {"type": "Feature", "properties": {"name": "Cambay Medical Stores", "type": "pharmacy", "address": "Rokadia Lane"}, "geometry": {"type": "Point", "coordinates": [72.8551, 19.23534]}}, {"type": "Feature", "properties": {"name": "Dr Rashmi Singh", "type": "clinic"}, "geometry": {"type": "Point", "coordinates": [72.92986, 19.0325]}}, {"type": "Feature", "properties": {"name": "Aadyayurveda", "type": "clinic", "address": "Mhatre Royale Buildg, Opp. Canara Bank, Near Vithal Mandir (Dahisar Railway Station),"}, "geometry": {"type": "Point", "coordinates": [72.85848, 19.2536]}}, {"type": "Feature", "properties": {"name": "Belfer Bandra X-ray Clinic", "type": "clinic"}, "geometry": {"type": "Point", "coordinates": [72.83394, 19.06037]}}, {"type": "Feature", "properties": {"name": "Dr Momin\u2019s Clinic", "type": "doctors"}, "geometry": {"type": "Point", "coordinates": [72.81081, 19.13456]}}, {"type": "Feature", "properties": {"name": "Apple Medical", "type": "pharmacy", "address": "Daima Marg"}, "geometry": {"type": "Point", "coordinates": [72.84249, 19.06218]}}, {"type": "Feature", "properties": {"name": "Apollo Pharmacy", "type": "pharmacy"}, "geometry": {"type": "Point", "coordinates": [72.87227, 19.09485]}}, {"type": "Feature", "properties": {"name": "Tisekar Clinic", "type": "clinic"}, "geometry": {"type": "Point", "coordinates": [72.93245, 19.11522]}}, {"type": "Feature", "properties": {"name": "Agarwal Children's Hospital", "type": "hospital"}, "geometry": {"type": "Point", "coordinates": [72.84801, 19.05888]}}, {"type": "Feature", "properties": {"name": "Generic Medicine Pharmacy", "type": "pharmacy"}, "geometry": {"type": "Point", "coordinates": [72.84929, 19.06093]}}, {"type": "Feature", "properties": {"name": "New Liberty Drug Corner", "type": "pharmacy"}, "geometry": {"type": "Point", "coordinates": [72.83087, 19.06252]}}, {"type": "Feature", "properties": {"name": "Carona Chemist", "type": "pharmacy"}, "geometry": {"type": "Point", "coordinates": [72.846, 19.14623]}}, {"type": "Feature", "properties": {"name": "Reliable Medical", "type": "pharmacy"}, "geometry": {"type": "Point", "coordinates": [72.84638, 19.14532]}}, {"type": "Feature", "properties": {"name": "Walk In care", "type": "clinic", "address": "Oshiwara Garden Road"}, "geometry": {"type": "Point", "coordinates": [72.84604, 19.14559]}}, {"type": "Feature", "properties": {"name": "Parakh Hospital and Research Centre - Ghatkopar", "type": "hospital", "address": "Khokhani Lane, Opposite Ghatkopar Rly. Station, Ghatkopar"}, "geometry": {"type": "Point", "coordinates": [72.90762, 19.08455]}}, {"type": "Feature", "properties": {"name": "Vikas Medial and General Store", "type": "pharmacy", "address": "Shop No.5, Avdai Niwas, Patil Gally No.3, Bunder Road, Versova, Andheri (W), Mumbai - 61"}, "geometry": {"type": "Point", "coordinates": [72.80445, 19.14101]}}, {"type": "Feature", "properties": {"name": "Paras Medical and General Store", "type": "pharmacy", "address": "35/D-2, Vaibhav CHS, SVP Nagar, MHADA, Versova, Andheri (W), Mumbai - 400053"}, "geometry": {"type": "Point", "coordinates": [72.82327, 19.1364]}}, {"type": "Feature", "properties": {"name": "Chamunda Medical Store", "type": "pharmacy", "address": "Shop No.D/9, Saidham CHS Ltd, Plot No.47, Mhada Colony, SVP Nagar, Varsova, Andheri (W), Mumbai - 400058"}, "geometry": {"type": "Point", "coordinates": [72.82175, 19.13652]}}, {"type": "Feature", "properties": {"name": "Maharashtra Medical", "type": "pharmacy"}, "geometry": {"type": "Point", "coordinates": [72.82076, 19.13577]}}, {"type": "Feature", "properties": {"name": "Ashirwad Medical", "type": "pharmacy", "address": "B-11, Nav Sheetal Coop Hsg Ltd, Justice MC Chagla Marg, Bamanwada, Ville Parle (E), Mumbai - 400 099"}, "geometry": {"type": "Point", "coordinates": [72.85871, 19.10577]}}, {"type": "Feature", "properties": {"name": "United Medical and General Stores", "type": "pharmacy"}, "geometry": {"type": "Point", "coordinates": [72.85865, 19.11119]}}, {"type": "Feature", "properties": {"name": "Dr Siddhant Naik", "type": "clinic", "address": "Subhash Road"}, "geometry": {"type": "Point", "coordinates": [72.85219, 19.10738]}}, {"type": "Feature", "properties": {"name": "Sankalp Hospital", "type": "clinic", "address": "202 to 205, 2nd floor, Paras business Center, Carter road no.1, Near Kasturba Police Station, Borivali (East)"}, "geometry": {"type": "Point", "coordinates": [72.85778, 19.22806]}}, {"type": "Feature", "properties": {"name": "Trimurti Medico and General Store", "type": "pharmacy", "address": "48/D2, SVP Nagar, MHADA, Andheri West, Mumbai - 53"}, "geometry": {"type": "Point", "coordinates": [72.82162, 19.13633]}}, {"type": "Feature", "properties": {"name": "Guruprasad", "type": "pharmacy"}, "geometry": {"type": "Point", "coordinates": [72.82423, 19.14353]}}, {"type": "Feature", "properties": {"name": "Jain Clinic", "type": "clinic"}, "geometry": {"type": "Point", "coordinates": [72.8325, 19.05405]}}, {"type": "Feature", "properties": {"name": "Wellness Forever", "type": "pharmacy"}, "geometry": {"type": "Point", "coordinates": [72.83436, 19.05627]}}, {"type": "Feature", "properties": {"name": "Dr Jignesh Manshibhai Gala Eye Clinic", "type": "clinic", "address": "B wing, Laram centre, Shop 125, Swami Vivekananda Rd, Railway Colony, Andheri West"}, "geometry": {"type": "Point", "coordinates": [72.84584, 19.11838]}}, {"type": "Feature", "properties": {"name": "Leelavati Medical", "type": "pharmacy"}, "geometry": {"type": "Point", "coordinates": [72.83649, 19.05477]}}, {"type": "Feature", "properties": {"name": "Mandar Nursing Home", "type": "doctors"}, "geometry": {"type": "Point", "coordinates": [72.8355, 19.0595]}}, {"type": "Feature", "properties": {"name": "24byMe Diabetes Treatment Clinic", "type": "clinic", "address": "Sarojani Path"}, "geometry": {"type": "Point", "coordinates": [72.8411, 19.09888]}}, {"type": "Feature", "properties": {"name": "M R Medical", "type": "pharmacy", "address": "8th"}, "geometry": {"type": "Point", "coordinates": [72.84463, 19.07894]}}, {"type": "Feature", "properties": {"name": "Bhatia Medical", "type": "pharmacy", "address": "11th Road Sen Nagar"}, "geometry": {"type": "Point", "coordinates": [72.84458, 19.07906]}}, {"type": "Feature", "properties": {"name": "Meraki", "type": "doctors"}, "geometry": {"type": "Point", "coordinates": [72.82366, 19.145]}}, {"type": "Feature", "properties": {"name": "Katalystt", "type": "doctors"}, "geometry": {"type": "Point", "coordinates": [72.82365, 19.14503]}}, {"type": "Feature", "properties": {"name": "Healthcare facility", "type": "hospital"}, "geometry": {"type": "Point", "coordinates": [72.845, 19.07225]}}, {"type": "Feature", "properties": {"name": "sanjivani hospital", "type": "hospital", "address": "golibar road"}, "geometry": {"type": "Point", "coordinates": [72.84439, 19.07265]}}, {"type": "Feature", "properties": {"name": "Create", "type": "clinic"}, "geometry": {"type": "Point", "coordinates": [72.82473, 19.14378]}}, {"type": "Feature", "properties": {"name": "siddiqui", "type": "hospital", "emergency": "yes", "address": "Dimtimakar Road"}, "geometry": {"type": "Point", "coordinates": [72.82882, 18.9667]}}, {"type": "Feature", "properties": {"name": "Apollo Hospitals", "type": "hospital"}, "geometry": {"type": "Point", "coordinates": [72.83139, 18.92327]}}, {"type": "Feature", "properties": {"name": "Indian Cancer Society", "type": "hospital", "address": "Maharshi Karve Rd, Nariman Point"}, "geometry": {"type": "Point", "coordinates": [72.8275, 18.92314]}}, {"type": "Feature", "properties": {"name": "Sattva Pediatric - Dr. Rishabh K. Shah", "type": "hospital", "address": "G D Ambedkar Marg (Parel Tank Road)"}, "geometry": {"type": "Point", "coordinates": [72.84148, 18.98992]}}, {"type": "Feature", "properties": {"name": "Aabhaar Multispeciality Clinic", "type": "clinic", "address": "Aram Nagar Part 2"}, "geometry": {"type": "Point", "coordinates": [72.81259, 19.13331]}}, {"type": "Feature", "properties": {"name": "Wellness Forever", "type": "pharmacy", "address": "Sewaram Lalwani Road"}, "geometry": {"type": "Point", "coordinates": [72.95312, 19.1716]}}, {"type": "Feature", "properties": {"name": "Auro Skin Clinic", "type": "hospital", "emergency": "no", "address": "Dadabhai Road"}, "geometry": {"type": "Point", "coordinates": [72.84147, 19.10597]}}, {"type": "Feature", "properties": {"name": "Dr Madhav and Abha Thombre", "type": "doctors"}, "geometry": {"type": "Point", "coordinates": [72.82603, 19.0492]}}, {"type": "Feature", "properties": {"name": "Naavya Eye Care", "type": "doctors", "address": "Godrej Baug Road"}, "geometry": {"type": "Point", "coordinates": [72.80185, 18.95868]}}, {"type": "Feature", "properties": {"name": "UBM Institute", "type": "doctors", "address": "Sir Bhalchandra Road"}, "geometry": {"type": "Point", "coordinates": [72.85067, 19.02326]}}, {"type": "Feature", "properties": {"name": "Noble Chemist", "type": "pharmacy"}, "geometry": {"type": "Point", "coordinates": [72.85614, 19.02718]}}, {"type": "Feature", "properties": {"name": "Sobti Hospital", "type": "clinic"}, "geometry": {"type": "Point", "coordinates": [72.85582, 19.02624]}}, {"type": "Feature", "properties": {"name": "Apollo Pharmacy", "type": "pharmacy"}, "geometry": {"type": "Point", "coordinates": [72.85458, 19.02692]}}, {"type": "Feature", "properties": {"name": "Phondaghat Pharmacy", "type": "pharmacy"}, "geometry": {"type": "Point", "coordinates": [72.84585, 19.03196]}}, {"type": "Feature", "properties": {"name": "Esswell Pharma", "type": "pharmacy"}, "geometry": {"type": "Point", "coordinates": [72.84772, 19.05921]}}, {"type": "Feature", "properties": {"name": "Mahatma Gandhi Seva Kendra", "type": "clinic"}, "geometry": {"type": "Point", "coordinates": [72.84792, 19.05963]}}, {"type": "Feature", "properties": {"name": "Surabhi Clinic", "type": "clinic"}, "geometry": {"type": "Point", "coordinates": [72.8482, 19.05957]}}, {"type": "Feature", "properties": {"name": "Shree Chandraprabh Jain Medical Centre", "type": "clinic", "address": "Raja Ram Mohan Roy Road (Charni Road)"}, "geometry": {"type": "Point", "coordinates": [72.81902, 18.95639]}}, {"type": "Feature", "properties": {"name": "Noble Plus", "type": "pharmacy"}, "geometry": {"type": "Point", "coordinates": [72.82633, 19.10667]}}, {"type": "Feature", "properties": {"name": "Vidya Chemist", "type": "pharmacy"}, "geometry": {"type": "Point", "coordinates": [72.82681, 19.10703]}}, {"type": "Feature", "properties": {"name": "Bhatia Clinic", "type": "pharmacy"}, "geometry": {"type": "Point", "coordinates": [72.84949, 19.06138]}}, {"type": "Feature", "properties": {"name": "Healthcare facility", "type": "pharmacy"}, "geometry": {"type": "Point", "coordinates": [72.84405, 19.06173]}}, {"type": "Feature", "properties": {"name": "Slim N Grow Clinic", "type": "doctors"}, "geometry": {"type": "Point", "coordinates": [72.83064, 19.06294]}}, {"type": "Feature", "properties": {"name": "Guru Nanak Chemist", "type": "pharmacy"}, "geometry": {"type": "Point", "coordinates": [72.83024, 19.06563]}}, {"type": "Feature", "properties": {"name": "Forever Yooung", "type": "pharmacy"}, "geometry": {"type": "Point", "coordinates": [72.83505, 19.06208]}}, {"type": "Feature", "properties": {"name": "Shifffa Welness", "type": "clinic"}, "geometry": {"type": "Point", "coordinates": [72.83649, 19.05989]}}, {"type": "Feature", "properties": {"name": "Shree Maruti Medical & General Store", "type": "pharmacy"}, "geometry": {"type": "Point", "coordinates": [72.82507, 19.04745]}}, {"type": "Feature", "properties": {"name": "National Chemist", "type": "pharmacy"}, "geometry": {"type": "Point", "coordinates": [72.82512, 19.04789]}}, {"type": "Feature", "properties": {"name": "Zeno Health Pharmacy", "type": "pharmacy"}, "geometry": {"type": "Point", "coordinates": [72.84389, 19.01593]}}, {"type": "Feature", "properties": {"name": "Orange Medicals", "type": "pharmacy"}, "geometry": {"type": "Point", "coordinates": [72.85439, 19.03151]}}, {"type": "Feature", "properties": {"name": "Dr. Akash Dhuru - Cancer Specialist Surgeon", "type": "doctors", "address": "Ranade Road"}, "geometry": {"type": "Point", "coordinates": [72.83801, 19.02329]}}, {"type": "Feature", "properties": {"name": "Dr. Akash Dhuru - Cancer Specialist Surgeon", "type": "doctors", "address": "SL Raheja Hospital Marg"}, "geometry": {"type": "Point", "coordinates": [72.84272, 19.04624]}}, {"type": "Feature", "properties": {"name": "Dr. Akash Dhuru - Cancer Specialist Surgeon", "type": "doctors", "address": "D L Vaidya Marg"}, "geometry": {"type": "Point", "coordinates": [72.84072, 19.02393]}}, {"type": "Feature", "properties": {"name": "Dr. Akash Dhuru - Cancer Specialist Surgeon", "type": "doctors", "address": "Mia Mohd Chhotani Road"}, "geometry": {"type": "Point", "coordinates": [72.84451, 19.04018]}}, {"type": "Feature", "properties": {"name": "Dr. Akash Dhuru - Cancer Specialist Surgeon", "type": "doctors", "address": "Teli Gali"}, "geometry": {"type": "Point", "coordinates": [72.85058, 19.11812]}}, {"type": "Feature", "properties": {"name": "Dr. Akash Dhuru - Cancer Specialist Surgeon", "type": "doctors", "address": "Link Road"}, "geometry": {"type": "Point", "coordinates": [72.8335, 19.19465]}}, {"type": "Feature", "properties": {"name": "Dr. Akash Dhuru - Cancer Specialist Surgeon (Siddhachal Hospital)", "type": "doctors", "address": "Ganapatrao Kadam Marg"}, "geometry": {"type": "Point", "coordinates": [72.82304, 18.99812]}}, {"type": "Feature", "properties": {"name": "Shree Krishna Medical & General Store", "type": "pharmacy"}, "geometry": {"type": "Point", "coordinates": [72.82463, 19.06339]}}, {"type": "Feature", "properties": {"name": "goel hospital", "type": "hospital", "emergency": "yes"}, "geometry": {"type": "Point", "coordinates": [72.86422, 19.11009]}}, {"type": "Feature", "properties": {"name": "Ray Brothers Homoeopathic Pharmacy", "type": "pharmacy", "address": "J Shankarsheth Marg"}, "geometry": {"type": "Point", "coordinates": [72.81348, 18.96125]}}, {"type": "Feature", "properties": {"name": "Borivali Surgical Hospital LLP", "type": "hospital", "address": "Road No 10"}, "geometry": {"type": "Point", "coordinates": [72.862, 19.2372]}}, {"type": "Feature", "properties": {"name": "Metropolis", "type": "pharmacy"}, "geometry": {"type": "Point", "coordinates": [72.82431, 19.12985]}}, {"type": "Feature", "properties": {"name": "Sai Clinic", "type": "doctors"}, "geometry": {"type": "Point", "coordinates": [72.82304, 19.12969]}}, {"type": "Feature", "properties": {"name": "Sai Clinic", "type": "clinic"}, "geometry": {"type": "Point", "coordinates": [72.82299, 19.12971]}}, {"type": "Feature", "properties": {"name": "Sai Radiology Centre", "type": "clinic"}, "geometry": {"type": "Point", "coordinates": [72.8229, 19.13017]}}, {"type": "Feature", "properties": {"name": "Omkar Speech and Hearing Clinic", "type": "clinic"}, "geometry": {"type": "Point", "coordinates": [72.8227, 19.12982]}}, {"type": "Feature", "properties": {"name": "Ashwini Laboratory & Polyclinic", "type": "clinic"}, "geometry": {"type": "Point", "coordinates": [72.82289, 19.13017]}}, {"type": "Feature", "properties": {"name": "Doctor Sunil C. Ullal", "type": "doctors"}, "geometry": {"type": "Point", "coordinates": [72.82385, 19.14482]}}, {"type": "Feature", "properties": {"name": "Sirvi Medical", "type": "hospital", "emergency": "yes", "address": "Charkop Gaon"}, "geometry": {"type": "Point", "coordinates": [72.81851, 19.20689]}}, {"type": "Feature", "properties": {"name": "Darshan pharmacy", "type": "pharmacy"}, "geometry": {"type": "Point", "coordinates": [72.83086, 19.009]}}, {"type": "Feature", "properties": {"name": "Noble Plus", "type": "pharmacy"}, "geometry": {"type": "Point", "coordinates": [72.83096, 19.00661]}}, {"type": "Feature", "properties": {"name": "Laxmi Chemist & General Store", "type": "pharmacy"}, "geometry": {"type": "Point", "coordinates": [72.86395, 19.07586]}}, {"type": "Feature", "properties": {"name": "Visual Eyez Centre for Advanced Eye Care", "type": "clinic", "address": "Vidya Nagari Marg"}, "geometry": {"type": "Point", "coordinates": [72.86194, 19.07721]}}, {"type": "Feature", "properties": {"name": "Health Guard Medico", "type": "pharmacy"}, "geometry": {"type": "Point", "coordinates": [72.83269, 19.12758]}}, {"type": "Feature", "properties": {"name": "Apollo Pharmacy", "type": "pharmacy"}, "geometry": {"type": "Point", "coordinates": [72.81788, 19.13011]}}, {"type": "Feature", "properties": {"name": "Kataria eye clinic", "type": "hospital", "address": "s bharucha marg"}, "geometry": {"type": "Point", "coordinates": [72.82961, 18.91923]}}, {"type": "Feature", "properties": {"name": "\u0938\u093e\u0908\u0930\u093e\u092e Medical", "type": "pharmacy"}, "geometry": {"type": "Point", "coordinates": [72.84753, 19.01702]}}, {"type": "Feature", "properties": {"name": "B.N.D. Onco Centre", "type": "clinic"}, "geometry": {"type": "Point", "coordinates": [72.84765, 19.01699]}}, {"type": "Feature", "properties": {"name": "Sai Krupa chemist", "type": "pharmacy"}, "geometry": {"type": "Point", "coordinates": [72.84861, 19.01943]}}, {"type": "Feature", "properties": {"name": "Pulse Cardiac Center and Speciality Clinic", "type": "clinic"}, "geometry": {"type": "Point", "coordinates": [72.84859, 19.01935]}}, {"type": "Feature", "properties": {"name": "Hematology Day-Care Centre", "type": "clinic"}, "geometry": {"type": "Point", "coordinates": [72.84854, 19.01928]}}, {"type": "Feature", "properties": {"name": "GDHGDHGF", "type": "hospital"}, "geometry": {"type": "Point", "coordinates": [72.83451, 19.16241]}}, {"type": "Feature", "properties": {"name": "Hemant Distributors", "type": "pharmacy"}, "geometry": {"type": "Point", "coordinates": [72.84935, 19.20394]}}, {"type": "Feature", "properties": {"name": "Mira Physiotherapy Center", "type": "clinic"}, "geometry": {"type": "Point", "coordinates": [72.82601, 18.93406]}}, {"type": "Feature", "properties": {"name": "Wordell", "type": "pharmacy"}, "geometry": {"type": "Point", "coordinates": [72.82555, 18.93312]}}, {"type": "Feature", "properties": {"name": "M.W. Desai Municipal Genreal Hospital", "type": "hospital", "emergency": "no", "address": "Haji Bapu Patel Road"}, "geometry": {"type": "Point", "coordinates": [72.85114, 19.17839]}}, {"type": "Feature", "properties": {"name": "Wellness Forever", "type": "pharmacy"}, "geometry": {"type": "Point", "coordinates": [72.94681, 19.18128]}}, {"type": "Feature", "properties": {"name": "Healthcare facility", "type": "pharmacy"}, "geometry": {"type": "Point", "coordinates": [72.84652, 19.13743]}}, {"type": "Feature", "properties": {"name": "Shri Ganesh General Store", "type": "pharmacy"}, "geometry": {"type": "Point", "coordinates": [72.84384, 19.13569]}}, {"type": "Feature", "properties": {"name": "Healthcare facility", "type": "pharmacy"}, "geometry": {"type": "Point", "coordinates": [72.83922, 19.12676]}}, {"type": "Feature", "properties": {"name": "Orange", "type": "pharmacy"}, "geometry": {"type": "Point", "coordinates": [72.82928, 19.11754]}}, {"type": "Feature", "properties": {"name": "Krishnam", "type": "pharmacy"}, "geometry": {"type": "Point", "coordinates": [72.85163, 19.11029]}}, {"type": "Feature", "properties": {"name": "Vora Medico", "type": "pharmacy"}, "geometry": {"type": "Point", "coordinates": [72.84809, 19.1174]}}, {"type": "Feature", "properties": {"name": "Kamdhenu Homoeopathic Pharmacy", "type": "pharmacy"}, "geometry": {"type": "Point", "coordinates": [72.82379, 19.14491]}}, {"type": "Feature", "properties": {"name": "MedSlim Clinic", "type": "clinic"}, "geometry": {"type": "Point", "coordinates": [72.8235, 19.14529]}}, {"type": "Feature", "properties": {"name": "MG365", "type": "pharmacy"}, "geometry": {"type": "Point", "coordinates": [72.82503, 19.14147]}}, {"type": "Feature", "properties": {"name": "Seven Star Multispeciality Hospital", "type": "hospital", "address": "Surabhi House, Dimple Arcade, Asha Nagar Rd, behind Sai Dham, Kandivali, Gayatri Nagar, Asha Nagar"}, "geometry": {"type": "Point", "coordinates": [72.86699, 19.21197]}}, {"type": "Feature", "properties": {"name": "Warrier clinic", "type": "clinic"}, "geometry": {"type": "Point", "coordinates": [72.84828, 19.20472]}}, {"type": "Feature", "properties": {"name": "M J Speciality Clinic - Dr Manoj Jain", "type": "hospital", "address": "Royal imperia building, Parmar guruji Marg, lane, next to Bharat bank, opposite to global hospital"}, "geometry": {"type": "Point", "coordinates": [72.83869, 19.00094]}}, {"type": "Feature", "properties": {"name": "Global Hospital Super Speciality and Transplant Center", "type": "hospital", "address": "Gleneagles Hospital Parel"}, "geometry": {"type": "Point", "coordinates": [72.84045, 18.99941]}}, {"type": "Feature", "properties": {"name": "\u0913\u092e \u0938\u093e\u0908 \u092e\u0947\u0921\u093f\u0915\u0932", "type": "pharmacy", "address": "Pipeline Road"}, "geometry": {"type": "Point", "coordinates": [72.88771, 19.0909]}}, {"type": "Feature", "properties": {"name": "Dr Gargi Pal", "type": "doctors", "address": "Sumer Nagar Road"}, "geometry": {"type": "Point", "coordinates": [72.85227, 19.21872]}}, {"type": "Feature", "properties": {"name": "Metamorphosis", "type": "doctors"}, "geometry": {"type": "Point", "coordinates": [72.94145, 19.17237]}}, {"type": "Feature", "properties": {"name": "SHIC Facial Co", "type": "clinic"}, "geometry": {"type": "Point", "coordinates": [72.94391, 19.17559]}}, {"type": "Feature", "properties": {"name": "Rinku Medical & General Stores", "type": "pharmacy"}, "geometry": {"type": "Point", "coordinates": [72.94595, 19.17549]}}, {"type": "Feature", "properties": {"name": "Noble Medicals", "type": "pharmacy"}, "geometry": {"type": "Point", "coordinates": [72.83777, 19.08285]}}, {"type": "Feature", "properties": {"name": "Aum ENT Clinic", "type": "clinic"}, "geometry": {"type": "Point", "coordinates": [72.82914, 19.14566]}}, {"type": "Feature", "properties": {"name": "Healing Hands Clinic - Andheri West, Mumbai", "type": "hospital", "emergency": "no", "address": "Ceasar Road"}, "geometry": {"type": "Point", "coordinates": [72.8441, 19.12729]}}, {"type": "Feature", "properties": {"name": "RenoDerm - The Skin and Kidney Clinic- Dermatologist in Lalbaug | Acne, Skin, Hair Fall & Kidney Specialist Doctor in Mumbai", "type": "clinic", "address": "Parshwa Lotus, Dr. Babasaheb Ambedkar Rd, Lalbaug, Chichpokli"}, "geometry": {"type": "Point", "coordinates": [72.83607, 18.98796]}}, {"type": "Feature", "properties": {"name": "S'Derma Skin And Hair Clinic", "type": "clinic"}, "geometry": {"type": "Point", "coordinates": [72.94725, 19.15995]}}, {"type": "Feature", "properties": {"name": "Ekam Speciality Clinic", "type": "clinic"}, "geometry": {"type": "Point", "coordinates": [72.94723, 19.16013]}}, {"type": "Feature", "properties": {"name": "Airport Health Organization", "type": "hospital"}, "geometry": {"type": "Point", "coordinates": [72.8768, 19.10341]}}]}