{"type": "FeatureCollection", "features": [{"type": "Feature", "properties": {"name": "Axon Hospital", "type": "hospital", "emergency": "yes", "address": "8-3-215, Srinivasa Nagar Colony(West), Opp. ICICI Bank, S R Nagar"}, "geometry": {"type": "Point", "coordinates": [78.44235, 17.43935]}}, {"type": "Feature", "properties": {"name": "Virinchi Hospitals", "type": "hospital", "address": "6-3-2, 6-3-3, 6-3-3/1, Virinchi Circle, Rd Number 1, Shyam Rao Nagar, Banjara Hills"}, "geometry": {"type": "Point", "coordinates": [78.45136, 17.40805]}}, {"type": "Feature", "properties": {"name": "Fernandez Hospital", "type": "hospital", "address": "D.No: 3-6-282, Opp. Old MLA Quarters, Hyderguda"}, "geometry": {"type": "Point", "coordinates": [78.48306, 17.39818]}}, {"type": "Feature", "properties": {"name": "Kamineni Hospital", "type": "hospital", "emergency": "yes", "address": "Kamineni, L.B Nagar"}, "geometry": {"type": "Point", "coordinates": [78.55597, 17.35181]}}, {"type": "Feature", "properties": {"name": "Olive Hospital", "type": "hospital", "emergency": "yes", "address": "12-2-718/3,4,5, Nanalnagar 'X' Road, Mehdipatnam"}, "geometry": {"type": "Point", "coordinates": [78.42723, 17.39364]}}, {"type": "Feature", "properties": {"name": "Government Area Hospital, Kondapur", "type": "hospital", "emergency": "yes", "address": "1-55/3, Near Chirec International School, Kondapur"}, "geometry": {"type": "Point", "coordinates": [78.35293, 17.4633]}}, {"type": "Feature", "properties": {"name": "Nizam's Institute Of Medical Sciences", "type": "hospital", "emergency": "yes", "address": "NIMS, Punjagutta"}, "geometry": {"type": "Point", "coordinates": [78.45118, 17.42175]}}, {"type": "Feature", "properties": {"name": "Nizamia Government General Hospital", "type": "hospital"}, "geometry": {"type": "Point", "coordinates": [78.47498, 17.36046]}}, {"type": "Feature", "properties": {"name": "Niloufer Hospital", "type": "hospital", "address": "Red Hills, Baazar Ghat, Lakdikapul"}, "geometry": {"type": "Point", "coordinates": [78.46152, 17.39869]}}, {"type": "Feature", "properties": {"name": "Durgabai Deshmukh Hospital and Research Centre", "type": "hospital", "address": "2-1-569 , Vidyanaga, Osmainia University Road"}, "geometry": {"type": "Point", "coordinates": [78.51012, 17.40201]}}, {"type": "Feature", "properties": {"name": "Victoria Zenana Maternity Hospital", "type": "hospital"}, "geometry": {"type": "Point", "coordinates": [78.47437, 17.36957]}}, {"type": "Feature", "properties": {"name": "Modern Government Maternity Hospital, Petla Burz", "type": "hospital", "emergency": "no", "address": "Near Nayapool"}, "geometry": {"type": "Point", "coordinates": [78.46742, 17.36834]}}, {"type": "Feature", "properties": {"name": "Osmania General Hospital", "type": "hospital", "address": "15-5-104, Near Afzal Gunj Bus Stop"}, "geometry": {"type": "Point", "coordinates": [78.47391, 17.37309]}}, {"type": "Feature", "properties": {"name": "Area Hospital, Patancheru", "type": "hospital", "address": "Opp. MRO Office, Near Police Station, Patancheru"}, "geometry": {"type": "Point", "coordinates": [78.2662, 17.53013]}}, {"type": "Feature", "properties": {"name": "Ramdev Rao Hospital", "type": "hospital", "address": "1- 6, Opposite Vivekananda Nagar Colony, Kukatpally"}, "geometry": {"type": "Point", "coordinates": [78.40676, 17.49035]}}, {"type": "Feature", "properties": {"name": "NIRD Health Centre", "type": "hospital"}, "geometry": {"type": "Point", "coordinates": [78.40464, 17.31402]}}, {"type": "Feature", "properties": {"name": "Lotus Hospitals, Kukatpally", "type": "hospital", "emergency": "yes", "address": "HIG No.15, JNTU, Hi tech City Road, KPHB, Kukatpally"}, "geometry": {"type": "Point", "coordinates": [78.39312, 17.49106]}}, {"type": "Feature", "properties": {"name": "Healthcare facility", "type": "hospital", "emergency": "yes"}, "geometry": {"type": "Point", "coordinates": [78.5307, 17.42531]}}, {"type": "Feature", "properties": {"name": "Shreeda Children's Hospital", "type": "hospital", "address": "Opposite Vegetable Market, Uppal Main Road"}, "geometry": {"type": "Point", "coordinates": [78.57083, 17.40111]}}, {"type": "Feature", "properties": {"name": "Continental Hospitals", "type": "hospital", "emergency": "yes", "address": "Plot Number 3, Road Number 2, I.T and Financial District, Nanakramguda, Gachibowli"}, "geometry": {"type": "Point", "coordinates": [78.33932, 17.41766]}}, {"type": "Feature", "properties": {"name": "pananeeya dental hospital", "type": "hospital"}, "geometry": {"type": "Point", "coordinates": [78.53397, 17.36486]}}, {"type": "Feature", "properties": {"name": "Sridevi Fertility Center", "type": "hospital", "address": "D.No: 1-10-224/A, IAS Study Circle, Ashok Nagar 'X' Roads"}, "geometry": {"type": "Point", "coordinates": [78.48937, 17.4102]}}, {"type": "Feature", "properties": {"name": "Sri Narmada Hospital", "type": "hospital", "address": "H. No. 1-1-770/A/1/1, New Bakaram, Gandhi Nagar"}, "geometry": {"type": "Point", "coordinates": [78.49052, 17.41355]}}, {"type": "Feature", "properties": {"name": "KIMS Hospital", "type": "hospital", "address": "1-8-31/1, Minister Rd, Krishna Nagar Colony, Begumpet, Secunderabad"}, "geometry": {"type": "Point", "coordinates": [78.48274, 17.43718]}}, {"type": "Feature", "properties": {"name": "\u0645\u0627\u0645\u062f\u06cc\u067e\u06cc\u0688\u06cc \u0646\u06af\u0631\u062c\u0646\u06c1 \u0627\u06cc\u0631\u06cc\u0627 \u0627\u0633\u067e\u062a\u0627\u0644", "type": "hospital", "address": "16-8-934, Malakpet, Near Nalgonda 'X' Roads"}, "geometry": {"type": "Point", "coordinates": [78.49876, 17.37261]}}, {"type": "Feature", "properties": {"name": "Sir Ronald Ross Institute of Tropical and Communicable Diseases (FEVER HOSPITAL)", "type": "hospital", "address": "Government Fever Hospital, Nallakunta Main Road, Bagh Lingampally, Nallakunta"}, "geometry": {"type": "Point", "coordinates": [78.50104, 17.39627]}}, {"type": "Feature", "properties": {"name": "Gandhi Hospital", "type": "hospital", "address": "Gandhi Building, Musheerbad, Secunderabad"}, "geometry": {"type": "Point", "coordinates": [78.50318, 17.42288]}}, {"type": "Feature", "properties": {"name": "Poulomi Hospital", "type": "hospital", "address": "Plot No. A-2 & B-17, Rukminipuri Colony, Dr. A S Rao Nagar Main Road"}, "geometry": {"type": "Point", "coordinates": [78.55286, 17.48258]}}, {"type": "Feature", "properties": {"name": "Apollo Hospital", "type": "hospital"}, "geometry": {"type": "Point", "coordinates": [78.40317, 17.49415]}}, {"type": "Feature", "properties": {"name": "lucid diagnostics", "type": "hospital"}, "geometry": {"type": "Point", "coordinates": [78.56308, 17.47634]}}, {"type": "Feature", "properties": {"name": "Sai Datta Hospital", "type": "hospital", "address": "Near Ayyappa Temple, Somasunder Nagar, Bagh Amberpet"}, "geometry": {"type": "Point", "coordinates": [78.51915, 17.39665]}}, {"type": "Feature", "properties": {"name": "Care Hospital", "type": "hospital", "address": "Road No.1, Banjara Hills"}, "geometry": {"type": "Point", "coordinates": [78.4504, 17.4125]}}, {"type": "Feature", "properties": {"name": "Remedy Hospital", "type": "hospital"}, "geometry": {"type": "Point", "coordinates": [78.39667, 17.49546]}}, {"type": "Feature", "properties": {"name": "Remedy Hosptials", "type": "hospital", "address": "Road Number 4, K P H B Colony, Kukatpally"}, "geometry": {"type": "Point", "coordinates": [78.39853, 17.49471]}}, {"type": "Feature", "properties": {"name": "lahari dental hospital", "type": "hospital", "address": "Nizampet Road"}, "geometry": {"type": "Point", "coordinates": [78.38842, 17.50339]}}, {"type": "Feature", "properties": {"name": "Apollo DRDO Hospital", "type": "hospital", "address": "DMRL X Roads,Santosh Nagar, Kanchanbagh"}, "geometry": {"type": "Point", "coordinates": [78.50711, 17.34258]}}, {"type": "Feature", "properties": {"name": "Woodlands Hospital", "type": "hospital", "address": "3-4-852, Opp. EPF Office, Barkatpura"}, "geometry": {"type": "Point", "coordinates": [78.49781, 17.3931]}}, {"type": "Feature", "properties": {"name": "Kiran Skin Care Hospital", "type": "hospital"}, "geometry": {"type": "Point", "coordinates": [78.39756, 17.49668]}}, {"type": "Feature", "properties": {"name": "Sri Sri Holistic Hospitals", "type": "hospital", "address": "#1-2-49/13B, Nizampet Road, Hydernagar, Nagarjuna Homes, Kukatpally"}, "geometry": {"type": "Point", "coordinates": [78.38903, 17.50196]}}, {"type": "Feature", "properties": {"name": "Southern Regional Centre of Ali Yavar Jung National Institute for the Hearing Handicapped (AYJNIHH)", "type": "hospital", "address": "Manovikas Nagar, Secunderabad, Near Delhi Public School"}, "geometry": {"type": "Point", "coordinates": [78.48954, 17.4688]}}, {"type": "Feature", "properties": {"name": "Pace Hospitals", "type": "hospital", "address": "Plot No:23, Huda Techno Enclave, Patrika Nagar, Beside Avasa Hotel, Pillar No. 18, MADHAPUR"}, "geometry": {"type": "Point", "coordinates": [78.38401, 17.44675]}}, {"type": "Feature", "properties": {"name": "Bhaskara Orthopaedic Centre", "type": "hospital", "address": "Plot No. 25, Green Hills Colony, S.P Nagar"}, "geometry": {"type": "Point", "coordinates": [78.56486, 17.46931]}}, {"type": "Feature", "properties": {"name": "DR SHARATH CHANDRA", "type": "hospital"}, "geometry": {"type": "Point", "coordinates": [78.41721, 17.43081]}}, {"type": "Feature", "properties": {"name": "Appolo Cradle Hospital", "type": "hospital"}, "geometry": {"type": "Point", "coordinates": [78.41756, 17.41645]}}, {"type": "Feature", "properties": {"name": "VHeal ENT, ORTHO and Multispeciality Center", "type": "hospital", "address": "Chandanagar - RC Puram BHEL Rd Mumbai Highway"}, "geometry": {"type": "Point", "coordinates": [78.31974, 17.49541]}}, {"type": "Feature", "properties": {"name": "Govt hospital", "type": "hospital"}, "geometry": {"type": "Point", "coordinates": [78.53393, 17.45106]}}, {"type": "Feature", "properties": {"name": "Ctomatodont Dental Care", "type": "hospital", "emergency": "yes", "address": "Geetha nagar Malkajgiri"}, "geometry": {"type": "Point", "coordinates": [78.53496, 17.45027]}}, {"type": "Feature", "properties": {"name": "Pulse hospital", "type": "hospital", "emergency": "yes"}, "geometry": {"type": "Point", "coordinates": [78.50427, 17.42169]}}, {"type": "Feature", "properties": {"name": "Lakshmi Narayana Speciality Clinics", "type": "hospital", "address": "Road no 2, Jubilee Hills"}, "geometry": {"type": "Point", "coordinates": [78.42426, 17.43074]}}, {"type": "Feature", "properties": {"name": "ASVINS Specialty Cancer Hospital", "type": "hospital", "emergency": "yes", "address": "06-6-903/A and B, Somajiguda"}, "geometry": {"type": "Point", "coordinates": [78.45637, 17.42499]}}, {"type": "Feature", "properties": {"name": "Omega Hospital", "type": "hospital", "address": "Plot No: 8-2-293/82/L/276A, MLA Colony Main Raod, Road No 12, Banjara Hills"}, "geometry": {"type": "Point", "coordinates": [78.424, 17.41363]}}, {"type": "Feature", "properties": {"name": "Yashoda Super Speciality Hospital - secunderabad", "type": "hospital", "address": "Alexander Road"}, "geometry": {"type": "Point", "coordinates": [78.49713, 17.44184]}}, {"type": "Feature", "properties": {"name": "Sowmya Children's Hospital", "type": "hospital", "emergency": "yes", "address": "Lane Number 23, Behind Axis Bank, Sanjeev Reddy Nagar"}, "geometry": {"type": "Point", "coordinates": [78.44381, 17.44304]}}, {"type": "Feature", "properties": {"name": "SIDDHARTH EYE CENTRE", "type": "hospital", "address": "3-5-782/H/21, Opp: King Koti Govt. Hospital"}, "geometry": {"type": "Point", "coordinates": [78.48237, 17.39402]}}, {"type": "Feature", "properties": {"name": "Swarup Eye Centre", "type": "hospital", "address": "5-9-163, Chapel Road, Near Staneley College, Abids"}, "geometry": {"type": "Point", "coordinates": [78.47209, 17.39506]}}, {"type": "Feature", "properties": {"name": "WIN VISION EYE HOSPITAL", "type": "hospital", "address": "6-3-868/2, GREENLANDS, NEXT TO TELENGANA TOURISM PLAZA, BEGUMPET"}, "geometry": {"type": "Point", "coordinates": [78.45507, 17.43494]}}, {"type": "Feature", "properties": {"name": "Hyderabad Nursing Home", "type": "hospital", "address": "5-9-29/40, Opposite GHMC office, Basheerbagh"}, "geometry": {"type": "Point", "coordinates": [78.47607, 17.40693]}}, {"type": "Feature", "properties": {"name": "Nirmala Maternity, Orthopaedic & General Hospital", "type": "hospital", "address": "10-3-76/10, 2/3RT, Vijaya Nagar Colony"}, "geometry": {"type": "Point", "coordinates": [78.4518, 17.39433]}}, {"type": "Feature", "properties": {"name": "SRIKARA HOSPITALS", "type": "hospital", "address": "St. Johns Road, Opposite Railway Reservation Counter Lane, Beside Ramakrishna Hotel, Railway Colony, Chilakalguda, Secunderabad"}, "geometry": {"type": "Point", "coordinates": [78.50658, 17.43531]}}, {"type": "Feature", "properties": {"name": "apollo pharmacy", "type": "hospital"}, "geometry": {"type": "Point", "coordinates": [78.52155, 17.35559]}}, {"type": "Feature", "properties": {"name": "Gleneagles Global Hospital", "type": "hospital", "emergency": "yes", "address": "6 - 1 - 1040/1 to 4, Lakdikapul"}, "geometry": {"type": "Point", "coordinates": [78.46309, 17.40526]}}, {"type": "Feature", "properties": {"name": "Sunshine Heart Institute", "type": "hospital", "address": "Penderghast Road, Opposite Parsi Dharamsala, Behind Paradise Hotel, Secunderabad"}, "geometry": {"type": "Point", "coordinates": [78.48636, 17.44155]}}, {"type": "Feature", "properties": {"name": "Sunshine Hospitals Out Patient Care", "type": "hospital"}, "geometry": {"type": "Point", "coordinates": [78.48603, 17.4406]}}, {"type": "Feature", "properties": {"name": "Urban health centre", "type": "hospital"}, "geometry": {"type": "Point", "coordinates": [78.56589, 17.35553]}}, {"type": "Feature", "properties": {"name": "Aditya Hospital", "type": "hospital", "address": "4-1-16, Boggulakunta, Tilak Road, Abids"}, "geometry": {"type": "Point", "coordinates": [78.48117, 17.39045]}}, {"type": "Feature", "properties": {"name": "ITMR Speciality Diagnostics", "type": "hospital", "address": "Road No.1, Banjara Hills"}, "geometry": {"type": "Point", "coordinates": [78.44908, 17.42126]}}, {"type": "Feature", "properties": {"name": "\u062d\u06cc\u062f\u0631\u0622\u0628\u0627\u062f \u0645\u0644\u0679\u06cc \u0627\u0633\u067e\u06cc\u0634\u0644\u06cc\u0679\u06cc \u06c1\u0633\u067e\u062a\u0627\u0644", "type": "hospital", "address": "16-2-674/11, Judges Colony, New Malakpet, Hyderabad, Telangana 500024"}, "geometry": {"type": "Point", "coordinates": [78.50054, 17.3716]}}, {"type": "Feature", "properties": {"name": "\u0627\u0646\u0688\u0648 \u06cc\u0648 \u0627\u06cc\u0633 \u06c1\u0633\u067e\u062a\u0627\u0644", "type": "hospital", "address": "16-2, 661/3, Jamia Masjid St, Judges Colony, New Malakpet, Hyderabad, Telangana 500024"}, "geometry": {"type": "Point", "coordinates": [78.50063, 17.37263]}}, {"type": "Feature", "properties": {"name": "Pharmacy", "type": "hospital"}, "geometry": {"type": "Point", "coordinates": [78.52616, 17.38698]}}, {"type": "Feature", "properties": {"name": "Vasudeva Rao Clinic", "type": "hospital"}, "geometry": {"type": "Point", "coordinates": [78.52619, 17.38705]}}, {"type": "Feature", "properties": {"name": "Healing touch hospital", "type": "hospital"}, "geometry": {"type": "Point", "coordinates": [78.49757, 17.4403]}}, {"type": "Feature", "properties": {"name": "Shenoy Hospital", "type": "hospital", "emergency": "yes"}, "geometry": {"type": "Point", "coordinates": [78.50894, 17.44787]}}, {"type": "Feature", "properties": {"name": "Sunshine Hospital", "type": "hospital", "address": "Penderghast Road, Opposite Parsi Dharamsala, Behind Paradise Hotel, Sappu Bagh Apaprtment, Jogani, Ramgopalpet"}, "geometry": {"type": "Point", "coordinates": [78.48693, 17.44121]}}, {"type": "Feature", "properties": {"name": "khuteja hospitals", "type": "hospital"}, "geometry": {"type": "Point", "coordinates": [78.44375, 17.37149]}}, {"type": "Feature", "properties": {"name": "Owaisi Hospital and Research Centre", "type": "hospital", "emergency": "yes", "address": "D.M.R.L.X Road, Santosh Nagar, Kanchanbagh"}, "geometry": {"type": "Point", "coordinates": [78.50673, 17.34095]}}, {"type": "Feature", "properties": {"name": "Maxcure Hospital", "type": "hospital", "address": "5 - 9 - 22, Secretariat Road"}, "geometry": {"type": "Point", "coordinates": [78.47161, 17.40658]}}, {"type": "Feature", "properties": {"name": "Sai Vani Super Specialty Hospital", "type": "hospital", "address": "1-2-365/36/6 and 7, Opposite Indira Park, Ramakrishna Math Road, Domalguda"}, "geometry": {"type": "Point", "coordinates": [78.48344, 17.41089]}}, {"type": "Feature", "properties": {"name": "Vijaya Health Care", "type": "hospital", "address": "8-2-186, Near Passport Office, Secunderabad"}, "geometry": {"type": "Point", "coordinates": [78.49865, 17.43888]}}, {"type": "Feature", "properties": {"name": "Apollo Hospitals", "type": "hospital", "emergency": "yes", "address": "Pollicetty Towers, St Johns Rd, Regimental Bazaar, Shivaji Nagar"}, "geometry": {"type": "Point", "coordinates": [78.5047, 17.43958]}}, {"type": "Feature", "properties": {"name": "Care Hospitals - Secunderabad", "type": "hospital", "address": "Near Clock Tower, Market Street, Secunderabad"}, "geometry": {"type": "Point", "coordinates": [78.49772, 17.44007]}}, {"type": "Feature", "properties": {"name": "Medicover Hospitals Secunderabad", "type": "hospital", "emergency": "yes", "address": "Sarojini Devi Rd, Regimental Bazaar, Shivaji Nagar"}, "geometry": {"type": "Point", "coordinates": [78.50452, 17.44046]}}, {"type": "Feature", "properties": {"name": "Dr. Ramayya's Urology Nephrology Institute and Hospital Private Limited", "type": "hospital", "address": "5-9-34/2, New MLA Quarter, Basheer Bagh"}, "geometry": {"type": "Point", "coordinates": [78.47511, 17.40473]}}, {"type": "Feature", "properties": {"name": "Government General and Chest Hospital", "type": "hospital", "address": "Opposite ESI Hospital"}, "geometry": {"type": "Point", "coordinates": [78.43487, 17.44527]}}, {"type": "Feature", "properties": {"name": "Medwin Hospital", "type": "hospital", "emergency": "yes", "address": "100, Raghava Ratna Towers, Mahesh Nagar Colony, Nampally"}, "geometry": {"type": "Point", "coordinates": [78.47192, 17.39361]}}, {"type": "Feature", "properties": {"name": "Ravi Helios Hospital", "type": "hospital", "address": "175, R K Matt Road, Indira Park, Domalaguda"}, "geometry": {"type": "Point", "coordinates": [78.48316, 17.41103]}}, {"type": "Feature", "properties": {"name": "Healthcare facility", "type": "hospital"}, "geometry": {"type": "Point", "coordinates": [78.31084, 17.47073]}}, {"type": "Feature", "properties": {"name": "Basavatarakam Indo American Cancer Institute And Research Centre", "type": "hospital", "address": "Road No 10, Banjara Hills"}, "geometry": {"type": "Point", "coordinates": [78.43062, 17.41733]}}, {"type": "Feature", "properties": {"name": "Healthcare facility", "type": "hospital"}, "geometry": {"type": "Point", "coordinates": [78.32028, 17.47876]}}, {"type": "Feature", "properties": {"name": "Care Hospitals", "type": "hospital", "address": "Hi Tech City Main Road"}, "geometry": {"type": "Point", "coordinates": [78.3721, 17.43054]}}, {"type": "Feature", "properties": {"name": "ESI Hospital", "type": "hospital"}, "geometry": {"type": "Point", "coordinates": [78.43978, 17.44749]}}, {"type": "Feature", "properties": {"name": "Healthcare facility", "type": "hospital"}, "geometry": {"type": "Point", "coordinates": [78.37966, 17.44682]}}, {"type": "Feature", "properties": {"name": "Yashoda Super Speciality Hospitals", "type": "hospital", "emergency": "yes", "address": "Rajbhavan Road, Somajiguda"}, "geometry": {"type": "Point", "coordinates": [78.45692, 17.42458]}}, {"type": "Feature", "properties": {"name": "L V Prasad Eye Institute", "type": "hospital", "address": "Kallam Anji Reddy Campus, L V Prasad Marg, Opp. PVR Cinemas, Banjara Hills"}, "geometry": {"type": "Point", "coordinates": [78.42749, 17.42487]}}, {"type": "Feature", "properties": {"name": "Asha Hospital", "type": "hospital", "address": "Plot Number 298, Road Number 14, Resham Bagh, Banjara Hills"}, "geometry": {"type": "Point", "coordinates": [78.43451, 17.4212]}}, {"type": "Feature", "properties": {"name": "Supraja Hospital", "type": "hospital", "address": "Nagole 'X' Road"}, "geometry": {"type": "Point", "coordinates": [78.55831, 17.37685]}}, {"type": "Feature", "properties": {"name": "Mamtha Hospital", "type": "hospital", "address": "Plot No.-27, Kphb Main Road, Opposite Arjun Theatre, Kukatpally"}, "geometry": {"type": "Point", "coordinates": [78.39783, 17.49673]}}, {"type": "Feature", "properties": {"name": "Apollo", "type": "hospital"}, "geometry": {"type": "Point", "coordinates": [78.46105, 17.38827]}}, {"type": "Feature", "properties": {"name": "Healthcare facility", "type": "hospital"}, "geometry": {"type": "Point", "coordinates": [78.51916, 17.42735]}}, {"type": "Feature", "properties": {"name": "Healthcare facility", "type": "hospital"}, "geometry": {"type": "Point", "coordinates": [78.48742, 17.43338]}}, {"type": "Feature", "properties": {"name": "\u0c2a\u0c4d\u0c30\u0c15\u0c43\u0c24\u0c3f \u0c1a\u0c3f\u0c15\u0c3f\u0c24\u0c4d\u0c38\u0c3e\u0c32\u0c2f\u0c2e\u0c41", "type": "hospital", "emergency": "yes", "address": "Nature Cure Hospital Road"}, "geometry": {"type": "Point", "coordinates": [78.4517, 17.44481]}}, {"type": "Feature", "properties": {"name": "Aakar Asha Hospital", "type": "hospital", "address": "Opp. METRO PILLAR NO. KPH 28, KUKATPALLY MAIN ROAD"}, "geometry": {"type": "Point", "coordinates": [78.40778, 17.48907]}}, {"type": "Feature", "properties": {"name": "Prasad Hospital", "type": "hospital", "address": "High Tension Line Road"}, "geometry": {"type": "Point", "coordinates": [78.39557, 17.50567]}}, {"type": "Feature", "properties": {"name": "Healthcare facility", "type": "hospital"}, "geometry": {"type": "Point", "coordinates": [78.4361, 17.44594]}}, {"type": "Feature", "properties": {"name": "Apollo Hospitals", "type": "hospital", "emergency": "yes", "address": "Apollo Hospitals, Jubilee Hills"}, "geometry": {"type": "Point", "coordinates": [78.41353, 17.4152]}}, {"type": "Feature", "properties": {"name": "Rainbow Children\u2019s Hospital", "type": "hospital", "address": "Road No. 2, Banjara Hills, Near LV Prasad Eye Hospital, Next to Hotel Park Hyatt"}, "geometry": {"type": "Point", "coordinates": [78.43191, 17.42533]}}, {"type": "Feature", "properties": {"name": "\u0641\u06cc\u062a\u06be \u0627\u0633\u067e\u062a\u0627\u0644", "type": "hospital"}, "geometry": {"type": "Point", "coordinates": [78.4945, 17.35915]}}, {"type": "Feature", "properties": {"name": "Sri Rn ayurved", "type": "hospital", "emergency": "no", "address": "Pragathi Nagar Road"}, "geometry": {"type": "Point", "coordinates": [78.39531, 17.52776]}}, {"type": "Feature", "properties": {"name": "Usha Mullapudi Cardiac Centre", "type": "hospital", "emergency": "yes", "address": "Gajularamaram Road, Shapur Nagar"}, "geometry": {"type": "Point", "coordinates": [78.42878, 17.51953]}}, {"type": "Feature", "properties": {"name": "ESI Hospital", "type": "hospital"}, "geometry": {"type": "Point", "coordinates": [78.44702, 17.51052]}}, {"type": "Feature", "properties": {"name": "Lakshmi hospital", "type": "hospital", "emergency": "yes", "address": "Manjira Pipeline Road"}, "geometry": {"type": "Point", "coordinates": [78.3374, 17.49061]}}, {"type": "Feature", "properties": {"name": "ground", "type": "hospital"}, "geometry": {"type": "Point", "coordinates": [78.54074, 17.40015]}}, {"type": "Feature", "properties": {"name": "Maxwell Hospital", "type": "hospital", "address": "Moti nagar"}, "geometry": {"type": "Point", "coordinates": [78.42198, 17.4545]}}, {"type": "Feature", "properties": {"name": "Ragi hospital", "type": "hospital"}, "geometry": {"type": "Point", "coordinates": [78.41047, 17.49386]}}, {"type": "Feature", "properties": {"name": "Gemini Health Care", "type": "hospital"}, "geometry": {"type": "Point", "coordinates": [78.47332, 17.33769]}}, {"type": "Feature", "properties": {"name": "ESI Hospital", "type": "hospital", "emergency": "yes", "address": "Nacharam"}, "geometry": {"type": "Point", "coordinates": [78.5528, 17.43204]}}, {"type": "Feature", "properties": {"name": "Vivekananda Hospital", "type": "hospital"}, "geometry": {"type": "Point", "coordinates": [78.45561, 17.43119]}}, {"type": "Feature", "properties": {"name": "Sai Krishna Neuro Hospital", "type": "hospital"}, "geometry": {"type": "Point", "coordinates": [78.49581, 17.39001]}}, {"type": "Feature", "properties": {"name": "Yashoda Hospital", "type": "hospital"}, "geometry": {"type": "Point", "coordinates": [78.45695, 17.42452]}}, {"type": "Feature", "properties": {"name": "Pulse Clinics and Diagnostics", "type": "hospital", "address": "shriraghava garden rd near punjab nation bank west marredpally secunderabad"}, "geometry": {"type": "Point", "coordinates": [78.50309, 17.45041]}}, {"type": "Feature", "properties": {"name": "Healthcare facility", "type": "hospital"}, "geometry": {"type": "Point", "coordinates": [78.50656, 17.34101]}}, {"type": "Feature", "properties": {"name": "Eye Hospital", "type": "hospital"}, "geometry": {"type": "Point", "coordinates": [78.50241, 17.40874]}}, {"type": "Feature", "properties": {"name": "Vikram Hospitals", "type": "hospital", "address": "1-98/90/26, Near IOC Petrol Bunk, Hi-Tech City Main Road, Madhapur"}, "geometry": {"type": "Point", "coordinates": [78.39166, 17.44069]}}, {"type": "Feature", "properties": {"name": "Healthcare facility", "type": "pharmacy"}, "geometry": {"type": "Point", "coordinates": [78.3917, 17.44052]}}, {"type": "Feature", "properties": {"name": "Apollo Pharmacy", "type": "pharmacy"}, "geometry": {"type": "Point", "coordinates": [78.39222, 17.44112]}}, {"type": "Feature", "properties": {"name": "Image Hospitals", "type": "hospital", "address": "Plot No 8 & 9, Arunodaya Cooperative Housing Society, Vittal Rao nagar, Madhapur"}, "geometry": {"type": "Point", "coordinates": [78.38607, 17.44443]}}, {"type": "Feature", "properties": {"name": "Sai Krishna Medical Hall", "type": "pharmacy"}, "geometry": {"type": "Point", "coordinates": [78.44155, 17.44267]}}, {"type": "Feature", "properties": {"name": "Sri Sathya Sai Medical & General Stores", "type": "pharmacy"}, "geometry": {"type": "Point", "coordinates": [78.44219, 17.44233]}}, {"type": "Feature", "properties": {"name": "Ameerpet Government Hospital", "type": "hospital"}, "geometry": {"type": "Point", "coordinates": [78.44788, 17.44171]}}, {"type": "Feature", "properties": {"name": "Sri Vijaya Hospitals", "type": "hospital"}, "geometry": {"type": "Point", "coordinates": [78.44803, 17.44228]}}, {"type": "Feature", "properties": {"name": "Apollo Pharmacy", "type": "pharmacy"}, "geometry": {"type": "Point", "coordinates": [78.45037, 17.43871]}}, {"type": "Feature", "properties": {"name": "Sree Priya Multi Speciality Hospital", "type": "hospital", "emergency": "no"}, "geometry": {"type": "Point", "coordinates": [78.44613, 17.44154]}}, {"type": "Feature", "properties": {"name": "Healthcare facility", "type": "pharmacy"}, "geometry": {"type": "Point", "coordinates": [78.44595, 17.44173]}}, {"type": "Feature", "properties": {"name": "Healthcare medical hall", "type": "pharmacy"}, "geometry": {"type": "Point", "coordinates": [78.48649, 17.36747]}}, {"type": "Feature", "properties": {"name": "deluxe medical hall", "type": "pharmacy"}, "geometry": {"type": "Point", "coordinates": [78.48758, 17.36754]}}, {"type": "Feature", "properties": {"name": "Rahmat Ali hospital", "type": "hospital"}, "geometry": {"type": "Point", "coordinates": [78.48599, 17.36723]}}, {"type": "Feature", "properties": {"name": "Reliable medical hall", "type": "pharmacy"}, "geometry": {"type": "Point", "coordinates": [78.4831, 17.3675]}}, {"type": "Feature", "properties": {"name": "Satya Hospital", "type": "hospital"}, "geometry": {"type": "Point", "coordinates": [78.51217, 17.40757]}}, {"type": "Feature", "properties": {"name": "Koundinya Medical&General Stores", "type": "pharmacy"}, "geometry": {"type": "Point", "coordinates": [78.51232, 17.40747]}}, {"type": "Feature", "properties": {"name": "Apollo Pharmacy", "type": "pharmacy"}, "geometry": {"type": "Point", "coordinates": [78.50963, 17.40239]}}, {"type": "Feature", "properties": {"name": "Ananda Nursing Home", "type": "clinic", "address": "Nimapara"}, "geometry": {"type": "Point", "coordinates": [78.51438, 17.41016]}}, {"type": "Feature", "properties": {"name": "Innova Children's Heart Hospital", "type": "hospital", "address": "12-5-30, Whith House, Moulali Road, Tarnaka"}, "geometry": {"type": "Point", "coordinates": [78.53345, 17.42932]}}, {"type": "Feature", "properties": {"name": "Apollo Clinic", "type": "hospital"}, "geometry": {"type": "Point", "coordinates": [78.53334, 17.4291]}}, {"type": "Feature", "properties": {"name": "Apollo Pharmacy", "type": "pharmacy"}, "geometry": {"type": "Point", "coordinates": [78.48902, 17.40922]}}, {"type": "Feature", "properties": {"name": "MedPlus", "type": "pharmacy"}, "geometry": {"type": "Point", "coordinates": [78.41182, 17.41726]}}, {"type": "Feature", "properties": {"name": "Healthcare facility", "type": "pharmacy"}, "geometry": {"type": "Point", "coordinates": [78.39175, 17.44118]}}, {"type": "Feature", "properties": {"name": "Vasavi ENT Hospital", "type": "hospital"}, "geometry": {"type": "Point", "coordinates": [78.4645, 17.40681]}}, {"type": "Feature", "properties": {"name": "Mahavir Hospital and Research Centre", "type": "hospital", "address": "10-1-1, Bhagwan Mahavir Marg, A.C Guards"}, "geometry": {"type": "Point", "coordinates": [78.45706, 17.40366]}}, {"type": "Feature", "properties": {"name": "Vasu Medical Store", "type": "pharmacy"}, "geometry": {"type": "Point", "coordinates": [78.48339, 17.40219]}}, {"type": "Feature", "properties": {"name": "Medical Store", "type": "pharmacy"}, "geometry": {"type": "Point", "coordinates": [78.48453, 17.40265]}}, {"type": "Feature", "properties": {"name": "Old Apollo Hospital", "type": "hospital"}, "geometry": {"type": "Point", "coordinates": [78.48141, 17.39856]}}, {"type": "Feature", "properties": {"name": "Krishna Children's Hospital", "type": "hospital", "address": "11-5423/A/B, Niloufer Road, Opp. Hanuman temple, Red Hills, Lakdikapool"}, "geometry": {"type": "Point", "coordinates": [78.46253, 17.40213]}}, {"type": "Feature", "properties": {"name": "Apollo", "type": "pharmacy"}, "geometry": {"type": "Point", "coordinates": [78.51856, 17.43625]}}, {"type": "Feature", "properties": {"name": "Apollo", "type": "pharmacy"}, "geometry": {"type": "Point", "coordinates": [78.48043, 17.44362]}}, {"type": "Feature", "properties": {"name": "Arogyasree Health care trust", "type": "hospital"}, "geometry": {"type": "Point", "coordinates": [78.39373, 17.43017]}}, {"type": "Feature", "properties": {"name": "Healthcare facility", "type": "pharmacy"}, "geometry": {"type": "Point", "coordinates": [78.36681, 17.4683]}}, {"type": "Feature", "properties": {"name": "Surojini Devi Eye Hospital", "type": "hospital"}, "geometry": {"type": "Point", "coordinates": [78.4448, 17.39904]}}, {"type": "Feature", "properties": {"name": "Balaji Pharmacy", "type": "pharmacy"}, "geometry": {"type": "Point", "coordinates": [78.48325, 17.46472]}}, {"type": "Feature", "properties": {"name": "Star Hospital", "type": "hospital", "address": "8-2-596/5, Road No 10, Banjara Hills"}, "geometry": {"type": "Point", "coordinates": [78.44546, 17.41569]}}, {"type": "Feature", "properties": {"name": "Rainbow Hospitals", "type": "hospital"}, "geometry": {"type": "Point", "coordinates": [78.44757, 17.41481]}}, {"type": "Feature", "properties": {"name": "Fernandez Hospital", "type": "hospital", "address": "D.No: 4-1-1230, Opp. YWCA, Abids Road, Bogulkunta"}, "geometry": {"type": "Point", "coordinates": [78.47937, 17.39215]}}, {"type": "Feature", "properties": {"name": "Oxygen Hospital", "type": "hospital", "emergency": "yes", "address": "Vikrampuri"}, "geometry": {"type": "Point", "coordinates": [78.4984, 17.4557]}}, {"type": "Feature", "properties": {"name": "Healthcare facility", "type": "pharmacy"}, "geometry": {"type": "Point", "coordinates": [78.47337, 17.46643]}}, {"type": "Feature", "properties": {"name": "Healthcare facility", "type": "hospital"}, "geometry": {"type": "Point", "coordinates": [78.47784, 17.46932]}}, {"type": "Feature", "properties": {"name": "Sri Madhu Medicals", "type": "pharmacy"}, "geometry": {"type": "Point", "coordinates": [78.49116, 17.46211]}}, {"type": "Feature", "properties": {"name": "Healthcare facility", "type": "clinic"}, "geometry": {"type": "Point", "coordinates": [78.49225, 17.4623]}}, {"type": "Feature", "properties": {"name": "Sai Dutta Health Needs", "type": "pharmacy"}, "geometry": {"type": "Point", "coordinates": [78.49133, 17.46225]}}, {"type": "Feature", "properties": {"name": "Priya Homeo Pharmacy", "type": "pharmacy"}, "geometry": {"type": "Point", "coordinates": [78.492, 17.46227]}}, {"type": "Feature", "properties": {"name": "Srinivasa Medicals", "type": "pharmacy"}, "geometry": {"type": "Point", "coordinates": [78.4842, 17.46425]}}, {"type": "Feature", "properties": {"name": "Remedy Hospitals", "type": "hospital"}, "geometry": {"type": "Point", "coordinates": [78.45674, 17.46362]}}, {"type": "Feature", "properties": {"name": "Ortho Care Centre", "type": "doctors"}, "geometry": {"type": "Point", "coordinates": [78.49083, 17.46082]}}, {"type": "Feature", "properties": {"name": "Tirumala Medicals", "type": "pharmacy"}, "geometry": {"type": "Point", "coordinates": [78.4914, 17.46324]}}, {"type": "Feature", "properties": {"name": "MedPlus", "type": "pharmacy"}, "geometry": {"type": "Point", "coordinates": [78.36702, 17.46339]}}, {"type": "Feature", "properties": {"name": "LEAF HOSPITAL", "type": "hospital", "address": "Plot No: 3 & 4, Jayalaxmi Apartments, Beside Bajaj Electronics, Near Kondapur X Roads"}, "geometry": {"type": "Point", "coordinates": [78.36739, 17.46296]}}, {"type": "Feature", "properties": {"name": "Hetero", "type": "pharmacy"}, "geometry": {"type": "Point", "coordinates": [78.36703, 17.46345]}}, {"type": "Feature", "properties": {"name": "Ambicare Hospital", "type": "hospital", "emergency": "no"}, "geometry": {"type": "Point", "coordinates": [78.36408, 17.45352]}}, {"type": "Feature", "properties": {"name": "Healthcare facility", "type": "pharmacy"}, "geometry": {"type": "Point", "coordinates": [78.51258, 17.49432]}}, {"type": "Feature", "properties": {"name": "Tirumala Medical Hall", "type": "pharmacy"}, "geometry": {"type": "Point", "coordinates": [78.51065, 17.4776]}}, {"type": "Feature", "properties": {"name": "Apollo 24 Pharmacy", "type": "pharmacy"}, "geometry": {"type": "Point", "coordinates": [78.51057, 17.47738]}}, {"type": "Feature", "properties": {"name": "Healthcare facility", "type": "pharmacy", "address": "Kanajiguda"}, "geometry": {"type": "Point", "coordinates": [78.49836, 17.48374]}}, {"type": "Feature", "properties": {"name": "Healthcare facility", "type": "pharmacy"}, "geometry": {"type": "Point", "coordinates": [78.33795, 17.43399]}}, {"type": "Feature", "properties": {"name": "L.K. Diagnostic", "type": "hospital", "emergency": "yes"}, "geometry": {"type": "Point", "coordinates": [78.53549, 17.45129]}}, {"type": "Feature", "properties": {"name": "Primary Health Centre, Malkajgiri (Urban)", "type": "clinic", "emergency": "yes", "address": "MALKAJGIRI, Near/GHMC"}, "geometry": {"type": "Point", "coordinates": [78.5335, 17.45099]}}, {"type": "Feature", "properties": {"name": "L.K. Hospitals", "type": "hospital", "emergency": "yes", "address": "4-159 & 4-172, Near Raghavendra Theatre, Maruthi Nagar, Malkajgiri"}, "geometry": {"type": "Point", "coordinates": [78.53525, 17.45139]}}, {"type": "Feature", "properties": {"name": "Healthcare facility", "type": "pharmacy"}, "geometry": {"type": "Point", "coordinates": [78.53257, 17.45057]}}, {"type": "Feature", "properties": {"name": "Vishu Medical Hall", "type": "pharmacy", "address": "Sai Nagar, Malkajgiri"}, "geometry": {"type": "Point", "coordinates": [78.53191, 17.45084]}}, {"type": "Feature", "properties": {"name": "Dental Hospital", "type": "hospital", "emergency": "yes"}, "geometry": {"type": "Point", "coordinates": [78.5312, 17.45144]}}, {"type": "Feature", "properties": {"name": "Gokul Medical Hall", "type": "pharmacy", "address": "Malkajgiri"}, "geometry": {"type": "Point", "coordinates": [78.53536, 17.44998]}}, {"type": "Feature", "properties": {"name": "Healthcare facility", "type": "pharmacy"}, "geometry": {"type": "Point", "coordinates": [78.51198, 17.40778]}}, {"type": "Feature", "properties": {"name": "Healthcare facility", "type": "pharmacy"}, "geometry": {"type": "Point", "coordinates": [78.50962, 17.40878]}}, {"type": "Feature", "properties": {"name": "Healthcare facility", "type": "pharmacy"}, "geometry": {"type": "Point", "coordinates": [78.51059, 17.40847]}}, {"type": "Feature", "properties": {"name": "Lakshmi Childrens Hospital", "type": "hospital"}, "geometry": {"type": "Point", "coordinates": [78.53019, 17.36883]}}, {"type": "Feature", "properties": {"name": "Apollo Emergency Hospital", "type": "hospital", "emergency": "yes", "address": "3-5-836/1 to 3-5-838, Old MLA Quarters Road, Hyderguda"}, "geometry": {"type": "Point", "coordinates": [78.4792, 17.3994]}}, {"type": "Feature", "properties": {"name": "Omni Hospital", "type": "hospital", "address": "11-9-46, Sri Sai Shivani Complex, Opposite P.V.T Market, Kothapet 'X' Road, New Nagole Main Road, Dilsukhnagar, Laxmi Nagar Colony, Kothapet"}, "geometry": {"type": "Point", "coordinates": [78.53875, 17.36848]}}, {"type": "Feature", "properties": {"name": "haritha hospitals", "type": "hospital"}, "geometry": {"type": "Point", "coordinates": [78.36606, 17.4696]}}, {"type": "Feature", "properties": {"name": "Mediplus", "type": "pharmacy"}, "geometry": {"type": "Point", "coordinates": [78.55851, 17.37412]}}, {"type": "Feature", "properties": {"name": "Med Plus Medical Store", "type": "pharmacy"}, "geometry": {"type": "Point", "coordinates": [78.4388, 17.43004]}}, {"type": "Feature", "properties": {"name": "Care Clinic", "type": "hospital", "emergency": "no"}, "geometry": {"type": "Point", "coordinates": [78.44816, 17.42066]}}, {"type": "Feature", "properties": {"name": "Apollo Pharmacy", "type": "pharmacy"}, "geometry": {"type": "Point", "coordinates": [78.4983, 17.45547]}}, {"type": "Feature", "properties": {"name": "Anupama Hospital", "type": "hospital", "emergency": "yes", "address": "JNTU Road, Near Malaysian Town Ship Circle, KPHB Colony, Kukatpally"}, "geometry": {"type": "Point", "coordinates": [78.39033, 17.4856]}}, {"type": "Feature", "properties": {"name": "Hetero Pharmacy", "type": "pharmacy"}, "geometry": {"type": "Point", "coordinates": [78.39533, 17.48742]}}, {"type": "Feature", "properties": {"name": "Anu Test Tube Centre", "type": "hospital", "emergency": "no"}, "geometry": {"type": "Point", "coordinates": [78.46021, 17.42178]}}, {"type": "Feature", "properties": {"name": "Healthcare facility", "type": "pharmacy"}, "geometry": {"type": "Point", "coordinates": [78.42812, 17.42994]}}, {"type": "Feature", "properties": {"name": "Hope Children's Hospital", "type": "hospital", "address": "5-9-24/81, Lake Hill Road, Basheerbagh"}, "geometry": {"type": "Point", "coordinates": [78.47388, 17.40643]}}, {"type": "Feature", "properties": {"name": "Swapna Health Care", "type": "hospital", "address": "6-3-1111/19, NISHATH BAGH, BEGUMPET"}, "geometry": {"type": "Point", "coordinates": [78.45674, 17.42916]}}, {"type": "Feature", "properties": {"name": "Healthcare facility", "type": "pharmacy"}, "geometry": {"type": "Point", "coordinates": [78.5483, 17.3498]}}, {"type": "Feature", "properties": {"name": "OZONE HOSPITALS", "type": "hospital", "address": "H.No: 11-13-201/33, ROAD NO. 4, KOTHAPET, DILSUKHNAGAR, BESIDE CMR SHOPPING MALL, OPPOSITE WHITE HOUSE"}, "geometry": {"type": "Point", "coordinates": [78.54507, 17.35943]}}, {"type": "Feature", "properties": {"name": "Apollo Pharmacy", "type": "pharmacy"}, "geometry": {"type": "Point", "coordinates": [78.36887, 17.43392]}}, {"type": "Feature", "properties": {"name": "Apollo Pharmacy", "type": "pharmacy"}, "geometry": {"type": "Point", "coordinates": [78.36916, 17.4336]}}, {"type": "Feature", "properties": {"name": "MedPlus", "type": "pharmacy", "address": "Telecom nagaar"}, "geometry": {"type": "Point", "coordinates": [78.36863, 17.43416]}}, {"type": "Feature", "properties": {"name": "Asian Institute of Gastroenterology", "type": "hospital", "address": "6 - 3 - 661, Sangeet Nagar, Somajiguda"}, "geometry": {"type": "Point", "coordinates": [78.45666, 17.42114]}}, {"type": "Feature", "properties": {"name": "Matpathy Clinic", "type": "hospital", "emergency": "no"}, "geometry": {"type": "Point", "coordinates": [78.3922, 17.40685]}}, {"type": "Feature", "properties": {"name": "Apollo Pharmacy", "type": "pharmacy"}, "geometry": {"type": "Point", "coordinates": [78.56168, 17.3739]}}, {"type": "Feature", "properties": {"name": "Kodali Medicals", "type": "pharmacy"}, "geometry": {"type": "Point", "coordinates": [78.44499, 17.43667]}}, {"type": "Feature", "properties": {"name": "Lucid Clinic", "type": "hospital"}, "geometry": {"type": "Point", "coordinates": [78.39116, 17.4979]}}, {"type": "Feature", "properties": {"name": "Yashoda Super Speciality Hospital", "type": "hospital", "emergency": "yes", "address": "Nalgonda 'X' Roads, Malakpet"}, "geometry": {"type": "Point", "coordinates": [78.49987, 17.37466]}}, {"type": "Feature", "properties": {"name": "Tarnaka Flyover;TGSRTC Hospital", "type": "hospital"}, "geometry": {"type": "Point", "coordinates": [78.53068, 17.42554]}}, {"type": "Feature", "properties": {"name": "Nova ENT Hospital", "type": "hospital", "address": "6-3-652-2, Nova ENT Complex, Near Erramanjil Metro Station, Somajiguda"}, "geometry": {"type": "Point", "coordinates": [78.45726, 17.41844]}}, {"type": "Feature", "properties": {"name": "Mamata Nursing Home", "type": "hospital", "address": "MIG - 1/496, Road No 4 , Beside Venkateswara Swamy Temple , Kphb Colony"}, "geometry": {"type": "Point", "coordinates": [78.39599, 17.48886]}}, {"type": "Feature", "properties": {"name": "Apollo Pharmacy", "type": "pharmacy"}, "geometry": {"type": "Point", "coordinates": [78.39519, 17.48748]}}, {"type": "Feature", "properties": {"name": "Healthcare facility", "type": "pharmacy"}, "geometry": {"type": "Point", "coordinates": [78.55901, 17.48225]}}, {"type": "Feature", "properties": {"name": "Shanti Homeo Clinic", "type": "clinic"}, "geometry": {"type": "Point", "coordinates": [78.51232, 17.39772]}}, {"type": "Feature", "properties": {"name": "Hetero", "type": "pharmacy"}, "geometry": {"type": "Point", "coordinates": [78.51282, 17.39892]}}, {"type": "Feature", "properties": {"name": "Apollo Pharmacy", "type": "pharmacy"}, "geometry": {"type": "Point", "coordinates": [78.51288, 17.3991]}}, {"type": "Feature", "properties": {"name": "Bhavani Medical Hall", "type": "pharmacy"}, "geometry": {"type": "Point", "coordinates": [78.51332, 17.40208]}}, {"type": "Feature", "properties": {"name": "Med Plus", "type": "pharmacy"}, "geometry": {"type": "Point", "coordinates": [78.56928, 17.3298]}}, {"type": "Feature", "properties": {"name": "Kirloskar Hospital", "type": "hospital", "address": "5-9-47/4, Basheer Bagh, Behind Mangatrai Jewellers"}, "geometry": {"type": "Point", "coordinates": [78.47536, 17.40361]}}, {"type": "Feature", "properties": {"name": "Goodlife Pharmacy", "type": "pharmacy"}, "geometry": {"type": "Point", "coordinates": [78.46482, 17.40559]}}, {"type": "Feature", "properties": {"name": "ramesh eye care", "type": "hospital"}, "geometry": {"type": "Point", "coordinates": [78.4895, 17.40891]}}, {"type": "Feature", "properties": {"name": "Tapadia Medical Centre's Eashwar Lakshmi Hospital", "type": "hospital", "address": "Plot No.9, Near Sub-Register Office, Gandhi Nagar"}, "geometry": {"type": "Point", "coordinates": [78.48886, 17.41188]}}, {"type": "Feature", "properties": {"name": "apollo", "type": "pharmacy"}, "geometry": {"type": "Point", "coordinates": [78.48849, 17.41355]}}, {"type": "Feature", "properties": {"name": "Hetero", "type": "pharmacy"}, "geometry": {"type": "Point", "coordinates": [78.48488, 17.40648]}}, {"type": "Feature", "properties": {"name": "Healthcare facility", "type": "pharmacy"}, "geometry": {"type": "Point", "coordinates": [78.48498, 17.40645]}}, {"type": "Feature", "properties": {"name": "K Prakash Rao (eye specialist)", "type": "hospital"}, "geometry": {"type": "Point", "coordinates": [78.48164, 17.4073]}}, {"type": "Feature", "properties": {"name": "Radha Rani Nursing Home", "type": "hospital", "address": "1-2-33/2, Domalguda"}, "geometry": {"type": "Point", "coordinates": [78.48211, 17.40696]}}, {"type": "Feature", "properties": {"name": "Healthcare facility", "type": "pharmacy"}, "geometry": {"type": "Point", "coordinates": [78.48532, 17.41037]}}, {"type": "Feature", "properties": {"name": "Dental Care", "type": "hospital"}, "geometry": {"type": "Point", "coordinates": [78.48528, 17.41039]}}, {"type": "Feature", "properties": {"name": "Amrutham Ayurveda Nilayam", "type": "pharmacy"}, "geometry": {"type": "Point", "coordinates": [78.4852, 17.41046]}}, {"type": "Feature", "properties": {"name": "Aparna Pharmacy", "type": "pharmacy"}, "geometry": {"type": "Point", "coordinates": [78.30933, 17.47398]}}, {"type": "Feature", "properties": {"name": "Shalini Pharmacy", "type": "pharmacy"}, "geometry": {"type": "Point", "coordinates": [78.48196, 17.44049]}}, {"type": "Feature", "properties": {"name": "Bhavani Medical Stores", "type": "pharmacy"}, "geometry": {"type": "Point", "coordinates": [78.48248, 17.44011]}}, {"type": "Feature", "properties": {"name": "Sri Bhargavi Hospital", "type": "hospital", "address": "Plot No: 170, Kalyan Nagar(Venture III), Mothi Nagar 'X' Roads"}, "geometry": {"type": "Point", "coordinates": [78.42087, 17.45119]}}, {"type": "Feature", "properties": {"name": "Jaiswal Multi Speciality Hospitals", "type": "hospital", "address": "Plot No. 128A, Phase III , Kalyan Nagar, Moti Nagar"}, "geometry": {"type": "Point", "coordinates": [78.42249, 17.4511]}}, {"type": "Feature", "properties": {"name": "Government Ayurvedic Hospital", "type": "hospital"}, "geometry": {"type": "Point", "coordinates": [78.43373, 17.44807]}}, {"type": "Feature", "properties": {"name": "Apollo Pharmacy", "type": "pharmacy"}, "geometry": {"type": "Point", "coordinates": [78.3546, 17.49703]}}, {"type": "Feature", "properties": {"name": "Healthcare facility", "type": "pharmacy"}, "geometry": {"type": "Point", "coordinates": [78.35593, 17.49836]}}, {"type": "Feature", "properties": {"name": "Healthcare facility", "type": "pharmacy"}, "geometry": {"type": "Point", "coordinates": [78.3568, 17.50522]}}, {"type": "Feature", "properties": {"name": "More;Apollo Pharmacy", "type": "pharmacy"}, "geometry": {"type": "Point", "coordinates": [78.35663, 17.50523]}}, {"type": "Feature", "properties": {"name": "Healthcare facility", "type": "pharmacy"}, "geometry": {"type": "Point", "coordinates": [78.35581, 17.50577]}}, {"type": "Feature", "properties": {"name": "Sai Krishna Pharmacy", "type": "pharmacy"}, "geometry": {"type": "Point", "coordinates": [78.35511, 17.50613]}}, {"type": "Feature", "properties": {"name": "Raghava Multi Speciality Hospital", "type": "hospital", "address": "D.Number 8-3-214/18, Srinivasa Colony West, Ameerpet"}, "geometry": {"type": "Point", "coordinates": [78.44209, 17.43882]}}, {"type": "Feature", "properties": {"name": "VCARE Hospitals", "type": "hospital", "address": "8-3-214/2, Maruthy Mansion, Srinivasa Colony (West), Ameerpet, Opposite S.R Nagar ICICI Bank"}, "geometry": {"type": "Point", "coordinates": [78.44256, 17.43851]}}, {"type": "Feature", "properties": {"name": "Deepthi Diagnostics", "type": "hospital"}, "geometry": {"type": "Point", "coordinates": [78.44064, 17.43901]}}, {"type": "Feature", "properties": {"name": "Healthcare Hospitals", "type": "hospital"}, "geometry": {"type": "Point", "coordinates": [78.54976, 17.3457]}}, {"type": "Feature", "properties": {"name": "Cygnus Institute of Gastroenterology Centre", "type": "hospital", "address": "Plot No 34 & 35, Sardar Patel Nagar, Nizampet X Road"}, "geometry": {"type": "Point", "coordinates": [78.3901, 17.49766]}}, {"type": "Feature", "properties": {"name": "medical clinic", "type": "clinic"}, "geometry": {"type": "Point", "coordinates": [78.37861, 17.46686]}}, {"type": "Feature", "properties": {"name": "hospital", "type": "hospital"}, "geometry": {"type": "Point", "coordinates": [78.55426, 17.35268]}}, {"type": "Feature", "properties": {"name": "sai krishna dental centre", "type": "clinic"}, "geometry": {"type": "Point", "coordinates": [78.53639, 17.48157]}}, {"type": "Feature", "properties": {"name": "Apollo Pharmacy", "type": "pharmacy"}, "geometry": {"type": "Point", "coordinates": [78.40319, 17.49405]}}, {"type": "Feature", "properties": {"name": "Apollo Pharmacy", "type": "pharmacy"}, "geometry": {"type": "Point", "coordinates": [78.40585, 17.49646]}}, {"type": "Feature", "properties": {"name": "Healthcare facility", "type": "clinic"}, "geometry": {"type": "Point", "coordinates": [78.41409, 17.4885]}}, {"type": "Feature", "properties": {"name": "Healthcare facility", "type": "hospital"}, "geometry": {"type": "Point", "coordinates": [78.51042, 17.39405]}}, {"type": "Feature", "properties": {"name": "Carewell Diabetes and General Hospital", "type": "hospital", "address": "Plot No.: 43, Gajularamaram Road, Shapur Nagar"}, "geometry": {"type": "Point", "coordinates": [78.44695, 17.51134]}}, {"type": "Feature", "properties": {"name": "Sigma Hospitals", "type": "hospital", "address": "22-4/1, Apiic Colony, Near Sub Station, IDA Jeedimetla"}, "geometry": {"type": "Point", "coordinates": [78.44318, 17.52208]}}, {"type": "Feature", "properties": {"name": "Pashupathi Medical store", "type": "pharmacy"}, "geometry": {"type": "Point", "coordinates": [78.48264, 17.40704]}}, {"type": "Feature", "properties": {"name": "Meena Hospital", "type": "hospital", "address": "Sai Ranga Towers, North Lallaguda, Tukaram Gate"}, "geometry": {"type": "Point", "coordinates": [78.52185, 17.44165]}}, {"type": "Feature", "properties": {"name": "Urban Primary Health Centre, Gunti Jangaiah Nagar, Hayathnagar", "type": "clinic", "address": "Gunti Jangaiah Nagar, Hayathnagar"}, "geometry": {"type": "Point", "coordinates": [78.56324, 17.39991]}}, {"type": "Feature", "properties": {"name": "Life Spring Hospitals", "type": "hospital", "address": "H. No: 11-4-523, Near Gandhi Statue and Chilkalguda Bus Stop, Chilkalguda, Secunderabad"}, "geometry": {"type": "Point", "coordinates": [78.51207, 17.42899]}}, {"type": "Feature", "properties": {"name": "Malla Reddy Narayana Multispeciality Hospital", "type": "hospital", "address": "1-1-216, Suraram'X' Roads, Jeedimetla"}, "geometry": {"type": "Point", "coordinates": [78.43338, 17.54399]}}, {"type": "Feature", "properties": {"name": "Saraswathi Nursing Home", "type": "hospital"}, "geometry": {"type": "Point", "coordinates": [78.39161, 17.41602]}}, {"type": "Feature", "properties": {"name": "Janapareddy Hospital", "type": "hospital", "emergency": "no"}, "geometry": {"type": "Point", "coordinates": [78.49048, 17.46317]}}, {"type": "Feature", "properties": {"name": "Apoolo Clinic", "type": "hospital"}, "geometry": {"type": "Point", "coordinates": [78.36608, 17.45993]}}, {"type": "Feature", "properties": {"name": "NGRI Dispensary", "type": "clinic"}, "geometry": {"type": "Point", "coordinates": [78.55223, 17.41111]}}, {"type": "Feature", "properties": {"name": "Childrens Hospital", "type": "hospital", "address": "Gajularamaram Road"}, "geometry": {"type": "Point", "coordinates": [78.4389, 17.51612]}}, {"type": "Feature", "properties": {"name": "Dr. Prakash Bhatia, Dr. Chandra Bhatia", "type": "clinic"}, "geometry": {"type": "Point", "coordinates": [78.47082, 17.44392]}}, {"type": "Feature", "properties": {"name": "ayurvedic clinic", "type": "hospital"}, "geometry": {"type": "Point", "coordinates": [78.44859, 17.39877]}}, {"type": "Feature", "properties": {"name": "The crescent hospital", "type": "hospital"}, "geometry": {"type": "Point", "coordinates": [78.44581, 17.39852]}}, {"type": "Feature", "properties": {"name": "Srinivasa Diagnostic", "type": "doctors", "address": "bk guda rd"}, "geometry": {"type": "Point", "coordinates": [78.44674, 17.44597]}}, {"type": "Feature", "properties": {"name": "Pharmacy ", "type": "pharmacy"}, "geometry": {"type": "Point", "coordinates": [78.54593, 17.37238]}}, {"type": "Feature", "properties": {"name": "Healthcare facility", "type": "hospital"}, "geometry": {"type": "Point", "coordinates": [78.52198, 17.43772]}}, {"type": "Feature", "properties": {"name": "Apollo Pharmacy", "type": "pharmacy"}, "geometry": {"type": "Point", "coordinates": [78.44706, 17.44678]}}, {"type": "Feature", "properties": {"name": "MedPlus", "type": "pharmacy"}, "geometry": {"type": "Point", "coordinates": [78.43086, 17.42221]}}, {"type": "Feature", "properties": {"name": "RELIEF HOSPITAL", "type": "hospital", "emergency": "no", "address": "BADDAM BALREDDY NAGAR"}, "geometry": {"type": "Point", "coordinates": [78.41616, 17.39838]}}, {"type": "Feature", "properties": {"name": "Jagadamba Hospitals", "type": "hospital", "address": "1-1-380/3, Gandhi Nagar, Ashok Nagar 'X' Roads"}, "geometry": {"type": "Point", "coordinates": [78.49046, 17.41154]}}, {"type": "Feature", "properties": {"name": "med plus", "type": "hospital"}, "geometry": {"type": "Point", "coordinates": [78.48934, 17.40458]}}, {"type": "Feature", "properties": {"name": "Century hospital", "type": "hospital"}, "geometry": {"type": "Point", "coordinates": [78.44426, 17.40727]}}, {"type": "Feature", "properties": {"name": "Dishvitha dental clinic", "type": "clinic"}, "geometry": {"type": "Point", "coordinates": [78.48964, 17.40673]}}, {"type": "Feature", "properties": {"name": "Blood Bank", "type": "hospital"}, "geometry": {"type": "Point", "coordinates": [78.41399, 17.42492]}}, {"type": "Feature", "properties": {"name": "Med plus", "type": "hospital"}, "geometry": {"type": "Point", "coordinates": [78.48931, 17.40448]}}, {"type": "Feature", "properties": {"name": "Dishvitha dental", "type": "clinic"}, "geometry": {"type": "Point", "coordinates": [78.4896, 17.40673]}}, {"type": "Feature", "properties": {"name": "CENTURY SUPER SPECIALITY HOSPITAL", "type": "hospital", "address": "8-2-703, ROAD NO 12, BANJARA HILLS"}, "geometry": {"type": "Point", "coordinates": [78.44473, 17.40725]}}, {"type": "Feature", "properties": {"name": "Vasan Healthcare Private Limited, Himayath Nagar", "type": "hospital", "address": "3-6-611, Street Number 8, Himayath Nagar"}, "geometry": {"type": "Point", "coordinates": [78.48757, 17.4009]}}, {"type": "Feature", "properties": {"name": "Healthcare facility", "type": "hospital"}, "geometry": {"type": "Point", "coordinates": [78.44885, 17.427]}}, {"type": "Feature", "properties": {"name": "Dr. KALYAN AYURVEDA SPECIALITIES", "type": "clinic", "address": "Prashanth Hills Colony, Khajaguda"}, "geometry": {"type": "Point", "coordinates": [78.38382, 17.41885]}}, {"type": "Feature", "properties": {"name": "Asian Institute of Nephrology and Urology", "type": "hospital", "address": "Shop Number 6-3-562/A, Behind MORE Megastore, Erram Manzil Colony, Somajiguda"}, "geometry": {"type": "Point", "coordinates": [78.45348, 17.41665]}}, {"type": "Feature", "properties": {"name": "Challa Hospital", "type": "hospital", "address": "7-1-71/A/1, Dharam Karam Road, Ameerpet"}, "geometry": {"type": "Point", "coordinates": [78.45079, 17.43962]}}, {"type": "Feature", "properties": {"name": "Med plus", "type": "clinic"}, "geometry": {"type": "Point", "coordinates": [78.49029, 17.40881]}}, {"type": "Feature", "properties": {"name": "Shresta Orange Hospitals", "type": "hospital", "address": "3-8-264&264/1&3, Opp VIJAYA LAXMI THEATRE, CHANDRAPURI COLONY, L.B NAGAR"}, "geometry": {"type": "Point", "coordinates": [78.55378, 17.34511]}}, {"type": "Feature", "properties": {"name": "AMMA EYE CARE HOSPITAL", "type": "hospital", "address": "Chintalkunta Checkpost, opp:bharath petrol pump, L.B.Nagar"}, "geometry": {"type": "Point", "coordinates": [78.55816, 17.34123]}}, {"type": "Feature", "properties": {"name": "OXYGEN AND Medicity Hospital", "type": "hospital"}, "geometry": {"type": "Point", "coordinates": [78.55764, 17.34167]}}, {"type": "Feature", "properties": {"name": "Dr Suman Kapoor", "type": "clinic", "address": "street no 8"}, "geometry": {"type": "Point", "coordinates": [78.54684, 17.43068]}}, {"type": "Feature", "properties": {"name": "Kamakshi Medicals", "type": "pharmacy"}, "geometry": {"type": "Point", "coordinates": [78.47977, 17.44029]}}, {"type": "Feature", "properties": {"name": "Pace Hospital", "type": "hospital", "address": "SP Road, Near Begumpet Old Airport, Begumpet"}, "geometry": {"type": "Point", "coordinates": [78.4695, 17.44448]}}, {"type": "Feature", "properties": {"name": "Dr Mirchandani", "type": "clinic"}, "geometry": {"type": "Point", "coordinates": [78.48412, 17.43983]}}, {"type": "Feature", "properties": {"name": "Rainbow children Hospital", "type": "hospital", "address": "Chinthalkunta old check post"}, "geometry": {"type": "Point", "coordinates": [78.55881, 17.34182]}}, {"type": "Feature", "properties": {"name": "Apollo Pharmacy", "type": "pharmacy"}, "geometry": {"type": "Point", "coordinates": [78.33207, 17.49349]}}, {"type": "Feature", "properties": {"name": "Vasan Eye Care Hospital", "type": "hospital", "address": "86, Near R.S. Brothers, Chandanagar, Serilingampally"}, "geometry": {"type": "Point", "coordinates": [78.33223, 17.49553]}}, {"type": "Feature", "properties": {"name": "MedPlus", "type": "pharmacy"}, "geometry": {"type": "Point", "coordinates": [78.41236, 17.41717]}}, {"type": "Feature", "properties": {"name": "Apollo Pharmacy", "type": "pharmacy"}, "geometry": {"type": "Point", "coordinates": [78.40256, 17.42086]}}, {"type": "Feature", "properties": {"name": "Apollo Pharmacy", "type": "pharmacy"}, "geometry": {"type": "Point", "coordinates": [78.31366, 17.4876]}}, {"type": "Feature", "properties": {"name": "Sri Sai Santhoshi Superspeciality Dental Clinic", "type": "clinic"}, "geometry": {"type": "Point", "coordinates": [78.31971, 17.47814]}}, {"type": "Feature", "properties": {"name": "Apollo Pharmacy", "type": "pharmacy"}, "geometry": {"type": "Point", "coordinates": [78.32001, 17.47878]}}, {"type": "Feature", "properties": {"name": "Vaidehi Medical Hall", "type": "pharmacy"}, "geometry": {"type": "Point", "coordinates": [78.32018, 17.47812]}}, {"type": "Feature", "properties": {"name": "Apollo Pharmacy", "type": "pharmacy"}, "geometry": {"type": "Point", "coordinates": [78.41142, 17.41763]}}, {"type": "Feature", "properties": {"name": "My Health Pharmacy", "type": "pharmacy"}, "geometry": {"type": "Point", "coordinates": [78.38525, 17.4747]}}, {"type": "Feature", "properties": {"name": "KIMS HOSPITAL", "type": "hospital", "address": "# 1-112 / 86, Survey No 5 / EE, Beside Andhra Bank, Near RTA Office,Kondapur, Serilingampally Mandal"}, "geometry": {"type": "Point", "coordinates": [78.36774, 17.46615]}}, {"type": "Feature", "properties": {"name": "Happy Children's Hospital", "type": "hospital"}, "geometry": {"type": "Point", "coordinates": [78.32798, 17.49286]}}, {"type": "Feature", "properties": {"name": "Good Health Medical & General Store", "type": "pharmacy"}, "geometry": {"type": "Point", "coordinates": [78.32809, 17.48957]}}, {"type": "Feature", "properties": {"name": "Apollo Pharmacy", "type": "pharmacy"}, "geometry": {"type": "Point", "coordinates": [78.32789, 17.49208]}}, {"type": "Feature", "properties": {"name": "Happy Pharmacy", "type": "pharmacy"}, "geometry": {"type": "Point", "coordinates": [78.32791, 17.49282]}}, {"type": "Feature", "properties": {"name": "Kailash Medical & General Store", "type": "pharmacy"}, "geometry": {"type": "Point", "coordinates": [78.32767, 17.49313]}}, {"type": "Feature", "properties": {"name": "Vanaja Hospital", "type": "hospital"}, "geometry": {"type": "Point", "coordinates": [78.32758, 17.49219]}}, {"type": "Feature", "properties": {"name": "Vanaja Pharmacy", "type": "pharmacy"}, "geometry": {"type": "Point", "coordinates": [78.32764, 17.49216]}}, {"type": "Feature", "properties": {"name": "Apollo Pharmacy", "type": "pharmacy"}, "geometry": {"type": "Point", "coordinates": [78.32361, 17.48902]}}, {"type": "Feature", "properties": {"name": "My Health Pharmacy", "type": "pharmacy"}, "geometry": {"type": "Point", "coordinates": [78.33201, 17.49409]}}, {"type": "Feature", "properties": {"name": "Area Hospital, Vanasthalipuram", "type": "hospital", "address": "Near Red Tank, Vanasthalipuram"}, "geometry": {"type": "Point", "coordinates": [78.5639, 17.32891]}}, {"type": "Feature", "properties": {"name": "Padma Medical & General Stores", "type": "pharmacy"}, "geometry": {"type": "Point", "coordinates": [78.32014, 17.47989]}}, {"type": "Feature", "properties": {"name": "R. R. Medical & General Stores", "type": "pharmacy"}, "geometry": {"type": "Point", "coordinates": [78.32012, 17.47975]}}, {"type": "Feature", "properties": {"name": "Sri Sai Pharmacy", "type": "pharmacy"}, "geometry": {"type": "Point", "coordinates": [78.32025, 17.48051]}}, {"type": "Feature", "properties": {"name": "Sri Venkateshwara Poly Clinic & Diagnostic Center", "type": "doctors"}, "geometry": {"type": "Point", "coordinates": [78.32012, 17.47978]}}, {"type": "Feature", "properties": {"name": "Nakshatra Medical & General Stores", "type": "pharmacy"}, "geometry": {"type": "Point", "coordinates": [78.32063, 17.48328]}}, {"type": "Feature", "properties": {"name": "Apollo Pharmacy", "type": "pharmacy"}, "geometry": {"type": "Point", "coordinates": [78.3201, 17.47965]}}, {"type": "Feature", "properties": {"name": "Pushpagiri Eye Institute", "type": "hospital", "address": "241, Uma Plaza, Road No. 9, West Maredpally, Secunderabad"}, "geometry": {"type": "Point", "coordinates": [78.50434, 17.44391]}}, {"type": "Feature", "properties": {"name": "Apollo Pharmacy", "type": "pharmacy"}, "geometry": {"type": "Point", "coordinates": [78.40894, 17.4145]}}, {"type": "Feature", "properties": {"name": "Archana Hospital", "type": "hospital", "address": "1-56/AH, National Highway 9, Beside Reliance Fresh, Madinaguda, Durga Estates, Miyapur"}, "geometry": {"type": "Point", "coordinates": [78.33742, 17.49598]}}, {"type": "Feature", "properties": {"name": "Abhinav Medical & General Store", "type": "pharmacy"}, "geometry": {"type": "Point", "coordinates": [78.32051, 17.48515]}}, {"type": "Feature", "properties": {"name": "Ayu Raaga", "type": "doctors"}, "geometry": {"type": "Point", "coordinates": [78.31557, 17.48359]}}, {"type": "Feature", "properties": {"name": "Health Care Medical & General Stores", "type": "pharmacy"}, "geometry": {"type": "Point", "coordinates": [78.31565, 17.4836]}}, {"type": "Feature", "properties": {"name": "Dr.Rao SRR Homeopathy", "type": "clinic", "address": "gajularamaram road"}, "geometry": {"type": "Point", "coordinates": [78.43235, 17.52149]}}, {"type": "Feature", "properties": {"name": "Health Care Clinic", "type": "hospital"}, "geometry": {"type": "Point", "coordinates": [78.45995, 17.34486]}}, {"type": "Feature", "properties": {"name": "Guru Nanak Care Hospital", "type": "hospital", "address": "1-4-908/7/1, Musheerabad"}, "geometry": {"type": "Point", "coordinates": [78.49799, 17.4154]}}, {"type": "Feature", "properties": {"name": "Apollo Pharmacy", "type": "pharmacy"}, "geometry": {"type": "Point", "coordinates": [78.32543, 17.42949]}}, {"type": "Feature", "properties": {"name": "Apollo Pharmacy", "type": "pharmacy"}, "geometry": {"type": "Point", "coordinates": [78.35708, 17.44881]}}, {"type": "Feature", "properties": {"name": "Tanvir Hospital", "type": "hospital", "address": "# 8-3-833, Plot No:100, Phase 1, Kamalapuri Colony, Sri Nagar Colony"}, "geometry": {"type": "Point", "coordinates": [78.43402, 17.42978]}}, {"type": "Feature", "properties": {"name": "Srinivasa medical & general", "type": "pharmacy", "address": "vijaynagar colony road"}, "geometry": {"type": "Point", "coordinates": [78.454, 17.39549]}}, {"type": "Feature", "properties": {"name": "MedPlus", "type": "pharmacy", "address": "gachibowli"}, "geometry": {"type": "Point", "coordinates": [78.36605, 17.4372]}}, {"type": "Feature", "properties": {"name": "Himagiri Hospital", "type": "hospital", "address": "Plot Number 4, 5, 23 and 24, Gachibowli Stadium Main Road"}, "geometry": {"type": "Point", "coordinates": [78.35871, 17.44223]}}, {"type": "Feature", "properties": {"name": "Apollo Pharmacy", "type": "pharmacy"}, "geometry": {"type": "Point", "coordinates": [78.35943, 17.44138]}}, {"type": "Feature", "properties": {"name": "PANACEA MERIDIAN HOSPITAL", "type": "hospital", "address": "H.No: 25-35/12/ 1, Opp: BEERAMGUDA KAMAN, RAMACHANDRAPURAM, MEDAK"}, "geometry": {"type": "Point", "coordinates": [78.30015, 17.50876]}}, {"type": "Feature", "properties": {"name": "Healthcare facility", "type": "clinic"}, "geometry": {"type": "Point", "coordinates": [78.5179, 17.41977]}}, {"type": "Feature", "properties": {"name": "Healthcare facility", "type": "clinic"}, "geometry": {"type": "Point", "coordinates": [78.51775, 17.41952]}}, {"type": "Feature", "properties": {"name": "Healthcare facility", "type": "pharmacy"}, "geometry": {"type": "Point", "coordinates": [78.51771, 17.41953]}}, {"type": "Feature", "properties": {"name": "S.V. Pooja Hospital", "type": "hospital", "address": "Plot No. 33, Dharma Reddy Colony, KPHB Phase 2, Hydernagar, Kukatpally"}, "geometry": {"type": "Point", "coordinates": [78.38403, 17.49876]}}, {"type": "Feature", "properties": {"name": "Sri Devi Maternity & Nursing Home", "type": "hospital", "address": "12-11-253, Prasad Hospitals, Warasiguda, Secunderabad"}, "geometry": {"type": "Point", "coordinates": [78.5166, 17.42279]}}, {"type": "Feature", "properties": {"name": "Sri Srinivasa Hospital", "type": "hospital", "address": "Door No. 17-1-380/E/28 & 32, C. E. Colony, Saidabad, Santosh Nagar"}, "geometry": {"type": "Point", "coordinates": [78.50786, 17.35067]}}, {"type": "Feature", "properties": {"name": "Sitara medical center", "type": "hospital"}, "geometry": {"type": "Point", "coordinates": [78.47071, 17.34971]}}, {"type": "Feature", "properties": {"name": "Anukrushna Hospitals", "type": "hospital", "address": "10-191/2, Vasanthpuri Colony, Malkajgiri"}, "geometry": {"type": "Point", "coordinates": [78.53835, 17.44616]}}, {"type": "Feature", "properties": {"name": "Raja Hospital", "type": "hospital", "address": "Main Road, Miyapur"}, "geometry": {"type": "Point", "coordinates": [78.34483, 17.49433]}}, {"type": "Feature", "properties": {"name": "srinivas medicals", "type": "pharmacy", "address": "kamala nagar"}, "geometry": {"type": "Point", "coordinates": [78.57797, 17.33011]}}, {"type": "Feature", "properties": {"name": "Kerala Ayurveda & Spa", "type": "clinic"}, "geometry": {"type": "Point", "coordinates": [78.38907, 17.48531]}}, {"type": "Feature", "properties": {"name": "NIRD heatlth centre", "type": "hospital", "emergency": "yes"}, "geometry": {"type": "Point", "coordinates": [78.4046, 17.31405]}}, {"type": "Feature", "properties": {"name": "MedPlus", "type": "pharmacy"}, "geometry": {"type": "Point", "coordinates": [78.48335, 17.46459]}}, {"type": "Feature", "properties": {"name": "Apollo Pharmacy", "type": "pharmacy"}, "geometry": {"type": "Point", "coordinates": [78.4937, 17.4666]}}, {"type": "Feature", "properties": {"name": "IDEA Clinics", "type": "clinic"}, "geometry": {"type": "Point", "coordinates": [78.38891, 17.4524]}}, {"type": "Feature", "properties": {"name": "Malla Reddy Health City (MRHC)", "type": "hospital", "address": "suraram"}, "geometry": {"type": "Point", "coordinates": [78.43261, 17.54547]}}, {"type": "Feature", "properties": {"name": "Neelima - Sanath Nagar", "type": "hospital", "address": "7-2-1735, Opp. Voltas Company Private Ltd, Czech Colony, Sanath Nagar"}, "geometry": {"type": "Point", "coordinates": [78.43887, 17.45643]}}, {"type": "Feature", "properties": {"name": "Poojitha Hospital", "type": "hospital", "emergency": "no", "address": "7-2-1799/4A/2, Street Number 2, Czech Colony, Sanath Nagar"}, "geometry": {"type": "Point", "coordinates": [78.43693, 17.45628]}}, {"type": "Feature", "properties": {"name": "Apollo Dental Clinic, Hitech City", "type": "hospital"}, "geometry": {"type": "Point", "coordinates": [78.38256, 17.45038]}}, {"type": "Feature", "properties": {"name": "Maxi vision eye clinic", "type": "clinic"}, "geometry": {"type": "Point", "coordinates": [78.3825, 17.45039]}}, {"type": "Feature", "properties": {"name": "Medical Store", "type": "pharmacy"}, "geometry": {"type": "Point", "coordinates": [78.38257, 17.45032]}}, {"type": "Feature", "properties": {"name": "RAJUS DENTAL", "type": "hospital", "emergency": "yes", "address": "Rajus Dental Clinic, H no 25-40/63, Opposite Andhra Bank,   East anandbagh Main Road, Malkajgiri, Hyderabad"}, "geometry": {"type": "Point", "coordinates": [78.54657, 17.45711]}}, {"type": "Feature", "properties": {"name": "Esskay Medicals", "type": "pharmacy"}, "geometry": {"type": "Point", "coordinates": [78.38696, 17.44397]}}, {"type": "Feature", "properties": {"name": "Apollo Pharmacy", "type": "pharmacy"}, "geometry": {"type": "Point", "coordinates": [78.38709, 17.44364]}}, {"type": "Feature", "properties": {"name": "JN Pharmacy", "type": "pharmacy"}, "geometry": {"type": "Point", "coordinates": [78.38767, 17.44335]}}, {"type": "Feature", "properties": {"name": "JN Clinic and diagnostics", "type": "clinic"}, "geometry": {"type": "Point", "coordinates": [78.38765, 17.44332]}}, {"type": "Feature", "properties": {"name": "Children Hospital", "type": "clinic"}, "geometry": {"type": "Point", "coordinates": [78.46307, 17.39444]}}, {"type": "Feature", "properties": {"name": "White House Pharmacy", "type": "pharmacy"}, "geometry": {"type": "Point", "coordinates": [78.46111, 17.40268]}}, {"type": "Feature", "properties": {"name": "S K MEDICALS", "type": "pharmacy"}, "geometry": {"type": "Point", "coordinates": [78.46553, 17.39644]}}, {"type": "Feature", "properties": {"name": "VINN Hospital", "type": "hospital", "address": "7-1-21, RAILWAY STATION ROAD, UMA NAGAR, BEGUMPET"}, "geometry": {"type": "Point", "coordinates": [78.45638, 17.43797]}}, {"type": "Feature", "properties": {"name": "Mahatma Sriramachandra Centenary Memorial Hospital", "type": "hospital"}, "geometry": {"type": "Point", "coordinates": [78.45251, 17.39481]}}, {"type": "Feature", "properties": {"name": "Nice Hospital", "type": "hospital", "address": "# 10-2-247 & 248, Shanti Nagar, Off Masab Tank, Beside Employment Exchange"}, "geometry": {"type": "Point", "coordinates": [78.45621, 17.39724]}}, {"type": "Feature", "properties": {"name": "Red Cross Nature Cure Centre", "type": "hospital"}, "geometry": {"type": "Point", "coordinates": [78.42076, 17.4258]}}, {"type": "Feature", "properties": {"name": "Goodwill Kidney and Surgical Centre", "type": "hospital", "address": "House Number: 10-5-13/2/A, Road Number 1, Near Khaja Function Hall, Banjara Hills"}, "geometry": {"type": "Point", "coordinates": [78.45089, 17.4057]}}, {"type": "Feature", "properties": {"name": "Red Hills Poly Clinic", "type": "clinic", "address": "Red Hills Road"}, "geometry": {"type": "Point", "coordinates": [78.46561, 17.39605]}}, {"type": "Feature", "properties": {"name": "Rohan Hospital", "type": "hospital", "address": "229/2RT, Beside Post Office , Vijayanagar Colony"}, "geometry": {"type": "Point", "coordinates": [78.45191, 17.39463]}}, {"type": "Feature", "properties": {"name": "Healthcare facility", "type": "pharmacy"}, "geometry": {"type": "Point", "coordinates": [78.46289, 17.40023]}}, {"type": "Feature", "properties": {"name": "Healthcare facility", "type": "pharmacy"}, "geometry": {"type": "Point", "coordinates": [78.4629, 17.39945]}}, {"type": "Feature", "properties": {"name": "Healthcare facility", "type": "pharmacy"}, "geometry": {"type": "Point", "coordinates": [78.46291, 17.39951]}}, {"type": "Feature", "properties": {"name": "Healthcare facility", "type": "pharmacy"}, "geometry": {"type": "Point", "coordinates": [78.46259, 17.39655]}}, {"type": "Feature", "properties": {"name": "Primary Veternary Hospital", "type": "hospital"}, "geometry": {"type": "Point", "coordinates": [78.45434, 17.39796]}}, {"type": "Feature", "properties": {"name": "Pradhan Manthri Bharatiya Jan Aushadhi Kendra", "type": "pharmacy"}, "geometry": {"type": "Point", "coordinates": [78.4628, 17.39726]}}, {"type": "Feature", "properties": {"name": "Sriven Hospital", "type": "hospital", "address": "16-31-H/9, HIG - 9, Near IJM Circle, Beside SBI, KPHB Phase 6"}, "geometry": {"type": "Point", "coordinates": [78.38753, 17.48589]}}, {"type": "Feature", "properties": {"name": "Vijaya Diagnostic Centre", "type": "hospital", "address": "Road No. 1"}, "geometry": {"type": "Point", "coordinates": [78.39876, 17.49452]}}, {"type": "Feature", "properties": {"name": "Dr. P. Sudershan Reddy", "type": "clinic"}, "geometry": {"type": "Point", "coordinates": [78.46215, 17.40896]}}, {"type": "Feature", "properties": {"name": "Amruth", "type": "pharmacy"}, "geometry": {"type": "Point", "coordinates": [78.46205, 17.40898]}}, {"type": "Feature", "properties": {"name": "Key Pharmacy", "type": "pharmacy"}, "geometry": {"type": "Point", "coordinates": [78.46181, 17.40866]}}, {"type": "Feature", "properties": {"name": "Medical Store", "type": "hospital"}, "geometry": {"type": "Point", "coordinates": [78.39695, 17.49492]}}, {"type": "Feature", "properties": {"name": "Medplus", "type": "pharmacy"}, "geometry": {"type": "Point", "coordinates": [78.38964, 17.48497]}}, {"type": "Feature", "properties": {"name": "Ankura Hospital for Women & Children", "type": "hospital", "address": "JNTU Hitech City Road, 7th Phase, KPHB Colony, Near Hitech City Railway Station"}, "geometry": {"type": "Point", "coordinates": [78.38721, 17.473]}}, {"type": "Feature", "properties": {"name": "Apollo Pharmacy", "type": "pharmacy"}, "geometry": {"type": "Point", "coordinates": [78.38834, 17.48638]}}, {"type": "Feature", "properties": {"name": "Value Pharmacy", "type": "pharmacy"}, "geometry": {"type": "Point", "coordinates": [78.4537, 17.40108]}}, {"type": "Feature", "properties": {"name": "Apollo Pharmacy", "type": "pharmacy"}, "geometry": {"type": "Point", "coordinates": [78.41849, 17.37438]}}, {"type": "Feature", "properties": {"name": "Aditya Pharmacy", "type": "pharmacy"}, "geometry": {"type": "Point", "coordinates": [78.38955, 17.48513]}}, {"type": "Feature", "properties": {"name": "Vaidya Clinic", "type": "clinic"}, "geometry": {"type": "Point", "coordinates": [78.3912, 17.4879]}}, {"type": "Feature", "properties": {"name": "Sree Sanjeevani Pharmacy", "type": "pharmacy"}, "geometry": {"type": "Point", "coordinates": [78.40239, 17.4939]}}, {"type": "Feature", "properties": {"name": "Ankura Multispeciality clinic", "type": "hospital"}, "geometry": {"type": "Point", "coordinates": [78.38726, 17.47319]}}, {"type": "Feature", "properties": {"name": "Mediplus Pharmacy", "type": "pharmacy"}, "geometry": {"type": "Point", "coordinates": [78.55665, 17.40723]}}, {"type": "Feature", "properties": {"name": "Nandini Pharmacy", "type": "pharmacy"}, "geometry": {"type": "Point", "coordinates": [78.55567, 17.4062]}}, {"type": "Feature", "properties": {"name": "SRL Diagnostics", "type": "clinic"}, "geometry": {"type": "Point", "coordinates": [78.46068, 17.40273]}}, {"type": "Feature", "properties": {"name": "Aurobindo Nethralaya", "type": "hospital"}, "geometry": {"type": "Point", "coordinates": [78.39582, 17.49169]}}, {"type": "Feature", "properties": {"name": "Bhadra Diagnostic Centre", "type": "clinic"}, "geometry": {"type": "Point", "coordinates": [78.39841, 17.4943]}}, {"type": "Feature", "properties": {"name": "Apollo Pharmacy", "type": "pharmacy"}, "geometry": {"type": "Point", "coordinates": [78.39846, 17.49439]}}, {"type": "Feature", "properties": {"name": "Healthcare facility", "type": "pharmacy"}, "geometry": {"type": "Point", "coordinates": [78.56548, 17.45686]}}, {"type": "Feature", "properties": {"name": "Healthcare facility", "type": "pharmacy"}, "geometry": {"type": "Point", "coordinates": [78.33774, 17.51189]}}, {"type": "Feature", "properties": {"name": "Healthcare facility", "type": "pharmacy"}, "geometry": {"type": "Point", "coordinates": [78.49277, 17.40825]}}, {"type": "Feature", "properties": {"name": "Sai medical shop", "type": "pharmacy"}, "geometry": {"type": "Point", "coordinates": [78.4924, 17.41021]}}, {"type": "Feature", "properties": {"name": "Healthcare facility", "type": "pharmacy"}, "geometry": {"type": "Point", "coordinates": [78.49054, 17.41116]}}, {"type": "Feature", "properties": {"name": "Surya Medical & General Stores", "type": "pharmacy"}, "geometry": {"type": "Point", "coordinates": [78.49215, 17.4114]}}, {"type": "Feature", "properties": {"name": "Sri Krishna", "type": "hospital"}, "geometry": {"type": "Point", "coordinates": [78.48447, 17.41039]}}, {"type": "Feature", "properties": {"name": "Krishnaveni Hospitals", "type": "hospital", "address": "#4-9-437/1/NR, RTC Colony, Opp. New Bawarchi Restaurant, Hayath Nagar"}, "geometry": {"type": "Point", "coordinates": [78.59935, 17.32867]}}, {"type": "Feature", "properties": {"name": "Healing Hastha Physiotherapy Clinic", "type": "clinic"}, "geometry": {"type": "Point", "coordinates": [78.39153, 17.40668]}}, {"type": "Feature", "properties": {"name": "sri sai womens hospital", "type": "hospital", "address": "Plot No:10 B& C, ROAD NO. 2 B, LAXMI NAGAR COLONY, KOTHAPET"}, "geometry": {"type": "Point", "coordinates": [78.54257, 17.37098]}}, {"type": "Feature", "properties": {"name": "Siva Eye Hospital", "type": "hospital", "address": "4-85/3, Vikas Nagar, Lane Beside Rajadhani Theatre, Dilsukhnagar"}, "geometry": {"type": "Point", "coordinates": [78.52761, 17.37031]}}, {"type": "Feature", "properties": {"name": "Healthcare facility", "type": "pharmacy", "address": "Jamia Masjid Road"}, "geometry": {"type": "Point", "coordinates": [78.46417, 17.39128]}}, {"type": "Feature", "properties": {"name": "Healthcare facility", "type": "pharmacy", "address": "Jamia Masjid Road"}, "geometry": {"type": "Point", "coordinates": [78.46409, 17.39118]}}, {"type": "Feature", "properties": {"name": "Healthcare facility", "type": "pharmacy", "address": "Jamia Masjid Road"}, "geometry": {"type": "Point", "coordinates": [78.46387, 17.39132]}}, {"type": "Feature", "properties": {"name": "Healthcare facility", "type": "hospital"}, "geometry": {"type": "Point", "coordinates": [78.51356, 17.36827]}}, {"type": "Feature", "properties": {"name": "Dr Sudir G", "type": "doctors", "address": "1-1-650/3, SBI Colony, Gandhi Nagar"}, "geometry": {"type": "Point", "coordinates": [78.48917, 17.41544]}}, {"type": "Feature", "properties": {"name": "Apollo Pharmacy", "type": "pharmacy"}, "geometry": {"type": "Point", "coordinates": [78.33155, 17.49221]}}, {"type": "Feature", "properties": {"name": "Centre For Sight Superspecialty Eye Hospital", "type": "hospital", "address": "Ashoka Capitol Building, Road No 2, Banjara Hills"}, "geometry": {"type": "Point", "coordinates": [78.42256, 17.42481]}}, {"type": "Feature", "properties": {"name": "Vasan Eye Care Hospital", "type": "hospital", "address": "Plot Number 15, 17-1-382/R/15, A.P.S.R.T.C. Officers Colony, Santosh Nagar, Saidabad"}, "geometry": {"type": "Point", "coordinates": [78.52263, 17.34554]}}, {"type": "Feature", "properties": {"name": "CGHS Dispensary No.IV,Begumpet", "type": "clinic", "address": "K.S.Bhawan, Begumpet"}, "geometry": {"type": "Point", "coordinates": [78.47212, 17.44517]}}, {"type": "Feature", "properties": {"name": "Pragna Hospital", "type": "hospital", "address": "6-3-347/22B/1, Dwarakapuri Colony, Near Saibaba Temple"}, "geometry": {"type": "Point", "coordinates": [78.44983, 17.42381]}}, {"type": "Feature", "properties": {"name": "Swarup Eye Centre", "type": "hospital", "address": "Plot No. 145, Dwarakapuri Colony, Punjagutta"}, "geometry": {"type": "Point", "coordinates": [78.45055, 17.42328]}}, {"type": "Feature", "properties": {"name": "Udai Omni Hospital", "type": "hospital", "address": "5 - 9 - 94, Chapel Road"}, "geometry": {"type": "Point", "coordinates": [78.47226, 17.39691]}}, {"type": "Feature", "properties": {"name": "Udbhava Children's Hospital", "type": "hospital", "address": "MIG-196, Road Number1, K.P.H.B."}, "geometry": {"type": "Point", "coordinates": [78.40108, 17.49113]}}, {"type": "Feature", "properties": {"name": "Rainbow Hospital for Women and Children, Secunderabad", "type": "hospital", "address": "Plot C 17, Vikrampuri Colony, Secunderabad"}, "geometry": {"type": "Point", "coordinates": [78.50083, 17.45532]}}, {"type": "Feature", "properties": {"name": "Apoorva Hospital", "type": "hospital", "address": "#12-2-823/A/46, Near Santosh Nagar Park, Lane Opposite Pillar 19, Santosh Nagar Colony, Mehdipatnam"}, "geometry": {"type": "Point", "coordinates": [78.43699, 17.39139]}}, {"type": "Feature", "properties": {"name": "Ankith Multi Speciality Hospital", "type": "hospital", "address": "Beside Bharath Gardens, Sagar Road, Champapet"}, "geometry": {"type": "Point", "coordinates": [78.51053, 17.35039]}}, {"type": "Feature", "properties": {"name": "Lions Club of Hyderabad Sadhuram Eye Hospital", "type": "hospital", "address": "1-2-8, Domalguda"}, "geometry": {"type": "Point", "coordinates": [78.47816, 17.40771]}}, {"type": "Feature", "properties": {"name": "Al-Noor Hospital", "type": "hospital", "address": "Beside Limra Cafe, Hakeempet X Road, Toli Chowki"}, "geometry": {"type": "Point", "coordinates": [78.41728, 17.40336]}}, {"type": "Feature", "properties": {"name": "Lotus Children's Hospital, Lakdikapul", "type": "hospital", "address": "D.Number 6-2-29, Lakdikapul Road"}, "geometry": {"type": "Point", "coordinates": [78.46116, 17.40411]}}, {"type": "Feature", "properties": {"name": "Aruna Hospital", "type": "hospital", "address": "1-7-43-457/206, Near Asian Radhika Multiplex, Maheshnagar, ECIL Post, Kapra"}, "geometry": {"type": "Point", "coordinates": [78.56401, 17.47607]}}, {"type": "Feature", "properties": {"name": "Preeti Urology and Kidney Hospital", "type": "hospital", "address": "Road No.4, KPHB Colony, Kukatpally"}, "geometry": {"type": "Point", "coordinates": [78.39691, 17.49129]}}, {"type": "Feature", "properties": {"name": "Vasan Healthcare Private Limited", "type": "hospital", "address": "1-10-44/1, Near Prakash Nagar Metro Station, Begumpet Main Road"}, "geometry": {"type": "Point", "coordinates": [78.46622, 17.44449]}}, {"type": "Feature", "properties": {"name": "ADR Hospital", "type": "hospital", "address": "24-112/1, Anandbagh 'X' Roads, Malkajgiri"}, "geometry": {"type": "Point", "coordinates": [78.53788, 17.45837]}}, {"type": "Feature", "properties": {"name": "Bristlecone Hospital", "type": "hospital", "address": "Street Number 6, Barkatpura"}, "geometry": {"type": "Point", "coordinates": [78.49616, 17.39202]}}, {"type": "Feature", "properties": {"name": "Abhaya Multi Speciality Hospital", "type": "hospital", "address": "Nizampet Road, Kukatpally"}, "geometry": {"type": "Point", "coordinates": [78.38258, 17.50072]}}, {"type": "Feature", "properties": {"name": "Care Hospital, Nampally", "type": "hospital", "address": "Opp. Exhibition Grounds Road, Nampally, Chandra Viha, Kattel Mandi, Abids"}, "geometry": {"type": "Point", "coordinates": [78.47471, 17.38543]}}, {"type": "Feature", "properties": {"name": "Aarogya Hospital", "type": "hospital", "address": "5-4-183 To 199, Twin City Market Complex, Moazam Jahi Market"}, "geometry": {"type": "Point", "coordinates": [78.47541, 17.38511]}}, {"type": "Feature", "properties": {"name": "Arvind Eye Hospital", "type": "hospital", "address": "12-2-824, P.V. Narasimha Rao Express Way, Near St.Anns Women's College, Mehdipatnam"}, "geometry": {"type": "Point", "coordinates": [78.4378, 17.39189]}}, {"type": "Feature", "properties": {"name": "Disha Children's Hospital", "type": "hospital", "address": "3-11-142/N, DVN Complex, Opposite to Kamineni Hospital, RTC Colony, LB Nagar"}, "geometry": {"type": "Point", "coordinates": [78.55512, 17.35252]}}, {"type": "Feature", "properties": {"name": "Anvitha Hospital", "type": "hospital", "address": "8-3-231/A/516,517,A-Block, Sri Krishna Nagar, Yousufguda"}, "geometry": {"type": "Point", "coordinates": [78.42661, 17.43113]}}, {"type": "Feature", "properties": {"name": "New Life Line Multi Specialty Hospital", "type": "hospital", "address": "1-1-211, Sai Priya Colony, Beside Old Municipal Kapra Office, Kapra"}, "geometry": {"type": "Point", "coordinates": [78.56473, 17.48785]}}, {"type": "Feature", "properties": {"name": "Homeocare International", "type": "hospital", "address": "Above Agrawala Sweets, Opp to Metro Pillar No 18, S.P. Road, Begumpet"}, "geometry": {"type": "Point", "coordinates": [78.4797, 17.4432]}}, {"type": "Feature", "properties": {"name": "Konark Hospitals", "type": "hospital", "address": "Plot Number 13 and 14, Pipeline Road, Behind Deevan Dhaba, Petbasheerabad, Jeedimetla"}, "geometry": {"type": "Point", "coordinates": [78.47546, 17.51236]}}, {"type": "Feature", "properties": {"name": "Sree Netralaya Eye Hospital and Laser Centre", "type": "hospital", "address": "11-9-1, Vimal Complex, Opposite Kothapet Bus Stop, Dilsukhnagar"}, "geometry": {"type": "Point", "coordinates": [78.54045, 17.36764]}}, {"type": "Feature", "properties": {"name": "Leads Medical Centre", "type": "hospital", "address": "Ozone Complex, 1st Floor, Near Bajaj Electronics, Panjagutta"}, "geometry": {"type": "Point", "coordinates": [78.45372, 17.42525]}}, {"type": "Feature", "properties": {"name": "Pranaam Hospitals", "type": "hospital", "address": "Plot Number 40/41, Mythri Nagar, Madinaguda"}, "geometry": {"type": "Point", "coordinates": [78.33988, 17.49661]}}, {"type": "Feature", "properties": {"name": "Vignesh Nursing Home", "type": "hospital", "address": "MIG - 318 & 260, Remedy Hospital Lane, KPHB Colony, Kukatpally"}, "geometry": {"type": "Point", "coordinates": [78.39749, 17.49253]}}, {"type": "Feature", "properties": {"name": "Sridhar Multi Speciality Hospital", "type": "hospital", "address": "7-99, Near Yadagiri Theatre, New Santosh Nagar"}, "geometry": {"type": "Point", "coordinates": [78.50876, 17.34492]}}, {"type": "Feature", "properties": {"name": "Geetha Multi Speciality Hospital", "type": "hospital", "address": "Road No.4, West Marredpally, Secunderabad"}, "geometry": {"type": "Point", "coordinates": [78.50824, 17.44706]}}, {"type": "Feature", "properties": {"name": "Amar Maternity Nursing Home", "type": "hospital", "address": "H.No.2-1-514/D, Nallakunta"}, "geometry": {"type": "Point", "coordinates": [78.50698, 17.39875]}}, {"type": "Feature", "properties": {"name": "Sai Preethi Life Line Hospital", "type": "hospital", "address": "10-3-5/E/106, Sakina Complex, Mehdipatnam"}, "geometry": {"type": "Point", "coordinates": [78.44192, 17.39429]}}, {"type": "Feature", "properties": {"name": "Prasad Hospital", "type": "hospital", "address": "MIG 303, Road Number 1, Opposite Hotel Grand Sitara, KPHB Colony, Kukatpally"}, "geometry": {"type": "Point", "coordinates": [78.40156, 17.49206]}}, {"type": "Feature", "properties": {"name": "Praanadah Hospital", "type": "hospital", "address": "1-66/4/194, Block-B, Kavurihills, Durgam Cheruvu Road, Madhava Nagar, Beside Shivaramalayam, Madhapur"}, "geometry": {"type": "Point", "coordinates": [78.39427, 17.43725]}}, {"type": "Feature", "properties": {"name": "Dristi Netralaya Hospital", "type": "hospital", "address": "1-10-314/P, Opposite Mallareddy Gardens, Thokatta Village, Bowenpally"}, "geometry": {"type": "Point", "coordinates": [78.47733, 17.46917]}}, {"type": "Feature", "properties": {"name": "Geeta Clinic And Maternity Home", "type": "hospital", "address": "3-4-828, Barkatpura"}, "geometry": {"type": "Point", "coordinates": [78.49696, 17.39195]}}, {"type": "Feature", "properties": {"name": "Vasavi Hospital", "type": "hospital", "address": "6-1-91, 2nd Floor, Opp. Sensation Insomnia Cinema Hall, Khairatabad"}, "geometry": {"type": "Point", "coordinates": [78.46439, 17.40644]}}, {"type": "Feature", "properties": {"name": "Sankhya Hospital", "type": "hospital", "emergency": "yes", "address": "Plot No: C-15, 1st Road, KPHB Colony, Opp. Axis Bank, Kukatpally"}, "geometry": {"type": "Point", "coordinates": [78.40008, 17.48765]}}, {"type": "Feature", "properties": {"name": "Kiran Hospital", "type": "hospital", "address": "8-8-112/1, Sriram Nagar Colony, Nagarjuna Sagar Road, Near Karmanghat 'X' Roads"}, "geometry": {"type": "Point", "coordinates": [78.52825, 17.34528]}}, {"type": "Feature", "properties": {"name": "Smt. Bhagwan Devi Hospital", "type": "hospital", "address": "21-7-191, Mama Jumla Phatak, Charkaman"}, "geometry": {"type": "Point", "coordinates": [78.4732, 17.36444]}}, {"type": "Feature", "properties": {"name": "Nest Children's Hospital", "type": "hospital", "address": "Plot No A-7, Vikrampuri Colony, Karkhana"}, "geometry": {"type": "Point", "coordinates": [78.50042, 17.45934]}}, {"type": "Feature", "properties": {"name": "V.M.R Hospital", "type": "hospital", "address": "MIG 313, Remedy Hospital Lane, KPHB Colony"}, "geometry": {"type": "Point", "coordinates": [78.39723, 17.49189]}}, {"type": "Feature", "properties": {"name": "Mamata Fertility Hospital", "type": "hospital", "address": "9-1-192, St. Marys Road, Secunderabad"}, "geometry": {"type": "Point", "coordinates": [78.49917, 17.43965]}}, {"type": "Feature", "properties": {"name": "Kishorechand Chordia Eye Centre", "type": "hospital", "address": "Nagarkhana, Begum Bazar"}, "geometry": {"type": "Point", "coordinates": [78.4673, 17.37294]}}, {"type": "Feature", "properties": {"name": "Praja Sai Hospital", "type": "hospital", "address": "1-10-189, Near RTC Cross Road, SBH Colony, Ashok Nagar"}, "geometry": {"type": "Point", "coordinates": [78.49286, 17.40733]}}, {"type": "Feature", "properties": {"name": "Ram Hospital", "type": "hospital", "address": "57/A, Shapur Nagar, I.D.A., Jeedimetla"}, "geometry": {"type": "Point", "coordinates": [78.44765, 17.51608]}}, {"type": "Feature", "properties": {"name": "Soorya Orthopaedic Hospital", "type": "hospital", "address": "D.No. 1-7-226, Kamala Nagar, Opposite Water Tank, ECIL Post"}, "geometry": {"type": "Point", "coordinates": [78.56926, 17.4738]}}, {"type": "Feature", "properties": {"name": "Smiline Dental Hospital", "type": "hospital", "address": "# 8-3-952/10/2 & 2/1, Srinagar Colony Road, Punjagutta, Nagarjuna Nagar Colony, Yella Reddy Guda"}, "geometry": {"type": "Point", "coordinates": [78.44871, 17.4298]}}, {"type": "Feature", "properties": {"name": "Sushma Nursing Home", "type": "hospital", "address": "Plot No. 140/1, Bhagyanagar Colony, Behind Margadarsi Building, Kukatpally"}, "geometry": {"type": "Point", "coordinates": [78.40204, 17.4944]}}, {"type": "Feature", "properties": {"name": "Ratna Maternity and Nursing Home", "type": "hospital", "address": "17-1-388/C/19&20, Vinay Nagar Colony, Saidabad"}, "geometry": {"type": "Point", "coordinates": [78.50686, 17.35349]}}, {"type": "Feature", "properties": {"name": "Kishan Rao Hospital", "type": "hospital", "address": "2-2-1167/11/1/A, Tilak Nagar Main Road"}, "geometry": {"type": "Point", "coordinates": [78.50794, 17.3943]}}, {"type": "Feature", "properties": {"name": "Thatha Hospital", "type": "hospital", "address": "100, Anupuram, E.C.I.L Post."}, "geometry": {"type": "Point", "coordinates": [78.56278, 17.47698]}}, {"type": "Feature", "properties": {"name": "Sudarshan Hospital", "type": "hospital", "address": "Dayara Market, Musheerabad"}, "geometry": {"type": "Point", "coordinates": [78.50211, 17.4142]}}, {"type": "Feature", "properties": {"name": "Kid Care Children's Hospital", "type": "hospital", "address": "10-84, Sowbhagya Nagar, Opp. IDPL Colony"}, "geometry": {"type": "Point", "coordinates": [78.44889, 17.48412]}}, {"type": "Feature", "properties": {"name": "Vijaya Nursing Home", "type": "hospital", "address": "2-58/8, Near Telephone Exchange, SBI Building, Chandanagar"}, "geometry": {"type": "Point", "coordinates": [78.32506, 17.49567]}}, {"type": "Feature", "properties": {"name": "Dangoria Maternity and Nursing Home", "type": "hospital", "address": "RTC 'X' Roads, Musheerbad"}, "geometry": {"type": "Point", "coordinates": [78.49751, 17.40778]}}, {"type": "Feature", "properties": {"name": "Sainath Hospital", "type": "hospital", "address": "8-3-214/46, Srinivas Colony West, Ameerpet"}, "geometry": {"type": "Point", "coordinates": [78.44067, 17.43909]}}, {"type": "Feature", "properties": {"name": "C.C. Shroff Memorial Hospital", "type": "hospital", "address": "3-4-801, Barkatpura"}, "geometry": {"type": "Point", "coordinates": [78.49653, 17.3908]}}, {"type": "Feature", "properties": {"name": "Hyderabad Kidney And Laparoscopic Centre", "type": "hospital", "address": "D No: 16-2-674/12, Judges Colony, Malakpet"}, "geometry": {"type": "Point", "coordinates": [78.50059, 17.37175]}}, {"type": "Feature", "properties": {"name": "Sadanand Nursing Home", "type": "hospital", "address": "Rahamath Nagar, Yousufguda"}, "geometry": {"type": "Point", "coordinates": [78.42424, 17.44063]}}, {"type": "Feature", "properties": {"name": "Tanvi Eye Center", "type": "hospital", "address": "Plot No 23 & 24, Sanjeev Hosping Colony East Marredpally"}, "geometry": {"type": "Point", "coordinates": [78.51153, 17.45006]}}, {"type": "Feature", "properties": {"name": "Kosaraju Hospitals Private Ltd.", "type": "hospital", "address": "9-1-43/24, Langar House"}, "geometry": {"type": "Point", "coordinates": [78.41903, 17.37554]}}, {"type": "Feature", "properties": {"name": "Dr. Laxman's Children Hospital", "type": "hospital", "address": "Shapur Nagar Main Road, Chinthal"}, "geometry": {"type": "Point", "coordinates": [78.44727, 17.51604]}}, {"type": "Feature", "properties": {"name": "Maternal Health and Research Trust", "type": "hospital", "address": "8-2-120/86/1, Road No. 3, Banjara Hills"}, "geometry": {"type": "Point", "coordinates": [78.43171, 17.42409]}}, {"type": "Feature", "properties": {"name": "Meda Hospital Pvt. Ltd", "type": "hospital", "address": "Plot No: 610, Defence Colony, Neredmet 'X' Roads, Secunderabad"}, "geometry": {"type": "Point", "coordinates": [78.53731, 17.4837]}}, {"type": "Feature", "properties": {"name": "Nisha Hospital", "type": "hospital", "address": "11-5-80, Bazar Ghat ' X' Roads"}, "geometry": {"type": "Point", "coordinates": [78.46268, 17.39442]}}, {"type": "Feature", "properties": {"name": "Aditya Hospital, Uppal", "type": "hospital", "address": "Survey Number 93/2 and 125, Opposite Bharath Petrol Pump, Warangal Highway Mainroad, Shanthi Nagar, Uppal"}, "geometry": {"type": "Point", "coordinates": [78.57566, 17.40172]}}, {"type": "Feature", "properties": {"name": "Medicare Hospital", "type": "hospital", "address": "L.B. Nagar Road, Near sri nilayam function hall"}, "geometry": {"type": "Point", "coordinates": [78.54956, 17.34033]}}, {"type": "Feature", "properties": {"name": "Sri Shankara Nethralaya", "type": "doctors", "address": "#1-116/1, Opp. Rao's High School & Janapriya Apartments, Miyapur"}, "geometry": {"type": "Point", "coordinates": [78.35589, 17.49565]}}, {"type": "Feature", "properties": {"name": "Dr.Agarwal's Eye Hospital", "type": "hospital", "address": "Datla Pride, Punjagutta Officers Colony, Punjagutta"}, "geometry": {"type": "Point", "coordinates": [78.45065, 17.42982]}}, {"type": "Feature", "properties": {"name": "Goshamahal Hospital", "type": "hospital", "address": "Door No.5-3-832/8/1&2, Indian Oil Petrol Pump, M.J. Market"}, "geometry": {"type": "Point", "coordinates": [78.47273, 17.38185]}}, {"type": "Feature", "properties": {"name": "Niyar Nursing Home", "type": "hospital", "address": "Fatima Nagar, DLRL Road, Chandrayangutta"}, "geometry": {"type": "Point", "coordinates": [78.488, 17.3313]}}, {"type": "Feature", "properties": {"name": "Shalini Hospitals", "type": "hospital", "address": "H.No: 3-4-140, Barkathpura"}, "geometry": {"type": "Point", "coordinates": [78.49576, 17.39253]}}, {"type": "Feature", "properties": {"name": "Vivek Hospital", "type": "hospital", "address": "17-2-549, Saidabad"}, "geometry": {"type": "Point", "coordinates": [78.50449, 17.35985]}}, {"type": "Feature", "properties": {"name": "Vijay Marie Hospital", "type": "hospital", "address": "H.No. 10-673/1, Near Hanuman Temple, Veernagar, Saifabad"}, "geometry": {"type": "Point", "coordinates": [78.45597, 17.40739]}}, {"type": "Feature", "properties": {"name": "Madhava Nursing Home", "type": "hospital", "address": "Plot No. 43, Opp. St Mary's Church, S.D Road"}, "geometry": {"type": "Point", "coordinates": [78.50209, 17.44096]}}, {"type": "Feature", "properties": {"name": "Deepa Hospital", "type": "hospital", "address": "14-2-163, Opposite L.M.G. School, Joshiwadi, Begum Bazar"}, "geometry": {"type": "Point", "coordinates": [78.46764, 17.37639]}}, {"type": "Feature", "properties": {"name": "Vinciti Hospital", "type": "hospital", "address": "8-4-123, Near Old Bowenpally Bus Stop"}, "geometry": {"type": "Point", "coordinates": [78.47985, 17.47674]}}, {"type": "Feature", "properties": {"name": "Sandhya Nursing Home", "type": "hospital", "address": "HUDA Colony, Opp. Kidzonia International Preschool, Chanda Nagar"}, "geometry": {"type": "Point", "coordinates": [78.32716, 17.49322]}}, {"type": "Feature", "properties": {"name": "Urban Primary Health Centre, Guddimalkapur", "type": "clinic", "address": "Market Road"}, "geometry": {"type": "Point", "coordinates": [78.43929, 17.38194]}}, {"type": "Feature", "properties": {"name": "Premier Hospital", "type": "hospital", "address": "12-2-718, Khader Bagh Road, Toli Chowki, Padmanabha Nagar, Mehdipatnam"}, "geometry": {"type": "Point", "coordinates": [78.42687, 17.39158]}}, {"type": "Feature", "properties": {"name": "Vasundhara Nursing Home", "type": "hospital", "address": "Padmashali Colony, Kawadiguda, Near Praga Tools"}, "geometry": {"type": "Point", "coordinates": [78.49513, 17.42264]}}, {"type": "Feature", "properties": {"name": "L.V. Prasad Eye Institute", "type": "hospital", "address": "1-88/5/A, Plot No. 274, Opp. Madhapur Police Station, Kavuri Hills"}, "geometry": {"type": "Point", "coordinates": [78.39584, 17.43913]}}, {"type": "Feature", "properties": {"name": "Shamshad Children's Hospital", "type": "hospital", "address": "9-4-87/5/2, Lane Beside Andhra Bank, Tolichowki"}, "geometry": {"type": "Point", "coordinates": [78.41753, 17.39792]}}, {"type": "Feature", "properties": {"name": "Curewell Hospital", "type": "hospital", "address": "6-2-13, Lakdikapul"}, "geometry": {"type": "Point", "coordinates": [78.46065, 17.40592]}}, {"type": "Feature", "properties": {"name": "Saluja Hospital", "type": "hospital", "address": "9-4-269, Regimental Bazar, Opp Main Gate"}, "geometry": {"type": "Point", "coordinates": [78.50288, 17.43508]}}, {"type": "Feature", "properties": {"name": "Vijaya Krishna Nursing Home", "type": "hospital", "address": "SRT 641-642, Opposite Vinayaka Ground, Sanathnagar"}, "geometry": {"type": "Point", "coordinates": [78.44447, 17.45257]}}, {"type": "Feature", "properties": {"name": "Vasu Hospital", "type": "hospital", "address": "9-1-43/8, Near Alankar Cinemas, Langar Houz"}, "geometry": {"type": "Point", "coordinates": [78.419, 17.376]}}, {"type": "Feature", "properties": {"name": "Jaferia Hospital", "type": "hospital", "address": "22-2-403, Hussaini Mohalla, Noor Khan Bazar"}, "geometry": {"type": "Point", "coordinates": [78.48716, 17.37037]}}, {"type": "Feature", "properties": {"name": "Cure Hospitals", "type": "hospital", "address": "Plot No. 3,Ganesh Nagar Colony,Opposite Smt. Sarojini Pulla Reddy House, Hasmathpet Road, New Bowenpally"}, "geometry": {"type": "Point", "coordinates": [78.47802, 17.45959]}}, {"type": "Feature", "properties": {"name": "Sravani Hospital", "type": "hospital", "address": "H. No. 18-8- 589/54, Kumarwadi Colony, Edi Bazar"}, "geometry": {"type": "Point", "coordinates": [78.49169, 17.35034]}}, {"type": "Feature", "properties": {"name": "Rishab Eye Centre", "type": "hospital", "address": "35-601/1, G K Colony, Sainikpuri"}, "geometry": {"type": "Point", "coordinates": [78.5334, 17.481]}}, {"type": "Feature", "properties": {"name": "Raghavendra Orthopaedic and Diagnostic Centre", "type": "hospital", "address": "53, Bhima Shankar Complex Malani Housing Colony Thokatta"}, "geometry": {"type": "Point", "coordinates": [78.4784, 17.45702]}}, {"type": "Feature", "properties": {"name": "Micro Care Ent Hospital and Research Institute", "type": "hospital", "address": "MIG 244 & 245, Road No 4, KPHB, Kukatpally"}, "geometry": {"type": "Point", "coordinates": [78.39854, 17.49402]}}, {"type": "Feature", "properties": {"name": "Anand Vitreo Retina Institute Pvt Ltd", "type": "hospital", "address": "401 to 404, 4th Floor, Tara Tycoon Tower, Opp. Aradhana Theatre, Tarnaka"}, "geometry": {"type": "Point", "coordinates": [78.53409, 17.42554]}}, {"type": "Feature", "properties": {"name": "Vanaja Hospitals", "type": "hospital", "address": "Plot No.7, Pragathinagar, Officers Colony, Sainatupuram, Saibaba Temple Road, Besides Karur Vysya Bank"}, "geometry": {"type": "Point", "coordinates": [78.55293, 17.47756]}}, {"type": "Feature", "properties": {"name": "Geetanjali Test Tube Baby Centre", "type": "hospital", "address": "Plot No.4, Thyagaraya Nagar, Dr. A.S. Rao Nagar, Secunderabad"}, "geometry": {"type": "Point", "coordinates": [78.55631, 17.4813]}}, {"type": "Feature", "properties": {"name": "Princess Durru Shehvar Children's And General Hospital", "type": "hospital", "address": "Purani Haveli, Near City Civil Court, Pathar Gatti"}, "geometry": {"type": "Point", "coordinates": [78.48266, 17.36731]}}, {"type": "Feature", "properties": {"name": "SRI LAXMI MULTI SPECIALITY HOSPITAL, LAPROSCOPIC AND RESEARCH CENTRE", "type": "hospital", "address": "Plot No. 21, Nagole"}, "geometry": {"type": "Point", "coordinates": [78.55691, 17.37605]}}, {"type": "Feature", "properties": {"name": "Thumbay Hospital New Life", "type": "hospital", "address": "16-6-104 To 109, Kamal Theatre Complex, Chaderghat, Opposite To Hotel Niagara"}, "geometry": {"type": "Point", "coordinates": [78.49034, 17.37687]}}, {"type": "Feature", "properties": {"name": "Srivision Super Speciality Eye Hospital", "type": "hospital", "address": "Plot No. 225/A, Road No 17, Jubilee Hills Check Post"}, "geometry": {"type": "Point", "coordinates": [78.41732, 17.4344]}}, {"type": "Feature", "properties": {"name": "Anantha Lakshmi Kidney and Multi Specialty Hospital", "type": "hospital", "address": "3-9-9-10/14, Saradhanagar, Ramantapur"}, "geometry": {"type": "Point", "coordinates": [78.53665, 17.39747]}}, {"type": "Feature", "properties": {"name": "Susheela Hospital", "type": "hospital", "address": "8-3-667/1, Near K.K. Towers, Lane Opposite Allahabad Bank, Engineer's Colony, Yousufguda Road"}, "geometry": {"type": "Point", "coordinates": [78.43658, 17.4353]}}, {"type": "Feature", "properties": {"name": "Jaya Bhushan Hospitals Pvt. Ltd", "type": "hospital", "address": "#12-2-823/A/10, Opposite Jaya Bhushan Bus Stop & ICICI Bank, Santosh Nagar Colony, Mehdipatnam"}, "geometry": {"type": "Point", "coordinates": [78.43865, 17.39462]}}, {"type": "Feature", "properties": {"name": "Asian E.N.T. Care Centre", "type": "hospital", "address": "First Floor, Zore Complex, Above Red Rose Restaurant, Opp. NIMS, Panjagutta Main Road"}, "geometry": {"type": "Point", "coordinates": [78.45568, 17.42162]}}, {"type": "Feature", "properties": {"name": "Ayodhya Nursing Home", "type": "hospital", "address": "12-2-790/74, Ayodhya Nagar Colony Mehdipatnam"}, "geometry": {"type": "Point", "coordinates": [78.4348, 17.39134]}}, {"type": "Feature", "properties": {"name": "Sree Raghavendra Hospital", "type": "hospital", "address": "8-1-206/A,Opposite Shivalayam Temple, Raghavendra Hills, Mailardevpally, Nawab Saheb Kunta"}, "geometry": {"type": "Point", "coordinates": [78.44539, 17.3179]}}, {"type": "Feature", "properties": {"name": "NephroPlus Dialysis Centre", "type": "hospital", "address": "1st & 2nd Floor, Gude\u2019s Plaza, Above ICICI Bank, #77, Seshachala Colony, East Marredpally main Road"}, "geometry": {"type": "Point", "coordinates": [78.50994, 17.45029]}}, {"type": "Feature", "properties": {"name": "Aware gleneagles Global Hospital;Aware Gleneagles Global Hospital's Blood Bank", "type": "hospital", "address": "Bairamlguda, Nagarjune Sagar Road;Ground Floor(North Block), Room No. 702 to 710, D.No: 08-16-01, Sowbhagya Nagar, Sagar Road, Saroor Nagar"}, "geometry": {"type": "Point", "coordinates": [78.53991, 17.34596]}}, {"type": "Feature", "properties": {"name": "Sai Siva Children\u2019s Hospital", "type": "hospital", "address": "Opp. Venkateswara Swamy Temple, Chandanagar, Gangaram"}, "geometry": {"type": "Point", "coordinates": [78.32402, 17.4942]}}, {"type": "Feature", "properties": {"name": "Sri Tirumala Maternity and Nursing Home", "type": "hospital", "address": "H.No.12-11-251, Namalagundu, Seethafalmandi"}, "geometry": {"type": "Point", "coordinates": [78.51638, 17.42324]}}, {"type": "Feature", "properties": {"name": "Marvel Maternity and Nursing Home", "type": "hospital", "address": "Ghazi Maillat Colony, Chandrayan Gutta"}, "geometry": {"type": "Point", "coordinates": [78.47876, 17.32925]}}, {"type": "Feature", "properties": {"name": "Akira Eye Surgical Annexe", "type": "hospital", "address": "1-1-336/36A, Vivek Nagar, Lane Opp To Sri Tyagaraya Gana Sabha , Chikkadpally"}, "geometry": {"type": "Point", "coordinates": [78.49244, 17.40349]}}, {"type": "Feature", "properties": {"name": "Kadimi Nursing Home", "type": "hospital", "address": "6-94/6/C, Manjeera Road, Opposite Hotel Swagath Residency, Chandanagar"}, "geometry": {"type": "Point", "coordinates": [78.32672, 17.49393]}}, {"type": "Feature", "properties": {"name": "Jayasai Hospital For Women", "type": "hospital", "address": "12-143, Community Hall Road, Adarsh Nagar, Opposite IDPL Colony Bus Stop, Balanagar"}, "geometry": {"type": "Point", "coordinates": [78.44712, 17.48506]}}, {"type": "Feature", "properties": {"name": "Ragi Hospital", "type": "hospital", "address": "7-10, Opp. Pearls Inn Hotel, Madinaguda, Miyapur"}, "geometry": {"type": "Point", "coordinates": [78.34107, 17.49575]}}, {"type": "Feature", "properties": {"name": "SRESHTA SRI KAMALA HOSPITALS", "type": "hospital", "address": "H.No: 16-11-739/1 & 2, Kamala Complex, Dilsukhnagar"}, "geometry": {"type": "Point", "coordinates": [78.52203, 17.36829]}}, {"type": "Feature", "properties": {"name": "Bhavan's Sarada Devi Hospital", "type": "hospital", "address": "Sainikpuri, Secunderabad"}, "geometry": {"type": "Point", "coordinates": [78.55107, 17.48252]}}, {"type": "Feature", "properties": {"name": "Sree Maruthi Nursing Home", "type": "hospital", "address": "Plot No. 18, Indrapuri Railway Colony, West Marredpally"}, "geometry": {"type": "Point", "coordinates": [78.50877, 17.45496]}}, {"type": "Feature", "properties": {"name": "Sulochana Eye Centre", "type": "hospital", "address": "H.No.: 3-6-69/2&C, Avanthi Nagar Colony, Near Skyline Theater, Opp. Talwalkar's Fitness Centre, Basheerbagh"}, "geometry": {"type": "Point", "coordinates": [78.47763, 17.40194]}}, {"type": "Feature", "properties": {"name": "Parvathi Multispeciality Hospital", "type": "hospital", "address": "E-30,31 Vikrampuri Colony"}, "geometry": {"type": "Point", "coordinates": [78.50144, 17.45655]}}, {"type": "Feature", "properties": {"name": "Muslim Maternity and Children's Hospital", "type": "hospital", "address": "#16-6-326, Osmanpura, Chaderghat"}, "geometry": {"type": "Point", "coordinates": [78.48988, 17.37516]}}, {"type": "Feature", "properties": {"name": "Shashi Hospital", "type": "hospital", "address": "Near Andhra Bank ATM,Indira Nagar,Dilsukhnagar"}, "geometry": {"type": "Point", "coordinates": [78.52137, 17.36954]}}, {"type": "Feature", "properties": {"name": "Sundari Maternity and General Hospital", "type": "hospital", "address": "8-84, Temple Road, Alwal"}, "geometry": {"type": "Point", "coordinates": [78.51328, 17.50289]}}, {"type": "Feature", "properties": {"name": "Bhavya Hospital", "type": "hospital", "address": "Plot No. 65, Near Bank of Baroda, Nagole Cross Road"}, "geometry": {"type": "Point", "coordinates": [78.55701, 17.37716]}}, {"type": "Feature", "properties": {"name": "Fehmi Care Hospital", "type": "hospital", "address": "8-3-229/37, Tahir Villa, Near Dena Bank, Opposite St Mary\u2019s Junior College, Yousufguda Check Post"}, "geometry": {"type": "Point", "coordinates": [78.4273, 17.43712]}}, {"type": "Feature", "properties": {"name": "Sriya Hospital", "type": "hospital", "address": "29-75/6E, Kakatiya Nagar, Near Old Police Station, Neredmet, Secunderabad"}, "geometry": {"type": "Point", "coordinates": [78.53947, 17.47513]}}, {"type": "Feature", "properties": {"name": "Mirra Multi Specialty Hospital", "type": "hospital", "address": "Plot No's. 33,34,35, Alluri Sita Ram Raju Colony, Near DK enclave"}, "geometry": {"type": "Point", "coordinates": [78.35647, 17.50447]}}, {"type": "Feature", "properties": {"name": "Pulse Hospitals", "type": "hospital", "address": "6-1-103&109, Padmaraonagar, Secunderabad"}, "geometry": {"type": "Point", "coordinates": [78.50413, 17.42173]}}, {"type": "Feature", "properties": {"name": "S.V. Hospital", "type": "hospital", "address": "7-246/B/1, Lane Opp. Yellamma Temple, Balkampet"}, "geometry": {"type": "Point", "coordinates": [78.45048, 17.44677]}}, {"type": "Feature", "properties": {"name": "Krishna Multi Speciality Hospital", "type": "hospital", "address": "Adjacent to Raj Lakshmi Theatre, Rajnagar Colony, Uppal 'X' Roads"}, "geometry": {"type": "Point", "coordinates": [78.56034, 17.39734]}}, {"type": "Feature", "properties": {"name": "Sri Sai Kidney Centre", "type": "hospital", "address": "7-1-59/4/8, Near Lal Bunglow, Ameerpet"}, "geometry": {"type": "Point", "coordinates": [78.45147, 17.43547]}}, {"type": "Feature", "properties": {"name": "Sunrise Superspeciality Children's Hospital", "type": "hospital", "address": "3-5-1105, Beside Bata Show Room, Narayanguda"}, "geometry": {"type": "Point", "coordinates": [78.48909, 17.39305]}}, {"type": "Feature", "properties": {"name": "Raghavendra Hospital", "type": "hospital", "address": "1-7-100, Kamala Nagar, ECIL 'X' Road"}, "geometry": {"type": "Point", "coordinates": [78.56786, 17.47477]}}, {"type": "Feature", "properties": {"name": "GSN Hospital", "type": "hospital", "address": "43/3 RT, Near Community Hall, S.R. Nagar"}, "geometry": {"type": "Point", "coordinates": [78.44525, 17.44184]}}, {"type": "Feature", "properties": {"name": "Challa Eye Care Centre", "type": "hospital", "address": "Lane Beside Harley Davidson Showroom, Sagar Soceity Main Road, Road Number 2, Banjara Hills"}, "geometry": {"type": "Point", "coordinates": [78.43252, 17.42819]}}, {"type": "Feature", "properties": {"name": "Royal Hospital For Dentistry and Facial Surgery", "type": "hospital", "address": "6-3-626/1/104, Anandnagar, Khairtabad"}, "geometry": {"type": "Point", "coordinates": [78.45698, 17.41215]}}, {"type": "Feature", "properties": {"name": "Matrix Hospital", "type": "hospital", "address": "Plot Number 4, 5, 14 and 15, Pragati Nagar, Ramanthapur, Opposite Ramanthapur Lake"}, "geometry": {"type": "Point", "coordinates": [78.54051, 17.40024]}}, {"type": "Feature", "properties": {"name": "M S Reddy Lions Eye Hospital", "type": "hospital", "address": "APHB Colony, Meerpet, Moula-Ali"}, "geometry": {"type": "Point", "coordinates": [78.56311, 17.45714]}}, {"type": "Feature", "properties": {"name": "Santhigiri Auyrveda and Siddha Hospital", "type": "hospital", "address": "H.No. 4, Pavani Villas, Dwarakapuri Colony, Panjagutta"}, "geometry": {"type": "Point", "coordinates": [78.4522, 17.42291]}}, {"type": "Feature", "properties": {"name": "Shree Jaya Krishna Hospital", "type": "hospital", "address": "3-11-48, Opp. Govt Homeo College, Ramanthapur, Rangareddy"}, "geometry": {"type": "Point", "coordinates": [78.53191, 17.3971]}}, {"type": "Feature", "properties": {"name": "Allwin Hospital", "type": "hospital", "address": "6-2-654, Chintal Basti Road, Khairtabad"}, "geometry": {"type": "Point", "coordinates": [78.45921, 17.40913]}}, {"type": "Feature", "properties": {"name": "Sai Institute Of Arthroscopy And Sports Injury", "type": "hospital", "address": "6-3-252/B/8, Behind Taj Residency, Near Banjara Hills, Road No: 1, Erramanzil Colony"}, "geometry": {"type": "Point", "coordinates": [78.45242, 17.41862]}}, {"type": "Feature", "properties": {"name": "Sree Balaji Hospital", "type": "hospital", "address": "Plot No. 34, 34/A, NCL South, Petbasheerabad, Medchal Road, Secunderabad"}, "geometry": {"type": "Point", "coordinates": [78.4822, 17.51852]}}, {"type": "Feature", "properties": {"name": "Sathya Hospital", "type": "hospital", "address": "Near Gandhi Statue, Uppal Main Road"}, "geometry": {"type": "Point", "coordinates": [78.56484, 17.40129]}}, {"type": "Feature", "properties": {"name": "Leela Hospital", "type": "hospital", "address": "Plot No: 112/C, 112/D, Moti Nagar, Erragadda"}, "geometry": {"type": "Point", "coordinates": [78.42381, 17.45542]}}, {"type": "Feature", "properties": {"name": "Anusha Hospital", "type": "hospital", "address": "Gudimalkapur, Opp LIC Office, Mehdipatnam"}, "geometry": {"type": "Point", "coordinates": [78.43972, 17.38797]}}, {"type": "Feature", "properties": {"name": "RR Orthopedic Hospital", "type": "hospital", "address": "2-30/A/3, Near SBI Bank and Chanda Nagar Bus Stop, Chandanagar"}, "geometry": {"type": "Point", "coordinates": [78.32268, 17.49542]}}, {"type": "Feature", "properties": {"name": "Partha Dental Clinic", "type": "hospital", "address": "Plot No. 101, Skill Spectrum Complex, Near TTD Kalyana Mandapam, Liberty Circle, Himayat Nagar"}, "geometry": {"type": "Point", "coordinates": [78.47934, 17.40592]}}, {"type": "Feature", "properties": {"name": "Susrutha Hospital", "type": "hospital", "address": "H.No.16-2-701/51/1, Opposite Mahboob Mansion, Malakpet"}, "geometry": {"type": "Point", "coordinates": [78.50329, 17.37322]}}, {"type": "Feature", "properties": {"name": "Venkatesh Borgaonker Nursing Home", "type": "hospital", "address": "3-4-259, Near Padmavathi Cineplex, Kachiguda Station Road"}, "geometry": {"type": "Point", "coordinates": [78.49116, 17.39058]}}, {"type": "Feature", "properties": {"name": "Harsha Hospitals", "type": "hospital", "address": "Plot No: 1-76/1/b/4, Ganga Enclave, Pet Basheerabad, Medchal Road, Secunderabad"}, "geometry": {"type": "Point", "coordinates": [78.48453, 17.52092]}}, {"type": "Feature", "properties": {"name": "Sri Sai Srinivasa Speciality Hospitals Pvt. Ltd", "type": "hospital", "address": "3-5-1082/A,Jaiswal Lane, Narayanaguda"}, "geometry": {"type": "Point", "coordinates": [78.49206, 17.39793]}}, {"type": "Feature", "properties": {"name": "Sai Krishna Neuro Hospital", "type": "hospital", "address": "3-4-1, V.L.R Complex, Station Road, Kachiguda"}, "geometry": {"type": "Point", "coordinates": [78.49593, 17.38995]}}, {"type": "Feature", "properties": {"name": "Sagar Lal Memorial Hospital and Matadin Goel Research Center", "type": "hospital", "address": "H.No 1-5-551, Musheerabad"}, "geometry": {"type": "Point", "coordinates": [78.49885, 17.41567]}}, {"type": "Feature", "properties": {"name": "Matrika Hospital", "type": "hospital", "address": "6-3-1100/2, Raj Bhavan Road, Somajiguda"}, "geometry": {"type": "Point", "coordinates": [78.46071, 17.42742]}}, {"type": "Feature", "properties": {"name": "Dr. Mohan's Diabetes Specialities Centre", "type": "hospital", "address": "Door No: 1-2-365/36/5 & 9, Rama Krishna Mutt Road, Opposite Indira Park, Domalguda"}, "geometry": {"type": "Point", "coordinates": [78.48297, 17.41111]}}, {"type": "Feature", "properties": {"name": "Seha Hospital", "type": "hospital", "address": "6-2-1, View Towers, Opp. Lane to Saifabad Police Station, Lakdikapool"}, "geometry": {"type": "Point", "coordinates": [78.46229, 17.40414]}}, {"type": "Feature", "properties": {"name": "Krishna Maternity And Nursing Home", "type": "hospital", "address": "11-1-15, Seethaphalmandi"}, "geometry": {"type": "Point", "coordinates": [78.51705, 17.4281]}}, {"type": "Feature", "properties": {"name": "Sri Srinivasa Nursing Home", "type": "hospital", "address": "1-13-1383, Road No. 1, Margadarsi Colony, R.K. Puram"}, "geometry": {"type": "Point", "coordinates": [78.54416, 17.36469]}}, {"type": "Feature", "properties": {"name": "Global Eye Hospital", "type": "hospital", "address": "Plot Number 197, Road Number 1, KPHB Colony, Kukatpally"}, "geometry": {"type": "Point", "coordinates": [78.40117, 17.49121]}}, {"type": "Feature", "properties": {"name": "People's Hospital", "type": "hospital", "address": "5-79, Mahatma Gandhi Statue, Patancheru"}, "geometry": {"type": "Point", "coordinates": [78.26506, 17.5317]}}, {"type": "Feature", "properties": {"name": "Kerala Sanjeevani Ayurvedic Centre", "type": "hospital", "address": "Plot Number 74, Sangeeth Nagar Colony, Redrose Lane, Opp Erramanzil Colony, Somajiguda"}, "geometry": {"type": "Point", "coordinates": [78.45777, 17.4174]}}, {"type": "Feature", "properties": {"name": "Rajagiri Hospitals", "type": "hospital", "address": "4-96/2, Street No. 8, Sneha Nagar Colony, Habsiguda"}, "geometry": {"type": "Point", "coordinates": [78.54347, 17.41079]}}, {"type": "Feature", "properties": {"name": "Aravind Nursing Home", "type": "hospital", "address": "H.No. 7-1-684 & 685/A, Market Street, Secunderabad"}, "geometry": {"type": "Point", "coordinates": [78.49619, 17.43645]}}, {"type": "Feature", "properties": {"name": "G.N.R. Multispeciality Hospital", "type": "hospital", "address": "Behind Satya Petrol Pump, Alwal"}, "geometry": {"type": "Point", "coordinates": [78.51293, 17.49926]}}, {"type": "Feature", "properties": {"name": "Ramana Maternity Nursing Home", "type": "hospital", "address": "2-2-1105/10/A, Tilak Nagar"}, "geometry": {"type": "Point", "coordinates": [78.50953, 17.39372]}}, {"type": "Feature", "properties": {"name": "Surakshaka Multi Speciality Hospital", "type": "hospital", "address": "MIG 218, KPHB Main Road, Kukatpally"}, "geometry": {"type": "Point", "coordinates": [78.4017, 17.49328]}}, {"type": "Feature", "properties": {"name": "Aries Maternity Hospital", "type": "hospital", "address": "10-2-524 & 531, Near Canara Bank, Upstair Mirza Street, M.C.H Colony, Asif Nagar"}, "geometry": {"type": "Point", "coordinates": [78.44552, 17.39268]}}, {"type": "Feature", "properties": {"name": "Ragani Children's Hospital", "type": "hospital", "address": "Opposite Adarsh Bank, Beside Sagar Hotel, Shapur Nagar Main Road"}, "geometry": {"type": "Point", "coordinates": [78.44701, 17.51418]}}, {"type": "Feature", "properties": {"name": "Sathya Kidney Centre and Super Speciality Hospital", "type": "hospital", "address": "3-6-426, Beside Ashish Residency, Tank Bund, Street Number 4, Devi Laxmi Bagh, Domalguda, Himayath Nagar"}, "geometry": {"type": "Point", "coordinates": [78.48212, 17.40478]}}, {"type": "Feature", "properties": {"name": "Chandana Hospitals", "type": "hospital", "address": "13A & B, Anand Nagar Colony, Near Chinna Thokatta Bridge, New Bowenpally"}, "geometry": {"type": "Point", "coordinates": [78.47859, 17.45931]}}, {"type": "Feature", "properties": {"name": "Pratibha Maternity Home", "type": "hospital", "address": "Plot No-136, S. P. Colony , Trimulgherry"}, "geometry": {"type": "Point", "coordinates": [78.50509, 17.47117]}}, {"type": "Feature", "properties": {"name": "Vivekananda Hospital", "type": "hospital", "address": "6-3-871/A, Greenlands Road, Behind Snehalata Complex, Begumpet"}, "geometry": {"type": "Point", "coordinates": [78.45535, 17.4312]}}, {"type": "Feature", "properties": {"name": "Ravi Hospital", "type": "hospital", "address": "LIG No. 564 & 565, Road No. 3, Behind RS Brothers, KPHB Colony, Kukatpally"}, "geometry": {"type": "Point", "coordinates": [78.40006, 17.49363]}}, {"type": "Feature", "properties": {"name": "Nightingale Hospital", "type": "hospital", "address": "H. No. 17-1-383/N S/3&4, Shantosh Nagar 'X' Roads, Opp. Amber Biscuit Factory, Nagarjuna Sagar Road"}, "geometry": {"type": "Point", "coordinates": [78.50945, 17.3512]}}, {"type": "Feature", "properties": {"name": "Eva Care The Every Woman's Clinic", "type": "hospital", "address": "2-681, 1st Floor, Vishal Vaibhav Complex, Road No. 12, Banjara Hills"}, "geometry": {"type": "Point", "coordinates": [78.44266, 17.40789]}}, {"type": "Feature", "properties": {"name": "Habsiguda Poly Clinic and Nursing Home", "type": "hospital", "address": "Kakatiya Nagar, Habsiguda"}, "geometry": {"type": "Point", "coordinates": [78.5412, 17.41731]}}, {"type": "Feature", "properties": {"name": "Unity Centre For Orthopaedics And Trauma", "type": "hospital", "address": "3-5-170/G S, Near Shanti Theatre, Narayanaguda"}, "geometry": {"type": "Point", "coordinates": [78.48899, 17.39622]}}, {"type": "Feature", "properties": {"name": "Merit Care Hospital", "type": "hospital", "address": "Plot No. 247, G.R.G. Plaza, Road No.4, K.P.H.B Phase-1"}, "geometry": {"type": "Point", "coordinates": [78.39837, 17.49372]}}, {"type": "Feature", "properties": {"name": "SECUNDERABAD NURSING HOME", "type": "hospital", "address": "10-2-256, West Maredpally"}, "geometry": {"type": "Point", "coordinates": [78.505, 17.44581]}}, {"type": "Feature", "properties": {"name": "Ramantapur Hospital", "type": "hospital", "address": "H.No. 3-10-4/B/1, Near St. Joseph's School, Lane Beside Bharat Petrol Pump, Gokhale Nagar, Ramantapur"}, "geometry": {"type": "Point", "coordinates": [78.53395, 17.39749]}}, {"type": "Feature", "properties": {"name": "Sai Sanjeevini Hospital", "type": "hospital", "address": "Plot No. V\u20137, NH 9, Narsimhapuri Colony, Kothapet, Saroornagar"}, "geometry": {"type": "Point", "coordinates": [78.54322, 17.36089]}}, {"type": "Feature", "properties": {"name": "Harsha Hospitals", "type": "hospital", "address": "Plot No. 141 & 144/1, Sapthagiri Colony, Ayyappa Swamy Temple Road, Near New Era School, Kukatpally"}, "geometry": {"type": "Point", "coordinates": [78.41538, 17.49531]}}, {"type": "Feature", "properties": {"name": "Sowmya Hospital", "type": "hospital", "address": "1-9-49/B/1, Near E-Seva, Musheerabad, Ramnagar"}, "geometry": {"type": "Point", "coordinates": [78.50843, 17.40973]}}, {"type": "Feature", "properties": {"name": "Meds Hospital", "type": "hospital", "address": "21-4-736, Gulab Singh Lane, Hussaini Alam, Near Purana Pul"}, "geometry": {"type": "Point", "coordinates": [78.46201, 17.3655]}}, {"type": "Feature", "properties": {"name": "Sarada Nursing Home", "type": "hospital", "address": "NH 65 , Madinaguda Bus Stop"}, "geometry": {"type": "Point", "coordinates": [78.34044, 17.49478]}}, {"type": "Feature", "properties": {"name": "Vasan Healthcare Private Limited, Secunderabad", "type": "hospital", "address": "Door No 8-1-5/7, Janak Plaza, Clock Tower, Secunderabad"}, "geometry": {"type": "Point", "coordinates": [78.49787, 17.44049]}}, {"type": "Feature", "properties": {"name": "Vatsalya Institute Of Pediatrics Hospital", "type": "hospital", "address": "2nd Floor, Bhaskara Hospital, Shivbagh Colony, Balkampet Road, Ameerpet"}, "geometry": {"type": "Point", "coordinates": [78.45032, 17.44059]}}, {"type": "Feature", "properties": {"name": "Sandeep Nursing Home", "type": "hospital", "address": "HIG - 57, Near Daffodils Public School, Behind Forum Sujana Mall, KPHB, Kukatpally"}, "geometry": {"type": "Point", "coordinates": [78.38818, 17.48482]}}, {"type": "Feature", "properties": {"name": "Maa Ent Institute", "type": "hospital", "address": "No. 6-3-1092/S1&S2, A Block, 2nd Floor, Shanthi Sikhara Complex, Somajiguda"}, "geometry": {"type": "Point", "coordinates": [78.45737, 17.42608]}}, {"type": "Feature", "properties": {"name": "Sanjeevani Children and General Hospital", "type": "hospital", "address": "Plot No. 29,30, Beside Lingam Gound Residency, MNR College"}, "geometry": {"type": "Point", "coordinates": [78.45419, 17.49606]}}, {"type": "Feature", "properties": {"name": "Hyderabad Eye Centre", "type": "hospital", "address": "3-6-217/1, Street Number 15, Near Vasavi Public School, Himayath Nagar"}, "geometry": {"type": "Point", "coordinates": [78.48439, 17.39956]}}, {"type": "Feature", "properties": {"name": "Santoshi Maternity Hospital", "type": "hospital", "address": "9-120, North Venkateswara Nagar, Sairam Theatre, Malkagiri"}, "geometry": {"type": "Point", "coordinates": [78.53603, 17.44662]}}, {"type": "Feature", "properties": {"name": "Vishnu Hospital", "type": "hospital", "address": "NH 9, Opposite Bharat Petrol Pump, Chandanagar"}, "geometry": {"type": "Point", "coordinates": [78.3209, 17.49546]}}, {"type": "Feature", "properties": {"name": "Sai Sharan Hospital", "type": "hospital", "address": "Plot No 92, Jahangir Nagar Colony, Chintalkunta Check Post, L B Nagar"}, "geometry": {"type": "Point", "coordinates": [78.55729, 17.33939]}}, {"type": "Feature", "properties": {"name": "Clear Vision Eye Hospital", "type": "hospital", "address": "3-6-272, NVK Towers, Near Old MLA Quarters, Opposite Telugu Academy, Himayathnagar"}, "geometry": {"type": "Point", "coordinates": [78.48492, 17.39863]}}, {"type": "Feature", "properties": {"name": "Sai Nursing Home", "type": "hospital", "address": "Near Saidabad Bus Stop, Saidabad Main Road"}, "geometry": {"type": "Point", "coordinates": [78.50473, 17.36019]}}, {"type": "Feature", "properties": {"name": "Neo Vision Eye Care and Laser Center", "type": "hospital", "address": "7-102/7, Sandhya Enclave, 1st Floor, Habsiguda"}, "geometry": {"type": "Point", "coordinates": [78.54409, 17.41711]}}, {"type": "Feature", "properties": {"name": "Stopiles", "type": "hospital", "address": "Plot No. 1110, Road No. 55, Opposite Peddamma Temple, Jubilee Hills"}, "geometry": {"type": "Point", "coordinates": [78.40619, 17.43011]}}, {"type": "Feature", "properties": {"name": "Centre For Sight - New Vision Laser Centers", "type": "hospital", "address": "9-29/40/2, Rajesh Villa, 1st Floor, Opposite Hyderabad Nursing Home"}, "geometry": {"type": "Point", "coordinates": [78.47591, 17.40665]}}, {"type": "Feature", "properties": {"name": "Life Spring Maternity Hospital", "type": "hospital", "address": "Plot No: 350/5&6, M S Manson, Jawhar Nagar Colony, Moula Ali"}, "geometry": {"type": "Point", "coordinates": [78.55767, 17.45946]}}, {"type": "Feature", "properties": {"name": "CGHS Dispensary No.V, Himayatnagar", "type": "clinic", "address": "Oilseeds Qtrs., Himayatnagar"}, "geometry": {"type": "Point", "coordinates": [78.47783, 17.40559]}}, {"type": "Feature", "properties": {"name": "Sri Rama Krishna Hospital", "type": "hospital", "address": "Nimboliadda, Chappal Bazar, Kachiguda Railway Station"}, "geometry": {"type": "Point", "coordinates": [78.49423, 17.38635]}}, {"type": "Feature", "properties": {"name": "Universal Superspeciality Dental Hospital", "type": "hospital", "address": "Sajini plaza, 1st floor, 37-90/2, defence colony, Neredmet 'X' Roads, secunderabad"}, "geometry": {"type": "Point", "coordinates": [78.53743, 17.48252]}}, {"type": "Feature", "properties": {"name": "Majestic Hospital", "type": "hospital", "address": "Bapu Nagar, Langar Houz"}, "geometry": {"type": "Point", "coordinates": [78.42102, 17.37998]}}, {"type": "Feature", "properties": {"name": "Aruna Hospital", "type": "hospital", "address": "Road No.4, Chandrapuri Colony, Opp. Vijaya Laxmi Theatre, L.B Nagar"}, "geometry": {"type": "Point", "coordinates": [78.55462, 17.34463]}}, {"type": "Feature", "properties": {"name": "Eswar Eye Hospital", "type": "hospital", "address": "MIG 311, KPHB Phase I, Kukatpally"}, "geometry": {"type": "Point", "coordinates": [78.39701, 17.49173]}}, {"type": "Feature", "properties": {"name": "Healthcare facility", "type": "hospital", "address": "MIG, B-10, Dr. A.S. Rao Nagar Road, ECIL Main Road"}, "geometry": {"type": "Point", "coordinates": [78.55584, 17.47823]}}, {"type": "Feature", "properties": {"name": "Dr.Shantabai Nursing Home", "type": "hospital", "address": "5-8-535, Beside Santosh Sapna Theatre, Abids Road"}, "geometry": {"type": "Point", "coordinates": [78.47571, 17.39137]}}, {"type": "Feature", "properties": {"name": "Apollo Spectra Hospitals", "type": "hospital", "address": "7-1-57/B&C, Shyam Karan Road, Anandbagh, Ameerpet"}, "geometry": {"type": "Point", "coordinates": [78.45247, 17.43764]}}, {"type": "Feature", "properties": {"name": "Manjary Multispeciality Hospital", "type": "hospital", "address": "Lalapet,Tarnaka"}, "geometry": {"type": "Point", "coordinates": [78.54299, 17.4349]}}, {"type": "Feature", "properties": {"name": "Taraporewalla Nursing Home", "type": "hospital", "address": "10-3-32/9/32, Near Tagore's Home Junior College, East Marredpally"}, "geometry": {"type": "Point", "coordinates": [78.51337, 17.44655]}}, {"type": "Feature", "properties": {"name": "Shenoy Nursing Home", "type": "hospital", "address": "10-3-4, Entrenchment Road, East Marredpally, Opp Playground, Secunderabad,"}, "geometry": {"type": "Point", "coordinates": [78.50892, 17.44781]}}, {"type": "Feature", "properties": {"name": "Kiran Swetha Children Clinic", "type": "hospital", "address": "Opposite State Bank Of India, Near Chandanagar Bus Stop, Chandanagar"}, "geometry": {"type": "Point", "coordinates": [78.32257, 17.49474]}}, {"type": "Feature", "properties": {"name": "Dr. Zaibunnisa's Imtiyaz Hospital", "type": "hospital", "address": "16-8-536, Beside Akbar Tower, Anjuman Road, New Malakpet"}, "geometry": {"type": "Point", "coordinates": [78.49589, 17.37378]}}, {"type": "Feature", "properties": {"name": "Alpha Super Speciality Hospital", "type": "hospital", "address": "23 \u2013 1 \u2013 863, Near MCH Swimming Pool, Moghalpura"}, "geometry": {"type": "Point", "coordinates": [78.47808, 17.35866]}}, {"type": "Feature", "properties": {"name": "Mythri Multi Speciality Hospital", "type": "hospital", "address": "Plot No: 5-4/12-16, Opposite Gandamma Temple, Chanda Nagar Main Road"}, "geometry": {"type": "Point", "coordinates": [78.31445, 17.49823]}}, {"type": "Feature", "properties": {"name": "L.V. Eye Care Centre", "type": "clinic", "address": "Vamsee Estates ,Opposite Big Bazar ,Ameerpet Main Road"}, "geometry": {"type": "Point", "coordinates": [78.45089, 17.42999]}}, {"type": "Feature", "properties": {"name": "Vasan Healthcare", "type": "hospital", "address": "No. 16-11-741/10/G/1, Moosarambagh, Saidabad Mandal, Dilsukh Nagar"}, "geometry": {"type": "Point", "coordinates": [78.51899, 17.36922]}}, {"type": "Feature", "properties": {"name": "BSR ENT & Eye Nursing Home", "type": "hospital", "address": "Plot Number 111, Karan Centre, S. D. Road, Landmark: Near Grand Solitaire Annex Hotel & Near Minerva Complex"}, "geometry": {"type": "Point", "coordinates": [78.49087, 17.44166]}}, {"type": "Feature", "properties": {"name": "Siris Hospital", "type": "hospital", "address": "8-12-65, Street No 8, Habsiguda"}, "geometry": {"type": "Point", "coordinates": [78.54411, 17.40976]}}, {"type": "Feature", "properties": {"name": "Srinivasa Hospital", "type": "hospital", "address": "250, Opp Kandiguda Church, Hastinapuri Colony, Sainikpuri"}, "geometry": {"type": "Point", "coordinates": [78.53989, 17.49383]}}, {"type": "Feature", "properties": {"name": "ASTER PRIME HOSPITALS (SRI SAINATHA MULTISPECIALITY HOSPITAL PVT.LTD.)", "type": "hospital", "address": "Plot No 4, Satyam Theatre Road, Beside Blue Fox Hotel, Mythrivanam, Ameerpet"}, "geometry": {"type": "Point", "coordinates": [78.44626, 17.43735]}}, {"type": "Feature", "properties": {"name": "Janani Hospital", "type": "hospital", "address": "3-12-58/2, Srinivasapuram Road, Ganesh Nagar, Ramanthapur, Opp T. V. Studio"}, "geometry": {"type": "Point", "coordinates": [78.5302, 17.39379]}}, {"type": "Feature", "properties": {"name": "Amrutha Diabetic Centre", "type": "hospital", "address": "Sapphire Block, Amrutha Hills, Punjagutta"}, "geometry": {"type": "Point", "coordinates": [78.45313, 17.42925]}}, {"type": "Feature", "properties": {"name": "Azam Hospital", "type": "hospital", "address": "21-4-189, Hussaini Alam"}, "geometry": {"type": "Point", "coordinates": [78.46264, 17.36487]}}, {"type": "Feature", "properties": {"name": "Oarchid Hospital", "type": "hospital", "address": "2-41/5, Prabhath Nagar Colony, Chaitanyapuri"}, "geometry": {"type": "Point", "coordinates": [78.53437, 17.36885]}}, {"type": "Feature", "properties": {"name": "Sri Venkateswara Multi Speciality Hospital", "type": "hospital", "address": "Near Karmanghat 'X' Road, Sagar Road"}, "geometry": {"type": "Point", "coordinates": [78.51679, 17.34465]}}, {"type": "Feature", "properties": {"name": "Sri Santosh Hospital", "type": "hospital", "address": "12-1-371/1, Lalapet, Secunderabad"}, "geometry": {"type": "Point", "coordinates": [78.5426, 17.43595]}}, {"type": "Feature", "properties": {"name": "Dr. Sreedhar's Kidney & Infertility Hospital", "type": "hospital", "address": "13-6-437/1L/1, Opp Nalanda Public School, Nanal Nagar 'X' Road, Khaderbagh, Mehdipatnam"}, "geometry": {"type": "Point", "coordinates": [78.42679, 17.39107]}}, {"type": "Feature", "properties": {"name": "G.M.C. Multi Speciality Dental Hospital", "type": "hospital", "address": "22-3-157/1, Kotla Alijah, Pathar Gatti, Yakutpura"}, "geometry": {"type": "Point", "coordinates": [78.48263, 17.36218]}}, {"type": "Feature", "properties": {"name": "Nikhil Hospital", "type": "hospital", "address": "Gaddi Annaram Cross Road, Dilsukh Nagar"}, "geometry": {"type": "Point", "coordinates": [78.5204, 17.36821]}}, {"type": "Feature", "properties": {"name": "Dr. Saxena Integrative Medicine Private Ltd.", "type": "hospital", "address": "1st floor Mor chambers, Above Mor Medicals, Basheerbagh"}, "geometry": {"type": "Point", "coordinates": [78.47658, 17.40528]}}, {"type": "Feature", "properties": {"name": "Prerana Hospital", "type": "hospital", "address": "Plot No. 61, KPHB Main Road, Balaji Nagar, Near Kukatpally Bus Stop"}, "geometry": {"type": "Point", "coordinates": [78.40967, 17.48489]}}, {"type": "Feature", "properties": {"name": "Shubhodaya Nursing Home", "type": "hospital", "address": "10-3-72, St. John's Road, Opp Keyes High School, Chilakalguda, Secunderabad"}, "geometry": {"type": "Point", "coordinates": [78.50497, 17.43811]}}, {"type": "Feature", "properties": {"name": "Shekars Ent Hospital", "type": "hospital", "address": "59-1-2A, 1st Floor , Beside Police Station, Karkhana"}, "geometry": {"type": "Point", "coordinates": [78.50064, 17.4621]}}, {"type": "Feature", "properties": {"name": "Shreyas Hospital", "type": "hospital", "address": "1-1-265/286, Srinivasa Nagar Colony, Dr A S Rao Nagar, Ecil, Kapra"}, "geometry": {"type": "Point", "coordinates": [78.56269, 17.4779]}}, {"type": "Feature", "properties": {"name": "Mythri Hospital", "type": "hospital", "address": "H.No.13-6-434C/148, Opp. Pillar No. 81, PVNR Exp Highway, Inner Ring Road, Maruthi Nagar, Mehdipatnam"}, "geometry": {"type": "Point", "coordinates": [78.42924, 17.38366]}}, {"type": "Feature", "properties": {"name": "Rukkus Dental Hospital & Implant Center", "type": "hospital", "address": "H.No: 3- 4- 759, Opp. HP Petrol Pump, Barkatpura 'X' Roads"}, "geometry": {"type": "Point", "coordinates": [78.49903, 17.3948]}}, {"type": "Feature", "properties": {"name": "Hyderabad Eye Hospital", "type": "hospital", "address": "H.No. 3-4-875/B, Near HP Petrol Pump, Barkatpura"}, "geometry": {"type": "Point", "coordinates": [78.49897, 17.39425]}}, {"type": "Feature", "properties": {"name": "Sai Anurag Hosptial", "type": "hospital", "address": "Opp.Swagath Hotel, Above RKS Electronics, Chandanagar"}, "geometry": {"type": "Point", "coordinates": [78.32682, 17.49467]}}, {"type": "Feature", "properties": {"name": "Bloom Hospitals - Unit of Janapareddy Hospitals.", "type": "hospital", "address": "26/A, Sikh Road, Sikh Village, Near Diamond Point, Secunderabad"}, "geometry": {"type": "Point", "coordinates": [78.49047, 17.4607]}}, {"type": "Feature", "properties": {"name": "Hedge Maternity and Nursing Home", "type": "hospital", "address": "#16-11-310/8/B, MOOSARAMBAGH, MALAKPET, HYDERABAD"}, "geometry": {"type": "Point", "coordinates": [78.51475, 17.37097]}}, {"type": "Feature", "properties": {"name": "St.Theresa's Hospitals", "type": "hospital", "address": "Opposite Erragadda Rythu Bazar, Sanath Nagar"}, "geometry": {"type": "Point", "coordinates": [78.43777, 17.4518]}}, {"type": "Feature", "properties": {"name": "Sunita Children's Hospital", "type": "hospital", "address": "Opposite Rose Garden, Sagar Road, Santosh Nagar"}, "geometry": {"type": "Point", "coordinates": [78.51213, 17.35024]}}, {"type": "Feature", "properties": {"name": "Dr. Akbar Eye Hospital", "type": "hospital", "address": "12-2-831/87, Sai Suchi Towers, Opposite Syndicate Bank, Mehdipatnam"}, "geometry": {"type": "Point", "coordinates": [78.44353, 17.39355]}}, {"type": "Feature", "properties": {"name": "Medi Vision Eye Care Centre", "type": "hospital", "address": "10-3-304/F/1 To 4, Indira Sadan, Near NMDC, Humayan Nagar Main Road, Masab Tank"}, "geometry": {"type": "Point", "coordinates": [78.44795, 17.39885]}}, {"type": "Feature", "properties": {"name": "Eashwar Clinic", "type": "clinic", "address": "H. No-18-458/A, Opp Mallikarjuna Nagar Bus Stop, Malkajgiri"}, "geometry": {"type": "Point", "coordinates": [78.52726, 17.4491]}}, {"type": "Feature", "properties": {"name": "Sunrich Hospital", "type": "hospital", "address": "8-3-167/A/7 & 8, Vikaspuri Colony, Near A.G.Colony, Road Opposite ESI Hospital, Erragadda"}, "geometry": {"type": "Point", "coordinates": [78.43172, 17.44906]}}, {"type": "Feature", "properties": {"name": "Induss Hospitals", "type": "hospital", "address": "Opposite Kothapet Fruit Market, Near Miraj Cinemas, Krishna Veni Nagar Colony, Kothapet, Sri Sai Shivani Complex, HUDA Complex, Saroornagar."}, "geometry": {"type": "Point", "coordinates": [78.53585, 17.36749]}}, {"type": "Feature", "properties": {"name": "J.J. Hospital", "type": "hospital", "address": "Plot Number 57, Kalyan Nagar Phase 1, Behind TB Hospital"}, "geometry": {"type": "Point", "coordinates": [78.43243, 17.44481]}}, {"type": "Feature", "properties": {"name": "Lifespring Hospital", "type": "hospital", "address": "Plot No-2, H No-2-12-149, Breg Syed Road,Bapuji Nagar Bowenpally, Cantonment"}, "geometry": {"type": "Point", "coordinates": [78.48328, 17.46607]}}, {"type": "Feature", "properties": {"name": "Ankura Children's Hospital", "type": "hospital", "address": "Beside ICICI Bank, Sainikpuri, A.S. Rao Nagar"}, "geometry": {"type": "Point", "coordinates": [78.5525, 17.48202]}}, {"type": "Feature", "properties": {"name": "SKM Multi Speciality Hospital", "type": "hospital", "address": "7-A, Panchasheela Enclave, near ICRISAT Colony Phase 2, Hashmathpet"}, "geometry": {"type": "Point", "coordinates": [78.485, 17.47139]}}, {"type": "Feature", "properties": {"name": "Ambaa Hospitals", "type": "hospital", "address": "9-1-29/23, Opposite To Alankar Cinema, Langar Houz"}, "geometry": {"type": "Point", "coordinates": [78.42031, 17.37635]}}, {"type": "Feature", "properties": {"name": "S.V.K. Hospital Private Ltd.", "type": "hospital", "address": "Plot No.78, 2nd Right, Gajularamaram Road, IDA, Shapurnagar, Jeedimetla"}, "geometry": {"type": "Point", "coordinates": [78.44658, 17.51192]}}, {"type": "Feature", "properties": {"name": "Mansoor Maternity And Childrens Hospital", "type": "hospital", "address": "10-2-317/1/A/9/B, Beside Hotel Riyan, Vijayanagar Colony"}, "geometry": {"type": "Point", "coordinates": [78.45682, 17.39351]}}, {"type": "Feature", "properties": {"name": "Xenia Multi Speciality Hospital", "type": "hospital", "address": "Plot Number 43, EC Extension, ECIL 'X' Roads"}, "geometry": {"type": "Point", "coordinates": [78.57136, 17.4727]}}, {"type": "Feature", "properties": {"name": "Avis Ankura Hospital for Women & Children", "type": "hospital", "address": "H.No. 8-2-686/B/1/A, Road No.12, Near Jaganedha Temple, Banjara Hills"}, "geometry": {"type": "Point", "coordinates": [78.4324, 17.41168]}}, {"type": "Feature", "properties": {"name": "Ammaji Childrens Hospital", "type": "hospital", "address": "Vijayapuri Colony, Uppal"}, "geometry": {"type": "Point", "coordinates": [78.56654, 17.40025]}}, {"type": "Feature", "properties": {"name": "Tulasi Hospitals", "type": "hospital", "address": "A-12, Electronic Complex, Beside SBI, Kushaiguda, ECIL 'X' Roads"}, "geometry": {"type": "Point", "coordinates": [78.57094, 17.47488]}}, {"type": "Feature", "properties": {"name": "Ashok Kumar Hospital", "type": "hospital", "address": "3-4-136/A, Street Number 6, Beside SBI, Barkatpura"}, "geometry": {"type": "Point", "coordinates": [78.49616, 17.39205]}}, {"type": "Feature", "properties": {"name": "Banjara 12 Hospital", "type": "hospital", "address": "Road Number 12, Banjara Hills"}, "geometry": {"type": "Point", "coordinates": [78.44962, 17.40755]}}, {"type": "Feature", "properties": {"name": "Anitha Nursing Home", "type": "hospital", "address": "4-122/A, Opposite Vijaya Bank, Chanda Nagar"}, "geometry": {"type": "Point", "coordinates": [78.32325, 17.49439]}}, {"type": "Feature", "properties": {"name": "Health Care Hospitals", "type": "hospital", "address": "3-2-394, Near LB Nagar Circle, Towards Sagar Ring Road, L B Nagar"}, "geometry": {"type": "Point", "coordinates": [78.54928, 17.34534]}}, {"type": "Feature", "properties": {"name": "Sri Krishna Swathi Children's Hospital", "type": "hospital", "address": "3-12-51, Ganesh Nagar, Opp. TV Studio, Ramanthapur"}, "geometry": {"type": "Point", "coordinates": [78.53049, 17.39461]}}, {"type": "Feature", "properties": {"name": "Manas Eye Hospital", "type": "hospital", "address": "Rajeev Nagar`X` Roads, Mothinagar"}, "geometry": {"type": "Point", "coordinates": [78.4244, 17.45148]}}, {"type": "Feature", "properties": {"name": "Pavithra Hospital", "type": "hospital", "address": "Plot No. 129/1, Viceroy Residency, Besides Ashok Gardens, Bapuji Nagar, Main Road, Bowenpalli"}, "geometry": {"type": "Point", "coordinates": [78.48199, 17.46758]}}, {"type": "Feature", "properties": {"name": "Rainbow Childrens Hospital", "type": "hospital", "emergency": "yes", "address": "Opposite Chermas, Hydernagar, Kukatpally"}, "geometry": {"type": "Point", "coordinates": [78.38415, 17.49979]}}, {"type": "Feature", "properties": {"name": "Shantilal Navodaya Multi Speciality Hospital", "type": "hospital", "address": "#3-2-312, Central Excise Colony, Shivam Road, Bagh Amberpet"}, "geometry": {"type": "Point", "coordinates": [78.51363, 17.39868]}}, {"type": "Feature", "properties": {"name": "Tilaknagar ABHAYA-BBC HOSPITAL", "type": "hospital", "address": "2-2-1108/1/A/2, Tilak Nagar"}, "geometry": {"type": "Point", "coordinates": [78.50993, 17.39413]}}, {"type": "Feature", "properties": {"name": "Sumana Hospital", "type": "hospital", "address": "Plot No. 688, Sumana Hospital Lane, Road Number 2, Vivekananda Nagar, Kukatpally"}, "geometry": {"type": "Point", "coordinates": [78.40934, 17.492]}}, {"type": "Feature", "properties": {"name": "Bhavika Nursing Home", "type": "hospital", "address": "7-1-212/5, Shiv Bagh, Balkampety Road, Ameerpet"}, "geometry": {"type": "Point", "coordinates": [78.44921, 17.44077]}}, {"type": "Feature", "properties": {"name": "Icon Hospital", "type": "hospital", "address": "540/1 and 2, JNTU Hitech City Road, VI - Phase, KPHB Colony"}, "geometry": {"type": "Point", "coordinates": [78.38993, 17.48532]}}, {"type": "Feature", "properties": {"name": "Sree Srinivasa ENT Care and Research Institute", "type": "hospital", "address": "6-3-663/7/5, Saibaba Temple Road, Dwarakapuri, Punjagutta"}, "geometry": {"type": "Point", "coordinates": [78.45105, 17.42515]}}, {"type": "Feature", "properties": {"name": "Kavya Nursing Home", "type": "hospital", "address": "2-22-254, Street No.3, A.S. Raju Nagar, Behind South India Shopping Mall, Kukatpally"}, "geometry": {"type": "Point", "coordinates": [78.40535, 17.49415]}}, {"type": "Feature", "properties": {"name": "Peoples Health Centre", "type": "hospital", "address": "Post Office Lane, Fathenagar"}, "geometry": {"type": "Point", "coordinates": [78.4523, 17.45758]}}, {"type": "Feature", "properties": {"name": "Shiva Sai Hospital", "type": "hospital", "address": "Uppal Main Road"}, "geometry": {"type": "Point", "coordinates": [78.56665, 17.40047]}}, {"type": "Feature", "properties": {"name": "Shilpa Nursing Home", "type": "hospital", "address": "Plot No. 12 & 13, Madhava Nagar, Behind Sai Ranga Theatre, Miyapur"}, "geometry": {"type": "Point", "coordinates": [78.36002, 17.49476]}}, {"type": "Feature", "properties": {"name": "Dr. P. Siva Reddy Eye Hospital", "type": "hospital", "address": "3-5-886, Opposite Blue Dart Courier Office, Near Old MLA Quarters, Himayat Nagar"}, "geometry": {"type": "Point", "coordinates": [78.48429, 17.39783]}}, {"type": "Feature", "properties": {"name": "KIMS BIBI Hospital", "type": "hospital", "address": "16-3-991/1/C, Government Printing Press Road, Malakpet"}, "geometry": {"type": "Point", "coordinates": [78.50054, 17.37026]}}, {"type": "Feature", "properties": {"name": "K.G.H The Family Hospital", "type": "hospital", "address": "16-11-16-45/B, Beside HDFC Bank, Saleemnagar Colony, Malakpet"}, "geometry": {"type": "Point", "coordinates": [78.50966, 17.37273]}}, {"type": "Feature", "properties": {"name": "Dr.Rao's ENT Super Speciality Hospital", "type": "hospital", "address": "Behind Durga Malleswara Swamy Temple, 1/2 RT, Housing Board Colony, Opposite Mosque, Panjagutta"}, "geometry": {"type": "Point", "coordinates": [78.45033, 17.43057]}}, {"type": "Feature", "properties": {"name": "Pushpa Maternity and Nursing Home", "type": "hospital", "address": "16-2-145/A/9, Judges Colony, Malakpet"}, "geometry": {"type": "Point", "coordinates": [78.50082, 17.37104]}}, {"type": "Feature", "properties": {"name": "Ramya Nursing Home", "type": "hospital", "address": "Plot No 8, Main Road, Old Bowenpally"}, "geometry": {"type": "Point", "coordinates": [78.48378, 17.47596]}}, {"type": "Feature", "properties": {"name": "Care Well Hospital", "type": "hospital", "address": "D/O 19-2-23/M/H/9, Makka Colony , Kalepathar, New Tadbun Road"}, "geometry": {"type": "Point", "coordinates": [78.45679, 17.34529]}}, {"type": "Feature", "properties": {"name": "Raksha Multi Speciality Hospital", "type": "hospital", "address": "Opp. Shabnam Petrol Bunk, Bharat Gas Lane,Jahangir Nagar, Chinthalkunta Check Post, LB Nagar"}, "geometry": {"type": "Point", "coordinates": [78.55759, 17.33982]}}, {"type": "Feature", "properties": {"name": "Neo Retina Eye Care", "type": "hospital", "address": "H.No. 5-9-83/B, Ramchander House, Chapel Road, Lane Opposite LB Stadium & Public Gardens, Nampally"}, "geometry": {"type": "Point", "coordinates": [78.47284, 17.39679]}}, {"type": "Feature", "properties": {"name": "Spark Eye Care Hospital", "type": "hospital", "address": "16-2-705/9/12/A-F, Beside Hanuman Temple, opp Reliance Trends, New Malakpet Ganj"}, "geometry": {"type": "Point", "coordinates": [78.50773, 17.37243]}}, {"type": "Feature", "properties": {"name": "Ganga Orthopaedic and Maternity Hospital", "type": "hospital", "address": "1-54, Lane Beside Food World, Chaitanyapuri"}, "geometry": {"type": "Point", "coordinates": [78.53588, 17.37195]}}, {"type": "Feature", "properties": {"name": "Varsha Hospital", "type": "hospital", "address": "Bhagyanagar Colony, Opposite K.P.H.B"}, "geometry": {"type": "Point", "coordinates": [78.40166, 17.49482]}}, {"type": "Feature", "properties": {"name": "Vasan Eye Care", "type": "hospital", "address": "D.No.1-1-256/7, Srinivas Nagar Colony, Kapra Circle, Kesara Mandal, A.S.Rao Nagar"}, "geometry": {"type": "Point", "coordinates": [78.56302, 17.47767]}}, {"type": "Feature", "properties": {"name": "Sagar Hospital", "type": "hospital", "address": "HIG - 547, 6th Phase, KPHB Colony, Opposite Malaysian Township"}, "geometry": {"type": "Point", "coordinates": [78.38902, 17.48588]}}, {"type": "Feature", "properties": {"name": "Midas ENT Head and Neck Super Speciality Hospital", "type": "hospital", "address": "H.No. 16-2-741 / 2, A.B. Colony, Asmangadh, Malakpet"}, "geometry": {"type": "Point", "coordinates": [78.51687, 17.3689]}}, {"type": "Feature", "properties": {"name": "Lions Patny Hospital", "type": "hospital", "address": "Street No:4, Road No:7, New Muncipal Park, West Maredpally"}, "geometry": {"type": "Point", "coordinates": [78.50348, 17.45035]}}, {"type": "Feature", "properties": {"name": "Seethal Nursing Home", "type": "hospital", "address": "Jubilee Hills Road, Krishna Nagar"}, "geometry": {"type": "Point", "coordinates": [78.42711, 17.42993]}}, {"type": "Feature", "properties": {"name": "Dharani Hospital", "type": "hospital", "address": "12-2-417/46/8/G1, Hari Hara Teja Apartments, Shiv Bagh, Near Gudimalkapur 'X' Roads"}, "geometry": {"type": "Point", "coordinates": [78.43673, 17.38379]}}, {"type": "Feature", "properties": {"name": "Desai Nursing Home", "type": "hospital", "address": "3-6-274, Near Telugu Academy, Opp. China Shop, MLA Quarters, Himayat Nagar"}, "geometry": {"type": "Point", "coordinates": [78.48437, 17.39822]}}, {"type": "Feature", "properties": {"name": "Prashamsha Hospital", "type": "hospital", "address": "1-10-11/6, New Police Station Bus Stop, Temple Alwal, Alwal"}, "geometry": {"type": "Point", "coordinates": [78.50957, 17.50325]}}, {"type": "Feature", "properties": {"name": "Healthcare facility", "type": "doctors"}, "geometry": {"type": "Point", "coordinates": [78.48972, 17.41555]}}, {"type": "Feature", "properties": {"name": "NEO BBC Childrens Hospital", "type": "hospital", "emergency": "yes", "address": "S.K.Mall, Opposite Durga Bhai Deshmukh Hospital, Above Bata Showroom, Vidyanagar, O.U. Road"}, "geometry": {"type": "Point", "coordinates": [78.51006, 17.40305]}}, {"type": "Feature", "properties": {"name": "Soumya Multispeciality Hospital", "type": "hospital", "address": "H.No.3-7-218 & 219, Behind Satyam Computer, ( Dc Greens )Kharkhana, Rangapaddy"}, "geometry": {"type": "Point", "coordinates": [78.50078, 17.45913]}}, {"type": "Feature", "properties": {"name": "Sri Gayatri Hospital", "type": "hospital", "address": "Opposite Anand Jyothi Hogh School, Srinivasapuram"}, "geometry": {"type": "Point", "coordinates": [78.5314, 17.39009]}}, {"type": "Feature", "properties": {"name": "FMS Dental Hospital", "type": "hospital", "address": "H. No. 5-1-680/1/1, Ayanger Plaza, Adj. Central Bank of India, Above HDFC Bank Bank Street, Koti"}, "geometry": {"type": "Point", "coordinates": [78.48019, 17.38553]}}, {"type": "Feature", "properties": {"name": "Suraksha Childrens Hospital", "type": "hospital", "address": "12-13-64, Beside Tarnaka Flyover, Tarnaka"}, "geometry": {"type": "Point", "coordinates": [78.53243, 17.42613]}}, {"type": "Feature", "properties": {"name": "Prema Eye Care Centre", "type": "hospital", "address": "205, Bhanu Enclave, Near City Union Bank, Dr. A. S. Rao Nagar"}, "geometry": {"type": "Point", "coordinates": [78.55413, 17.48113]}}, {"type": "Feature", "properties": {"name": "J S Mahaveer Hospital", "type": "hospital", "address": "1-14-158/1, Opp Pearl Palace, Beside Idgah, Balamrai, Near Paradise"}, "geometry": {"type": "Point", "coordinates": [78.48491, 17.44865]}}, {"type": "Feature", "properties": {"name": "Aswini Diabetic Centre & Multi-Speciality Clinics", "type": "clinic", "address": "S2 & G14, Pragathi Enclave, Bhagyanagar, Kukatpally"}, "geometry": {"type": "Point", "coordinates": [78.40275, 17.49521]}}, {"type": "Feature", "properties": {"name": "The Dental Venue Multi Speciality Hospital (unit of Dr.Gowd\u2019s)", "type": "hospital", "address": "F-14, First Floor, Deepthi Apartments, Beside St.Ann's High School, S.P.Road"}, "geometry": {"type": "Point", "coordinates": [78.50432, 17.44228]}}, {"type": "Feature", "properties": {"name": "Padmaavathi Netralaya", "type": "hospital", "address": "MIG -200, Road Number1, KPHB Colony, Kukatpally"}, "geometry": {"type": "Point", "coordinates": [78.40131, 17.49151]}}, {"type": "Feature", "properties": {"name": "Mahesh Hospital And Research Foundation", "type": "hospital", "address": "3-6-756, Street No. 13, Himayatnagar"}, "geometry": {"type": "Point", "coordinates": [78.4915, 17.40047]}}, {"type": "Feature", "properties": {"name": "Deccan College Of Medical Sciences", "type": "hospital", "address": "P.O. Kanchanbagh, DMRL \u2018X\u2019 Road , Santhosh Nagar"}, "geometry": {"type": "Point", "coordinates": [78.50723, 17.34034]}}, {"type": "Feature", "properties": {"name": "CDR Hospitals", "type": "hospital", "address": "3-6-287, Old MLA Quarters, Hyderguda"}, "geometry": {"type": "Point", "coordinates": [78.48315, 17.39914]}}, {"type": "Feature", "properties": {"name": "Moosi Maternity and Genernal Hospital", "type": "hospital", "address": "16-10-49, Nalgonda 'X' Road, New Malakpet"}, "geometry": {"type": "Point", "coordinates": [78.49716, 17.37589]}}, {"type": "Feature", "properties": {"name": "Hyma Children's Hospital", "type": "hospital", "address": "Road No. 5, Ramakrishnapuram, Kothapet"}, "geometry": {"type": "Point", "coordinates": [78.55087, 17.36763]}}, {"type": "Feature", "properties": {"name": "Shree Hospital", "type": "hospital", "address": "8-3-978/1, Shree Nursing Home, Srinagar Colony"}, "geometry": {"type": "Point", "coordinates": [78.4389, 17.4306]}}, {"type": "Feature", "properties": {"name": "Sai Jyothi Eye Institute", "type": "hospital", "address": "Plot No 185, Road No 1, Near Kennedy School, West Marredpally"}, "geometry": {"type": "Point", "coordinates": [78.50272, 17.44669]}}, {"type": "Feature", "properties": {"name": "Little Star Children's Hospital (A Unit Of Thirumala Child Health Services Pvt. Ltd)", "type": "hospital", "address": "Plot No. 30, Nagarjuna Hills, Punjagutta"}, "geometry": {"type": "Point", "coordinates": [78.45035, 17.42704]}}, {"type": "Feature", "properties": {"name": "Sri Krishna Prabha Homoeo Clinic", "type": "clinic", "address": "Quthubullapur Main Road"}, "geometry": {"type": "Point", "coordinates": [78.47556, 17.49952]}}, {"type": "Feature", "properties": {"name": "Basant Sahney Hospitals", "type": "hospital", "address": "Beside Lions Club Hospital, West Marredpally,Secunderabad"}, "geometry": {"type": "Point", "coordinates": [78.50324, 17.45055]}}, {"type": "Feature", "properties": {"name": "RR Hospital", "type": "hospital", "address": "C - 4,5, Ganga Enclave, Opp Excellancy Garden, Petbasheerabad, Medchal Road, Rangareddy"}, "geometry": {"type": "Point", "coordinates": [78.48312, 17.52184]}}, {"type": "Feature", "properties": {"name": "Krishna Sai Multispeciality Hospital", "type": "hospital", "address": "Plot No. 63, Opp. Andhra Bank, Near Megha Function Hall, Karmanghat"}, "geometry": {"type": "Point", "coordinates": [78.52889, 17.34508]}}, {"type": "Feature", "properties": {"name": "Lazarus Hospitals", "type": "hospital", "address": "Red Hills"}, "geometry": {"type": "Point", "coordinates": [78.46303, 17.39953]}}, {"type": "Feature", "properties": {"name": "Sowmya Hospital", "type": "hospital", "address": "House No.: 8-3-168/P/1, ESI Cross Roads, S.R. Nagar"}, "geometry": {"type": "Point", "coordinates": [78.43782, 17.44734]}}, {"type": "Feature", "properties": {"name": "Pulse Hospital", "type": "hospital", "address": "Jeedimetla Main Road, Near Gautami Techno School"}, "geometry": {"type": "Point", "coordinates": [78.4482, 17.49009]}}, {"type": "Feature", "properties": {"name": "Gupta Hospital", "type": "hospital", "address": "21-1-410, Opposite Agarwal Girls High School, Rikabgunj"}, "geometry": {"type": "Point", "coordinates": [78.47313, 17.36626]}}, {"type": "Feature", "properties": {"name": "Maruthi Hospital", "type": "hospital", "address": "9-9-100, Reddy Colony, Champapet"}, "geometry": {"type": "Point", "coordinates": [78.51518, 17.34973]}}, {"type": "Feature", "properties": {"name": "Himabindu Multi Speciality Hospital", "type": "hospital", "address": "17-1-383/S/1, Vinay Nagar, Sagar Road, Santoshnagar"}, "geometry": {"type": "Point", "coordinates": [78.50929, 17.35127]}}, {"type": "Feature", "properties": {"name": "Tadla Eye Hospital", "type": "hospital", "address": "22-163/2, Adjacent to Global Enclave, Bhagyanagar Colony, Kukatpally"}, "geometry": {"type": "Point", "coordinates": [78.40551, 17.49618]}}, {"type": "Feature", "properties": {"name": "Kailash Diagnostic and Rehabilitation Center", "type": "hospital", "address": "Twin City Market, 5-4-183 To 199, Moazamjahi Market"}, "geometry": {"type": "Point", "coordinates": [78.47522, 17.38548]}}, {"type": "Feature", "properties": {"name": "Lions Dundoo Eye Institute", "type": "hospital", "address": "10-1-254, Near Check Post, West Marredpally"}, "geometry": {"type": "Point", "coordinates": [78.50622, 17.45048]}}, {"type": "Feature", "properties": {"name": "Image Hospital", "type": "hospital", "address": "8-3-903/F/12&13, Image House, Behind Chermas, Ameerpet"}, "geometry": {"type": "Point", "coordinates": [78.44668, 17.43147]}}, {"type": "Feature", "properties": {"name": "Lakshmi Maternity and Nursing Home", "type": "hospital", "address": "No. 3-6-191/1/82, Urdu Hall Lane, Hyderguda, Himayath Nagar"}, "geometry": {"type": "Point", "coordinates": [78.484, 17.40022]}}, {"type": "Feature", "properties": {"name": "Disneys Medi-Kid Hospitals Pvt. Ltd", "type": "hospital", "address": "Durga Nagar Colony, Opp Gold Spot, Ameerpet"}, "geometry": {"type": "Point", "coordinates": [78.44907, 17.43221]}}, {"type": "Feature", "properties": {"name": "Akshaya Care Multi Speciality Hospital", "type": "hospital", "address": "Near Raghav Garden, Padmarao Nagar, Secunderabad"}, "geometry": {"type": "Point", "coordinates": [78.51183, 17.41744]}}, {"type": "Feature", "properties": {"name": "Dr.Padmaja Fertility Centre and Nursing Home", "type": "hospital", "address": "Street No. 7, Near TVS Show Room and Habsiguda Metro station, Habsiguda"}, "geometry": {"type": "Point", "coordinates": [78.54525, 17.41501]}}, {"type": "Feature", "properties": {"name": "VSM Day Eye Care Clinic", "type": "clinic", "address": "Krishna Nagar Colony, Prenderghast Road"}, "geometry": {"type": "Point", "coordinates": [78.48259, 17.44037]}}, {"type": "Feature", "properties": {"name": "CGHS Dispensary No.X,Ameerpet", "type": "clinic", "address": "AGS Staff Qtrs.Yousufguda"}, "geometry": {"type": "Point", "coordinates": [78.43063, 17.44982]}}, {"type": "Feature", "properties": {"name": "CGHS Dispensary No.XIII, Tarnaka", "type": "clinic", "address": "St.No.5, Tarnaka"}, "geometry": {"type": "Point", "coordinates": [78.53223, 17.42669]}}, {"type": "Feature", "properties": {"name": "Focus Hospital", "type": "hospital", "address": "17-1-382/B/3&4, Bhanu Nagar, Opposite Indo American School, Champapet Road"}, "geometry": {"type": "Point", "coordinates": [78.51959, 17.34732]}}, {"type": "Feature", "properties": {"name": "Geeta Multispeciality Hospital", "type": "hospital", "address": "1-7-90, Chaitanyapuri"}, "geometry": {"type": "Point", "coordinates": [78.53203, 17.37016]}}, {"type": "Feature", "properties": {"name": "Lakshmi Health Care Hospital", "type": "hospital", "address": "C-84, Near SBI, Vanasthalipuram"}, "geometry": {"type": "Point", "coordinates": [78.57327, 17.33208]}}, {"type": "Feature", "properties": {"name": "Sri Sai Balaji Hospital", "type": "hospital", "address": "Plot No. 60-61, Rock Town Colony, L.B Nagar"}, "geometry": {"type": "Point", "coordinates": [78.56206, 17.36171]}}, {"type": "Feature", "properties": {"name": "Bapuji Maternity and Nursing Home", "type": "hospital", "address": "Plot No. 7-44, Bapuji Nagar, Nacharam"}, "geometry": {"type": "Point", "coordinates": [78.54698, 17.42276]}}, {"type": "Feature", "properties": {"name": "Abinav Orthopedic Hospital", "type": "hospital", "address": "Near Ganesh Function Hall, Beside Rajadhani Theatre Lane, Vikas Nagar"}, "geometry": {"type": "Point", "coordinates": [78.52786, 17.37004]}}, {"type": "Feature", "properties": {"name": "Ganga Nursing Home", "type": "hospital", "address": "20-3-732, Tagari Naka, Charminar"}, "geometry": {"type": "Point", "coordinates": [78.46856, 17.36233]}}, {"type": "Feature", "properties": {"name": "Sujatha Nursing Home", "type": "hospital", "address": "Plot No.95, G-13, Pragathi Encalve, Bhagyangar Colony, Opposite KPHB Colony"}, "geometry": {"type": "Point", "coordinates": [78.40248, 17.49513]}}, {"type": "Feature", "properties": {"name": "Suguna Sree Nursing Home", "type": "hospital", "address": "Opp Suraram Bus Stand, Suraram 'X' Road, Jeedimetla"}, "geometry": {"type": "Point", "coordinates": [78.43355, 17.54209]}}, {"type": "Feature", "properties": {"name": "SVS Hospitals", "type": "hospital", "address": "Old Manjeera Hotel, Chappal Bazaar, Kachiguda"}, "geometry": {"type": "Point", "coordinates": [78.49281, 17.38912]}}, {"type": "Feature", "properties": {"name": "Vishwa Medi Care and Diagnostic Centre", "type": "hospital", "address": "4-7-983, Behind Hotel Haridwar, Esamiah Bazar, Koti"}, "geometry": {"type": "Point", "coordinates": [78.48975, 17.38369]}}, {"type": "Feature", "properties": {"name": "Dhanunjaya Nursing Home", "type": "hospital", "address": "3-5-85, Road No. 4, Krishna Nagar Colony, NFC Main Road, H B Colony, Moula Ali"}, "geometry": {"type": "Point", "coordinates": [78.56857, 17.45248]}}, {"type": "Feature", "properties": {"name": "Live Life Hospital", "type": "hospital", "address": "Plot No. 729, Road 36, Jubilee Hills"}, "geometry": {"type": "Point", "coordinates": [78.3995, 17.4383]}}, {"type": "Feature", "properties": {"name": "Healing Touch Hospital", "type": "hospital", "address": "#10-2-350/1/4, Ohad Residency, Flat No - G1, Indira Nagar, Asif Nagar"}, "geometry": {"type": "Point", "coordinates": [78.45148, 17.39033]}}, {"type": "Feature", "properties": {"name": "Jain Multi Speciality Hospital", "type": "hospital", "address": "Near Sai Baba Temple, Bapuji Nagar Colony, Yapral"}, "geometry": {"type": "Point", "coordinates": [78.54056, 17.5019]}}, {"type": "Feature", "properties": {"name": "Maxivision Eye Hospital", "type": "hospital", "address": "1-11-252/1A-1D, Alladin Mansion, Near Shoppers Stop, Street Number 3, Begumpet"}, "geometry": {"type": "Point", "coordinates": [78.46636, 17.44585]}}, {"type": "Feature", "properties": {"name": "Chandamama Hospital", "type": "hospital", "address": "Near St. Peter's School, Raghavendra Nagar, Nacharam"}, "geometry": {"type": "Point", "coordinates": [78.55177, 17.42737]}}, {"type": "Feature", "properties": {"name": "Avis Hospitals", "type": "hospital", "address": "Plot No. 99, Road No. 1, Near Chiranjeevi Blood Bank, Jubilee Hills Check Post"}, "geometry": {"type": "Point", "coordinates": [78.41783, 17.42939]}}, {"type": "Feature", "properties": {"name": "Jaya Hospital", "type": "hospital", "address": "Near B.N. Reddy Nagar Bus Stand"}, "geometry": {"type": "Point", "coordinates": [78.56133, 17.32086]}}, {"type": "Feature", "properties": {"name": "Bhagyalatha Hospital", "type": "hospital", "address": "Shivalayam Temple Road, Vanasthalipuram, Hayathnagar"}, "geometry": {"type": "Point", "coordinates": [78.58826, 17.33125]}}, {"type": "Feature", "properties": {"name": "Anusha Maternity and Nursing Home", "type": "hospital", "address": "Plot No.22, Kamla Nagar, Behind Sampoorna Theatre, Vanasthalipuram"}, "geometry": {"type": "Point", "coordinates": [78.57806, 17.33098]}}, {"type": "Feature", "properties": {"name": "Lakshmi Children's Hospital", "type": "hospital", "address": "Pochamma Temple Lane, Near Chaitanyapuri Bridge, Dilsukhnagar"}, "geometry": {"type": "Point", "coordinates": [78.53024, 17.36961]}}, {"type": "Feature", "properties": {"name": "G.B.R. Hospital", "type": "hospital", "address": "Beside Fruit Market Road, Prabath Nagar, Chaitanyapuri, Dilsukhnagar"}, "geometry": {"type": "Point", "coordinates": [78.53468, 17.36927]}}, {"type": "Feature", "properties": {"name": "Sri Mahalaxmi Eye Hospital", "type": "hospital", "address": "H.No: 5-5-148/1, Plot No:3, Vanasthali Hills, Near Panama Godowns, Vanasthalipuram,Opposite Narayana Junior College"}, "geometry": {"type": "Point", "coordinates": [78.56995, 17.33691]}}, {"type": "Feature", "properties": {"name": "Chaithanya Multi Speciality Hospital", "type": "hospital", "address": "Plot No. 357 & 358, Prashanth Nagar,Vanasthalipuram"}, "geometry": {"type": "Point", "coordinates": [78.56929, 17.3363]}}, {"type": "Feature", "properties": {"name": "Sri Pallavi Hospital", "type": "hospital", "address": "Near Ashok Nagar Bus Stop, Ramachandra Puram"}, "geometry": {"type": "Point", "coordinates": [78.30887, 17.50461]}}, {"type": "Feature", "properties": {"name": "Sri Rohini Hospital", "type": "hospital", "address": "No: 9-6-1/2, Champapet, Sagar Road"}, "geometry": {"type": "Point", "coordinates": [78.5129, 17.34951]}}, {"type": "Feature", "properties": {"name": "Manju Sudha Multispeciality Hospital", "type": "hospital", "address": "H.No: 4-20/A, Near E Seva Lane, Vikas Nagar, Dilsukhnagar"}, "geometry": {"type": "Point", "coordinates": [78.52924, 17.3696]}}, {"type": "Feature", "properties": {"name": "Sai Venkateshwara Hospital", "type": "hospital", "address": "D.No. 10-1-80/1/2, Nagarjuna Sagar Main Road, Karmanghat"}, "geometry": {"type": "Point", "coordinates": [78.52984, 17.34444]}}, {"type": "Feature", "properties": {"name": "TKR's IKON Hospital", "type": "hospital", "address": "#16-11-741/C/1/15, Near Reliance Fresh, Dilsukhnagar"}, "geometry": {"type": "Point", "coordinates": [78.52093, 17.36938]}}, {"type": "Feature", "properties": {"name": "Sri JRD Hospital", "type": "hospital", "address": "Lane Opposite Fruit Market, Dilsukhnagar"}, "geometry": {"type": "Point", "coordinates": [78.53537, 17.36655]}}, {"type": "Feature", "properties": {"name": "Sidhartha Nursing Home", "type": "hospital", "address": "23-15, Vinayaknagar, Ramachandrapuram"}, "geometry": {"type": "Point", "coordinates": [78.31299, 17.5022]}}, {"type": "Feature", "properties": {"name": "Raghava Hospital", "type": "hospital", "address": "2-45/1, Behind HP Petrol Bunk, Chaitanyapuri, Dilsukhnagar"}, "geometry": {"type": "Point", "coordinates": [78.53401, 17.37164]}}, {"type": "Feature", "properties": {"name": "Harsha Neuro and General Hospital", "type": "hospital", "address": "Beside R.S Brothers, Dilshuknagar"}, "geometry": {"type": "Point", "coordinates": [78.52674, 17.36817]}}, {"type": "Feature", "properties": {"name": "Padmaja Hospital", "type": "hospital", "address": "17-1- 386/1/18, Kesava Nagar Colony, Champapet"}, "geometry": {"type": "Point", "coordinates": [78.52136, 17.3471]}}, {"type": "Feature", "properties": {"name": "Anurag Orthopedic and Multispecial Hospital", "type": "hospital", "address": "2-127, Badam Complex, Beside Lakshmi Childrens Hospital"}, "geometry": {"type": "Point", "coordinates": [78.52999, 17.36892]}}, {"type": "Feature", "properties": {"name": "Rajya Lakshmi Hospital", "type": "hospital", "address": "Near Sushma Centre Bus Stop, Vanasthalipuram"}, "geometry": {"type": "Point", "coordinates": [78.57476, 17.33586]}}, {"type": "Feature", "properties": {"name": "Sigma Hospitals", "type": "hospital", "address": "16-11-740/3/14, P.No. 32, Near Narayana Junior College, Gaddi Annaram 'X' Roads, Dilsukhnagar"}, "geometry": {"type": "Point", "coordinates": [78.52062, 17.36803]}}, {"type": "Feature", "properties": {"name": "Sri Ramadevi Orthopaedic Hospital", "type": "hospital", "address": "Plot No. C - 708, Opposite E-Seva, Beside, Red Water Tank, Vanasthalipuram"}, "geometry": {"type": "Point", "coordinates": [78.56852, 17.32861]}}, {"type": "Feature", "properties": {"name": "Goodlife Hospitals", "type": "hospital", "address": "D.No. 1-7-309, Hanuman Nagar, Opp Jagini's Foodland, Chaitanyapuri 'X' Roads, Dilsukhnagar"}, "geometry": {"type": "Point", "coordinates": [78.53142, 17.36944]}}, {"type": "Feature", "properties": {"name": "Aashritha Hospital", "type": "hospital", "address": "M.V. Rama Rao Complex, Opposite Sai Towers, Mallapur Main Road"}, "geometry": {"type": "Point", "coordinates": [78.56785, 17.4455]}}, {"type": "Feature", "properties": {"name": "American Oncology Institute", "type": "hospital", "emergency": "yes", "address": "1-100/1/CCH, Near Aparna Sarovar, Nallagandla, Serilingampally"}, "geometry": {"type": "Point", "coordinates": [78.31091, 17.4707]}}, {"type": "Feature", "properties": {"name": "Citizens Specialty Hospital", "type": "hospital", "emergency": "yes", "address": "Near Aparna Sarovar, Nallagandla, Serilingampally"}, "geometry": {"type": "Point", "coordinates": [78.31131, 17.47077]}}, {"type": "Feature", "properties": {"name": "Maruthi Hospital", "type": "hospital", "address": "24-60/1, Road No.1, Kakathiya Nagar, BHEL, Ashok Nagar, R.C. Puram"}, "geometry": {"type": "Point", "coordinates": [78.30721, 17.5057]}}, {"type": "Feature", "properties": {"name": "Usha Mohan Hospital", "type": "hospital", "address": "3-4-181/1, Hyderguda, Attapur"}, "geometry": {"type": "Point", "coordinates": [78.42757, 17.36424]}}, {"type": "Feature", "properties": {"name": "Sri Sai Orthopaedic and Multi Speciality Hospital", "type": "hospital", "address": "9-2-11/1, Champapet 'X' Roads, Sagar Road"}, "geometry": {"type": "Point", "coordinates": [78.52263, 17.33896]}}, {"type": "Feature", "properties": {"name": "Swapna Hospital Private Limited", "type": "hospital", "address": "1-7-97, Khazana Jewellers Lane, Chaitanyapuri, Dilsukhnagar"}, "geometry": {"type": "Point", "coordinates": [78.53198, 17.36971]}}, {"type": "Feature", "properties": {"name": "Ankura Kodali Hospital", "type": "hospital", "address": "Adarsh Nagar, Opp. IDPL Colony, Balanagar"}, "geometry": {"type": "Point", "coordinates": [78.44873, 17.48406]}}, {"type": "Feature", "properties": {"name": "Paramitha Children's Hospital", "type": "hospital", "address": "Beside Karachi Bakery, Green Hills Colony, Kothapet Main Road"}, "geometry": {"type": "Point", "coordinates": [78.54488, 17.35973]}}, {"type": "Feature", "properties": {"name": "Padmavathi Hospital", "type": "hospital", "address": "H No:10-1-80, V R R Complex, Kharmanghat"}, "geometry": {"type": "Point", "coordinates": [78.52966, 17.34451]}}, {"type": "Feature", "properties": {"name": "Sai Nikith Speciality Hospital And Laproscopic Centre", "type": "hospital", "address": "1-5-22/3, Maruthi Nagar Bus Stop, Kothapet"}, "geometry": {"type": "Point", "coordinates": [78.54099, 17.37406]}}, {"type": "Feature", "properties": {"name": "Jeevan Sai Hospitals", "type": "hospital", "address": "Plot no. 25 & 26, Ganesh Temple - SBI Complex Road, Opposite HUDA Open Auditorium, Vanasthalipuram"}, "geometry": {"type": "Point", "coordinates": [78.57218, 17.33149]}}, {"type": "Feature", "properties": {"name": "MaxCare Multi Speciality Hospital", "type": "hospital", "address": "GMR Complex, Market Road, Gowtham Nagar, Patancheru"}, "geometry": {"type": "Point", "coordinates": [78.26127, 17.53116]}}, {"type": "Feature", "properties": {"name": "Sunrise Hospitals", "type": "hospital", "address": "H No: 4-9-321, Plot No 4 & 7, Hayath Nagar"}, "geometry": {"type": "Point", "coordinates": [78.60172, 17.32792]}}, {"type": "Feature", "properties": {"name": "Rajitha Hospital", "type": "hospital", "address": "Opp. Jayabheri Enclave, Anjaiah Nagar, Near Botanical Garden, Gachibowli"}, "geometry": {"type": "Point", "coordinates": [78.36403, 17.4507]}}, {"type": "Feature", "properties": {"name": "Sai Ganesh Multi Speciality Hospital", "type": "hospital", "address": "NH 9,Opposite Police Station, Patancheru"}, "geometry": {"type": "Point", "coordinates": [78.26467, 17.529]}}, {"type": "Feature", "properties": {"name": "Urban Primary Health Centre", "type": "clinic", "address": "6-3-656/5/A, Khairatabad, Near Dr. Reddys Foundations, near Civil supply bhavan"}, "geometry": {"type": "Point", "coordinates": [78.4576, 17.42045]}}, {"type": "Feature", "properties": {"name": "Urban Primary Health Centre, E.S.I", "type": "clinic", "address": "ESI Hospital"}, "geometry": {"type": "Point", "coordinates": [78.44041, 17.44817]}}, {"type": "Feature", "properties": {"name": "The Doctors Multi Speciality Hospital", "type": "hospital", "address": "4-85/1, Lane Beside Rajadhani Theatre, Dilsukhnagar"}, "geometry": {"type": "Point", "coordinates": [78.5275, 17.37077]}}, {"type": "Feature", "properties": {"name": "Sri Sairam Infertility Centre", "type": "clinic", "address": "Near Dilsukhnagar Bus Depot,Dilsukhnagar"}, "geometry": {"type": "Point", "coordinates": [78.52565, 17.36743]}}, {"type": "Feature", "properties": {"name": "Medi Sight Eye Care centre", "type": "hospital", "address": "17-1-462/3, Shankeswara Bazar, Saroornagar"}, "geometry": {"type": "Point", "coordinates": [78.52374, 17.3588]}}, {"type": "Feature", "properties": {"name": "Urban Primary Health Centre Serilingampally (Urban)", "type": "clinic", "address": "Opp Adhra Bank"}, "geometry": {"type": "Point", "coordinates": [78.32081, 17.47952]}}, {"type": "Feature", "properties": {"name": "Primary Health Centre RC Puram", "type": "clinic", "address": "SN COLONY"}, "geometry": {"type": "Point", "coordinates": [78.28486, 17.51124]}}, {"type": "Feature", "properties": {"name": "Urban Primary Health Centre, Shalivahana Nagar", "type": "clinic", "address": "Shalivahana nagar,Moosarambag"}, "geometry": {"type": "Point", "coordinates": [78.52145, 17.37564]}}, {"type": "Feature", "properties": {"name": "Urban Primary Health Centre, Mettuguda", "type": "clinic", "address": "12-8-257/15/1/A, Near Mettuguda"}, "geometry": {"type": "Point", "coordinates": [78.51585, 17.43293]}}, {"type": "Feature", "properties": {"name": "Area Hospital, Nampally", "type": "hospital", "address": "Habeebnagar"}, "geometry": {"type": "Point", "coordinates": [78.46317, 17.39226]}}, {"type": "Feature", "properties": {"name": "Government Unani Dispesary, Agahapura", "type": "doctors", "address": "Azam pura"}, "geometry": {"type": "Point", "coordinates": [78.47005, 17.3836]}}, {"type": "Feature", "properties": {"name": "Primary Health Centre, Saroornagar", "type": "clinic", "address": "Government building, Saroornagar, Near GHMC compound"}, "geometry": {"type": "Point", "coordinates": [78.53558, 17.35761]}}, {"type": "Feature", "properties": {"name": "Urban Primary Health Centre, Doodbowli", "type": "clinic", "address": "20-1-330, bahadurpura, Near kokabazar"}, "geometry": {"type": "Point", "coordinates": [78.46152, 17.35508]}}, {"type": "Feature", "properties": {"name": "Community Health Centre, Jangammet", "type": "hospital", "address": "Near Govt. Jr.College"}, "geometry": {"type": "Point", "coordinates": [78.46983, 17.33421]}}, {"type": "Feature", "properties": {"name": "Urban Primary Health Centre, Yakhutpura-1", "type": "clinic", "address": "17-3-3, Super Bazar, Near Rly Station, Near Rain Bazar"}, "geometry": {"type": "Point", "coordinates": [78.49531, 17.35841]}}, {"type": "Feature", "properties": {"name": "Urban Primary Health Centre, Domalguda", "type": "clinic", "address": "1-2-153, Himayatha Nagar, Near Himayatha Nagar"}, "geometry": {"type": "Point", "coordinates": [78.48507, 17.40607]}}, {"type": "Feature", "properties": {"name": "Urban Primary Health Centre, Gareeb Nagar", "type": "clinic", "address": "A qtrs Patigadda, Patigadda, Near Sanjeevaiah Park Railway Station"}, "geometry": {"type": "Point", "coordinates": [78.47581, 17.43754]}}, {"type": "Feature", "properties": {"name": "Urban Primary Health Centre, Begum Bazar", "type": "clinic", "address": "15-8-326, nampally, Near begumbazar"}, "geometry": {"type": "Point", "coordinates": [78.46815, 17.37712]}}, {"type": "Feature", "properties": {"name": "Urban Primary Health Centre, Golconda", "type": "clinic", "address": "Golconda, Near bus stop"}, "geometry": {"type": "Point", "coordinates": [78.40257, 17.38523]}}, {"type": "Feature", "properties": {"name": "Urban Primary Health Centre Venkatreddy Nagar (Urban)", "type": "clinic", "address": "VENKATREDDY NAGAR"}, "geometry": {"type": "Point", "coordinates": [78.52825, 17.3861]}}, {"type": "Feature", "properties": {"name": "Primary Health Centre, Alwal", "type": "clinic", "address": "Old Alwal, Near Temple"}, "geometry": {"type": "Point", "coordinates": [78.51291, 17.51755]}}, {"type": "Feature", "properties": {"name": "Urban Primary Health Centre, Khairtabad", "type": "clinic", "address": "COMMUNITY HALL, RAJ BHAVAN, Near MS MAQTHA COMMUNITY HALL"}, "geometry": {"type": "Point", "coordinates": [78.46299, 17.41982]}}, {"type": "Feature", "properties": {"name": "Urban Primary Health Centre, D.B.R.Mills", "type": "clinic", "address": "1-2-607/54/9, Kavadiguda, Near Lower tank bund"}, "geometry": {"type": "Point", "coordinates": [78.48748, 17.42002]}}, {"type": "Feature", "properties": {"name": "Area Hospital, Golconda", "type": "hospital", "address": "9-11-178, Fort Road Golconda, Near Golconda Fort"}, "geometry": {"type": "Point", "coordinates": [78.40261, 17.38526]}}, {"type": "Feature", "properties": {"name": "Urban Primary Health Centre, Film Nagar", "type": "clinic", "address": "8-2-290/3, Shaikpet, Near Ramanaidu studio."}, "geometry": {"type": "Point", "coordinates": [78.40675, 17.40874]}}, {"type": "Feature", "properties": {"name": "MEDISYS HOSPITALS (A UNIT OF OXYEN MEDICARE CANCER CARE PVT LTD )", "type": "hospital", "address": "Plot no. 1-5, New Mallikarjuna Nagar, National Highway 65, Near Chintalakunta Check post, LB Nagar"}, "geometry": {"type": "Point", "coordinates": [78.55776, 17.34115]}}, {"type": "Feature", "properties": {"name": "Primary Health Centre, Uppal (Urban)", "type": "clinic", "address": "02-12-1/11, UPPAL MAIN ROAD, Near UPPAL POLICE STATION"}, "geometry": {"type": "Point", "coordinates": [78.56076, 17.402]}}, {"type": "Feature", "properties": {"name": "Sri Aurobindo Nethralaya", "type": "hospital", "address": "HIG - 210, Phase I , Near Maharastra Bank, Kphb Colony, Kukatpally"}, "geometry": {"type": "Point", "coordinates": [78.39642, 17.49262]}}, {"type": "Feature", "properties": {"name": "MAXCURE SUYOSHA WOMAN & CHILD HOSPITAL", "type": "hospital", "address": "Plot No:. 7, Sy. No. 64, Behind Cyber Towers, Patrika Nagar, Hitech City, Near IBIS Hotel Lane, Madhapur"}, "geometry": {"type": "Point", "coordinates": [78.37865, 17.44644]}}, {"type": "Feature", "properties": {"name": "CALCIUM HOSPITAL", "type": "hospital", "address": "Plot No:9, Opp Akshara School, Nizampet"}, "geometry": {"type": "Point", "coordinates": [78.38424, 17.50663]}}, {"type": "Feature", "properties": {"name": "MAAX LIFE HOSPITALS", "type": "hospital", "address": "Plot No: A/529, Opp. Mega Function Hall, Karmanghat"}, "geometry": {"type": "Point", "coordinates": [78.52765, 17.34524]}}, {"type": "Feature", "properties": {"name": "DELTA HOSPITALS", "type": "hospital", "address": "H.No: 8-6-772/N/206/A/1/NR, NAGAGRJUNA COLONY, BESIDE SBH, HASTHINAPURAM"}, "geometry": {"type": "Point", "coordinates": [78.5576, 17.32537]}}, {"type": "Feature", "properties": {"name": "NETHRA EYE INSTITUE", "type": "hospital", "address": "8-3-215, Srinivas Nagar Colony West. Adjacent to Siva Reddy Sweets Opposite ICICI Bank Ameerpet"}, "geometry": {"type": "Point", "coordinates": [78.44257, 17.43918]}}, {"type": "Feature", "properties": {"name": "MAYFLOWER HOSPITAL FOR WOMEN & CHILDREN", "type": "hospital", "address": "Plot No:. 42, 43, 45 &46, VIJAYAPURI COLONY, Opp CANARA BANK SAINIKPURI, NEAR PETROL PUMP, DR A S RAO NAGAR"}, "geometry": {"type": "Point", "coordinates": [78.55238, 17.48327]}}, {"type": "Feature", "properties": {"name": "KASTURI MULTISPECIALITY HOSPITAL", "type": "hospital", "address": "#10-3-167/A, Lane opp apollo hospitals, St.Johns road, Secunderabad"}, "geometry": {"type": "Point", "coordinates": [78.50609, 17.43893]}}, {"type": "Feature", "properties": {"name": "RISE CHILDRENS HOSPITAL (A UNIT OF RISE HOSPITALS PVT. LTD.)", "type": "hospital", "address": "13-6-431/D/77/A&B, PILLAR NO.92, MOGHAL KA NALA, ATTAPUR, Opp:HOTEL SWAGATH GRAND"}, "geometry": {"type": "Point", "coordinates": [78.42971, 17.38023]}}, {"type": "Feature", "properties": {"name": "AVANI LASER EYE HOSPITAL", "type": "hospital", "address": "H.No: 11-13-123/1, Plot No: 14, NEAR SAI BABA TEMPLE, ALKAPURI SAROORNAGAR MANDAL"}, "geometry": {"type": "Point", "coordinates": [78.55224, 17.36587]}}, {"type": "Feature", "properties": {"name": "SANJEEVANI HOSPITAL", "type": "hospital", "address": "Road No.1, Beside Swathi Nivas Apt., Opp Heritage Fresh, New Nagole, Mohan Nagar"}, "geometry": {"type": "Point", "coordinates": [78.55212, 17.37392]}}, {"type": "Feature", "properties": {"name": "Kakatiya Hospital", "type": "hospital", "address": "ANJAIAH NAGAR COMMUNITY HALL ROAD, GACHIBOWLI"}, "geometry": {"type": "Point", "coordinates": [78.36724, 17.44973]}}, {"type": "Feature", "properties": {"name": "SOLIS EYE CARE HOSPITALS PVT LTD", "type": "hospital", "address": "Plot No: 13, SVK Towers, Kushaiguda Main Road, Near A.S Rao Nagar, ECIL Cross Road, Secunderabad"}, "geometry": {"type": "Point", "coordinates": [78.57144, 17.47369]}}, {"type": "Feature", "properties": {"name": "Shadow Hospitals", "type": "hospital", "address": "NH65, Opp. Police Station, Hayathnagar"}, "geometry": {"type": "Point", "coordinates": [78.6033, 17.32703]}}, {"type": "Feature", "properties": {"name": "SRISHTI EYE CENTRE", "type": "hospital", "address": "H.No: 10-2-300/A/2, Nukkula Arcade, Vijayanagar Colony Main Road, Above Canara Bank"}, "geometry": {"type": "Point", "coordinates": [78.45739, 17.39495]}}, {"type": "Feature", "properties": {"name": "LEGEND HOSPITAL", "type": "hospital", "address": "NH-9, SUSHMA THEATER, VANASTHALIPURAM"}, "geometry": {"type": "Point", "coordinates": [78.57629, 17.33605]}}, {"type": "Feature", "properties": {"name": "Urban Primary Health Centre, Barkas", "type": "clinic", "address": "18-9, Near Bharath Petrol pump, Near chandrayan gutta bus stop"}, "geometry": {"type": "Point", "coordinates": [78.47872, 17.32546]}}, {"type": "Feature", "properties": {"name": "SAI SURYA HOSPITAL", "type": "hospital", "address": "H.No: 4-8-137/5/A, Opp Pillar No: 151, ATTAPUR"}, "geometry": {"type": "Point", "coordinates": [78.42807, 17.36126]}}, {"type": "Feature", "properties": {"name": "Apple Multi Speciality Hospital", "type": "hospital", "address": "Tolichowki \u2018X\u2019 Road, Seven Tombs Road, Tolichowki"}, "geometry": {"type": "Point", "coordinates": [78.41431, 17.39856]}}, {"type": "Feature", "properties": {"name": "SUDHA HOSPITAL", "type": "hospital", "address": "H.No: 30-1587/1, Plot No: 25, CHANDRAGIRI COLONY, KRUPA COMPLEX, BESIDE BOI, OLD SAFILGUDA, MEDCHAL- MALKAJGIRI"}, "geometry": {"type": "Point", "coordinates": [78.53892, 17.46578]}}, {"type": "Feature", "properties": {"name": "Nakshatra Hospitals", "type": "hospital", "address": "Yadav Nagar Colony, Opp. Swagath Grand Hotel, Alkapuri 'X' Roads"}, "geometry": {"type": "Point", "coordinates": [78.55704, 17.36239]}}, {"type": "Feature", "properties": {"name": "EVYA HOSPITALS AND DIABETIC RESERACH CENTER", "type": "hospital", "address": "H.No: 5-5-1211, Opp. Panama Arch Godowns, Ganesh Nagar, Vanasthalipuram"}, "geometry": {"type": "Point", "coordinates": [78.57082, 17.33922]}}, {"type": "Feature", "properties": {"name": "Urban Primary Health Centre, Pan Bazar", "type": "clinic", "address": "4-5-172-B, Ranigunj, Near Ranigunj"}, "geometry": {"type": "Point", "coordinates": [78.48972, 17.43442]}}, {"type": "Feature", "properties": {"name": "District Hospital, King Koti", "type": "hospital", "address": "King Koti"}, "geometry": {"type": "Point", "coordinates": [78.482, 17.39322]}}, {"type": "Feature", "properties": {"name": "Urban Primary Health Centre, Showkath Nagar", "type": "clinic", "address": "IPP-VIII Showkath Nagar, Jubilee Hills, Near P S Road"}, "geometry": {"type": "Point", "coordinates": [78.43665, 17.42515]}}, {"type": "Feature", "properties": {"name": "Dr.Paul Doss Maternity and Family Welfare Centre", "type": "clinic", "address": "2-3-28-30 Ranigunj, Secunderabad, Near Minister Road"}, "geometry": {"type": "Point", "coordinates": [78.48743, 17.43337]}}, {"type": "Feature", "properties": {"name": "Wellness Hospital", "type": "hospital", "address": "D.NO. 7-1-79/A & 79/B, DHARAM KARAM ROAD, AMEERPET"}, "geometry": {"type": "Point", "coordinates": [78.44998, 17.4359]}}, {"type": "Feature", "properties": {"name": "Refracto Eye Hospital", "type": "hospital", "address": "H.No: 120, Green Park Avenue, Suchitra Circle, Jeedimetla Village"}, "geometry": {"type": "Point", "coordinates": [78.4788, 17.50727]}}, {"type": "Feature", "properties": {"name": "FATIMA HOSPITAL", "type": "hospital", "address": "9-2-24/20/7/6, NEW IDGAH ROAD, JAHANNUMA NAWAB SAHEB KUNTA"}, "geometry": {"type": "Point", "coordinates": [78.45904, 17.34484]}}, {"type": "Feature", "properties": {"name": "JANAPAREDDY HOSPITAL PVT LTD", "type": "hospital", "address": "6A, 7A, Petbasheerabad, NH7, Near DPS, Opp St Anns, Kompally"}, "geometry": {"type": "Point", "coordinates": [78.48279, 17.52461]}}, {"type": "Feature", "properties": {"name": "ENT CARE HOSPITAL", "type": "hospital", "address": "Plot No: 336, MATRUSRI NAGAR, CALVARY TEMPLE ROAD, MIYAPUR"}, "geometry": {"type": "Point", "coordinates": [78.37061, 17.49511]}}, {"type": "Feature", "properties": {"name": "NAIDU EYE HOSPITAL", "type": "hospital", "address": "Plot No:26-27-29, NEAR VIJETHA SUPER MARKET, BEHIND BHARAT PETROL PUMP, MADINAGUDA"}, "geometry": {"type": "Point", "coordinates": [78.34157, 17.49443]}}, {"type": "Feature", "properties": {"name": "JEEVAN HOSPITAL", "type": "hospital", "address": "H.No: 8-4-21/5, Beside Mega Function Hall, Sagar Road, Karman Ghat, Saroor Nagar"}, "geometry": {"type": "Point", "coordinates": [78.52692, 17.34475]}}, {"type": "Feature", "properties": {"name": "Times Hospital", "type": "hospital", "address": "8-2-413/B, ROAD NO. 4, BANJARA HILLS"}, "geometry": {"type": "Point", "coordinates": [78.44169, 17.42057]}}, {"type": "Feature", "properties": {"name": "MEDIVISION SUPER SPECIALTY HOSPITAL", "type": "hospital", "address": "PLOT No.1, 2 & 3, SHAPUR NAGAR MAIN ROAD, BESIDES R.S. BROTHERS, JEEDIMETLA"}, "geometry": {"type": "Point", "coordinates": [78.44724, 17.51623]}}, {"type": "Feature", "properties": {"name": "HEALIX HOSPITAL", "type": "hospital", "address": "Plot No:. 204, Mythri Nagar, Near Madinaguda, Miyapur"}, "geometry": {"type": "Point", "coordinates": [78.34615, 17.49432]}}, {"type": "Feature", "properties": {"name": "ZOI HOSPITALS", "type": "hospital", "address": "H.No: 4-8-149/4/2/1, Opp Pillar No:145, ATTAPUR"}, "geometry": {"type": "Point", "coordinates": [78.4285, 17.36329]}}, {"type": "Feature", "properties": {"name": "RAJA HOSPITAL", "type": "hospital", "address": "8-3-318/2/A/28, Opp State Home, Yousufguda Main Road, Ameerpet"}, "geometry": {"type": "Point", "coordinates": [78.43992, 17.43666]}}, {"type": "Feature", "properties": {"name": "THE BIRTHPLACE", "type": "hospital", "address": "H.No: 8-2-277/A/1, ROAD NO.2, BANJARA HILLS"}, "geometry": {"type": "Point", "coordinates": [78.43309, 17.42468]}}, {"type": "Feature", "properties": {"name": "MANKINDD HOSPITAL", "type": "hospital", "address": "3-6-369/A/25, 3RD FLOOR, SANDOZI BUILDING, STREET NO-1, HIMAYATH NAGAR"}, "geometry": {"type": "Point", "coordinates": [78.48016, 17.40552]}}, {"type": "Feature", "properties": {"name": "PADMVATI MEDICAL CENTRE", "type": "hospital", "address": "Plot No: 12-13-67/2, Street No.5, Sadhashiva Nagar, Lane Adjacent to Sanman Hotel, Tarnaka"}, "geometry": {"type": "Point", "coordinates": [78.5322, 17.42623]}}, {"type": "Feature", "properties": {"name": "IRIS EYE HOSPITAL", "type": "hospital", "address": "LANE ADJACENT TO SPENCERS, PILLAR NO 125, AMBIENCE FORT ROAD, ATTAPUR"}, "geometry": {"type": "Point", "coordinates": [78.42734, 17.36962]}}, {"type": "Feature", "properties": {"name": "Lakshmi Sailaja Hospiatal", "type": "hospital", "address": "Plot No:413, ROAD NO - 1, BHAGYA LAXMI COLONY, QUTHBULLAPUR"}, "geometry": {"type": "Point", "coordinates": [78.46143, 17.50843]}}, {"type": "Feature", "properties": {"name": "Oakridge Hospitals", "type": "hospital", "address": "#1-120/3, Plot No.3, Behind Karachi Bakery, Survey No.64, Madhapur"}, "geometry": {"type": "Point", "coordinates": [78.38551, 17.44484]}}, {"type": "Feature", "properties": {"name": "RAMA EYE HOSPITAL", "type": "hospital", "address": "H.No: 5-8-/105/A, Behind Kamath Hotel, Station Road, Nampally"}, "geometry": {"type": "Point", "coordinates": [78.47126, 17.39104]}}, {"type": "Feature", "properties": {"name": "Sri Vijaya Hospitals", "type": "hospital", "address": "Hill Colony Road, Alapathi Nagar"}, "geometry": {"type": "Point", "coordinates": [78.44223, 17.38931]}}, {"type": "Feature", "properties": {"name": "SRIKARA HOSPITALS", "type": "hospital", "address": "#222&223, MYTHRINAGAR, PHASE-II, Opp FORTURE HEIGHTS, MIYAPUR"}, "geometry": {"type": "Point", "coordinates": [78.34808, 17.49214]}}, {"type": "Feature", "properties": {"name": "Amrita ENT Head & Neck Hospital", "type": "hospital", "address": "HIG 450, Opp Manjeera Trinity Corporate, JNTU-HITEC city road KPHB Phase 6, Kukatpally"}, "geometry": {"type": "Point", "coordinates": [78.39152, 17.48856]}}, {"type": "Feature", "properties": {"name": "B.V.K. REDDY HOSPITAL", "type": "hospital", "address": "12-11-1256, BOUDHA NAGAR ROAD, SECUNDERABAD"}, "geometry": {"type": "Point", "coordinates": [78.51792, 17.41858]}}, {"type": "Feature", "properties": {"name": "Human Touch Hospital", "type": "hospital", "address": "Opp. PILLAR NO. 190, FORT VIEW COLONY, PVNR EXPRESS FLYOVER, UPPARPALLY, RAJENDERA NAGAR"}, "geometry": {"type": "Point", "coordinates": [78.41807, 17.35292]}}, {"type": "Feature", "properties": {"name": "REFRACTO EYE HOSPITAL (A GROUP OF CREDIBLE HEALTH CARE PVT LTD )", "type": "hospital", "address": "H.No: 2-41/11/3 & 4, QZ PLAZA, KOTHAGUDA CROSS ROADS, KONDAPUR, KOTHAGUDA (K.V.Rangareddy), SERILINGAMPALLY"}, "geometry": {"type": "Point", "coordinates": [78.36691, 17.462]}}, {"type": "Feature", "properties": {"name": "GERMANTEN HOSPITALS", "type": "hospital", "address": "48-138/1/B, Main Road, Opp To Pillar No 150, Attapur"}, "geometry": {"type": "Point", "coordinates": [78.42818, 17.36196]}}, {"type": "Feature", "properties": {"name": "SHYAM HOSPITAL", "type": "hospital", "address": "Plot No: 52, Panchayat Raj, Teacher Colony, B.N.Reddy Nagar"}, "geometry": {"type": "Point", "coordinates": [78.55724, 17.32303]}}, {"type": "Feature", "properties": {"name": "STERLING HOSPITALS PVT LTD", "type": "hospital", "address": "MOTI VALLEY, BESIDE ACER MOTORS, TIRUMALAGIRI `X` ROAD"}, "geometry": {"type": "Point", "coordinates": [78.50866, 17.47012]}}, {"type": "Feature", "properties": {"name": "ANAND EYE INSITUTE", "type": "hospital", "address": "#7-147/1, Nagendra Nagar Colony, Habsiguda Main Road"}, "geometry": {"type": "Point", "coordinates": [78.54278, 17.41833]}}, {"type": "Feature", "properties": {"name": "SRI KARA HOSPITAL", "type": "hospital", "address": "Plot No: 50, Sri Durga Enclave, SBH Colony, LB Nagar Road"}, "geometry": {"type": "Point", "coordinates": [78.54846, 17.34451]}}, {"type": "Feature", "properties": {"name": "HIGH SIGHT SUPER SPECILAITY EYE HOSPITAL", "type": "hospital", "address": "H.No: .8-2-595/3, Opp: CARE CONVERGENCE, ROAD No.10, BANJARAHILLS"}, "geometry": {"type": "Point", "coordinates": [78.44735, 17.41603]}}, {"type": "Feature", "properties": {"name": "NAVJEEVAN HOSPITAL", "type": "hospital", "address": "Plot No: 90 P&T COLONY VIKRAMPURI KARKHANA"}, "geometry": {"type": "Point", "coordinates": [78.49817, 17.45558]}}, {"type": "Feature", "properties": {"name": "SMART VISION EYE SPECIALITIES PRIVATE LIMITED", "type": "hospital", "address": "Plot No. 143, Sagar Society, Venkateshwara Colony, Srinagar Colony, Near Ratnadeep Super Market,"}, "geometry": {"type": "Point", "coordinates": [78.43988, 17.4289]}}, {"type": "Feature", "properties": {"name": "KS MULTISPECIALTY HOSPITAL", "type": "hospital", "address": "Plot No:.3, BAPUJI NAGAR, Opp: SAROJINI PULLA REDDY HOUSE, BOWENPALLY"}, "geometry": {"type": "Point", "coordinates": [78.47775, 17.46914]}}, {"type": "Feature", "properties": {"name": "RAMESH LASIK & LASER CENTRE", "type": "hospital", "address": "3-6-273/274, III AND IV FLOOR, APURUPA L.N CHAMBERS, BESIDE RC REDDY IAS CIRCLE, NEAR OLD MLA QUARTERS, Opp TELANGANA TOURISM"}, "geometry": {"type": "Point", "coordinates": [78.48473, 17.39856]}}, {"type": "Feature", "properties": {"name": "VIJAYA SREE HOSPITAL", "type": "hospital", "address": "2 - 24/1, Rajalaxmi Complex, SBI Building, Main Road, Chandanagar"}, "geometry": {"type": "Point", "coordinates": [78.32131, 17.49541]}}, {"type": "Feature", "properties": {"name": "ORIENT EYE HOSPITAL", "type": "hospital", "address": "12-2-727/1/A, INNER RING ROAD, Opp: PILLAR NO. 46, RETHI BOWLI, MEHDIPATNAM"}, "geometry": {"type": "Point", "coordinates": [78.43073, 17.39426]}}, {"type": "Feature", "properties": {"name": "SHINE CHILDREN'S HOSPITAL", "type": "hospital", "address": "3-3-273, LB Nagar - Uppal Rd, Kamala Nagar, Suvidha Arcade, RTC Colony, LB Nagar"}, "geometry": {"type": "Point", "coordinates": [78.55205, 17.34825]}}, {"type": "Feature", "properties": {"name": "Sri Sri Holistic Hospitals", "type": "hospital", "address": "MIG 113 & 114, Road No. 1, KPHB Colony, Kukatpally"}, "geometry": {"type": "Point", "coordinates": [78.40055, 17.48874]}}, {"type": "Feature", "properties": {"name": "Saptagiri Hospital", "type": "hospital", "address": "H.No: 3-8, Chaitanayapuri 'X' roads, Dilshuknagar"}, "geometry": {"type": "Point", "coordinates": [78.53016, 17.3691]}}, {"type": "Feature", "properties": {"name": "SAFE KIDS HOSPITALS PRIVATE LIMITED", "type": "hospital", "address": "13-6-826/5, Attapur, Pillar No.108, Moghul Nagar"}, "geometry": {"type": "Point", "coordinates": [78.42954, 17.37531]}}, {"type": "Feature", "properties": {"name": "DR RAJASHEKAR REDDY LAPAROSCOPY HOSPITAL", "type": "hospital", "address": "Plot No: 1, CHITRA LAYOUT, BESIDE Rangareddy Court, L.B NAGAR"}, "geometry": {"type": "Point", "coordinates": [78.54704, 17.35429]}}, {"type": "Feature", "properties": {"name": "ADRM HOSPITAL", "type": "hospital", "address": "H.No: 3-9-2, Plot No: 3, RAMANATHAPUR"}, "geometry": {"type": "Point", "coordinates": [78.53607, 17.3985]}}, {"type": "Feature", "properties": {"name": "Smart Vision Eye Hospitals Pvt Ltd", "type": "hospital", "address": "MIG: 88, Road No: 1, KPHB COLONY, KUKATPALLY"}, "geometry": {"type": "Point", "coordinates": [78.40082, 17.48938]}}, {"type": "Feature", "properties": {"name": "SOUTHERN GEM HOSPITAL", "type": "hospital", "address": "5-9-30/1/7, Gowri Parmeshwari Mansion, Palace Colony, Basheerbagh"}, "geometry": {"type": "Point", "coordinates": [78.47542, 17.40583]}}, {"type": "Feature", "properties": {"name": "ARC HOSPITAL", "type": "hospital", "address": "1-7-181, KAMALA NAGAR, Opp. DAE Colony ('D' Sector Gate), KAPRA, ECIL"}, "geometry": {"type": "Point", "coordinates": [78.56764, 17.47149]}}, {"type": "Feature", "properties": {"name": "SHARADA EYE CARE", "type": "hospital", "address": "Plot No: 101, VANASTHALI HILLS COLONY, VANASTHALIPURAM, NEAR MJM FUNCTION and ADITYA SCHOOL"}, "geometry": {"type": "Point", "coordinates": [78.57081, 17.33554]}}, {"type": "Feature", "properties": {"name": "SREE ROYAL HOSPITAL", "type": "hospital", "address": "7-4-158/1, Near Hotel Samrat Complex, Madhavi Nagar, Ferozguda, Balanagar"}, "geometry": {"type": "Point", "coordinates": [78.45621, 17.46353]}}, {"type": "Feature", "properties": {"name": "SRI SIDDESHWARA HOSPITAL", "type": "hospital", "address": "Sagar Road, Malla Reddy Nagar, Saroor Nagar East, Champapet"}, "geometry": {"type": "Point", "coordinates": [78.52112, 17.34662]}}, {"type": "Feature", "properties": {"name": "NEPHROPLUS KIDNEY CARE HOSPITALS", "type": "hospital", "address": "Door No:8-2-603/1/3/B, 2nd Floor, Vintage Plaza, Road No:10, Banjara Hills"}, "geometry": {"type": "Point", "coordinates": [78.43386, 17.41615]}}, {"type": "Feature", "properties": {"name": "METRO CURE HOSPITAL", "type": "hospital", "address": "16-2-661, LANE BESIDE BAJAJ ELECTRONICS, MALAKPET"}, "geometry": {"type": "Point", "coordinates": [78.501, 17.37261]}}, {"type": "Feature", "properties": {"name": "Green Leaf Health Centre", "type": "hospital", "address": "Plot No:. 692, VIVEKANAND NAGAR COLONY, KUKATPALLY"}, "geometry": {"type": "Point", "coordinates": [78.40969, 17.49159]}}, {"type": "Feature", "properties": {"name": "RUSSH SUPER SPECIALITY HOSPITAL", "type": "hospital", "address": "H.No. 2-181/2/C , Near Suchitra Circle, Alwal Road, Ramraj Nagar, Jeedimetla"}, "geometry": {"type": "Point", "coordinates": [78.4775, 17.49977]}}, {"type": "Feature", "properties": {"name": "SHREE POOJA HOSPITAL", "type": "hospital", "address": "1-29, NACHARAM MALLAPUR ROAD, HMT NAGAR, TARNAKA"}, "geometry": {"type": "Point", "coordinates": [78.54701, 17.42303]}}, {"type": "Feature", "properties": {"name": "Vascular Care Center", "type": "hospital", "address": "H.No: 6-3-649/6, LANE BESIDE MAHESHWARI CHAMBERS, SOMAJIGDA"}, "geometry": {"type": "Point", "coordinates": [78.45824, 17.4183]}}, {"type": "Feature", "properties": {"name": "MCS NEURO HOSPITAL", "type": "hospital", "address": "S.R. Enclave, MIG - 259, Road No. 4, KPHB Colony"}, "geometry": {"type": "Point", "coordinates": [78.39774, 17.49256]}}, {"type": "Feature", "properties": {"name": "HAPPY HOSPITAL", "type": "hospital", "address": "Plot No: 83 & 103, Miyapur Main Road"}, "geometry": {"type": "Point", "coordinates": [78.34324, 17.49476]}}, {"type": "Feature", "properties": {"name": "Landmark Hospital", "type": "hospital", "address": "MCK BLOCK 2, NEAR JNTU METRO STATION, Opp. VASANTH NAGAR ARCH, HYDERNAGAR MAIN ROAD, KUKATPALLY"}, "geometry": {"type": "Point", "coordinates": [78.388, 17.49923]}}, {"type": "Feature", "properties": {"name": "NETRA EYE AND MULTI SPECIALITY HOSPITAL", "type": "hospital", "address": "H.No: 6-172, SURDHARSHAN REDDY NAGAR , Opp. AKSHARA SCHOOL, CHINTAL"}, "geometry": {"type": "Point", "coordinates": [78.45417, 17.49553]}}, {"type": "Feature", "properties": {"name": "SECUNDERABAD WOMENS HOSPITAL", "type": "hospital", "address": "1-8-32/62 & 1-8-32/62/1, Minister Road, Secunderabad"}, "geometry": {"type": "Point", "coordinates": [78.48038, 17.4392]}}, {"type": "Feature", "properties": {"name": "SBR Pulse Hospital", "type": "hospital", "address": "Plot No: 34, KRISNAVENI NAGAR, Opp. KOTHAPET FRUIT MARKET, NEAR GADDIANNARAM MUNICIPAL OFFICE"}, "geometry": {"type": "Point", "coordinates": [78.53581, 17.36738]}}, {"type": "Feature", "properties": {"name": "CITI NEURO CENTER", "type": "hospital", "address": "H.No: 8-2-293/82/1/4A, 5A & 6A, MLA COLONY, ROAD NO 12, BANJARA HILLS"}, "geometry": {"type": "Point", "coordinates": [78.42449, 17.41373]}}, {"type": "Feature", "properties": {"name": "Magnas ENT Hospital", "type": "hospital", "address": "H.No: 18-79, Manikanta Crown Complex, Beside Indian Bank, Chaitanyapuri 'X' Roads, Dilsukhnagar"}, "geometry": {"type": "Point", "coordinates": [78.53084, 17.36813]}}, {"type": "Feature", "properties": {"name": "EYE CARE HYDERABAD", "type": "hospital", "address": "H.No: 16-8-932/A, SAFA PLAZA, MALAKPET"}, "geometry": {"type": "Point", "coordinates": [78.49858, 17.37398]}}, {"type": "Feature", "properties": {"name": "SREE SREYAS HOSPITAL", "type": "hospital", "address": "Plot No. 56, Sriram Nagar Colony, Karmanghat 'X' Roads"}, "geometry": {"type": "Point", "coordinates": [78.52924, 17.34589]}}, {"type": "Feature", "properties": {"name": "SAI GURU RAGHAVENDRA ORTHOPEADIC & MULTISPECIALITY", "type": "hospital", "address": "H.No: 53, MALANI HOUSING COLONY, NEW NEW BOWENPALLY"}, "geometry": {"type": "Point", "coordinates": [78.47863, 17.45665]}}, {"type": "Feature", "properties": {"name": "PACIFIC CLINICS (A Unit of Pacific Hospitals Pvt Ltd.)", "type": "hospital", "address": "Plot No. 1276, Road No. 63A, Jubilee Hills"}, "geometry": {"type": "Point", "coordinates": [78.37151, 17.41948]}}, {"type": "Feature", "properties": {"name": "STORK HOME FERNANDEZ HOSPITAL", "type": "hospital", "address": "8-2 698, ROAD NO 12, BANJARA HILLS"}, "geometry": {"type": "Point", "coordinates": [78.44129, 17.40705]}}, {"type": "Feature", "properties": {"name": "Baabaji Nethralaya Eye Hospital", "type": "hospital", "address": "MIG: 304, Beside Global Edge School, Road No. 4, KPHB Colony"}, "geometry": {"type": "Point", "coordinates": [78.39671, 17.49102]}}, {"type": "Feature", "properties": {"name": "MOTHERHOOD FERTILITY CENTRE", "type": "hospital", "address": "Plot No:38/225, Near St. Ann's School, Madinaguda, Miyapur"}, "geometry": {"type": "Point", "coordinates": [78.34524, 17.49607]}}, {"type": "Feature", "properties": {"name": "SUMITHRA HOSPITALS", "type": "hospital", "address": "H.No: 1-30/F, Saraswathi Colony, Near Rajlakshmi Theatre, Beside Uppal Ring Road, Uppal"}, "geometry": {"type": "Point", "coordinates": [78.5597, 17.39602]}}, {"type": "Feature", "properties": {"name": "MedWise Hospital (A unit of Chirayu Avigna Healthcare)", "type": "hospital", "address": "MIG: 288, Road No: 4, KPHB Colony"}, "geometry": {"type": "Point", "coordinates": [78.39685, 17.49082]}}, {"type": "Feature", "properties": {"name": "SAI SIDDHARTHA HOSPITAL", "type": "hospital", "address": "4/32-130, Shapur Nagar, IDA Jeedimetla, Chinthal"}, "geometry": {"type": "Point", "coordinates": [78.44499, 17.51714]}}, {"type": "Feature", "properties": {"name": "Sub Centre, R.C.Puram B", "type": "clinic", "address": "Rc Puram, Near Primary School"}, "geometry": {"type": "Point", "coordinates": [78.28473, 17.51]}}, {"type": "Feature", "properties": {"name": "AREA HOSPITAL PATANCHERU", "type": "hospital", "address": "Beside N.H. 9"}, "geometry": {"type": "Point", "coordinates": [78.26674, 17.53016]}}, {"type": "Feature", "properties": {"name": "Sai Bhavani Super Speciality Hospital", "type": "hospital", "address": "Main Road, Shapur Nagar, Near RS Brothers, Jeedimetla."}, "geometry": {"type": "Point", "coordinates": [78.4473, 17.51628]}}, {"type": "Feature", "properties": {"name": "Apollo Emergency Centre", "type": "hospital", "address": "16-2-705/5/5, Opposite Santhi Fire Works, Malakpet"}, "geometry": {"type": "Point", "coordinates": [78.50085, 17.37225]}}, {"type": "Feature", "properties": {"name": "Amrutha Hospital For Health and Fitness", "type": "hospital", "address": "Near Bus Depot, Mehdipatnam"}, "geometry": {"type": "Point", "coordinates": [78.44062, 17.39189]}}, {"type": "Feature", "properties": {"name": "Pavithra Nursing Home", "type": "hospital", "address": "Near PJR Statue, Rahamath Nagar 'X' Road, Yousufguda"}, "geometry": {"type": "Point", "coordinates": [78.42369, 17.44012]}}, {"type": "Feature", "properties": {"name": "Urban Primary Health Centre, Gandhi", "type": "clinic", "address": "Gandhi Building"}, "geometry": {"type": "Point", "coordinates": [78.5042, 17.42312]}}, {"type": "Feature", "properties": {"name": "Urban Primary Health Centre, Musheerabad", "type": "clinic", "address": "Musheerabad, Near Rajadeluxe Theatre"}, "geometry": {"type": "Point", "coordinates": [78.4977, 17.41502]}}, {"type": "Feature", "properties": {"name": "Osmania General Hospital's Blood Bank", "type": "hospital", "address": "15-5-104, Near Afzal Gunj Bus Stop, Osmania General Hospital Premises"}, "geometry": {"type": "Point", "coordinates": [78.47403, 17.37284]}}, {"type": "Feature", "properties": {"name": "Neelima Hospital", "type": "hospital", "address": "Beside Pandu Ranga Nagar Bus Stop, Moti Nagar"}, "geometry": {"type": "Point", "coordinates": [78.42565, 17.45622]}}, {"type": "Feature", "properties": {"name": "Healthcare facility", "type": "hospital"}, "geometry": {"type": "Point", "coordinates": [78.4738, 17.35684]}}, {"type": "Feature", "properties": {"name": "Nikhil Hospital", "type": "hospital", "address": "8-3-982, Srinagar Colony Main Road, Near Satya Sai Kalyana Mandapam"}, "geometry": {"type": "Point", "coordinates": [78.43708, 17.43034]}}, {"type": "Feature", "properties": {"name": "Vijaya Nursing Home - Vanasthalipuram", "type": "hospital", "address": "5-5-23/5/13, Near Bachpan Play School, Vanasthalipuram"}, "geometry": {"type": "Point", "coordinates": [78.57066, 17.33499]}}, {"type": "Feature", "properties": {"name": "Vamshi Hospital - Trimulgherry", "type": "hospital", "address": "Rtc Colony, Trimulgherry"}, "geometry": {"type": "Point", "coordinates": [78.50789, 17.47114]}}, {"type": "Feature", "properties": {"name": "Dr.Agarwal's Eye Hospital - Santhosh Nagar", "type": "hospital", "address": "Hanuman Towers, Number 9-7-214/1, 215, 217, Maruthi Nagar, Santhosh Nagar Main Road"}, "geometry": {"type": "Point", "coordinates": [78.50818, 17.34551]}}, {"type": "Feature", "properties": {"name": "Happy Children Hospital - Chintal", "type": "hospital", "address": "H .No.: 6-15 & 116, Opp. Chintal Bus Stop, Chintal"}, "geometry": {"type": "Point", "coordinates": [78.45239, 17.4964]}}, {"type": "Feature", "properties": {"name": "Vijaya Hospital", "type": "hospital", "address": "1-58/7/3, 3rd Floor, Near St Ann's School & Bajaj Electronics, Madinaguda"}, "geometry": {"type": "Point", "coordinates": [78.34612, 17.49533]}}, {"type": "Feature", "properties": {"name": "Sri Venkateshwara Nursing Home - Narayanguda", "type": "hospital", "address": "Venkateshwara Colony, Opp. Central Blood Bank, Narayanaguda"}, "geometry": {"type": "Point", "coordinates": [78.48892, 17.39447]}}, {"type": "Feature", "properties": {"name": "Kamineni Fertility Centre", "type": "hospital", "address": "4-1-1226, Boggulakunta, King Koti, Abids"}, "geometry": {"type": "Point", "coordinates": [78.47976, 17.39293]}}, {"type": "Feature", "properties": {"name": "Asha Hospital", "type": "hospital", "address": "H.No. 19-66/11, Prashanth Nagar, Hi Tension Road, Dr. A.S. Rao Nagar, Kapra"}, "geometry": {"type": "Point", "coordinates": [78.55807, 17.48359]}}, {"type": "Feature", "properties": {"name": "Motherhood Clinic", "type": "hospital", "address": "3rd Floor, Millennium Square, Near Commissionerate of Police, Gachibowli"}, "geometry": {"type": "Point", "coordinates": [78.37423, 17.43003]}}, {"type": "Feature", "properties": {"name": "Life Spring Maternity Hospital", "type": "hospital", "address": "House No. 1-7-39/B, Plot No. 9, Main Road, Temple Alwal, Secunderabad"}, "geometry": {"type": "Point", "coordinates": [78.50717, 17.50517]}}, {"type": "Feature", "properties": {"name": "Susheela Hospital - R.K Puram", "type": "hospital", "address": "Road No.3, Near S.R.K Puram Bus Stop, Rangareddy"}, "geometry": {"type": "Point", "coordinates": [78.5496, 17.36781]}}, {"type": "Feature", "properties": {"name": "Omni Hospital - Banjara Hills", "type": "hospital", "address": "4th Floor, Anushka Pride, Opposite Ratnadeep Supermarket, Road Number 12, Banjara Hills"}, "geometry": {"type": "Point", "coordinates": [78.44283, 17.40741]}}, {"type": "Feature", "properties": {"name": "Dr.Agarwal's Eye Hospital - Dilsukhnagar", "type": "hospital", "address": "#16-11-477/7 to 26, Chikoti Green Building, Opp. Kamala Hospital, Gaddiannaram, Dilsukhnagar"}, "geometry": {"type": "Point", "coordinates": [78.52249, 17.36909]}}, {"type": "Feature", "properties": {"name": "S.S Multi Speciality Hospital", "type": "hospital", "address": "7-4-25/S/N, Beside IOC Petrol Pump, Sagar Road"}, "geometry": {"type": "Point", "coordinates": [78.55078, 17.33695]}}, {"type": "Feature", "properties": {"name": "Jayanti Maternity and Nursing Home", "type": "hospital", "address": "5-4-446, Nampally Station Road, Abids"}, "geometry": {"type": "Point", "coordinates": [78.47347, 17.38935]}}, {"type": "Feature", "properties": {"name": "Whitus Hospital (A Unit Of Sri Shikhara Hospitals India Pvt Ltd)", "type": "hospital", "address": "4-7-75, Opposite Indian Petrol Pump, Habsiguda 'X' Roads"}, "geometry": {"type": "Point", "coordinates": [78.54209, 17.41864]}}, {"type": "Feature", "properties": {"name": "SAFE CHLIDRENS HOSPITAL", "type": "hospital", "address": "16-2-741/D/5, BESIDE T.V TOWER, MOOSARAMBAGH X ROAD, MALAKPET"}, "geometry": {"type": "Point", "coordinates": [78.51427, 17.36967]}}, {"type": "Feature", "properties": {"name": "Rex Kare", "type": "pharmacy"}, "geometry": {"type": "Point", "coordinates": [78.56601, 17.4177]}}, {"type": "Feature", "properties": {"name": "MedPlus", "type": "pharmacy"}, "geometry": {"type": "Point", "coordinates": [78.56464, 17.42019]}}, {"type": "Feature", "properties": {"name": "Sri Sai Homeo Vaidyashala", "type": "clinic", "address": "Gaddiannaram"}, "geometry": {"type": "Point", "coordinates": [78.52623, 17.36368]}}, {"type": "Feature", "properties": {"name": "HARI AUM Physiotherapy & Pain Relief Clinic", "type": "clinic", "address": "sai babba temple rd"}, "geometry": {"type": "Point", "coordinates": [78.52618, 17.36372]}}, {"type": "Feature", "properties": {"name": "IICT-CCMB Dispensary", "type": "clinic"}, "geometry": {"type": "Point", "coordinates": [78.54274, 17.42161]}}, {"type": "Feature", "properties": {"name": "Royal Ear, Nose and Throat (ENT) Hospital", "type": "hospital"}, "geometry": {"type": "Point", "coordinates": [78.48228, 17.38513]}}, {"type": "Feature", "properties": {"name": "Healthcare facility", "type": "pharmacy"}, "geometry": {"type": "Point", "coordinates": [78.51765, 17.42759]}}, {"type": "Feature", "properties": {"name": "Apollo Pharmacy - Namalagundy", "type": "pharmacy"}, "geometry": {"type": "Point", "coordinates": [78.5138, 17.42322]}}, {"type": "Feature", "properties": {"name": "Med Plus", "type": "pharmacy"}, "geometry": {"type": "Point", "coordinates": [78.51586, 17.42449]}}, {"type": "Feature", "properties": {"name": "Healthcare facility", "type": "clinic"}, "geometry": {"type": "Point", "coordinates": [78.51491, 17.42509]}}, {"type": "Feature", "properties": {"name": "Vijaya Clinical Lab - Dr L Hanumayamma", "type": "clinic"}, "geometry": {"type": "Point", "coordinates": [78.51672, 17.42235]}}, {"type": "Feature", "properties": {"name": "Dr.syed Ajaz hussain & Dr.syed mumtaz hussain", "type": "hospital"}, "geometry": {"type": "Point", "coordinates": [78.49964, 17.37748]}}, {"type": "Feature", "properties": {"name": "Apex Hospital", "type": "hospital", "address": "Sagar Ring Road, Near Bairamalguda Bus stop, Karmanghat, Hyderabad"}, "geometry": {"type": "Point", "coordinates": [78.54148, 17.34292]}}, {"type": "Feature", "properties": {"name": "Urban Primary Health Centre, Boggulakunta", "type": "clinic", "address": "4-1-1198, Tilak Road, Near Hyderabad Dental Hospital, Boggulakunta"}, "geometry": {"type": "Point", "coordinates": [78.48034, 17.39114]}}, {"type": "Feature", "properties": {"name": "Shiva Homoeo Stores and clinic", "type": "hospital", "address": "No:, H 11/C,Vengal Rao Nagar, beside tempteys, Sanjeeva Reddy Nagar"}, "geometry": {"type": "Point", "coordinates": [78.44073, 17.44203]}}, {"type": "Feature", "properties": {"name": "Kidzee Children Clinic", "type": "clinic", "address": "Near Yuvasena Grounds, Bharat Nagar Colony, Moosapet, Hyderabad"}, "geometry": {"type": "Point", "coordinates": [78.42626, 17.46544]}}, {"type": "Feature", "properties": {"name": "Basa balram Clinic", "type": "clinic", "address": "Fateh Nagar, Pipe Line Road, LBS Nagar, Begumpet"}, "geometry": {"type": "Point", "coordinates": [78.4524, 17.46027]}}, {"type": "Feature", "properties": {"name": "Sathya Veda Super Speciality Clinic", "type": "clinic", "address": "Srinivasa Nagar, Ameerpet 53/3rt , Adjacent to Police Station"}, "geometry": {"type": "Point", "coordinates": [78.44713, 17.44151]}}, {"type": "Feature", "properties": {"name": "Srija Hospital", "type": "hospital", "address": "H. No. 5-1/99/A/B, Near Padmasree Gardens, Gowli Doddi, Hyderabad"}, "geometry": {"type": "Point", "coordinates": [78.32408, 17.42792]}}, {"type": "Feature", "properties": {"name": "Dr. G. Sudarshan Reddy Skin Clinic", "type": "doctors", "address": "Sanjeeva Reddy Nagar Road, Vikaspuri, Erragadda"}, "geometry": {"type": "Point", "coordinates": [78.43514, 17.45304]}}, {"type": "Feature", "properties": {"name": "Sri Laxmi Clinic", "type": "clinic", "address": "IDA Jeedimatla, Sundar Rao Nagar Road, Suraram Colony"}, "geometry": {"type": "Point", "coordinates": [78.4385, 17.54381]}}, {"type": "Feature", "properties": {"name": "Dr. Murthy's Clinic", "type": "doctors", "address": "Beside Sri Sai Ram Medical Store, Moosapet"}, "geometry": {"type": "Point", "coordinates": [78.42685, 17.4695]}}, {"type": "Feature", "properties": {"name": "Madhusudhan Hospital", "type": "hospital", "address": "MIG: 487, Road No. 3, Near MeeSeva, KPHB Colony, Hyderabad"}, "geometry": {"type": "Point", "coordinates": [78.39696, 17.48839]}}, {"type": "Feature", "properties": {"name": "Dr G Ram Mohan Reddy Clinic", "type": "doctors", "address": "Shop Number 5, Elephant House, 2nd Floor Ameerpet Cross Road, Opposite Swathi Medicals, Punjagutta Officers Colony, Punjagutta"}, "geometry": {"type": "Point", "coordinates": [78.44651, 17.43393]}}, {"type": "Feature", "properties": {"name": "Punarvasu Clinic", "type": "clinic", "address": "Opp. Raghavendra Medical Store, Moosapet Cross Road, Moosapet, Hyderabad"}, "geometry": {"type": "Point", "coordinates": [78.42362, 17.46994]}}, {"type": "Feature", "properties": {"name": "Lions Club Of Hyderabad Multi Speciality Hospital", "type": "hospital", "address": "Near SS Medical & General Store, Apiic Colony,IDA Jeedimetla"}, "geometry": {"type": "Point", "coordinates": [78.44279, 17.51982]}}, {"type": "Feature", "properties": {"name": "Abhi ENT Clinic", "type": "clinic", "address": "321, Road No 4, KPHB Colony,Hyderabad"}, "geometry": {"type": "Point", "coordinates": [78.39731, 17.49156]}}, {"type": "Feature", "properties": {"name": "Srinivasa clinic, Vengal Rao Nagar", "type": "clinic", "address": "Near ambedhkar statue ,Mothi Nagar, Vengal Rao Nagar"}, "geometry": {"type": "Point", "coordinates": [78.43912, 17.44168]}}, {"type": "Feature", "properties": {"name": "ENT Clinic, Madhura Naga", "type": "clinic", "address": "D-32, Vamika Arcade, Madhura Nagar, near icici bank"}, "geometry": {"type": "Point", "coordinates": [78.43761, 17.44046]}}, {"type": "Feature", "properties": {"name": "Archana Clinic", "type": "clinic", "address": "Transport Road, Beside Balaji Enclave, Karkhana, Secunderabad"}, "geometry": {"type": "Point", "coordinates": [78.4944, 17.46219]}}, {"type": "Feature", "properties": {"name": "Vijaylaxmi Maternity Hospital", "type": "hospital", "address": "Vinayak Nagar, Balanagar"}, "geometry": {"type": "Point", "coordinates": [78.45767, 17.46849]}}, {"type": "Feature", "properties": {"name": "Jogratna Firstaid Centre", "type": "clinic", "address": "Opp. Sudhir Electric, Moosapet"}, "geometry": {"type": "Point", "coordinates": [78.42256, 17.46925]}}, {"type": "Feature", "properties": {"name": "Apple Diagnostic & Medical Centre, S.R nagar", "type": "clinic", "address": "S.R nagar main road, beside metro station"}, "geometry": {"type": "Point", "coordinates": [78.44165, 17.44231]}}, {"type": "Feature", "properties": {"name": "Safe Cure Homeo Clinic", "type": "clinic", "address": "8-3-214/1/2/B, Srinivasa colony (West)"}, "geometry": {"type": "Point", "coordinates": [78.44158, 17.43969]}}, {"type": "Feature", "properties": {"name": "Aparna Homeo Clinic", "type": "clinic", "address": "Aparna Complex, Balanagar, Hyderabad"}, "geometry": {"type": "Point", "coordinates": [78.45253, 17.46322]}}, {"type": "Feature", "properties": {"name": "Sneha Obesity Clinic", "type": "clinic", "address": "Bapuji Nagar, Bowenpally, Secunderabad"}, "geometry": {"type": "Point", "coordinates": [78.48286, 17.46636]}}, {"type": "Feature", "properties": {"name": "Health Care General Hospital", "type": "hospital", "address": "Opposite Sai Baba Temple, Beside United Bank of India, Jeedimetla, Suraram"}, "geometry": {"type": "Point", "coordinates": [78.43375, 17.53915]}}, {"type": "Feature", "properties": {"name": "Amma Hospitals", "type": "hospital", "address": "16-11-511/D/16, Shalivahana Nagar, Near Bhashyam School Dilsukhnagar"}, "geometry": {"type": "Point", "coordinates": [78.52299, 17.37249]}}, {"type": "Feature", "properties": {"name": "Chandsi Clinic", "type": "clinic", "address": "Nimboliadda, Beside Traffic Police Station, Nimboliadda, Kachiguda"}, "geometry": {"type": "Point", "coordinates": [78.49398, 17.38242]}}, {"type": "Feature", "properties": {"name": "Saroornagar Hospital", "type": "hospital", "address": "Near Gandhi Statue, Saroornagar Cross Roads, Hyderabad"}, "geometry": {"type": "Point", "coordinates": [78.53241, 17.35489]}}, {"type": "Feature", "properties": {"name": "Srihitha Hospital", "type": "hospital", "address": "Kamala Nagar, Lane opp. To Pulla Reddy Sweets, Dilsukhnagar"}, "geometry": {"type": "Point", "coordinates": [78.52965, 17.36764]}}, {"type": "Feature", "properties": {"name": "Kalpataru Homoeopathy Clinic, Bowenpally,", "type": "clinic", "address": "Sai Krishna Colony, beside SBI, Old Bowenpally, Secunderabad"}, "geometry": {"type": "Point", "coordinates": [78.48185, 17.47615]}}, {"type": "Feature", "properties": {"name": "Dr. Sagar's Homeopathy Clinic", "type": "doctors", "address": "Andhra Bank Road, Shapur Nagar, Azad Nagar, Jeedimetla"}, "geometry": {"type": "Point", "coordinates": [78.44581, 17.51218]}}, {"type": "Feature", "properties": {"name": "Narsimha Clinic", "type": "clinic", "address": "12-7-10/A, Beside Jyothi Medical Store, Moosapet"}, "geometry": {"type": "Point", "coordinates": [78.42246, 17.46919]}}, {"type": "Feature", "properties": {"name": "Dr. M. Prashanthi Homoeo Physician", "type": "doctors", "address": "Near Bharat Nagar Water Tank, Bharat Nagar Colony, Hyderabad"}, "geometry": {"type": "Point", "coordinates": [78.42715, 17.46408]}}, {"type": "Feature", "properties": {"name": "Dr. E.Seetharam's Clinic", "type": "doctors", "address": "Near Yuvasena Grounds, Bharat Nagar Colony, SP Nagar, Moosapet"}, "geometry": {"type": "Point", "coordinates": [78.4264, 17.46538]}}, {"type": "Feature", "properties": {"name": "Tru Dental Care", "type": "clinic", "address": "MIG 292, 4th Lane, Road No. 4, KPHB Colony, Opposite United Bank of India, Kukatpally, Hyderabad"}, "geometry": {"type": "Point", "coordinates": [78.39673, 17.49037]}}, {"type": "Feature", "properties": {"name": "Hayatt Hospital", "type": "hospital", "address": "Opp. Majestic Garden, Daulat Gulshan Colony, Toli Chowki"}, "geometry": {"type": "Point", "coordinates": [78.41241, 17.40123]}}, {"type": "Feature", "properties": {"name": "Srinivasa poly clinic and diagnostics", "type": "clinic", "address": "A/9 model house, opp: vishwabharathi academy, vengal rao nagar"}, "geometry": {"type": "Point", "coordinates": [78.43969, 17.44031]}}, {"type": "Feature", "properties": {"name": "Gutta Eye Clinic", "type": "hospital", "address": "Shop No.2, Yaseen Complex, Opposite Chennai Shopping Mall, Ameerpet"}, "geometry": {"type": "Point", "coordinates": [78.44614, 17.43296]}}, {"type": "Feature", "properties": {"name": "Sai Sadan Skin & Gynecologist Clinic", "type": "clinic", "address": "Bhavani Nagar, Moosapet, Hyderabad"}, "geometry": {"type": "Point", "coordinates": [78.42851, 17.46928]}}, {"type": "Feature", "properties": {"name": "E.N.T Clinic", "type": "clinic", "address": "Sri raghavendra Mansions, Old Airport Rd, Ashok Nagar"}, "geometry": {"type": "Point", "coordinates": [78.45092, 17.46409]}}, {"type": "Feature", "properties": {"name": "Sai Orthopaedic Clinic", "type": "clinic", "address": "8-3-214/2, Srinivasa Nagar West, Ameerpet"}, "geometry": {"type": "Point", "coordinates": [78.44064, 17.439]}}, {"type": "Feature", "properties": {"name": "Apple Diagnostic & Medical Centre, Kukatpally", "type": "hospital", "address": "266, Near Geethanjali Talent, School, Vivekananda Nagar, Kukatpally"}, "geometry": {"type": "Point", "coordinates": [78.4097, 17.49309]}}, {"type": "Feature", "properties": {"name": "SAAVI CLINICS", "type": "clinic", "address": "8-3-222/12/A, 53/A Block C, Madhuranagar, Lata Enclave, Yousufguda"}, "geometry": {"type": "Point", "coordinates": [78.43702, 17.43657]}}, {"type": "Feature", "properties": {"name": "UMA clinic", "type": "clinic", "address": "D-32, Vamika Arcade, Madhura Nagar, near icici bank"}, "geometry": {"type": "Point", "coordinates": [78.43755, 17.44047]}}, {"type": "Feature", "properties": {"name": "RM Hospital", "type": "hospital", "address": "Mallikarjuna Nagar,near Beerumguda Kaman, BesideKrishna Reddy Sweet Lane,Beerumguda, RC Puram"}, "geometry": {"type": "Point", "coordinates": [78.29985, 17.51016]}}, {"type": "Feature", "properties": {"name": "Alavi Hospital", "type": "hospital", "address": "5-120/2, Opposite Sha SHAhensha Theatre, HMT Road, Chintal"}, "geometry": {"type": "Point", "coordinates": [78.45123, 17.49252]}}, {"type": "Feature", "properties": {"name": "Clear Sight Eye Clinic", "type": "clinic", "address": "Beside Nut Planet, Anjaneya Nagar, Moosapet, Hyderabad"}, "geometry": {"type": "Point", "coordinates": [78.41953, 17.47136]}}, {"type": "Feature", "properties": {"name": "Siva Homeo Care Clinic", "type": "clinic", "address": "E-63, Beside SRK RAJU community Hall, near Vellanki Foods, Madhuranagar"}, "geometry": {"type": "Point", "coordinates": [78.4357, 17.4391]}}, {"type": "Feature", "properties": {"name": "Laxmi Sai Clinic", "type": "clinic", "address": "Raju Colony Rd, Vinayak Nagar, Balanagar"}, "geometry": {"type": "Point", "coordinates": [78.45561, 17.46584]}}, {"type": "Feature", "properties": {"name": "Chaitanya Hospital", "type": "hospital", "address": "Near Panchaseela School, Patel Nagar, Moosapet"}, "geometry": {"type": "Point", "coordinates": [78.42568, 17.46944]}}, {"type": "Feature", "properties": {"name": "Bharath Nagar Clinic", "type": "clinic", "address": "Opp. Aditya Bakery, Bharat Nagar Colony, Moosapet, Hyderabad"}, "geometry": {"type": "Point", "coordinates": [78.42656, 17.46561]}}, {"type": "Feature", "properties": {"name": "ZOI Hospital", "type": "hospital", "address": "H.No: 6-3-1106/1/A, Near HSBC BANK, Raj Bhavan Road, Somajiguda"}, "geometry": {"type": "Point", "coordinates": [78.45734, 17.42777]}}, {"type": "Feature", "properties": {"name": "Kalpataru Homoeopathy clinic, Madhuranagar", "type": "clinic", "address": "C-20, Madhuranagar, Landmark: Opposite Vellanki Foods"}, "geometry": {"type": "Point", "coordinates": [78.43696, 17.43931]}}, {"type": "Feature", "properties": {"name": "DR. Raja Sekar's Skin, hair & laser clinic", "type": "doctors", "address": "Plot No 203, Sharada Complex, Kalyan Nagar Phase 1 ,Signal Road"}, "geometry": {"type": "Point", "coordinates": [78.43271, 17.4442]}}, {"type": "Feature", "properties": {"name": "Nadipathy Hospital", "type": "hospital", "address": "Vydehi Nagar, Opp. Sri Indu PG College,Vanasthalipuram"}, "geometry": {"type": "Point", "coordinates": [78.56871, 17.32122]}}, {"type": "Feature", "properties": {"name": "Dr. M. Krishna Rao's Clinic", "type": "doctors", "address": "Beside Jodhpur Mithai Wala, Patel Nagar, Moosapet, Hyderabad"}, "geometry": {"type": "Point", "coordinates": [78.42238, 17.46944]}}, {"type": "Feature", "properties": {"name": "Dr. Bajrang Pratap's Clinic", "type": "doctors", "address": "Near St. George's Degree College, King Koti Road, Bogulkunta, Hyderguda"}, "geometry": {"type": "Point", "coordinates": [78.47843, 17.39318]}}, {"type": "Feature", "properties": {"name": "Positive Homeopathy clinic", "type": "clinic", "address": "metro station, #301, SRK Apartment, Opp. Madura Nagar, Yousufguda Main Rd, Sai Sarathi Nagar, Padala Ramareddy Colony"}, "geometry": {"type": "Point", "coordinates": [78.44021, 17.43748]}}, {"type": "Feature", "properties": {"name": "Dr. Arunasree Clinic", "type": "doctors", "address": "Shop NO. 6-3-43/A, Opp. HAL 1st Gate, Old Airport Rd, Ashok Nagar, Shobana Colony, Balanagar"}, "geometry": {"type": "Point", "coordinates": [78.4512, 17.4641]}}, {"type": "Feature", "properties": {"name": "Trichos Skin Care", "type": "hospital", "address": "ROAD NO.1, Near Vasan Dental Care, KPHB"}, "geometry": {"type": "Point", "coordinates": [78.40067, 17.48894]}}, {"type": "Feature", "properties": {"name": "Padmavathi Clinic, Erragadda", "type": "clinic", "address": "Erragadda Road, Anand Nagar"}, "geometry": {"type": "Point", "coordinates": [78.4326, 17.45593]}}, {"type": "Feature", "properties": {"name": "Harsha Dental Dantam Network Dental Hospitals", "type": "hospital", "address": "Jeedimetla Main Road, Sudershan Reddy Nagar, Quthbullapur, Opp Chintal Bus Stop"}, "geometry": {"type": "Point", "coordinates": [78.45244, 17.4958]}}, {"type": "Feature", "properties": {"name": "Omega Clinics", "type": "clinic", "address": "Divija Enclave, Street No:3, Addagutta Society, Opp. JNTU, Near Narayana High School, KPHB, Hyderabad"}, "geometry": {"type": "Point", "coordinates": [78.3947, 17.49858]}}, {"type": "Feature", "properties": {"name": "Gopal Clinic", "type": "clinic", "address": "APHB Colony, Suraram, NTR Nagar Road"}, "geometry": {"type": "Point", "coordinates": [78.43854, 17.54176]}}, {"type": "Feature", "properties": {"name": "Sai Krishna Teja Homoeo Clinic", "type": "clinic", "address": "61/A, Adj to heritage fresh super market, Vengal Rao Nagar"}, "geometry": {"type": "Point", "coordinates": [78.43936, 17.44254]}}, {"type": "Feature", "properties": {"name": "JBI Hospital", "type": "hospital", "address": "8-1-299/A/104, Lane Beside Ice Cream Parlour, Madura Hills Colony, Near Bharat Gas, Shaikpet"}, "geometry": {"type": "Point", "coordinates": [78.4007, 17.40924]}}, {"type": "Feature", "properties": {"name": "Vaikhan Hospitals", "type": "clinic", "address": "SR Nagar main road , Sanjeeva Reddy Nagar"}, "geometry": {"type": "Point", "coordinates": [78.44163, 17.44229]}}, {"type": "Feature", "properties": {"name": "J.K. Hospital", "type": "hospital", "address": "Mig-327, Road No 4, Opp. ENT Clinic, Kphb Colony"}, "geometry": {"type": "Point", "coordinates": [78.39797, 17.4934]}}, {"type": "Feature", "properties": {"name": "Amrutha Multi Speciality Clinics", "type": "clinic", "address": "MIG - 410, Ground Floor, Sai Diya Residency, Road No. 4, KPHB, Hyderabad"}, "geometry": {"type": "Point", "coordinates": [78.39607, 17.48972]}}, {"type": "Feature", "properties": {"name": "Ideal clinic", "type": "clinic", "address": "116, 116, Dr. K.V. Rao Scientific Society, near hanuman temple, Kalyan Nagar Phase 1, Siddarth Nagar"}, "geometry": {"type": "Point", "coordinates": [78.4337, 17.44125]}}, {"type": "Feature", "properties": {"name": "Alavi Eye Clinic", "type": "clinic", "address": "F-8, Wureka Court, Lane Adj To Bata Showroom, Ameerpet"}, "geometry": {"type": "Point", "coordinates": [78.44638, 17.4319]}}, {"type": "Feature", "properties": {"name": "Chitlus Clinic", "type": "clinic", "address": "Apurupa Colony, Jeedimetla Inner Road, Suraram, SR Naik Nagar"}, "geometry": {"type": "Point", "coordinates": [78.44446, 17.53202]}}, {"type": "Feature", "properties": {"name": "Siri Clinic", "type": "clinic", "address": "Suraram Market Road, Near Madhavi Medical & General Store"}, "geometry": {"type": "Point", "coordinates": [78.43633, 17.53984]}}, {"type": "Feature", "properties": {"name": "CGHS Dispensary No.XIII,Tarnaka", "type": "clinic", "address": "Uppal Main Road, Adjacent to Union Bank of India"}, "geometry": {"type": "Point", "coordinates": [78.55833, 17.40211]}}, {"type": "Feature", "properties": {"name": "KSR Eye Clinic", "type": "clinic", "address": "Lane Number 1, near Sunrich Hospital, AG Colony, Erragadda"}, "geometry": {"type": "Point", "coordinates": [78.43192, 17.4486]}}, {"type": "Feature", "properties": {"name": "Best Clinics", "type": "clinic", "address": "303, Above Vijaya Bank, Road Number 12, Banjara Hills, Ameerpet"}, "geometry": {"type": "Point", "coordinates": [78.4459, 17.43439]}}, {"type": "Feature", "properties": {"name": "Well being obesity & Pain Clinic", "type": "clinic", "address": "8-3-167, D/232, Vengal Rao Nagar Rd, Kalyan Nagar Phase 1"}, "geometry": {"type": "Point", "coordinates": [78.43446, 17.44353]}}, {"type": "Feature", "properties": {"name": "Sri Vibhav Health Care", "type": "clinic", "address": "Beside Cake Walk Bakery, Pragathi Nagar, Moosapet"}, "geometry": {"type": "Point", "coordinates": [78.42447, 17.47379]}}, {"type": "Feature", "properties": {"name": "Bakoban Hospital", "type": "hospital", "address": "CRPF Colony, Chandrayangutta"}, "geometry": {"type": "Point", "coordinates": [78.4801, 17.32243]}}, {"type": "Feature", "properties": {"name": "Sri Sai Rama Clinic", "type": "hospital", "address": "1-11-240/2D, Shyamalal Building, Near Ganesh Temple,Begumpet"}, "geometry": {"type": "Point", "coordinates": [78.46175, 17.44523]}}, {"type": "Feature", "properties": {"name": "Dr. K. Rama Swamy Clinic", "type": "doctors", "address": "Shobhana Complex, Balanagar Main Road, Opposite Nasa Gate, Ashok Nagar"}, "geometry": {"type": "Point", "coordinates": [78.45076, 17.46445]}}, {"type": "Feature", "properties": {"name": "Sri Sai Clinic", "type": "clinic", "address": "Near ICICI Bank atm, Road NO. 3, KPHB Phase III, K P H B Colony, Hyderabad"}, "geometry": {"type": "Point", "coordinates": [78.39586, 17.48741]}}, {"type": "Feature", "properties": {"name": "Medicare Hospital", "type": "hospital", "address": "19-1-837, Near Vazir Ali Masjid , Doodh Bowli"}, "geometry": {"type": "Point", "coordinates": [78.46361, 17.35547]}}, {"type": "Feature", "properties": {"name": "Dr. B.Srinivas", "type": "doctors", "address": "Hitech City Road, Sri Sai Nagar, Madhapur"}, "geometry": {"type": "Point", "coordinates": [78.38848, 17.44475]}}, {"type": "Feature", "properties": {"name": "Sri Lakshmi Hospital", "type": "hospital", "address": "Near Pillar No.318, Aramghar X Road, Sivarampalli, Hyderabad"}, "geometry": {"type": "Point", "coordinates": [78.43072, 17.32225]}}, {"type": "Feature", "properties": {"name": "Dr T Neelaveni Dental Clinic", "type": "doctors", "address": "33/B, Mothi Nagar, Vengal Rao Nagar"}, "geometry": {"type": "Point", "coordinates": [78.44008, 17.44139]}}, {"type": "Feature", "properties": {"name": "SV Care Poly Clinic", "type": "clinic", "address": "Mahalakshmi Arcade, Opp Indian Oil Petrol Bunk,Madinaguda,Miyapur"}, "geometry": {"type": "Point", "coordinates": [78.33719, 17.49597]}}, {"type": "Feature", "properties": {"name": "Padmavathi Clinic, Hayathnagar", "type": "clinic", "address": "Bus Depot Road,Padmavathi Nagar, Hayathnagar"}, "geometry": {"type": "Point", "coordinates": [78.59305, 17.32916]}}, {"type": "Feature", "properties": {"name": "Akhil Clinic", "type": "clinic", "address": "Beside Aditya Medical & General Store, Moosapet"}, "geometry": {"type": "Point", "coordinates": [78.42251, 17.46943]}}, {"type": "Feature", "properties": {"name": "Suraksha Women And Children Hospital", "type": "hospital", "address": "National Highway 44, Opp.Canton Residential Township, NCL Enclave South, Jeedimetla"}, "geometry": {"type": "Point", "coordinates": [78.48047, 17.51705]}}, {"type": "Feature", "properties": {"name": "Om sai poly clinic", "type": "clinic", "address": "Shop No. 69/A, Vaastu Apartments, opposite to DTDC, Vengal Rao Nagar"}, "geometry": {"type": "Point", "coordinates": [78.44018, 17.44191]}}, {"type": "Feature", "properties": {"name": "Genesis Clinics", "type": "clinic", "address": "no 1 & 3 plot, Hno: 58, Srinivasa Nagar W, Srinivasa Nagar West"}, "geometry": {"type": "Point", "coordinates": [78.44183, 17.43933]}}, {"type": "Feature", "properties": {"name": "Sujatha Hospital", "type": "hospital", "address": "P V N R Expressway Pillar No.316, Aramghar X Road, Rajendra Nagar, Hyderabad"}, "geometry": {"type": "Point", "coordinates": [78.43056, 17.32231]}}, {"type": "Feature", "properties": {"name": "Neo Vision Eye Care Centre", "type": "clinic", "address": "Shop No.21, 3-51/A, Abhishek Tower, Ashok Nagar, Shobana Colony, Balanagar"}, "geometry": {"type": "Point", "coordinates": [78.45108, 17.46412]}}, {"type": "Feature", "properties": {"name": "Eureka Hospital", "type": "hospital", "address": "Mallikarjun Nagar,Beeramguda, NH 9, Near Vijetha Supermarket"}, "geometry": {"type": "Point", "coordinates": [78.29937, 17.50987]}}, {"type": "Feature", "properties": {"name": "Vasundhara Hospital", "type": "hospital", "address": "Lane Beside Cake Walk Bakery, Pragathi Nagar, Moosapet, Hyderabad"}, "geometry": {"type": "Point", "coordinates": [78.42167, 17.47348]}}, {"type": "Feature", "properties": {"name": "Salamah Hospital", "type": "hospital", "address": "13-6-148, Near Quba Masjid, Rock Hill Colony, Toli Chowki, Mehdipatnam"}, "geometry": {"type": "Point", "coordinates": [78.42645, 17.39218]}}, {"type": "Feature", "properties": {"name": "Esani Diabetes & Multi Speciality Center", "type": "clinic", "address": "Door No. 8-1-21/41, Seven Tombs Road, Surya Nagar Colony, Tolichowki"}, "geometry": {"type": "Point", "coordinates": [78.41179, 17.39888]}}, {"type": "Feature", "properties": {"name": "Asha Clinic", "type": "clinic", "address": "Krishna Nagar, near Sri Sairam High School Main Branch, Yousufguda"}, "geometry": {"type": "Point", "coordinates": [78.42757, 17.43259]}}, {"type": "Feature", "properties": {"name": "Ishta Woman & Children Clinic", "type": "clinic", "address": "Road No.1, MIG: 540, KPHB, Hyderabad"}, "geometry": {"type": "Point", "coordinates": [78.39889, 17.48509]}}, {"type": "Feature", "properties": {"name": "Aradhya Multi Speciality Hospital", "type": "hospital", "address": "Opp. Andhra Bank, Beside Sangeetha Mobiles, Moosapet 'X' Road"}, "geometry": {"type": "Point", "coordinates": [78.42753, 17.46917]}}, {"type": "Feature", "properties": {"name": "Raman Hospital", "type": "hospital", "address": "Behind Chintal Bus Stop, Sudharshan Reddy Nagar, Qutubullapur, Dwarakapuri Colony"}, "geometry": {"type": "Point", "coordinates": [78.45325, 17.49566]}}, {"type": "Feature", "properties": {"name": "Skorts Multi Speciality Clinics", "type": "hospital", "address": "231A, Ground Floor, Simhapuri Mansion, Beside ICICI Bank, Vengalrao nagar, Kalyan Nagar Phase I"}, "geometry": {"type": "Point", "coordinates": [78.43462, 17.44362]}}, {"type": "Feature", "properties": {"name": "IBM Hospital", "type": "hospital", "address": "9-4-87/8/10, MD Lines, Moti Darwaza Road, Minar Colony, Tolichowki"}, "geometry": {"type": "Point", "coordinates": [78.41752, 17.39574]}}, {"type": "Feature", "properties": {"name": "Al Madina General Hospital", "type": "hospital", "address": "Ismail Nagar, Chandrayangutta, Hyderabad"}, "geometry": {"type": "Point", "coordinates": [78.46839, 17.30586]}}, {"type": "Feature", "properties": {"name": "Shreya Hospitals", "type": "hospital", "address": "ADARSH NAGAR, OPPOOSITE TO GULMOHAR PARK, Serilingampally"}, "geometry": {"type": "Point", "coordinates": [78.32025, 17.47951]}}, {"type": "Feature", "properties": {"name": "Lakshmi Priya Nursing", "type": "hospital", "address": "Opp. Aditya Hospital, Beside Petrol Bunk Lane , Uppal"}, "geometry": {"type": "Point", "coordinates": [78.57414, 17.40283]}}, {"type": "Feature", "properties": {"name": "Bhavani Poly Clinic", "type": "clinic", "address": "7/C, Vengal Rao Nagar, Ameerpet"}, "geometry": {"type": "Point", "coordinates": [78.43893, 17.44055]}}, {"type": "Feature", "properties": {"name": "SKIMS Hospital", "type": "hospital", "address": "2-6-71/A, Bharath Nagar Colony, Near Masjid, Uppal"}, "geometry": {"type": "Point", "coordinates": [78.56702, 17.40234]}}, {"type": "Feature", "properties": {"name": "\u0c2c\u0c3f\u0c2c\u0c3f\u0c06\u0c30\u0c4d \u0c38\u0c42\u0c2a\u0c30\u0c4d \u0c38\u0c4d\u0c2a\u0c46\u0c37\u0c32\u0c3f\u0c1f\u0c40 \u0c39\u0c3e\u0c38\u0c4d\u0c2a\u0c3f\u0c1f\u0c32\u0c4d", "type": "hospital", "emergency": "yes", "address": "7-4-194, Ferozguda, Balanagar"}, "geometry": {"type": "Point", "coordinates": [78.45711, 17.46425]}}, {"type": "Feature", "properties": {"name": "Vision Eye Care Poly Clinic", "type": "clinic", "address": "Cherlapally Railway Station Lane, Railway Colony, Cherlapalli, Secunderabad"}, "geometry": {"type": "Point", "coordinates": [78.60468, 17.45904]}}, {"type": "Feature", "properties": {"name": "Keerthi Clinic", "type": "clinic", "address": "Old Airport Rd, Opp. H.A.L Gate -, Ashok Nagar, Shobana Colony, Balanagar"}, "geometry": {"type": "Point", "coordinates": [78.45081, 17.46415]}}, {"type": "Feature", "properties": {"name": "B.Gandhi First Aid Center", "type": "clinic", "address": "Near Sadguru Medical & General Store, Suraram Colony, Hyderabad"}, "geometry": {"type": "Point", "coordinates": [78.43828, 17.54492]}}, {"type": "Feature", "properties": {"name": "Sri Sai Krishna Polyclinic", "type": "clinic", "address": "Opp. Aditha Bakery, Bharat Nagar, Moosapet"}, "geometry": {"type": "Point", "coordinates": [78.42678, 17.4655]}}, {"type": "Feature", "properties": {"name": "Murthy nursing home", "type": "clinic", "address": "317/c, ESI-Balkampet Rd, near BK Guda, Sanjeeva Reddy Nagar"}, "geometry": {"type": "Point", "coordinates": [78.44478, 17.44701]}}, {"type": "Feature", "properties": {"name": "Dr.Vivek's Multispeciality Dental care", "type": "doctors", "address": "Flat, 203, Vengal Rao Nagar Road, Kalyan Nagar Phase 1"}, "geometry": {"type": "Point", "coordinates": [78.43276, 17.44422]}}, {"type": "Feature", "properties": {"name": "Sri Nitya Hospital", "type": "hospital", "address": "Plot No. 91, Panchayat Raj Teachers Colony, Hastinapuram, Hyderabad"}, "geometry": {"type": "Point", "coordinates": [78.55689, 17.32409]}}, {"type": "Feature", "properties": {"name": "Manikanta Clinic", "type": "clinic", "address": "Near Sri Gopal Medical Store, Suraram Colony, Jeedimetla"}, "geometry": {"type": "Point", "coordinates": [78.43832, 17.54325]}}, {"type": "Feature", "properties": {"name": "Dr. Asha Khivsara's Clinic", "type": "doctors", "address": "Raja Reddy Marg, King Koti, Basheer Bagh"}, "geometry": {"type": "Point", "coordinates": [78.4801, 17.3951]}}, {"type": "Feature", "properties": {"name": "Mamatha Clinic", "type": "clinic", "address": "Jeedimetla Road, Near Police Station, Fish Market, Shobana Colony, Balanagar"}, "geometry": {"type": "Point", "coordinates": [78.44999, 17.46482]}}, {"type": "Feature", "properties": {"name": "Dr Pradeep Balli Diabetic Foot Clinic", "type": "doctors", "address": "MIG-296, Road No.4, Beside UCO Bank, KPHB Colony, Kukatpally"}, "geometry": {"type": "Point", "coordinates": [78.39632, 17.49021]}}, {"type": "Feature", "properties": {"name": "Sushmitha Clinic", "type": "clinic", "address": "Beside Srinivas Photo Studio, Yuvasena Grounds, Bharat Nagar Colony, Moosapet"}, "geometry": {"type": "Point", "coordinates": [78.42637, 17.46568]}}, {"type": "Feature", "properties": {"name": "Raghu Gastero & Liver Clinic", "type": "clinic", "address": "Above Devisree Jewellers, Thumu Murali Patel Complex, Moosapet, Hyderabad"}, "geometry": {"type": "Point", "coordinates": [78.42628, 17.46951]}}, {"type": "Feature", "properties": {"name": "G.K.Poly Clinic", "type": "clinic", "address": "8-3-945, Shop No.4, New Science College Lane, Nagarjuna Nagar colony, Ameerpet"}, "geometry": {"type": "Point", "coordinates": [78.4462, 17.43261]}}, {"type": "Feature", "properties": {"name": "Neo Children's Clinic", "type": "clinic", "address": "Beside Vijetha supermarket; mumbai highway; Beeramguda; Rc puram"}, "geometry": {"type": "Point", "coordinates": [78.29984, 17.50966]}}, {"type": "Feature", "properties": {"name": "Srinivasa Clinic, Chinthal", "type": "clinic", "address": "Phase 1,IDA Jeedimetla, Chinthal"}, "geometry": {"type": "Point", "coordinates": [78.44749, 17.51443]}}, {"type": "Feature", "properties": {"name": "Sakhi Hospital", "type": "hospital", "address": "MIG -235, Government Hospital Rod, Phase 4, TV Colony, Vanasthalipuram"}, "geometry": {"type": "Point", "coordinates": [78.56454, 17.3293]}}, {"type": "Feature", "properties": {"name": "ENT Clinic, KPHB", "type": "clinic", "address": "MIG 253,Road No 4, Remedy Hospital Lane, KPHB"}, "geometry": {"type": "Point", "coordinates": [78.39812, 17.4932]}}, {"type": "Feature", "properties": {"name": "Archana Multi Speciality Hospital", "type": "hospital", "address": "H.No. 5-126/1, Opp. Taruni Auto Works, Chandanagar"}, "geometry": {"type": "Point", "coordinates": [78.32092, 17.4935]}}, {"type": "Feature", "properties": {"name": "Government Homoeo Dispensary, CHIKKADPALLY", "type": "doctors", "address": "beside Govt school musheerabad"}, "geometry": {"type": "Point", "coordinates": [78.49994, 17.4181]}}, {"type": "Feature", "properties": {"name": "SAI RAM MULTI SPECIALITY HOSPITAL (ARK HEALTH CARE PVT LTD)", "type": "hospital", "address": "H.No: 7-78/1, Madhura Puri, Konark Theatre Lane, P & T Colony Road, Dilsukhnagar"}, "geometry": {"type": "Point", "coordinates": [78.52553, 17.36594]}}, {"type": "Feature", "properties": {"name": "Raghupathi Reddy Hospital", "type": "clinic", "address": "Vijayapuri Colony, Uppal"}, "geometry": {"type": "Point", "coordinates": [78.56566, 17.4004]}}, {"type": "Feature", "properties": {"name": "SRU Facture & Plastic Surgery", "type": "hospital", "address": "Mig-233, 3rd Road, Beside, Near Sri Sri VOC Jr. College, Kphb Main Road"}, "geometry": {"type": "Point", "coordinates": [78.39953, 17.49424]}}, {"type": "Feature", "properties": {"name": "Apollo Pharmacy", "type": "pharmacy"}, "geometry": {"type": "Point", "coordinates": [78.45251, 17.49561]}}, {"type": "Feature", "properties": {"name": "Q City Medical", "type": "pharmacy"}, "geometry": {"type": "Point", "coordinates": [78.32619, 17.42734]}}, {"type": "Feature", "properties": {"name": "Apollo Pharmacy", "type": "pharmacy"}, "geometry": {"type": "Point", "coordinates": [78.43909, 17.44175]}}, {"type": "Feature", "properties": {"name": "Madhavi Medical & General Store", "type": "pharmacy"}, "geometry": {"type": "Point", "coordinates": [78.43634, 17.5398]}}, {"type": "Feature", "properties": {"name": "Srikara Medical Store", "type": "pharmacy"}, "geometry": {"type": "Point", "coordinates": [78.34813, 17.492]}}, {"type": "Feature", "properties": {"name": "Sapthagiri Medical & General Store", "type": "pharmacy"}, "geometry": {"type": "Point", "coordinates": [78.43034, 17.32266]}}, {"type": "Feature", "properties": {"name": "Raghavendra Medical", "type": "pharmacy"}, "geometry": {"type": "Point", "coordinates": [78.42369, 17.46981]}}, {"type": "Feature", "properties": {"name": "People's Pharmacy", "type": "pharmacy"}, "geometry": {"type": "Point", "coordinates": [78.43375, 17.53909]}}, {"type": "Feature", "properties": {"name": "Value Pharmacy", "type": "pharmacy"}, "geometry": {"type": "Point", "coordinates": [78.39789, 17.49327]}}, {"type": "Feature", "properties": {"name": "People's Pharmacy", "type": "pharmacy"}, "geometry": {"type": "Point", "coordinates": [78.43918, 17.44094]}}, {"type": "Feature", "properties": {"name": "Nirog Clinic", "type": "clinic", "address": "Ramachandra Puram"}, "geometry": {"type": "Point", "coordinates": [78.30397, 17.51012]}}, {"type": "Feature", "properties": {"name": "chandana clinic", "type": "clinic"}, "geometry": {"type": "Point", "coordinates": [78.53755, 17.47155]}}, {"type": "Feature", "properties": {"name": "Gangaram Community Hall Health Sub Center", "type": "hospital", "address": "NH-65, Gangaram, Chandanagar"}, "geometry": {"type": "Point", "coordinates": [78.32969, 17.4945]}}, {"type": "Feature", "properties": {"name": "Amar Dental Clinic", "type": "clinic", "address": "Gachibowli - Miyapur Highway"}, "geometry": {"type": "Point", "coordinates": [78.3635, 17.44068]}}, {"type": "Feature", "properties": {"name": "Community Health Centre, Panipura", "type": "hospital", "address": "Pannipura"}, "geometry": {"type": "Point", "coordinates": [78.44645, 17.37324]}}, {"type": "Feature", "properties": {"name": "SHREYA HOSPITAL", "type": "hospital", "address": "8-3-168 / M/ 12 KALYAN NAGAR, RAJEEV NAGAR X ROAD"}, "geometry": {"type": "Point", "coordinates": [78.42356, 17.45095]}}, {"type": "Feature", "properties": {"name": "DR NAVEEN REDDYS GENERAL HOSPITAL", "type": "hospital", "address": "Plot No: 3-1-171 SNEHAPURI COLONY, MOTI NAGAR"}, "geometry": {"type": "Point", "coordinates": [78.42001, 17.45461]}}, {"type": "Feature", "properties": {"name": "Medicure Diagnostic and Research Center(Alekhya Scanning Center)", "type": "hospital", "address": "Vijayanagar Colony"}, "geometry": {"type": "Point", "coordinates": [78.45442, 17.39537]}}, {"type": "Feature", "properties": {"name": "Bhavani Medical Shop", "type": "pharmacy"}, "geometry": {"type": "Point", "coordinates": [78.43708, 17.43898]}}, {"type": "Feature", "properties": {"name": "Health care Medical and General store", "type": "pharmacy"}, "geometry": {"type": "Point", "coordinates": [78.49807, 17.45539]}}, {"type": "Feature", "properties": {"name": "Chandik medical stores", "type": "pharmacy"}, "geometry": {"type": "Point", "coordinates": [78.43805, 17.44064]}}, {"type": "Feature", "properties": {"name": "Aditya Medical Hall", "type": "pharmacy"}, "geometry": {"type": "Point", "coordinates": [78.42263, 17.46941]}}, {"type": "Feature", "properties": {"name": "KIMS Cruddle", "type": "hospital", "address": "Gachibowli - Miyapur Highway"}, "geometry": {"type": "Point", "coordinates": [78.36781, 17.46597]}}, {"type": "Feature", "properties": {"name": "srisri holistic", "type": "hospital", "address": "Nizampet Road"}, "geometry": {"type": "Point", "coordinates": [78.38875, 17.5029]}}, {"type": "Feature", "properties": {"name": "Healthcare facility", "type": "hospital", "address": "Nizampet Road"}, "geometry": {"type": "Point", "coordinates": [78.38878, 17.50298]}}, {"type": "Feature", "properties": {"name": "Durga prasad", "type": "hospital", "address": "HMT colony"}, "geometry": {"type": "Point", "coordinates": [78.54781, 17.42346]}}, {"type": "Feature", "properties": {"name": "Healthcare facility", "type": "hospital"}, "geometry": {"type": "Point", "coordinates": [78.5456, 17.37455]}}, {"type": "Feature", "properties": {"name": "MedPlus", "type": "pharmacy", "address": "Military Dairy Farm Road"}, "geometry": {"type": "Point", "coordinates": [78.47869, 17.48217]}}, {"type": "Feature", "properties": {"name": "SHEKAR HOSPITAL", "type": "hospital", "address": "MALLIKARJUNA COLONY"}, "geometry": {"type": "Point", "coordinates": [78.48164, 17.47876]}}, {"type": "Feature", "properties": {"name": "Apollo Pharmacy", "type": "pharmacy", "address": "RR NAGAR"}, "geometry": {"type": "Point", "coordinates": [78.48064, 17.48227]}}, {"type": "Feature", "properties": {"name": "Apollo", "type": "hospital"}, "geometry": {"type": "Point", "coordinates": [78.36598, 17.45945]}}, {"type": "Feature", "properties": {"name": "Nirmalam Lifestyle Clinic", "type": "clinic"}, "geometry": {"type": "Point", "coordinates": [78.44122, 17.4361]}}, {"type": "Feature", "properties": {"name": "Titan eye plus", "type": "hospital"}, "geometry": {"type": "Point", "coordinates": [78.34025, 17.4948]}}, {"type": "Feature", "properties": {"name": "Apollo Pharmacy", "type": "pharmacy"}, "geometry": {"type": "Point", "coordinates": [78.34017, 17.49711]}}, {"type": "Feature", "properties": {"name": "Mythri Clinic", "type": "hospital"}, "geometry": {"type": "Point", "coordinates": [78.41565, 17.50352]}}, {"type": "Feature", "properties": {"name": "Hetero pharmacy", "type": "pharmacy"}, "geometry": {"type": "Point", "coordinates": [78.38678, 17.44418]}}, {"type": "Feature", "properties": {"name": "Care Pharmacy", "type": "pharmacy"}, "geometry": {"type": "Point", "coordinates": [78.38734, 17.44298]}}, {"type": "Feature", "properties": {"name": "SVR Physiotherapy Clinic", "type": "clinic"}, "geometry": {"type": "Point", "coordinates": [78.38594, 17.44385]}}, {"type": "Feature", "properties": {"name": "Dr.Rajetha's Mohana Skin & Hair Clinic", "type": "clinic"}, "geometry": {"type": "Point", "coordinates": [78.38583, 17.45119]}}, {"type": "Feature", "properties": {"name": "Crystal Vision Eye Care Center", "type": "clinic"}, "geometry": {"type": "Point", "coordinates": [78.39186, 17.4431]}}, {"type": "Feature", "properties": {"name": "Shathayu Ayurveda Clinic", "type": "clinic"}, "geometry": {"type": "Point", "coordinates": [78.38552, 17.44931]}}, {"type": "Feature", "properties": {"name": "Srinivasa Hospital", "type": "hospital"}, "geometry": {"type": "Point", "coordinates": [78.39436, 17.44069]}}, {"type": "Feature", "properties": {"name": "Pharmacist", "type": "pharmacy"}, "geometry": {"type": "Point", "coordinates": [78.39501, 17.44037]}}, {"type": "Feature", "properties": {"name": "lifespan hospitals", "type": "hospital", "emergency": "yes", "address": "Near SBI Bank"}, "geometry": {"type": "Point", "coordinates": [78.39242, 17.44582]}}, {"type": "Feature", "properties": {"name": "Krithi Children Clinic", "type": "clinic"}, "geometry": {"type": "Point", "coordinates": [78.39217, 17.4488]}}, {"type": "Feature", "properties": {"name": "Siddha Nagarjuna Ayurveda pharmacy", "type": "pharmacy"}, "geometry": {"type": "Point", "coordinates": [78.39051, 17.44788]}}, {"type": "Feature", "properties": {"name": "MedPlus", "type": "pharmacy"}, "geometry": {"type": "Point", "coordinates": [78.39124, 17.4413]}}, {"type": "Feature", "properties": {"name": "Samanta Homeopathy", "type": "hospital"}, "geometry": {"type": "Point", "coordinates": [78.38809, 17.44138]}}, {"type": "Feature", "properties": {"name": "Sai Krishna Pharmacy", "type": "pharmacy", "emergency": "no"}, "geometry": {"type": "Point", "coordinates": [78.35494, 17.50634]}}, {"type": "Feature", "properties": {"name": "Unkonwn Pharmacy", "type": "pharmacy"}, "geometry": {"type": "Point", "coordinates": [78.35632, 17.50553]}}, {"type": "Feature", "properties": {"name": "Healthcare facility", "type": "hospital"}, "geometry": {"type": "Point", "coordinates": [78.42763, 17.32908]}}, {"type": "Feature", "properties": {"name": "Department of Physiotherapy", "type": "clinic"}, "geometry": {"type": "Point", "coordinates": [78.45258, 17.42169]}}, {"type": "Feature", "properties": {"name": "Shresta hospital", "type": "hospital"}, "geometry": {"type": "Point", "coordinates": [78.44574, 17.43662]}}, {"type": "Feature", "properties": {"name": "Manikanta medical hall", "type": "pharmacy"}, "geometry": {"type": "Point", "coordinates": [78.50921, 17.36243]}}, {"type": "Feature", "properties": {"name": "Univesal", "type": "pharmacy"}, "geometry": {"type": "Point", "coordinates": [78.50877, 17.36366]}}, {"type": "Feature", "properties": {"name": "Care medical shop", "type": "pharmacy"}, "geometry": {"type": "Point", "coordinates": [78.44718, 17.4403]}}, {"type": "Feature", "properties": {"name": "Ankura Children hospital", "type": "hospital"}, "geometry": {"type": "Point", "coordinates": [78.34124, 17.49473]}}, {"type": "Feature", "properties": {"name": "Healthcare facility", "type": "clinic"}, "geometry": {"type": "Point", "coordinates": [78.39606, 17.48732]}}, {"type": "Feature", "properties": {"name": "Apollo Pharmacy", "type": "pharmacy"}, "geometry": {"type": "Point", "coordinates": [78.35984, 17.44095]}}, {"type": "Feature", "properties": {"name": "Apollo Pharmacy", "type": "pharmacy", "address": "Kamalanagar"}, "geometry": {"type": "Point", "coordinates": [78.57977, 17.32947]}}, {"type": "Feature", "properties": {"name": "MedPlus", "type": "pharmacy"}, "geometry": {"type": "Point", "coordinates": [78.57248, 17.37007]}}, {"type": "Feature", "properties": {"name": "Healthcare facility", "type": "clinic"}, "geometry": {"type": "Point", "coordinates": [78.41598, 17.50195]}}, {"type": "Feature", "properties": {"name": "konark diagonistic center", "type": "hospital"}, "geometry": {"type": "Point", "coordinates": [78.51874, 17.36859]}}, {"type": "Feature", "properties": {"name": "Healthcare facility", "type": "hospital"}, "geometry": {"type": "Point", "coordinates": [78.4641, 17.41038]}}, {"type": "Feature", "properties": {"name": "Healthcare facility", "type": "doctors"}, "geometry": {"type": "Point", "coordinates": [78.5095, 17.41763]}}, {"type": "Feature", "properties": {"name": "MedPlus", "type": "pharmacy", "address": "Subdranagar"}, "geometry": {"type": "Point", "coordinates": [78.58393, 17.3287]}}, {"type": "Feature", "properties": {"name": "MedPlus", "type": "pharmacy", "address": "MG Road"}, "geometry": {"type": "Point", "coordinates": [78.26514, 17.53092]}}, {"type": "Feature", "properties": {"name": "Healthcare facility", "type": "pharmacy"}, "geometry": {"type": "Point", "coordinates": [78.4188, 17.50195]}}, {"type": "Feature", "properties": {"name": "MedPlus", "type": "pharmacy", "address": "Huda Sai Nagar"}, "geometry": {"type": "Point", "coordinates": [78.57551, 17.33229]}}, {"type": "Feature", "properties": {"name": "Healthcare facility", "type": "pharmacy"}, "geometry": {"type": "Point", "coordinates": [78.56937, 17.3715]}}, {"type": "Feature", "properties": {"name": "Healthcare facility", "type": "clinic"}, "geometry": {"type": "Point", "coordinates": [78.57537, 17.36792]}}, {"type": "Feature", "properties": {"name": "MedPlus", "type": "pharmacy"}, "geometry": {"type": "Point", "coordinates": [78.35882, 17.49414]}}, {"type": "Feature", "properties": {"name": "Healthcare facility", "type": "clinic"}, "geometry": {"type": "Point", "coordinates": [78.36655, 17.46253]}}, {"type": "Feature", "properties": {"name": "Healthcare facility", "type": "clinic"}, "geometry": {"type": "Point", "coordinates": [78.36639, 17.46238]}}, {"type": "Feature", "properties": {"name": "Apollo Pharmacy", "type": "pharmacy"}, "geometry": {"type": "Point", "coordinates": [78.43948, 17.44208]}}, {"type": "Feature", "properties": {"name": "Dr.agarwals", "type": "hospital"}, "geometry": {"type": "Point", "coordinates": [78.35163, 17.49394]}}, {"type": "Feature", "properties": {"name": "Dr. Moinuddin clinic", "type": "hospital"}, "geometry": {"type": "Point", "coordinates": [78.43528, 17.39453]}}, {"type": "Feature", "properties": {"name": "Vijaya Diagnostic Centre", "type": "hospital"}, "geometry": {"type": "Point", "coordinates": [78.43848, 17.39463]}}, {"type": "Feature", "properties": {"name": "Apollo Pharmacy", "type": "pharmacy"}, "geometry": {"type": "Point", "coordinates": [78.44023, 17.39438]}}, {"type": "Feature", "properties": {"name": "Apollo Pharmacy", "type": "pharmacy"}, "geometry": {"type": "Point", "coordinates": [78.43932, 17.39445]}}, {"type": "Feature", "properties": {"name": "Healthcare facility", "type": "pharmacy"}, "geometry": {"type": "Point", "coordinates": [78.36646, 17.46251]}}, {"type": "Feature", "properties": {"name": "Vijaya diagnostics", "type": "hospital"}, "geometry": {"type": "Point", "coordinates": [78.5699, 17.33641]}}, {"type": "Feature", "properties": {"name": "Pharmacie Principale", "type": "pharmacy"}, "geometry": {"type": "Point", "coordinates": [78.41865, 17.52313]}}, {"type": "Feature", "properties": {"name": "Apollo Pharmacy", "type": "pharmacy"}, "geometry": {"type": "Point", "coordinates": [78.41597, 17.49964]}}, {"type": "Feature", "properties": {"name": "Healthcare facility", "type": "clinic"}, "geometry": {"type": "Point", "coordinates": [78.41606, 17.50082]}}, {"type": "Feature", "properties": {"name": "saidatha homeo stores and clinic", "type": "hospital"}, "geometry": {"type": "Point", "coordinates": [78.39127, 17.48665]}}, {"type": "Feature", "properties": {"name": "MedPlus", "type": "pharmacy"}, "geometry": {"type": "Point", "coordinates": [78.54756, 17.34743]}}, {"type": "Feature", "properties": {"name": "Healthcare facility", "type": "clinic"}, "geometry": {"type": "Point", "coordinates": [78.5395, 17.37534]}}, {"type": "Feature", "properties": {"name": "Govt Hospital", "type": "hospital"}, "geometry": {"type": "Point", "coordinates": [78.42943, 17.39739]}}, {"type": "Feature", "properties": {"name": "Maruthi Medicals", "type": "pharmacy"}, "geometry": {"type": "Point", "coordinates": [78.44253, 17.51682]}}, {"type": "Feature", "properties": {"name": "ECHS Polyclinic Secunderabad", "type": "clinic", "address": "All Saints Road"}, "geometry": {"type": "Point", "coordinates": [78.51432, 17.47339]}}, {"type": "Feature", "properties": {"name": "Thirumala Medical Store", "type": "pharmacy"}, "geometry": {"type": "Point", "coordinates": [78.49894, 17.43875]}}, {"type": "Feature", "properties": {"name": "Apollo Pharmacy", "type": "pharmacy"}, "geometry": {"type": "Point", "coordinates": [78.44551, 17.44155]}}, {"type": "Feature", "properties": {"name": "Peoples clinic", "type": "clinic", "address": "gajularamaram road"}, "geometry": {"type": "Point", "coordinates": [78.40897, 17.49986]}}, {"type": "Feature", "properties": {"name": "Genesis Fertility Clinic", "type": "clinic"}, "geometry": {"type": "Point", "coordinates": [78.54475, 17.36068]}}, {"type": "Feature", "properties": {"name": "MedPlus", "type": "pharmacy"}, "geometry": {"type": "Point", "coordinates": [78.35738, 17.49795]}}, {"type": "Feature", "properties": {"name": "Sarala Medical & General Stores", "type": "pharmacy", "address": "Cine Town Lane"}, "geometry": {"type": "Point", "coordinates": [78.3593, 17.49697]}}, {"type": "Feature", "properties": {"name": "RK Medical & General Store", "type": "pharmacy"}, "geometry": {"type": "Point", "coordinates": [78.44186, 17.51698]}}, {"type": "Feature", "properties": {"name": "Bhaskara Hospital", "type": "hospital", "address": "RS Brothers Road"}, "geometry": {"type": "Point", "coordinates": [78.44574, 17.51644]}}, {"type": "Feature", "properties": {"name": "Tirumala Nursing home", "type": "hospital", "emergency": "no", "address": "Pragathi Enclave Colony, Miyapur"}, "geometry": {"type": "Point", "coordinates": [78.35747, 17.49988]}}, {"type": "Feature", "properties": {"name": "FAITH HOSIPTAL", "type": "hospital"}, "geometry": {"type": "Point", "coordinates": [78.49458, 17.35914]}}, {"type": "Feature", "properties": {"name": "\u0646\u062a\u06cc\u0627 \u0688\u0627\u0626\u06af\u0646\u0648\u0633\u0679\u06a9 \u0633\u06cc\u0646\u0679\u0631", "type": "clinic"}, "geometry": {"type": "Point", "coordinates": [78.46345, 17.40042]}}, {"type": "Feature", "properties": {"name": "Raaj Hospital", "type": "hospital", "emergency": "yes", "address": "Street No.5, Himayathnagar"}, "geometry": {"type": "Point", "coordinates": [78.48384, 17.40442]}}, {"type": "Feature", "properties": {"name": "Devi Medicals", "type": "pharmacy"}, "geometry": {"type": "Point", "coordinates": [78.52606, 17.36445]}}, {"type": "Feature", "properties": {"name": "Surya Medicals", "type": "pharmacy"}, "geometry": {"type": "Point", "coordinates": [78.52616, 17.36424]}}, {"type": "Feature", "properties": {"name": "Apollo Pharmacy", "type": "pharmacy", "address": "Nacharam road"}, "geometry": {"type": "Point", "coordinates": [78.55197, 17.42945]}}, {"type": "Feature", "properties": {"name": "Bharati Nursing Home", "type": "hospital", "address": "Sanathnagar"}, "geometry": {"type": "Point", "coordinates": [78.44737, 17.44926]}}, {"type": "Feature", "properties": {"name": "Apollo Pharmacy", "type": "pharmacy"}, "geometry": {"type": "Point", "coordinates": [78.56978, 17.40845]}}, {"type": "Feature", "properties": {"name": "Apollo Pharmacy", "type": "pharmacy"}, "geometry": {"type": "Point", "coordinates": [78.56988, 17.40819]}}, {"type": "Feature", "properties": {"name": "MedPlus", "type": "pharmacy"}, "geometry": {"type": "Point", "coordinates": [78.39657, 17.52184]}}, {"type": "Feature", "properties": {"name": "Apollo Pharmacy", "type": "pharmacy"}, "geometry": {"type": "Point", "coordinates": [78.5565, 17.40757]}}, {"type": "Feature", "properties": {"name": "Healthcare facility", "type": "hospital"}, "geometry": {"type": "Point", "coordinates": [78.50078, 17.45919]}}, {"type": "Feature", "properties": {"name": "Healthcare facility", "type": "hospital"}, "geometry": {"type": "Point", "coordinates": [78.5221, 17.43768]}}, {"type": "Feature", "properties": {"name": "Osmania clinic", "type": "hospital"}, "geometry": {"type": "Point", "coordinates": [78.50189, 17.37134]}}, {"type": "Feature", "properties": {"name": "Healthcare facility", "type": "hospital"}, "geometry": {"type": "Point", "coordinates": [78.49759, 17.44028]}}, {"type": "Feature", "properties": {"name": "Dr Dilip M Babu MD DM - Best Nephrologist and Kidney Transplant Physician in Hyderabad", "type": "clinic", "address": "Shop no. UGF-3A,First Floor, Shobha Pavani Arcade, Above ICICI Bank,Opposite AMS Durgabai Deshmukh Hospital,Osmania University Rd, Vidya Nagar"}, "geometry": {"type": "Point", "coordinates": [78.50969, 17.40304]}}, {"type": "Feature", "properties": {"name": "DR. RADHAKRISHNA RAO SAGI", "type": "clinic", "address": "KBPH Main Road, Kukatpally, Phase 2, KPBH Colony, Opp. Arjun Theatre"}, "geometry": {"type": "Point", "coordinates": [78.39712, 17.49616]}}, {"type": "Feature", "properties": {"name": "Dr. K Saketh", "type": "clinic", "address": "Plot Number 100, Phase 1, Kamalapuri Colony Landmark: Near Satya Sai Kalyana Mandapam, Srinagar Colony"}, "geometry": {"type": "Point", "coordinates": [78.43169, 17.42956]}}, {"type": "Feature", "properties": {"name": "Apollo Pharmacy", "type": "pharmacy"}, "geometry": {"type": "Point", "coordinates": [78.53039, 17.36197]}}, {"type": "Feature", "properties": {"name": "People's health care", "type": "hospital"}, "geometry": {"type": "Point", "coordinates": [78.43629, 17.53619]}}, {"type": "Feature", "properties": {"name": "Aditya Pharmacy", "type": "pharmacy"}, "geometry": {"type": "Point", "coordinates": [78.36215, 17.50556]}}, {"type": "Feature", "properties": {"name": "VITAL'S Hospital", "type": "hospital"}, "geometry": {"type": "Point", "coordinates": [78.39517, 17.50701]}}, {"type": "Feature", "properties": {"name": "MedPlus", "type": "pharmacy", "address": "MMTS Road"}, "geometry": {"type": "Point", "coordinates": [78.33177, 17.49217]}}, {"type": "Feature", "properties": {"name": "Apollo Pharmacy", "type": "pharmacy"}, "geometry": {"type": "Point", "coordinates": [78.46456, 17.49557]}}, {"type": "Feature", "properties": {"name": "MedPlus", "type": "pharmacy"}, "geometry": {"type": "Point", "coordinates": [78.46475, 17.4954]}}, {"type": "Feature", "properties": {"name": "MedPlus", "type": "pharmacy"}, "geometry": {"type": "Point", "coordinates": [78.389, 17.47494]}}, {"type": "Feature", "properties": {"name": "MedPlus", "type": "pharmacy"}, "geometry": {"type": "Point", "coordinates": [78.50198, 17.45468]}}, {"type": "Feature", "properties": {"name": "Gayathri Medical Stores", "type": "pharmacy"}, "geometry": {"type": "Point", "coordinates": [78.50175, 17.45462]}}, {"type": "Feature", "properties": {"name": "Apollo Pharmacy", "type": "pharmacy"}, "geometry": {"type": "Point", "coordinates": [78.50339, 17.45515]}}, {"type": "Feature", "properties": {"name": "yashoda", "type": "hospital"}, "geometry": {"type": "Point", "coordinates": [78.51139, 17.39149]}}, {"type": "Feature", "properties": {"name": "Rebreath", "type": "clinic"}, "geometry": {"type": "Point", "coordinates": [78.51069, 17.39351]}}, {"type": "Feature", "properties": {"name": "kvr polyclinic", "type": "clinic"}, "geometry": {"type": "Point", "coordinates": [78.42264, 17.36225]}}, {"type": "Feature", "properties": {"name": "Medicover Hospital ,Chandanagar", "type": "hospital", "address": "Door No 22, Kalyani Towers, opposite Gandemma Temple"}, "geometry": {"type": "Point", "coordinates": [78.31462, 17.49828]}}, {"type": "Feature", "properties": {"name": "Preeti Urology & Kidney Hospital ,BHEL, Lingampally", "type": "hospital", "address": "BHEL X Roads, 2-82/1/2, BHEL Road, Near Lingampally Bus Stop, Kanukunta, Tara Nagar, Chanda Nagar"}, "geometry": {"type": "Point", "coordinates": [78.31686, 17.49432]}}, {"type": "Feature", "properties": {"name": "Kamineni Hospital", "type": "hospital", "address": "Haripuri Colony, Bharat Nagar, Bahadurguda"}, "geometry": {"type": "Point", "coordinates": [78.55395, 17.36143]}}, {"type": "Feature", "properties": {"name": "Aware Global Hospitals", "type": "hospital", "address": "Nagarjuna Sagar Road, Brindavan Colony, Lingojiguda"}, "geometry": {"type": "Point", "coordinates": [78.55305, 17.33474]}}, {"type": "Feature", "properties": {"name": "Archana Hospital", "type": "hospital", "address": "Manjeera Road, Indira Nagar, Chanda Nagar"}, "geometry": {"type": "Point", "coordinates": [78.32279, 17.49402]}}, {"type": "Feature", "properties": {"name": "Hegde Hospital", "type": "hospital", "address": "Vittal Rao Nagar, HITEC City, Madhapur"}, "geometry": {"type": "Point", "coordinates": [78.38466, 17.44462]}}, {"type": "Feature", "properties": {"name": "Rainbow Children Hospital", "type": "hospital", "address": "Survey No.9, White Field Road, HITEC City"}, "geometry": {"type": "Point", "coordinates": [78.37201, 17.45546]}}, {"type": "Feature", "properties": {"name": "Pace Hospitals ,Madinaguda", "type": "hospital", "address": "Mythri Nagar, Madinaguda Beside South India Shopping Mall, Hafeezpet"}, "geometry": {"type": "Point", "coordinates": [78.34707, 17.49402]}}, {"type": "Feature", "properties": {"name": "Uchvaas Hospital", "type": "hospital", "address": "8-2-293/82/L, 350-A, Road Number 12, Banjara Hills"}, "geometry": {"type": "Point", "coordinates": [78.42299, 17.41211]}}, {"type": "Feature", "properties": {"name": "Bhrungi Hospitals", "type": "hospital", "address": "5-8-50/93, Nagarjuna Sagar Road, Sripuram Colony, Highway, B N Reddy Nagar"}, "geometry": {"type": "Point", "coordinates": [78.56097, 17.31372]}}, {"type": "Feature", "properties": {"name": "Health Valley Hospital", "type": "hospital", "address": "Door no 1-111/4/46 & 48/E beside NISUM, Khanamet Road, Kondapur, HITEC City"}, "geometry": {"type": "Point", "coordinates": [78.36825, 17.46442]}}, {"type": "Feature", "properties": {"name": "Viswas Hospital", "type": "hospital", "address": "New Maruthi Nagar, Virat Nagar, Kanchan Bagh"}, "geometry": {"type": "Point", "coordinates": [78.52185, 17.34012]}}, {"type": "Feature", "properties": {"name": "Urban Primary Health Centre, Maisaram", "type": "clinic", "address": "Babanagar"}, "geometry": {"type": "Point", "coordinates": [78.4816, 17.31883]}}, {"type": "Feature", "properties": {"name": "Tricolour Hospital", "type": "hospital", "address": "2-2-74 & 75, Amberpet Main Rd, opp. maruti suzuki service center, Hyderabad"}, "geometry": {"type": "Point", "coordinates": [78.52264, 17.39387]}}, {"type": "Feature", "properties": {"name": "Prathima Hospitals", "type": "hospital", "address": "3/4/3, Kachiguda Station Road, Barkatpura, Kachiguda"}, "geometry": {"type": "Point", "coordinates": [78.49523, 17.39026]}}, {"type": "Feature", "properties": {"name": "Government ENT Hospital ,Koti", "type": "hospital", "address": "Troop Bazaar, Koti"}, "geometry": {"type": "Point", "coordinates": [78.48202, 17.38452]}}, {"type": "Feature", "properties": {"name": "SKS Hospital", "type": "hospital", "address": "Hasmathpet, Bowenpally, Secunderabad"}, "geometry": {"type": "Point", "coordinates": [78.48578, 17.47531]}}, {"type": "Feature", "properties": {"name": "Navodaya Hospital", "type": "hospital", "address": "Mashallah Building, Paradise Circle, PG Road, Secunderabad"}, "geometry": {"type": "Point", "coordinates": [78.48606, 17.44167]}}, {"type": "Feature", "properties": {"name": "Tapadia Diagnostics Centre", "type": "hospital", "address": "Vijayapuri Colony, Uppal, Hyderabad"}, "geometry": {"type": "Point", "coordinates": [78.56366, 17.40125]}}, {"type": "Feature", "properties": {"name": "Brinnova rehabilation centre", "type": "hospital", "address": "H. No 8-2-686/7/10 ,Banjara Hills"}, "geometry": {"type": "Point", "coordinates": [78.43252, 17.41092]}}, {"type": "Feature", "properties": {"name": "Vijaya Diagnostic Centre, Himayatnagar", "type": "hospital", "address": "3-6-16 & 17, Street No.19, Chandra Nagar, Himayatnagar, Hyderabad"}, "geometry": {"type": "Point", "coordinates": [78.47987, 17.40415]}}, {"type": "Feature", "properties": {"name": "Oasis Fertility Centre", "type": "hospital", "address": "Oxford Street, Sarojini Devi Road 2nd Floor CVK Park Square, Krishna Complex, Kalasiguda, Secunderabad"}, "geometry": {"type": "Point", "coordinates": [78.48993, 17.44195]}}, {"type": "Feature", "properties": {"name": "Basant Sahney Hospital", "type": "hospital", "address": "Nehru Nagar Colony, West Marredpally, Secunderabad"}, "geometry": {"type": "Point", "coordinates": [78.50486, 17.44446]}}, {"type": "Feature", "properties": {"name": "Dr RajKumar", "type": "doctors", "address": "Aswini Colony, West Marredpally, Secunderabad"}, "geometry": {"type": "Point", "coordinates": [78.50359, 17.44737]}}, {"type": "Feature", "properties": {"name": "Oasis Fertility Centre", "type": "hospital", "address": "No. 8-2-269/3/1/4, Road No. 2, near NATCO Pharma, Park View Enclave, Banjara Hills, Hyderabad"}, "geometry": {"type": "Point", "coordinates": [78.42043, 17.42639]}}, {"type": "Feature", "properties": {"name": "Vasavi Hospital", "type": "hospital", "address": "H.No: 11-13-1161, Kothapet, Hyderabad"}, "geometry": {"type": "Point", "coordinates": [78.54493, 17.36323]}}, {"type": "Feature", "properties": {"name": "Partha Dental Skin Hair Clinic", "type": "hospital", "address": "7-1-201/2, Above Food World Supermarket, Preeth Complex, Dharam Karam Road, Ameerpet, Hyderabad"}, "geometry": {"type": "Point", "coordinates": [78.4505, 17.43875]}}, {"type": "Feature", "properties": {"name": "S L Diagnostic Center", "type": "hospital", "address": "Khairatabad Rd, Taj Enclave, Chintal"}, "geometry": {"type": "Point", "coordinates": [78.46123, 17.41022]}}, {"type": "Feature", "properties": {"name": "Praba's VCare Health Clinic (P) Ltd, Gachibowli", "type": "hospital", "address": "Plot NO.21, Level, 2, Jayabheri Enclave, Gachibowli, Hyderabad"}, "geometry": {"type": "Point", "coordinates": [78.36315, 17.45071]}}, {"type": "Feature", "properties": {"name": "Government Hospital, Suraj Bhan", "type": "hospital", "address": "23-6-983, Rajpal Nagar, Shalibanda"}, "geometry": {"type": "Point", "coordinates": [78.47454, 17.35356]}}, {"type": "Feature", "properties": {"name": "Government Unani Dispesary, Golconda Fort", "type": "doctors", "address": "Kummara vadi"}, "geometry": {"type": "Point", "coordinates": [78.41051, 17.37949]}}, {"type": "Feature", "properties": {"name": "Mina multi speciality Hospital", "type": "hospital", "address": "Imlibun, Malakpet"}, "geometry": {"type": "Point", "coordinates": [78.48384, 17.37305]}}, {"type": "Feature", "properties": {"name": "Dr Naveen Reddy Hospital", "type": "hospital", "address": "Door no 8-3-167/K/28, Moti Nagar"}, "geometry": {"type": "Point", "coordinates": [78.42065, 17.45354]}}, {"type": "Feature", "properties": {"name": "Railway Health Unit, Kachiguda", "type": "hospital", "address": "2-4-1108, Railway Quarters, Kachiguda"}, "geometry": {"type": "Point", "coordinates": [78.49504, 17.38671]}}, {"type": "Feature", "properties": {"name": "Madhava Nursing Home", "type": "hospital", "address": "127, 4/3, SD Road, Rani Gunj, Secunderabad"}, "geometry": {"type": "Point", "coordinates": [78.49363, 17.44015]}}, {"type": "Feature", "properties": {"name": "MAA E.N.T. Hospitals", "type": "hospital", "address": "Rd Number 45, Jubilee Hills, Hyderabad"}, "geometry": {"type": "Point", "coordinates": [78.41433, 17.42727]}}, {"type": "Feature", "properties": {"name": "OMNI Hospitals", "type": "hospital", "address": "Balaji Nagar, Kukatpally, Hyderabad"}, "geometry": {"type": "Point", "coordinates": [78.41096, 17.48538]}}, {"type": "Feature", "properties": {"name": "Rainbow Children's Medicare Pvt Ltd", "type": "hospital", "address": "Vikrampuri Colony, Karkhana, Secunderabad"}, "geometry": {"type": "Point", "coordinates": [78.49928, 17.45572]}}, {"type": "Feature", "properties": {"name": "Remedy Hospitals", "type": "hospital", "address": "Kukatpally Housing Board Colony, Kukatpally, Hyderabad"}, "geometry": {"type": "Point", "coordinates": [78.39081, 17.4855]}}, {"type": "Feature", "properties": {"name": "Prasad Hospitals ,Nacharam", "type": "hospital", "address": "44-617/12, IDA, behind Telephone Exchange, Nacharam, Secunderabad"}, "geometry": {"type": "Point", "coordinates": [78.55513, 17.43841]}}, {"type": "Feature", "properties": {"name": "Sivananda Rehabilitation Home", "type": "hospital", "address": "1-6, Kukatpally, Hyderabad"}, "geometry": {"type": "Point", "coordinates": [78.40839, 17.48884]}}, {"type": "Feature", "properties": {"name": "Cosmo Derma", "type": "hospital", "address": "Rd Number 4, opposite global Edge School, Kukatpally Housing Board Colony, Hyderabad"}, "geometry": {"type": "Point", "coordinates": [78.39702, 17.49087]}}, {"type": "Feature", "properties": {"name": "Padmaja Hospital", "type": "hospital", "address": "Road Number 1, KPHB Phase 2, Kukatpally, Hyderabad"}, "geometry": {"type": "Point", "coordinates": [78.39941, 17.48695]}}, {"type": "Feature", "properties": {"name": "Pathcare Labs Pvt Ltd", "type": "hospital", "address": "1-11-254, 2nd Floor, Rama Mansion Besides Pace Hospital, Motilal Nehru Nagar, Begumpet, Hyderabad"}, "geometry": {"type": "Point", "coordinates": [78.46916, 17.44471]}}, {"type": "Feature", "properties": {"name": "Srujana Hospitals", "type": "hospital", "address": "Suchitra, Sri Krishna Nagar, Quthbullapur, Hyderabad"}, "geometry": {"type": "Point", "coordinates": [78.46702, 17.5057]}}, {"type": "Feature", "properties": {"name": "Paramitha Children's Hospital", "type": "hospital", "address": "Green Hills Colony,Kothapet, Doctors Colony Main Rd, Bahadurguda"}, "geometry": {"type": "Point", "coordinates": [78.54444, 17.3582]}}, {"type": "Feature", "properties": {"name": "Tesla Diagnostics", "type": "hospital", "address": "Jeedimetla Main Road, Chinthal, Hyderabad"}, "geometry": {"type": "Point", "coordinates": [78.45251, 17.49572]}}, {"type": "Feature", "properties": {"name": "K K Reddy Hospital", "type": "hospital", "address": "Kukatpally Housing Board Colony, Kukatpally, Hyderabad"}, "geometry": {"type": "Point", "coordinates": [78.39724, 17.492]}}, {"type": "Feature", "properties": {"name": "Goutam Neuro Care", "type": "hospital", "address": "H.No.261, Rd Number 4, Kukatpally Housing Board Colony, Kukatpally"}, "geometry": {"type": "Point", "coordinates": [78.398, 17.49281]}}, {"type": "Feature", "properties": {"name": "Dr. Rao's ENT Super Speciality International Hospital", "type": "hospital", "address": "Road No 4, 3rd Phase, KPHB Behind Temple Bus Stop"}, "geometry": {"type": "Point", "coordinates": [78.39497, 17.48812]}}, {"type": "Feature", "properties": {"name": "Centre for DNA Fingerprinting and Diagnostics", "type": "hospital", "address": "Opposite Metro Rail Pillar No. NUP-9, Survey Colony, Industrial Development Area, Uppal, Hyderabad"}, "geometry": {"type": "Point", "coordinates": [78.55754, 17.3931]}}, {"type": "Feature", "properties": {"name": "Nandini Hospital", "type": "hospital", "address": "Nethaji Nagar, Rukminipuri Colony, Kapra, Secunderabad"}, "geometry": {"type": "Point", "coordinates": [78.55401, 17.48675]}}, {"type": "Feature", "properties": {"name": "Udbhava Hospital ,Miyapur", "type": "hospital", "address": "Jagdish Complex,Miyapur Main Road, Ambedkar Nagar, Miyapur"}, "geometry": {"type": "Point", "coordinates": [78.35741, 17.49512]}}, {"type": "Feature", "properties": {"name": "Excel Hospitals", "type": "hospital", "address": "1-5-56/29,Plot No.29,Old Alwal,Near IG Statue, Secunderabad"}, "geometry": {"type": "Point", "coordinates": [78.50221, 17.508]}}, {"type": "Feature", "properties": {"name": "Ananya Hospital", "type": "hospital", "address": "H.No:5-1-97/B/NR, near Old Shivalayam Temple Complex, Hyderabad"}, "geometry": {"type": "Point", "coordinates": [78.41298, 17.48472]}}, {"type": "Feature", "properties": {"name": "People's Hospital", "type": "hospital", "address": "6-2/200, M J Colony, Vivek Nagar, Kukatpally, Hyderabad"}, "geometry": {"type": "Point", "coordinates": [78.41342, 17.4829]}}, {"type": "Feature", "properties": {"name": "Shree Healthcare Multi Specialty Hospital", "type": "hospital", "address": "H.No.: 2-3-214/156/NR, beside kattamaisamma Temple, Hyderabad"}, "geometry": {"type": "Point", "coordinates": [78.57947, 17.40099]}}, {"type": "Feature", "properties": {"name": "Venkat Pharma Limited", "type": "pharmacy"}, "geometry": {"type": "Point", "coordinates": [78.43299, 17.42581]}}, {"type": "Feature", "properties": {"name": "Ferticare IVF Asist", "type": "hospital"}, "geometry": {"type": "Point", "coordinates": [78.43217, 17.42741]}}, {"type": "Feature", "properties": {"name": "Sai Shanmukha Generic  Medical Stores", "type": "pharmacy"}, "geometry": {"type": "Point", "coordinates": [78.42301, 17.45193]}}, {"type": "Feature", "properties": {"name": "Hetro Pharamarcy", "type": "pharmacy"}, "geometry": {"type": "Point", "coordinates": [78.4233, 17.45324]}}, {"type": "Feature", "properties": {"name": "Apollo Pharmacy", "type": "pharmacy"}, "geometry": {"type": "Point", "coordinates": [78.42356, 17.45457]}}, {"type": "Feature", "properties": {"name": "Fit Life Physiotherapy", "type": "clinic"}, "geometry": {"type": "Point", "coordinates": [78.4883, 17.43435]}}, {"type": "Feature", "properties": {"name": "DTC TB Unit Erragadda", "type": "hospital"}, "geometry": {"type": "Point", "coordinates": [78.43241, 17.44522]}}, {"type": "Feature", "properties": {"name": "Dr.Vivek's Multispeciality Dental care", "type": "hospital"}, "geometry": {"type": "Point", "coordinates": [78.43264, 17.44723]}}, {"type": "Feature", "properties": {"name": "Ayurvedic Pharmacy", "type": "pharmacy"}, "geometry": {"type": "Point", "coordinates": [78.43272, 17.44846]}}, {"type": "Feature", "properties": {"name": "KL HEALTH CENTRE CLINIC", "type": "clinic", "address": "Ameerpet- Balkampet Main Road, Ameerpet,"}, "geometry": {"type": "Point", "coordinates": [78.44921, 17.44106]}}, {"type": "Feature", "properties": {"name": "Shakti Ayurvedic Clinic", "type": "hospital", "emergency": "no", "address": "Main Rd"}, "geometry": {"type": "Point", "coordinates": [78.50894, 17.4476]}}, {"type": "Feature", "properties": {"name": "Viha Ortho Care", "type": "clinic", "address": "Remedy Hospital Ln, K P H B Phase1, Kukatpally"}, "geometry": {"type": "Point", "coordinates": [78.39738, 17.49168]}}, {"type": "Feature", "properties": {"name": "Healthcare facility", "type": "hospital"}, "geometry": {"type": "Point", "coordinates": [78.51218, 17.48015]}}, {"type": "Feature", "properties": {"name": "Rahul Meidials", "type": "hospital"}, "geometry": {"type": "Point", "coordinates": [78.56488, 17.45274]}}, {"type": "Feature", "properties": {"name": "Nandini", "type": "hospital"}, "geometry": {"type": "Point", "coordinates": [78.56473, 17.45274]}}, {"type": "Feature", "properties": {"name": "vijaya diagonistics", "type": "hospital"}, "geometry": {"type": "Point", "coordinates": [78.56156, 17.46325]}}, {"type": "Feature", "properties": {"name": "Government uphc", "type": "hospital"}, "geometry": {"type": "Point", "coordinates": [78.55875, 17.46223]}}, {"type": "Feature", "properties": {"name": "Healthcare facility", "type": "hospital"}, "geometry": {"type": "Point", "coordinates": [78.55177, 17.42742]}}, {"type": "Feature", "properties": {"name": "kamineni", "type": "hospital"}, "geometry": {"type": "Point", "coordinates": [78.55897, 17.35329]}}, {"type": "Feature", "properties": {"name": "Chenna reddy hospital", "type": "hospital"}, "geometry": {"type": "Point", "coordinates": [78.32122, 17.49406]}}, {"type": "Feature", "properties": {"name": "Healthcare facility", "type": "hospital", "emergency": "yes"}, "geometry": {"type": "Point", "coordinates": [78.45638, 17.438]}}, {"type": "Feature", "properties": {"name": "Dr Jalapathi Reddy Mandala", "type": "clinic", "address": "4, Kothapet, Dilsukhnagar, Bahadurguda,,Telangana, India"}, "geometry": {"type": "Point", "coordinates": [78.57356, 17.3326]}}, {"type": "Feature", "properties": {"name": "balaji hospital", "type": "hospital"}, "geometry": {"type": "Point", "coordinates": [78.42076, 17.50262]}}, {"type": "Feature", "properties": {"name": "PRAANAA PAIN CLINIC", "type": "hospital", "address": "Hyderabad Elevated Expressway \"P.V. Narasimha Rao\""}, "geometry": {"type": "Point", "coordinates": [78.42861, 17.36464]}}, {"type": "Feature", "properties": {"name": "Esra Pharmacy", "type": "pharmacy"}, "geometry": {"type": "Point", "coordinates": [78.47369, 17.35657]}}, {"type": "Feature", "properties": {"name": "Medical shop", "type": "pharmacy"}, "geometry": {"type": "Point", "coordinates": [78.47405, 17.3479]}}, {"type": "Feature", "properties": {"name": "Shivaji clinic", "type": "clinic", "address": "Gajularamaram Road"}, "geometry": {"type": "Point", "coordinates": [78.43767, 17.51695]}}, {"type": "Feature", "properties": {"name": "Bhavani clinic", "type": "clinic", "address": "Gajularamaram Road"}, "geometry": {"type": "Point", "coordinates": [78.43578, 17.51873]}}, {"type": "Feature", "properties": {"name": "Kauser Clinic", "type": "clinic", "address": "Gajularamaram Road"}, "geometry": {"type": "Point", "coordinates": [78.4378, 17.51713]}}, {"type": "Feature", "properties": {"name": "Dr.Anil Kumar Clinic", "type": "clinic", "address": "Gajularamaram Road"}, "geometry": {"type": "Point", "coordinates": [78.43818, 17.51657]}}, {"type": "Feature", "properties": {"name": "Manasa Clinic", "type": "clinic", "address": "Gajularamaram Road"}, "geometry": {"type": "Point", "coordinates": [78.44198, 17.51346]}}, {"type": "Feature", "properties": {"name": "First Aid Clinic", "type": "clinic"}, "geometry": {"type": "Point", "coordinates": [78.43615, 17.51823]}}, {"type": "Feature", "properties": {"name": "Apollo Pharmacy", "type": "pharmacy", "address": "Siddartha Nagar Road number 3"}, "geometry": {"type": "Point", "coordinates": [78.43481, 17.44089]}}, {"type": "Feature", "properties": {"name": "Healthcare facility", "type": "clinic", "address": "Chandragiri nagar"}, "geometry": {"type": "Point", "coordinates": [78.42584, 17.51343]}}, {"type": "Feature", "properties": {"name": "Healthcare facility", "type": "clinic", "address": "Chandragiri nagar"}, "geometry": {"type": "Point", "coordinates": [78.42609, 17.51357]}}, {"type": "Feature", "properties": {"name": "Healthcare facility", "type": "clinic", "address": "Chandragiri nagar"}, "geometry": {"type": "Point", "coordinates": [78.4261, 17.51365]}}, {"type": "Feature", "properties": {"name": "Healthcare facility", "type": "hospital"}, "geometry": {"type": "Point", "coordinates": [78.51823, 17.4287]}}, {"type": "Feature", "properties": {"name": "sri sri holistic hospitals", "type": "hospital", "address": "Nizampet Road"}, "geometry": {"type": "Point", "coordinates": [78.38894, 17.50204]}}, {"type": "Feature", "properties": {"name": "Healthcare facility", "type": "pharmacy"}, "geometry": {"type": "Point", "coordinates": [78.43736, 17.37878]}}, {"type": "Feature", "properties": {"name": "Shifa Clinic", "type": "clinic"}, "geometry": {"type": "Point", "coordinates": [78.44367, 17.51936]}}, {"type": "Feature", "properties": {"name": "People's Hospital", "type": "doctors"}, "geometry": {"type": "Point", "coordinates": [78.47829, 17.47005]}}, {"type": "Feature", "properties": {"name": "Health center", "type": "clinic"}, "geometry": {"type": "Point", "coordinates": [78.52523, 17.42416]}}, {"type": "Feature", "properties": {"name": "Railway hospital", "type": "hospital"}, "geometry": {"type": "Point", "coordinates": [78.54613, 17.44345]}}, {"type": "Feature", "properties": {"name": "\u0622\u0626\u06cc \u06a9\u06cc\u0626\u0631 \u062d\u06cc\u062f\u0631\u0622\u0628\u0627\u062f (\u0633\u067e\u0631 \u0627\u0633\u067e\u06cc\u0634\u0644\u0679\u06cc \u0622\u0626\u06cc \u06c1\u0633\u067e\u062a\u0627\u0644)", "type": "hospital"}, "geometry": {"type": "Point", "coordinates": [78.49736, 17.37597]}}, {"type": "Feature", "properties": {"name": "Mythri Hospital", "type": "hospital"}, "geometry": {"type": "Point", "coordinates": [78.42928, 17.38362]}}, {"type": "Feature", "properties": {"name": "Vinayaka Nethralaya Eye Hospital", "type": "hospital", "address": "1st Floor, Janaa Heights Nanal Nagar Cross Roads , Toli Chowki, Mehdipatnam,"}, "geometry": {"type": "Point", "coordinates": [78.42612, 17.3933]}}, {"type": "Feature", "properties": {"name": "Healthcare facility", "type": "hospital"}, "geometry": {"type": "Point", "coordinates": [78.35475, 17.46055]}}, {"type": "Feature", "properties": {"name": "MedPlus", "type": "pharmacy"}, "geometry": {"type": "Point", "coordinates": [78.5475, 17.42351]}}, {"type": "Feature", "properties": {"name": "Healthcare facility", "type": "hospital"}, "geometry": {"type": "Point", "coordinates": [78.56191, 17.4628]}}, {"type": "Feature", "properties": {"name": "hs", "type": "hospital"}, "geometry": {"type": "Point", "coordinates": [78.5427, 17.43594]}}, {"type": "Feature", "properties": {"name": "Generic Medical Store", "type": "pharmacy"}, "geometry": {"type": "Point", "coordinates": [78.52734, 17.36774]}}, {"type": "Feature", "properties": {"name": "Healthcare facility", "type": "hospital"}, "geometry": {"type": "Point", "coordinates": [78.44088, 17.36072]}}, {"type": "Feature", "properties": {"name": "Appollo Pharmacy", "type": "pharmacy", "address": "Panjagutta Main Road"}, "geometry": {"type": "Point", "coordinates": [78.45429, 17.42399]}}, {"type": "Feature", "properties": {"name": "Arogya Medicals", "type": "pharmacy", "address": "Panjagutta Main Road"}, "geometry": {"type": "Point", "coordinates": [78.45429, 17.42383]}}, {"type": "Feature", "properties": {"name": "Bhargav Medicals", "type": "pharmacy", "address": "Panjagutta Main Road"}, "geometry": {"type": "Point", "coordinates": [78.45433, 17.42376]}}, {"type": "Feature", "properties": {"name": "Pharma Hub", "type": "pharmacy"}, "geometry": {"type": "Point", "coordinates": [78.56911, 17.33088]}}, {"type": "Feature", "properties": {"name": "Dr Jaipal Rao Hosiptal", "type": "clinic"}, "geometry": {"type": "Point", "coordinates": [78.56858, 17.33042]}}, {"type": "Feature", "properties": {"name": "Apollo Pharmacy", "type": "pharmacy"}, "geometry": {"type": "Point", "coordinates": [78.56908, 17.33078]}}, {"type": "Feature", "properties": {"name": "Avinash child hospital", "type": "hospital", "address": "Venkataramana Colony"}, "geometry": {"type": "Point", "coordinates": [78.45392, 17.41462]}}, {"type": "Feature", "properties": {"name": "Al-kahar clinic", "type": "clinic"}, "geometry": {"type": "Point", "coordinates": [78.448, 17.37709]}}, {"type": "Feature", "properties": {"name": "Dr Agarwals Eye Hospital", "type": "hospital"}, "geometry": {"type": "Point", "coordinates": [78.3717, 17.43102]}}, {"type": "Feature", "properties": {"name": "Healthcare facility", "type": "hospital"}, "geometry": {"type": "Point", "coordinates": [78.52248, 17.36256]}}, {"type": "Feature", "properties": {"name": "Healthcare facility", "type": "hospital"}, "geometry": {"type": "Point", "coordinates": [78.54053, 17.40015]}}, {"type": "Feature", "properties": {"name": "durga clinic", "type": "clinic", "address": "kamala nagar"}, "geometry": {"type": "Point", "coordinates": [78.57713, 17.33043]}}, {"type": "Feature", "properties": {"name": "Urban Primary Health Centre, Edi Bazar", "type": "clinic", "address": "Lalitha Bagh"}, "geometry": {"type": "Point", "coordinates": [78.49287, 17.35023]}}, {"type": "Feature", "properties": {"name": "Sri rama clinic", "type": "hospital", "address": "sv nagar"}, "geometry": {"type": "Point", "coordinates": [78.57208, 17.4411]}}, {"type": "Feature", "properties": {"name": "Urban Primary Health Centre, Harrajpenta", "type": "clinic", "address": "Kachiguda"}, "geometry": {"type": "Point", "coordinates": [78.50342, 17.39182]}}, {"type": "Feature", "properties": {"name": "Primary Health Centre, Myladeverpally", "type": "clinic", "address": "Myladeverpally"}, "geometry": {"type": "Point", "coordinates": [78.45169, 17.31851]}}, {"type": "Feature", "properties": {"name": "Government Unani Dispensary, Kachiguda", "type": "doctors", "address": "Malakpet"}, "geometry": {"type": "Point", "coordinates": [78.49881, 17.37265]}}, {"type": "Feature", "properties": {"name": "Community Health Centre, Lalapet", "type": "hospital", "address": "Lane opposite Ram theatre"}, "geometry": {"type": "Point", "coordinates": [78.54187, 17.43883]}}, {"type": "Feature", "properties": {"name": "Urban Primary Health Centre, Trimulgherry", "type": "clinic", "address": "Trimulgherry"}, "geometry": {"type": "Point", "coordinates": [78.51146, 17.48021]}}, {"type": "Feature", "properties": {"name": "Healthcare facility", "type": "hospital"}, "geometry": {"type": "Point", "coordinates": [78.46248, 17.39232]}}, {"type": "Feature", "properties": {"name": "Government Ayurvedic Dispensary, Chilakalguda", "type": "doctors", "address": "Mettuguda"}, "geometry": {"type": "Point", "coordinates": [78.52296, 17.43386]}}, {"type": "Feature", "properties": {"name": "Urban Primary Health Centre, Kukatpally", "type": "clinic", "address": "Sub Centre, Kukatpally, near Kukatpally busstop"}, "geometry": {"type": "Point", "coordinates": [78.39885, 17.49466]}}, {"type": "Feature", "properties": {"name": "Urban Primary Health Centre, Chuttalbasthi", "type": "clinic", "address": "Chuttalbasthi"}, "geometry": {"type": "Point", "coordinates": [78.48839, 17.43629]}}, {"type": "Feature", "properties": {"name": "Urban Primary Health Centre, Doodbowli", "type": "clinic", "address": "husainialam"}, "geometry": {"type": "Point", "coordinates": [78.46169, 17.3559]}}, {"type": "Feature", "properties": {"name": "Urban Primary Health Centre, Gajula Ramaram", "type": "clinic", "address": "Shiva Sai Hills, Gajularamaram"}, "geometry": {"type": "Point", "coordinates": [78.43604, 17.51835]}}, {"type": "Feature", "properties": {"name": "Govt. Unani Dispensary, Champapet", "type": "doctors", "address": "Champapet"}, "geometry": {"type": "Point", "coordinates": [78.51653, 17.34738]}}, {"type": "Feature", "properties": {"name": "Urban Primary Health Centre, Begum Bazar", "type": "clinic", "address": "feelkhana"}, "geometry": {"type": "Point", "coordinates": [78.47045, 17.37514]}}, {"type": "Feature", "properties": {"name": "Government Ayurvedic Dispensary, karwran", "type": "doctors", "address": "Karwran"}, "geometry": {"type": "Point", "coordinates": [78.43779, 17.37565]}}, {"type": "Feature", "properties": {"name": "Urban Primary Health Centre, Jubilee Hills", "type": "clinic", "address": "Rd No.5 Jawahar Colony"}, "geometry": {"type": "Point", "coordinates": [78.41289, 17.42943]}}, {"type": "Feature", "properties": {"name": "Urban Primary Health Centre, Addagutta", "type": "clinic", "address": "Near Police station Tukaramgate"}, "geometry": {"type": "Point", "coordinates": [78.52153, 17.4432]}}, {"type": "Feature", "properties": {"name": "Community Health Centre, AMBERPET", "type": "hospital", "address": "MCH, colony"}, "geometry": {"type": "Point", "coordinates": [78.51782, 17.3922]}}, {"type": "Feature", "properties": {"name": "Government Homoeo Dispensary, Area Hospital, Patanchervu (NRHM)", "type": "doctors", "address": "Ambedkar Colony"}, "geometry": {"type": "Point", "coordinates": [78.26742, 17.52693]}}, {"type": "Feature", "properties": {"name": "Primary Health Center, Malkajgiri", "type": "clinic", "address": "Malkajgiri"}, "geometry": {"type": "Point", "coordinates": [78.53243, 17.4445]}}, {"type": "Feature", "properties": {"name": "Government Ayurvedic Dispensary, Esamayabazar", "type": "doctors", "address": "Esamayabazar"}, "geometry": {"type": "Point", "coordinates": [78.48956, 17.38267]}}, {"type": "Feature", "properties": {"name": "Primary Health Centre, Batpally", "type": "clinic", "address": "Batpally"}, "geometry": {"type": "Point", "coordinates": [78.45532, 17.37009]}}, {"type": "Feature", "properties": {"name": "Government Unani Dispensary, Dundigal", "type": "doctors", "address": "Dundigal"}, "geometry": {"type": "Point", "coordinates": [78.50511, 17.50621]}}, {"type": "Feature", "properties": {"name": "Urban Primary Health Centre, Panjesha-1", "type": "clinic", "address": "Near gulzar house"}, "geometry": {"type": "Point", "coordinates": [78.47723, 17.36314]}}, {"type": "Feature", "properties": {"name": "Urban Primary Health Centre, Aliyabad", "type": "clinic", "address": "Gowlipura"}, "geometry": {"type": "Point", "coordinates": [78.4738, 17.34142]}}, {"type": "Feature", "properties": {"name": "Urban Primary Health Centre, Jadcherla", "type": "clinic", "address": "Jadcherla"}, "geometry": {"type": "Point", "coordinates": [78.28832, 17.51382]}}, {"type": "Feature", "properties": {"name": "Urban Primary Health Centre, Gaddianaram", "type": "clinic", "address": "Red cross Hospital,Gaddianaram"}, "geometry": {"type": "Point", "coordinates": [78.52422, 17.36703]}}, {"type": "Feature", "properties": {"name": "Urban Primary Health Centre, Warangal-1 (New Peddammagadda)", "type": "clinic", "address": "Warangal-1"}, "geometry": {"type": "Point", "coordinates": [78.35823, 17.47618]}}, {"type": "Feature", "properties": {"name": "Urban Health Centre Parvathnagar (Urban)", "type": "clinic", "address": "Allapur, Parvathnagar"}, "geometry": {"type": "Point", "coordinates": [78.3994, 17.457]}}, {"type": "Feature", "properties": {"name": "Area Hospital", "type": "hospital", "address": "NGO's Colony"}, "geometry": {"type": "Point", "coordinates": [78.56521, 17.33147]}}, {"type": "Feature", "properties": {"name": "Urban Primary Health Centre, Gareeb Nagar", "type": "clinic", "address": "Near Sanjeevaiah Park Railway Station"}, "geometry": {"type": "Point", "coordinates": [78.47656, 17.43721]}}, {"type": "Feature", "properties": {"name": "Urban Primary Health Centre, Bhoiguda", "type": "clinic", "address": "Bhoiguda"}, "geometry": {"type": "Point", "coordinates": [78.49924, 17.42733]}}, {"type": "Feature", "properties": {"name": "Urban Primary Health Centre, Hasmathpet", "type": "clinic", "address": "Hasmathpet"}, "geometry": {"type": "Point", "coordinates": [78.38709, 17.4836]}}, {"type": "Feature", "properties": {"name": "Urban Primary Health Centre, Puranapool-1", "type": "clinic", "address": "PARDIWADA"}, "geometry": {"type": "Point", "coordinates": [78.45954, 17.3639]}}, {"type": "Feature", "properties": {"name": "Urban Primary Health Centre, Bholakpur", "type": "clinic", "address": "Musheerabad"}, "geometry": {"type": "Point", "coordinates": [78.49865, 17.42076]}}, {"type": "Feature", "properties": {"name": "Government Unani Dispensary, Secunderabad", "type": "doctors", "address": "New Boiguda"}, "geometry": {"type": "Point", "coordinates": [78.49711, 17.42315]}}, {"type": "Feature", "properties": {"name": "Urban Primary Health Centre, Chilakalguda", "type": "clinic", "address": "Srinivas Nagar"}, "geometry": {"type": "Point", "coordinates": [78.51072, 17.43022]}}, {"type": "Feature", "properties": {"name": "Community Health Centre, Seethaphalmandi", "type": "hospital", "address": "Seethaphalmandi"}, "geometry": {"type": "Point", "coordinates": [78.5193, 17.42653]}}, {"type": "Feature", "properties": {"name": "Urban Primary Health Centre, Mettuguda", "type": "clinic", "address": "Mettuguda"}, "geometry": {"type": "Point", "coordinates": [78.52322, 17.4341]}}, {"type": "Feature", "properties": {"name": "Urban Primary Health Centre, Mohammedguda", "type": "clinic", "address": "Mohammadguda"}, "geometry": {"type": "Point", "coordinates": [78.51153, 17.42143]}}, {"type": "Feature", "properties": {"name": "Urban Primary Health Centre, Bible House", "type": "clinic", "address": "Near Goshal"}, "geometry": {"type": "Point", "coordinates": [78.49797, 17.4284]}}, {"type": "Feature", "properties": {"name": "Sarojini Devi EYE Hospital", "type": "hospital", "address": "Humayun nagar"}, "geometry": {"type": "Point", "coordinates": [78.49119, 17.41372]}}, {"type": "Feature", "properties": {"name": "Urban Primary Health Centre, Dr.Paul Das", "type": "clinic", "address": "James Street Railway Station"}, "geometry": {"type": "Point", "coordinates": [78.48717, 17.43286]}}, {"type": "Feature", "properties": {"name": "Urban Primary Health Centre, Musheerabad", "type": "clinic", "address": "Rajadeluxe"}, "geometry": {"type": "Point", "coordinates": [78.49816, 17.41464]}}, {"type": "Feature", "properties": {"name": "Urban Primary Health Centre, Tukaramgate", "type": "clinic", "address": "opp Ram theatre"}, "geometry": {"type": "Point", "coordinates": [78.52133, 17.44391]}}, {"type": "Feature", "properties": {"name": "Urban Primary Health Centre, Pan Bazar", "type": "clinic", "address": "Ranigunj"}, "geometry": {"type": "Point", "coordinates": [78.49013, 17.4348]}}, {"type": "Feature", "properties": {"name": "AREA HOSPITAL MALKAJGIRI", "type": "hospital", "address": "Geetha Nagar Malkajgiri"}, "geometry": {"type": "Point", "coordinates": [78.53212, 17.45048]}}, {"type": "Feature", "properties": {"name": "Government Homoeo Dispensary, OLD MLA Qtrs", "type": "doctors", "address": "Hyderguda"}, "geometry": {"type": "Point", "coordinates": [78.50156, 17.43436]}}, {"type": "Feature", "properties": {"name": "Urban Primary Health Centre, Krishna Nagar, Sarrornagar", "type": "clinic", "address": "Krishna Nagar, Sarrornagar"}, "geometry": {"type": "Point", "coordinates": [78.5483, 17.35893]}}, {"type": "Feature", "properties": {"name": "DK Govt Homoeopathic Hospital, Ramanthapur, Hyd", "type": "hospital", "address": "Warangal Highway Road"}, "geometry": {"type": "Point", "coordinates": [78.53102, 17.39791]}}, {"type": "Feature", "properties": {"name": "Urban Primatry Health Centre Ekalavya Nagar", "type": "clinic", "address": "Ekalavya Nagar"}, "geometry": {"type": "Point", "coordinates": [78.53104, 17.45718]}}, {"type": "Feature", "properties": {"name": "Primary Health Centre Malkajgiri (Urban)", "type": "clinic", "address": "MALKAJGIRI"}, "geometry": {"type": "Point", "coordinates": [78.53761, 17.45783]}}, {"type": "Feature", "properties": {"name": "CHC KHAIRATABAD", "type": "hospital", "address": "6-1-968"}, "geometry": {"type": "Point", "coordinates": [78.42191, 17.44481]}}, {"type": "Feature", "properties": {"name": "Government Ayurveda Dispensary, Jawhar Nagar (NRHM)", "type": "doctors", "address": "Municipal Office Road"}, "geometry": {"type": "Point", "coordinates": [78.42393, 17.43952]}}, {"type": "Feature", "properties": {"name": "Community Health Centre, AMEERPET", "type": "hospital", "address": "BALKAMPET ROAD"}, "geometry": {"type": "Point", "coordinates": [78.42489, 17.44855]}}, {"type": "Feature", "properties": {"name": "Urban Primary Health Centre, Sriram Nagar", "type": "clinic", "address": "Beside Govt School"}, "geometry": {"type": "Point", "coordinates": [78.4231, 17.44922]}}, {"type": "Feature", "properties": {"name": "Urban Primary Health Centre, Nagole", "type": "clinic", "address": "Nagole"}, "geometry": {"type": "Point", "coordinates": [78.46226, 17.49798]}}, {"type": "Feature", "properties": {"name": "Govt.Unani Dispensary, Patloor", "type": "doctors", "address": "Marpally Main Road"}, "geometry": {"type": "Point", "coordinates": [78.50268, 17.40874]}}, {"type": "Feature", "properties": {"name": "Primary Health Centre Alwal", "type": "clinic", "address": "OOP-Govt-School"}, "geometry": {"type": "Point", "coordinates": [78.50423, 17.50632]}}, {"type": "Feature", "properties": {"name": "Apollo Pharmacy", "type": "pharmacy"}, "geometry": {"type": "Point", "coordinates": [78.45688, 17.42536]}}, {"type": "Feature", "properties": {"name": "Government Unani Dispesary, O. U. Campus", "type": "doctors", "address": "O. U. Campus"}, "geometry": {"type": "Point", "coordinates": [78.3011, 17.43541]}}, {"type": "Feature", "properties": {"name": "Urban Primary Health Centre, Raidarga, Serilingampally", "type": "clinic", "address": "Raidarga, Serilingampally"}, "geometry": {"type": "Point", "coordinates": [78.39269, 17.41638]}}, {"type": "Feature", "properties": {"name": "Urban Primary Health Centre, Showkath Nagar", "type": "clinic", "address": "opp Masjid"}, "geometry": {"type": "Point", "coordinates": [78.43594, 17.42549]}}, {"type": "Feature", "properties": {"name": "Urban Primary Health Centre, Banjara Hills", "type": "clinic", "address": "Rd No. 7, Banjara Hills"}, "geometry": {"type": "Point", "coordinates": [78.43968, 17.41383]}}, {"type": "Feature", "properties": {"name": "Urban Primary Health Centre, Film Nagar", "type": "clinic", "address": "BGR Nagar, Near Sheikpet, Nala, Film Nagar"}, "geometry": {"type": "Point", "coordinates": [78.40848, 17.41632]}}, {"type": "Feature", "properties": {"name": "Government Homoeo Dispensary, Santhosh Nagar", "type": "doctors", "address": "shiva temple"}, "geometry": {"type": "Point", "coordinates": [78.50815, 17.34732]}}, {"type": "Feature", "properties": {"name": "Primary Health Center, Kushaiguda", "type": "clinic", "address": "Kushaiguda"}, "geometry": {"type": "Point", "coordinates": [78.56907, 17.48239]}}, {"type": "Feature", "properties": {"name": "Urban Primary Health Centre Mallapur (Urban)", "type": "clinic", "address": "SURYANAGAR COLONY"}, "geometry": {"type": "Point", "coordinates": [78.57655, 17.44579]}}, {"type": "Feature", "properties": {"name": "Urban Primary Health Centre, Suraram Colony", "type": "clinic", "address": "Rajiv Ghruka Kalp Suraram Colony, School Building"}, "geometry": {"type": "Point", "coordinates": [78.43752, 17.53969]}}, {"type": "Feature", "properties": {"name": "Urban Primary Health Centre, Niloufer", "type": "clinic", "address": "PS NAGAR"}, "geometry": {"type": "Point", "coordinates": [78.4614, 17.39843]}}, {"type": "Feature", "properties": {"name": "Shishira hospitals", "type": "hospital"}, "geometry": {"type": "Point", "coordinates": [78.44557, 17.43177]}}, {"type": "Feature", "properties": {"name": "Pareena Eye care center", "type": "clinic"}, "geometry": {"type": "Point", "coordinates": [78.44604, 17.43199]}}, {"type": "Feature", "properties": {"name": "Image Hospital", "type": "hospital"}, "geometry": {"type": "Point", "coordinates": [78.44735, 17.4315]}}, {"type": "Feature", "properties": {"name": "Medkid children's hospital", "type": "hospital"}, "geometry": {"type": "Point", "coordinates": [78.44871, 17.43025]}}, {"type": "Feature", "properties": {"name": "Urban Primary Health Centre, Ranganayakula Gutta, Hayathnagar", "type": "clinic", "address": "Ranganayakula Gutta, Hayathnagar"}, "geometry": {"type": "Point", "coordinates": [78.57379, 17.32134]}}, {"type": "Feature", "properties": {"name": "Urban Primary Health Centre, Madannapet", "type": "clinic", "address": "Raheem Function Plaza"}, "geometry": {"type": "Point", "coordinates": [78.49866, 17.35781]}}, {"type": "Feature", "properties": {"name": "Healthcare facility", "type": "clinic"}, "geometry": {"type": "Point", "coordinates": [78.49631, 17.36399]}}, {"type": "Feature", "properties": {"name": "Urban Primary Health Centre, Malakpet", "type": "clinic", "address": "Near Super market"}, "geometry": {"type": "Point", "coordinates": [78.49019, 17.37308]}}, {"type": "Feature", "properties": {"name": "Urban Primary Health Centre, RFPTC", "type": "clinic", "address": "Himayatha Nagar"}, "geometry": {"type": "Point", "coordinates": [78.48914, 17.38496]}}, {"type": "Feature", "properties": {"name": "Urban Primary Health Centre, Azampura", "type": "clinic", "address": "Chadarghat"}, "geometry": {"type": "Point", "coordinates": [78.48943, 17.37719]}}, {"type": "Feature", "properties": {"name": "Urban Primary Health Centre, Esamia Bazar", "type": "clinic", "address": "Himayatha Nagar"}, "geometry": {"type": "Point", "coordinates": [78.48858, 17.3817]}}, {"type": "Feature", "properties": {"name": "Government Ayurveda Dispenary, Saroornagar (NRHM)", "type": "doctors", "address": "Gayathri Nagar Street"}, "geometry": {"type": "Point", "coordinates": [78.53147, 17.35401]}}, {"type": "Feature", "properties": {"name": "Urban Primary Health Centre, Champapet Ph-II, Saroornagar", "type": "clinic", "address": "Champapet Ph-II, Saroornagar"}, "geometry": {"type": "Point", "coordinates": [78.52442, 17.35899]}}, {"type": "Feature", "properties": {"name": "Urban Primary Health Centre, Kothapet, Harijanawada, Saroornagar", "type": "clinic", "address": "Kothapet, Harijanawada, Saroornagar"}, "geometry": {"type": "Point", "coordinates": [78.53784, 17.36423]}}, {"type": "Feature", "properties": {"name": "Urban Primary Health Centre, Dabeerpura", "type": "clinic", "address": "Near Rly Station"}, "geometry": {"type": "Point", "coordinates": [78.48557, 17.36563]}}, {"type": "Feature", "properties": {"name": "Urban Primary Health Centre, Aman Nagar", "type": "clinic", "address": "Talab katta"}, "geometry": {"type": "Point", "coordinates": [78.4872, 17.35746]}}, {"type": "Feature", "properties": {"name": "Urban Primary Health Centre, Darulshifa", "type": "clinic", "address": "Tribunal Court, Darulsifa"}, "geometry": {"type": "Point", "coordinates": [78.48106, 17.37079]}}, {"type": "Feature", "properties": {"name": "Urban Primary Health Centre, Jambaghpark", "type": "clinic", "address": "Darulshifa"}, "geometry": {"type": "Point", "coordinates": [78.48327, 17.37398]}}, {"type": "Feature", "properties": {"name": "Urban Primary Health Centre, Yakhutpura-1", "type": "clinic", "address": "Rain Bazar"}, "geometry": {"type": "Point", "coordinates": [78.48522, 17.35948]}}, {"type": "Feature", "properties": {"name": "Urban Primary Health Centre, Aghapura", "type": "clinic", "address": "HINDI NAGAR"}, "geometry": {"type": "Point", "coordinates": [78.46449, 17.38819]}}, {"type": "Feature", "properties": {"name": "Urban Primary Health Centre, Maharajgunj", "type": "clinic", "address": "CHAKANWADI"}, "geometry": {"type": "Point", "coordinates": [78.46767, 17.38142]}}, {"type": "Feature", "properties": {"name": "Government Unani Dispensary, Moulali,", "type": "doctors", "address": "Moula Ali"}, "geometry": {"type": "Point", "coordinates": [78.56198, 17.4624]}}, {"type": "Feature", "properties": {"name": "Urban Primary Health Centre Vinayaknagar (Urban)", "type": "clinic", "address": "UHC VINAYAKNAGAR"}, "geometry": {"type": "Point", "coordinates": [78.54064, 17.46864]}}, {"type": "Feature", "properties": {"name": "Cygnet Superspeciality Clinics", "type": "clinic", "address": "Main Road, beside Sanath Nagar police station, Shivaji Nagar, Sanath Nagar"}, "geometry": {"type": "Point", "coordinates": [78.44241, 17.45633]}}, {"type": "Feature", "properties": {"name": "Maholla Clinic", "type": "hospital"}, "geometry": {"type": "Point", "coordinates": [78.41155, 17.45668]}}, {"type": "Feature", "properties": {"name": "Mohammadi Clinic", "type": "hospital"}, "geometry": {"type": "Point", "coordinates": [78.41038, 17.45643]}}, {"type": "Feature", "properties": {"name": "Susheela Hospital", "type": "hospital", "address": "RTC Colony"}, "geometry": {"type": "Point", "coordinates": [78.5366, 17.39345]}}, {"type": "Feature", "properties": {"name": "Dr. Kiran Lingutla", "type": "clinic", "address": "KL Health Centre Clinic ,7-1-215 C/1,Ameerpet- Balkampet Main Road, Ameerpet"}, "geometry": {"type": "Point", "coordinates": [78.45668, 17.4246]}}, {"type": "Feature", "properties": {"name": "Healthcare facility", "type": "hospital"}, "geometry": {"type": "Point", "coordinates": [78.46809, 17.33735]}}, {"type": "Feature", "properties": {"name": "Dr.Shyam's Spine Ortho & Neuro Polyclinic's", "type": "clinic", "address": "Road No.9, Adarsh Nagar Colony, Chilka Nagar Road, Uppal, Medcha"}, "geometry": {"type": "Point", "coordinates": [78.5645, 17.41131]}}, {"type": "Feature", "properties": {"name": "Godha Spine, Ortho & Polyclinic", "type": "clinic", "address": "Brundavanam, road no 4, street, 21, vijayapur colony Rd, Kothapet"}, "geometry": {"type": "Point", "coordinates": [78.5427, 17.36775]}}, {"type": "Feature", "properties": {"name": "Urban Primary Health Centre, A.M.S", "type": "clinic", "address": "Vidyanagar"}, "geometry": {"type": "Point", "coordinates": [78.51014, 17.40192]}}, {"type": "Feature", "properties": {"name": "appolo medical shop1", "type": "hospital"}, "geometry": {"type": "Point", "coordinates": [78.60072, 17.31475]}}, {"type": "Feature", "properties": {"name": "MedPlus", "type": "pharmacy"}, "geometry": {"type": "Point", "coordinates": [78.5508, 17.4737]}}, {"type": "Feature", "properties": {"name": "MedPlus", "type": "pharmacy"}, "geometry": {"type": "Point", "coordinates": [78.55102, 17.47396]}}, {"type": "Feature", "properties": {"name": "Mesan pharmacy diagnostics", "type": "pharmacy"}, "geometry": {"type": "Point", "coordinates": [78.55127, 17.47464]}}, {"type": "Feature", "properties": {"name": "Medical diagnostics", "type": "clinic"}, "geometry": {"type": "Point", "coordinates": [78.5513, 17.47508]}}, {"type": "Feature", "properties": {"name": "Janani General store", "type": "pharmacy"}, "geometry": {"type": "Point", "coordinates": [78.55076, 17.47325]}}, {"type": "Feature", "properties": {"name": "SRI Venkateshwara Cinic", "type": "clinic"}, "geometry": {"type": "Point", "coordinates": [78.55141, 17.47548]}}, {"type": "Feature", "properties": {"name": "Government Unani Dispesary, Fathedaraaza", "type": "doctors", "address": "Petlaburj"}, "geometry": {"type": "Point", "coordinates": [78.46227, 17.36683]}}, {"type": "Feature", "properties": {"name": "Appolooo", "type": "pharmacy"}, "geometry": {"type": "Point", "coordinates": [78.39376, 17.5025]}}, {"type": "Feature", "properties": {"name": "JNTU Hospital", "type": "hospital"}, "geometry": {"type": "Point", "coordinates": [78.39107, 17.49155]}}, {"type": "Feature", "properties": {"name": "Government Unani Dispensary, Saifabad", "type": "doctors", "address": "Ward No. 10"}, "geometry": {"type": "Point", "coordinates": [78.45959, 17.41174]}}, {"type": "Feature", "properties": {"name": "Omega Hospitals", "type": "hospital"}, "geometry": {"type": "Point", "coordinates": [78.36758, 17.43642]}}, {"type": "Feature", "properties": {"name": "Apollo Pharmacy", "type": "pharmacy"}, "geometry": {"type": "Point", "coordinates": [78.4095, 17.42888]}}, {"type": "Feature", "properties": {"name": "Amar Hospitals", "type": "hospital"}, "geometry": {"type": "Point", "coordinates": [78.4204, 17.47716]}}, {"type": "Feature", "properties": {"name": "Yashoda Hospitals", "type": "hospital"}, "geometry": {"type": "Point", "coordinates": [78.38418, 17.46227]}}, {"type": "Feature", "properties": {"name": "Sunridge Multi-Speciality Hospital", "type": "hospital", "emergency": "yes", "address": "Kalyan Nagar"}, "geometry": {"type": "Point", "coordinates": [78.42175, 17.45386]}}, {"type": "Feature", "properties": {"name": "Urban Primary Health Centre, Shanthi Nagar", "type": "clinic", "address": "PS NAGAR"}, "geometry": {"type": "Point", "coordinates": [78.4556, 17.40106]}}, {"type": "Feature", "properties": {"name": "Urban Primary Health Centre Quthbullapur Village", "type": "clinic", "address": "CPR COLONY"}, "geometry": {"type": "Point", "coordinates": [78.45773, 17.50082]}}, {"type": "Feature", "properties": {"name": "D.K.GOVT. HOMOEO HOSPITAL", "type": "hospital", "address": "Ramanthapur"}, "geometry": {"type": "Point", "coordinates": [78.45624, 17.38417]}}, {"type": "Feature", "properties": {"name": "Urban Primary Health Centre, Syed Nagar", "type": "clinic", "address": "AHMED NAGAR"}, "geometry": {"type": "Point", "coordinates": [78.43681, 17.40622]}}, {"type": "Feature", "properties": {"name": "Urban Primary Health Centre, Jahanuma", "type": "clinic", "address": "Opp.Urdu School of Boys Shamsheer Gunj X roads"}, "geometry": {"type": "Point", "coordinates": [78.45946, 17.33883]}}, {"type": "Feature", "properties": {"name": "Urban Primary Health Centre, Uppuguda", "type": "clinic", "address": "Kanchanbagh"}, "geometry": {"type": "Point", "coordinates": [78.48554, 17.3379]}}, {"type": "Feature", "properties": {"name": "Urban Primary Health Centre, Parvathi Nagar", "type": "clinic", "address": "Kandikal Gate"}, "geometry": {"type": "Point", "coordinates": [78.40236, 17.45772]}}, {"type": "Feature", "properties": {"name": "Urban Primary Health Centre, Balagunj", "type": "clinic", "address": "Near Falaknama Bustop ,Indian Petrol pump"}, "geometry": {"type": "Point", "coordinates": [78.47712, 17.34795]}}, {"type": "Feature", "properties": {"name": "Govt. Homoeo Dispensary, Vanasthalipuram", "type": "doctors", "address": "Vanasthalipuram"}, "geometry": {"type": "Point", "coordinates": [78.57544, 17.33171]}}, {"type": "Feature", "properties": {"name": "Urban Primary Health Centre, Chandulal Baradari", "type": "clinic", "address": "Near Water works office lane"}, "geometry": {"type": "Point", "coordinates": [78.45992, 17.35188]}}, {"type": "Feature", "properties": {"name": "Urban Primary Health Centre, Tandur", "type": "clinic", "address": "Tandur"}, "geometry": {"type": "Point", "coordinates": [78.49895, 17.39169]}}, {"type": "Feature", "properties": {"name": "Urban Primary Health Centre, Moosapet", "type": "clinic", "address": "Mahila Mandal building, Janatha Nagar, Multi skill building"}, "geometry": {"type": "Point", "coordinates": [78.41984, 17.48068]}}, {"type": "Feature", "properties": {"name": "Government Ayurvedic Dispensary, Kondapur(NRHM)", "type": "doctors", "address": "Kondapur"}, "geometry": {"type": "Point", "coordinates": [78.35291, 17.46333]}}, {"type": "Feature", "properties": {"name": "Urban Primary Health Centre, Afzal Sagar", "type": "clinic", "address": "INDIRA NAGAR"}, "geometry": {"type": "Point", "coordinates": [78.45966, 17.38603]}}, {"type": "Feature", "properties": {"name": "Urban Primary Health Centre, Umda Bazar", "type": "clinic", "address": "Mekala Banda"}, "geometry": {"type": "Point", "coordinates": [78.462, 17.35765]}}, {"type": "Feature", "properties": {"name": "Urban Health Centre  Shivarampally", "type": "clinic", "address": "Manikanta Colony"}, "geometry": {"type": "Point", "coordinates": [78.42953, 17.33364]}}, {"type": "Feature", "properties": {"name": "Urban Primary Health Centre, Vinayak Nagar", "type": "clinic", "address": "Beside Govt School"}, "geometry": {"type": "Point", "coordinates": [78.41125, 17.45503]}}, {"type": "Feature", "properties": {"name": "Urban Primary Health Centre, Safilguda", "type": "clinic", "address": "Dwarakimai Colony, old Safilguda, Malkajgiri"}, "geometry": {"type": "Point", "coordinates": [78.38516, 17.50115]}}, {"type": "Feature", "properties": {"name": "Urban Primary Health Center, Deenabandu colony", "type": "clinic", "address": "Deenabandu colony"}, "geometry": {"type": "Point", "coordinates": [78.42301, 17.49735]}}, {"type": "Feature", "properties": {"name": "Government Homoeo Dispensary, Ameerpet", "type": "doctors", "address": "S. R. Nagar"}, "geometry": {"type": "Point", "coordinates": [78.44875, 17.44127]}}, {"type": "Feature", "properties": {"name": "Primary Health Centre, RHC Patancheru", "type": "clinic", "address": "PATANCHERU"}, "geometry": {"type": "Point", "coordinates": [78.26723, 17.52601]}}, {"type": "Feature", "properties": {"name": "Urban Primary Health Centre, Kamatipura", "type": "clinic", "address": "Palam road"}, "geometry": {"type": "Point", "coordinates": [78.45589, 17.35393]}}, {"type": "Feature", "properties": {"name": "Government Ayurvedic Hospital, Erragadda, Hyderabad", "type": "hospital", "address": "AG COLONY ROAD"}, "geometry": {"type": "Point", "coordinates": [78.43384, 17.44871]}}, {"type": "Feature", "properties": {"name": "Urban Primary Health Centre, Taramaidan", "type": "clinic", "address": "Tarana Building"}, "geometry": {"type": "Point", "coordinates": [78.46563, 17.36187]}}, {"type": "Feature", "properties": {"name": "Community Health Centre Rajendranagar", "type": "hospital", "address": "MAINROAD"}, "geometry": {"type": "Point", "coordinates": [78.4018, 17.32035]}}, {"type": "Feature", "properties": {"name": "Urban Primary Health Centre, Boggulakunta", "type": "clinic", "address": "Tilak Road"}, "geometry": {"type": "Point", "coordinates": [78.48115, 17.39005]}}, {"type": "Feature", "properties": {"name": "Government Ayurveda Dispensary, Area Hospital, Patanchervu (NRHM)", "type": "doctors", "address": "Ambedkar Colony"}, "geometry": {"type": "Point", "coordinates": [78.26744, 17.52742]}}, {"type": "Feature", "properties": {"name": "Community Health Centre, BARKAS", "type": "hospital", "address": "OPP:CRPF play ground"}, "geometry": {"type": "Point", "coordinates": [78.48317, 17.31448]}}, {"type": "Feature", "properties": {"name": "Niloufer Hospital", "type": "hospital", "address": "Baazar Ghat, Lakdi Ka Pul,"}, "geometry": {"type": "Point", "coordinates": [78.46104, 17.39868]}}, {"type": "Feature", "properties": {"name": "Government Unani Dispesary, Nampally", "type": "doctors", "address": "Habib nager"}, "geometry": {"type": "Point", "coordinates": [78.4632, 17.39201]}}, {"type": "Feature", "properties": {"name": "Urban Primary Health Centre, Bagh Amberpet", "type": "clinic", "address": "Near Amberpet"}, "geometry": {"type": "Point", "coordinates": [78.51666, 17.396]}}, {"type": "Feature", "properties": {"name": "Area Hospital, Golconda", "type": "hospital", "address": "Golconda"}, "geometry": {"type": "Point", "coordinates": [78.4294, 17.3975]}}, {"type": "Feature", "properties": {"name": "Urban Primary Health Centre, Gagan Mahal", "type": "clinic", "address": "Himayatha Nagar"}, "geometry": {"type": "Point", "coordinates": [78.48615, 17.40872]}}, {"type": "Feature", "properties": {"name": "Government Chest Hospital", "type": "hospital", "address": "Erragadda"}, "geometry": {"type": "Point", "coordinates": [78.43496, 17.44543]}}, {"type": "Feature", "properties": {"name": "Urban Primary Health Centre, Barkas", "type": "clinic", "address": "chandrayan gutta bus stop"}, "geometry": {"type": "Point", "coordinates": [78.48009, 17.32767]}}, {"type": "Feature", "properties": {"name": "Primary Health Centre Uppal", "type": "clinic", "address": "UPPAL MAIN ROAD"}, "geometry": {"type": "Point", "coordinates": [78.56125, 17.40248]}}, {"type": "Feature", "properties": {"name": "Urban Primary Health Centre, Teegalkunta", "type": "clinic", "address": "MCH colony"}, "geometry": {"type": "Point", "coordinates": [78.45714, 17.3339]}}, {"type": "Feature", "properties": {"name": "Urban Primary Health Center, Jeedimetla, Quthbullapur", "type": "clinic", "address": "Jeedimetla, Quthbullapur"}, "geometry": {"type": "Point", "coordinates": [78.42504, 17.51416]}}, {"type": "Feature", "properties": {"name": "MG Govt Maternity Hospital, Petla Burz", "type": "hospital", "address": "Petlaburz"}, "geometry": {"type": "Point", "coordinates": [78.46742, 17.36846]}}, {"type": "Feature", "properties": {"name": "Government Ayurvedic Dispensary, Secretariate", "type": "doctors", "address": "New MLA Quarters"}, "geometry": {"type": "Point", "coordinates": [78.47388, 17.405]}}, {"type": "Feature", "properties": {"name": "Government Homoeo Dispensary, Old Bowenpally", "type": "doctors", "address": "Bus Stand Road"}, "geometry": {"type": "Point", "coordinates": [78.47874, 17.47772]}}, {"type": "Feature", "properties": {"name": "Urban Primary Health Centre HASSAN NAGAR", "type": "clinic", "address": "MIRALAM"}, "geometry": {"type": "Point", "coordinates": [78.44259, 17.33779]}}, {"type": "Feature", "properties": {"name": "Urban Primary Health Centre, Nandanavanam, Sarrornagar", "type": "clinic", "address": "Nandanavanam, Sarrornagar"}, "geometry": {"type": "Point", "coordinates": [78.53886, 17.32851]}}, {"type": "Feature", "properties": {"name": "Urban Primary Health Centre, Mancherial", "type": "clinic", "address": "Mancherial"}, "geometry": {"type": "Point", "coordinates": [78.40847, 17.5122]}}, {"type": "Feature", "properties": {"name": "MNJ Institute of Oncology and Regional Cancer Center", "type": "hospital", "address": "Red Hills, Lakadikapul,"}, "geometry": {"type": "Point", "coordinates": [78.46019, 17.39224]}}, {"type": "Feature", "properties": {"name": "Govt. Ayurvedic Dispensary, Hyderguda", "type": "doctors", "address": "Hyderguda"}, "geometry": {"type": "Point", "coordinates": [78.42401, 17.36659]}}, {"type": "Feature", "properties": {"name": "Urban Primary Health Centre, Saheb Nagar, Harijanawada, Hayathnagar", "type": "clinic", "address": "Saheb Nagar, Harijanawada, Hayathnagar"}, "geometry": {"type": "Point", "coordinates": [78.57216, 17.32518]}}, {"type": "Feature", "properties": {"name": "Govrnment Unani Dispensary, Uppalkalan", "type": "doctors", "address": "Uppalkalan"}, "geometry": {"type": "Point", "coordinates": [78.57117, 17.40096]}}, {"type": "Feature", "properties": {"name": "Urban Primary Health Centre, Kishan Bagh", "type": "clinic", "address": "PARDIWADA"}, "geometry": {"type": "Point", "coordinates": [78.44319, 17.35525]}}, {"type": "Feature", "properties": {"name": "Urban Primary Health Centre, Tilak Nagar", "type": "clinic", "address": "Sreeram Nagar Colony"}, "geometry": {"type": "Point", "coordinates": [78.50851, 17.39225]}}, {"type": "Feature", "properties": {"name": "Urban Primary Health Centre, Sanath Nagar", "type": "clinic", "address": "E-SEVA ROAD NEHRU PARK SANATH NAGAR"}, "geometry": {"type": "Point", "coordinates": [78.44347, 17.45275]}}, {"type": "Feature", "properties": {"name": "Institute of Mental Health", "type": "hospital", "address": "Main Road, Erragadda,"}, "geometry": {"type": "Point", "coordinates": [78.43611, 17.45067]}}, {"type": "Feature", "properties": {"name": "Government Homoeo Dispenary, Serlingampally (NRHM)", "type": "doctors", "address": "Bapu Nagar"}, "geometry": {"type": "Point", "coordinates": [78.32089, 17.4796]}}, {"type": "Feature", "properties": {"name": "Urban Primary Health Centre, Chintal Basthi", "type": "clinic", "address": "MCH WARD OFFICE NEAR P.G COLLAGE"}, "geometry": {"type": "Point", "coordinates": [78.45672, 17.40736]}}, {"type": "Feature", "properties": {"name": "Urban Primary Health Centre, Jagadgirigutta", "type": "clinic", "address": "Hanuman Nagar, near St.Pauls High School"}, "geometry": {"type": "Point", "coordinates": [78.44129, 17.4909]}}, {"type": "Feature", "properties": {"name": "Urban Primary Health Centre, Ameerpet", "type": "clinic", "address": "OPP. SR Nagar Police Station"}, "geometry": {"type": "Point", "coordinates": [78.4481, 17.4419]}}, {"type": "Feature", "properties": {"name": "Government Unani Dispesary, Misaram", "type": "doctors", "address": "Barkas"}, "geometry": {"type": "Point", "coordinates": [78.48164, 17.31885]}}, {"type": "Feature", "properties": {"name": "Urban Primary Health Centre, Kummarwadi", "type": "clinic", "address": "Kummarwadi, Bade Bazar."}, "geometry": {"type": "Point", "coordinates": [78.45279, 17.38712]}}, {"type": "Feature", "properties": {"name": "Government Unani Dispensary, Mustidpura", "type": "doctors", "address": "KarwanRoad"}, "geometry": {"type": "Point", "coordinates": [78.45274, 17.3915]}}, {"type": "Feature", "properties": {"name": "Urban Primary Health Centre, Upperpally, Rajendranagar", "type": "clinic", "address": "Upperpally, Rajendranagar"}, "geometry": {"type": "Point", "coordinates": [78.41549, 17.36275]}}, {"type": "Feature", "properties": {"name": "Urban Primary Health Centre Mailardevpally", "type": "clinic", "address": "Mailardevpally"}, "geometry": {"type": "Point", "coordinates": [78.44908, 17.31644]}}, {"type": "Feature", "properties": {"name": "Urban Primary Health Centre, Macha Bollaram", "type": "clinic", "address": "Macha Bollaram"}, "geometry": {"type": "Point", "coordinates": [78.53668, 17.52705]}}, {"type": "Feature", "properties": {"name": "Urban Primary Health Centre  Mansoorabad (Urban)", "type": "clinic", "address": "South End Park Street"}, "geometry": {"type": "Point", "coordinates": [78.56792, 17.35178]}}, {"type": "Feature", "properties": {"name": "Urban Primary Health Centre, Golconda", "type": "clinic", "address": "Opp: Golkonda Fort"}, "geometry": {"type": "Point", "coordinates": [78.40106, 17.38331]}}, {"type": "Feature", "properties": {"name": "Southern Regional Centre of AYJNIHH (Secunderabad)", "type": "clinic", "address": "Secunderabad"}, "geometry": {"type": "Point", "coordinates": [78.48868, 17.46674]}}, {"type": "Feature", "properties": {"name": "Urban Primary Health Centre, Sultan Bazar", "type": "clinic", "address": "Himayatha Nagar"}, "geometry": {"type": "Point", "coordinates": [78.47833, 17.39139]}}, {"type": "Feature", "properties": {"name": "MK Dentistry", "type": "hospital", "emergency": "yes", "address": "above ICICI Bank, Syed Azam Colony, Vijaya Nagar Colony"}, "geometry": {"type": "Point", "coordinates": [78.45566, 17.39515]}}, {"type": "Feature", "properties": {"name": "The Orthopod - Bone and Joint Clinic", "type": "clinic", "address": "Galaxy, Deluxe Colony, Janaki Nagar Colony, Toli Chowki"}, "geometry": {"type": "Point", "coordinates": [78.41169, 17.40248]}}, {"type": "Feature", "properties": {"name": "Scope Laboratories Super Specialty Diagnostics", "type": "clinic", "address": "Adikmet Main Road"}, "geometry": {"type": "Point", "coordinates": [78.51046, 17.40484]}}, {"type": "Feature", "properties": {"name": "VisionExpress Opticians", "type": "clinic", "address": "Adikmet Main Road"}, "geometry": {"type": "Point", "coordinates": [78.51048, 17.4049]}}, {"type": "Feature", "properties": {"name": "MedPlus", "type": "pharmacy"}, "geometry": {"type": "Point", "coordinates": [78.40649, 17.51134]}}, {"type": "Feature", "properties": {"name": "Sirisha First Aid Center", "type": "pharmacy"}, "geometry": {"type": "Point", "coordinates": [78.40654, 17.51117]}}, {"type": "Feature", "properties": {"name": "Apollo Pharmacy", "type": "pharmacy"}, "geometry": {"type": "Point", "coordinates": [78.50964, 17.39394]}}, {"type": "Feature", "properties": {"name": "Abhinay Krishna Speciality Clinic", "type": "clinic"}, "geometry": {"type": "Point", "coordinates": [78.49243, 17.46127]}}, {"type": "Feature", "properties": {"name": "SK + Diagnostics", "type": "hospital"}, "geometry": {"type": "Point", "coordinates": [78.56816, 17.47545]}}, {"type": "Feature", "properties": {"name": "Healthcare facility", "type": "hospital"}, "geometry": {"type": "Point", "coordinates": [78.47452, 17.35358]}}, {"type": "Feature", "properties": {"name": "KL Spine Surgeon", "type": "clinic", "address": "Care Outpatient Centre, Road No. 10, Avenue 4, Banjara Hills"}, "geometry": {"type": "Point", "coordinates": [78.44652, 17.41434]}}, {"type": "Feature", "properties": {"name": "Elite Aesthetics Skin, Hair Care Clinics, Kondapur", "type": "doctors", "address": "Raghavendra Colony"}, "geometry": {"type": "Point", "coordinates": [78.36224, 17.46948]}}, {"type": "Feature", "properties": {"name": "Revive Multispeciality Hospital", "type": "hospital", "emergency": "yes", "address": "Sumithra Nagar, Gudement Nagar, IDPL Colony, Balanagar"}, "geometry": {"type": "Point", "coordinates": [78.44975, 17.48653]}}, {"type": "Feature", "properties": {"name": "Sai charan Children's hospital", "type": "hospital"}, "geometry": {"type": "Point", "coordinates": [78.52991, 17.39598]}}, {"type": "Feature", "properties": {"name": "Janani infertility center", "type": "hospital"}, "geometry": {"type": "Point", "coordinates": [78.52991, 17.39435]}}, {"type": "Feature", "properties": {"name": "Jahnavi Clinic", "type": "clinic"}, "geometry": {"type": "Point", "coordinates": [78.42832, 17.50602]}}, {"type": "Feature", "properties": {"name": "Sree Adithya Pharmacy", "type": "pharmacy"}, "geometry": {"type": "Point", "coordinates": [78.42864, 17.50685]}}, {"type": "Feature", "properties": {"name": "Reborn Skin and Hair Clinic", "type": "hospital", "address": "MMTS Station Rd, beside Jehovah House of Worship, near Hitech City, K P H B Phase 7, Kukatpally, Hyderabad,"}, "geometry": {"type": "Point", "coordinates": [78.38724, 17.47312]}}, {"type": "Feature", "properties": {"name": "Apollo Pharmacy", "type": "pharmacy"}, "geometry": {"type": "Point", "coordinates": [78.56505, 17.35105]}}, {"type": "Feature", "properties": {"name": "Sai Ayush Ayurveda Hospital - wellness Hyderabad", "type": "hospital", "address": "Hitech - Kukatpally Main Road"}, "geometry": {"type": "Point", "coordinates": [78.3872, 17.47319]}}, {"type": "Feature", "properties": {"name": "Rams Super Speciality Clinic", "type": "clinic"}, "geometry": {"type": "Point", "coordinates": [78.43935, 17.44649]}}, {"type": "Feature", "properties": {"name": "Anukar Pharmacy", "type": "pharmacy"}, "geometry": {"type": "Point", "coordinates": [78.4548, 17.4229]}}, {"type": "Feature", "properties": {"name": "Renova Hospitals", "type": "hospital"}, "geometry": {"type": "Point", "coordinates": [78.41439, 17.37337]}}, {"type": "Feature", "properties": {"name": "Pi Health Hospital", "type": "hospital"}, "geometry": {"type": "Point", "coordinates": [78.36058, 17.44824]}}, {"type": "Feature", "properties": {"name": "Haryansh Pharmacy", "type": "pharmacy"}, "geometry": {"type": "Point", "coordinates": [78.36085, 17.44861]}}, {"type": "Feature", "properties": {"name": "MedPlus", "type": "pharmacy"}, "geometry": {"type": "Point", "coordinates": [78.36107, 17.44856]}}, {"type": "Feature", "properties": {"name": "Apollo Pharmacy", "type": "pharmacy"}, "geometry": {"type": "Point", "coordinates": [78.44451, 17.43585]}}, {"type": "Feature", "properties": {"name": "Dr.MALLENA's DENTAL Hospitals,", "type": "clinic"}, "geometry": {"type": "Point", "coordinates": [78.42943, 17.39196]}}, {"type": "Feature", "properties": {"name": "Oneders Clinics", "type": "hospital", "address": "Old Bombay Highway"}, "geometry": {"type": "Point", "coordinates": [78.39999, 17.40906]}}, {"type": "Feature", "properties": {"name": "govind clinic", "type": "clinic"}, "geometry": {"type": "Point", "coordinates": [78.46328, 17.5067]}}, {"type": "Feature", "properties": {"name": "Healthcare facility", "type": "pharmacy"}, "geometry": {"type": "Point", "coordinates": [78.45179, 17.49404]}}, {"type": "Feature", "properties": {"name": "Swathi medical shop", "type": "pharmacy"}, "geometry": {"type": "Point", "coordinates": [78.45175, 17.49388]}}, {"type": "Feature", "properties": {"name": "Medicare Hospitals", "type": "hospital"}, "geometry": {"type": "Point", "coordinates": [78.54839, 17.3497]}}, {"type": "Feature", "properties": {"name": "Vi Clinic Dental & Women Care", "type": "clinic", "address": "Sanath Nagar Main Road"}, "geometry": {"type": "Point", "coordinates": [78.43485, 17.45624]}}, {"type": "Feature", "properties": {"name": "Apollo Pharmacy", "type": "pharmacy"}, "geometry": {"type": "Point", "coordinates": [78.51127, 17.40572]}}, {"type": "Feature", "properties": {"name": "Arete Hospitals", "type": "hospital", "emergency": "yes"}, "geometry": {"type": "Point", "coordinates": [78.37491, 17.42767]}}, {"type": "Feature", "properties": {"name": "Dental clinic", "type": "hospital"}, "geometry": {"type": "Point", "coordinates": [78.50148, 17.39681]}}, {"type": "Feature", "properties": {"name": "eyes specalist", "type": "hospital"}, "geometry": {"type": "Point", "coordinates": [78.49015, 17.41261]}}, {"type": "Feature", "properties": {"name": "tia clincic", "type": "clinic"}, "geometry": {"type": "Point", "coordinates": [78.39482, 17.4833]}}, {"type": "Feature", "properties": {"name": "Devi Santoshi Medical shop", "type": "pharmacy"}, "geometry": {"type": "Point", "coordinates": [78.48829, 17.45731]}}, {"type": "Feature", "properties": {"name": "Medicover", "type": "hospital"}, "geometry": {"type": "Point", "coordinates": [78.37756, 17.45521]}}, {"type": "Feature", "properties": {"name": "Govt street Hospital", "type": "hospital", "address": "bupeshgupta nagar"}, "geometry": {"type": "Point", "coordinates": [78.53675, 17.33279]}}, {"type": "Feature", "properties": {"name": "Eye Hospital centre", "type": "hospital"}, "geometry": {"type": "Point", "coordinates": [78.46725, 17.37313]}}, {"type": "Feature", "properties": {"name": "Chanda Nursing homes", "type": "hospital"}, "geometry": {"type": "Point", "coordinates": [78.46913, 17.37477]}}, {"type": "Feature", "properties": {"name": "Pilies Clinic", "type": "hospital"}, "geometry": {"type": "Point", "coordinates": [78.46902, 17.37501]}}, {"type": "Feature", "properties": {"name": "childern hospital", "type": "hospital"}, "geometry": {"type": "Point", "coordinates": [78.42626, 17.50307]}}, {"type": "Feature", "properties": {"name": "Chetana Hospital", "type": "hospital", "emergency": "yes"}, "geometry": {"type": "Point", "coordinates": [78.48321, 17.43601]}}, {"type": "Feature", "properties": {"name": "Hospital", "type": "hospital"}, "geometry": {"type": "Point", "coordinates": [78.39106, 17.49155]}}, {"type": "Feature", "properties": {"name": "Jntu Hospital", "type": "hospital"}, "geometry": {"type": "Point", "coordinates": [78.39108, 17.49157]}}, {"type": "Feature", "properties": {"name": "Gokul Speciality Clinics", "type": "hospital", "address": "Sardar Patel Nagar Road"}, "geometry": {"type": "Point", "coordinates": [78.38816, 17.49465]}}, {"type": "Feature", "properties": {"name": "APR Pharmacy", "type": "pharmacy"}, "geometry": {"type": "Point", "coordinates": [78.32862, 17.42599]}}, {"type": "Feature", "properties": {"name": "Dr. Shalini's Homeopathy", "type": "clinic", "address": "Aeronautic Enclave, Raghavendra Nagar, Suchitra"}, "geometry": {"type": "Point", "coordinates": [78.46783, 17.50115]}}, {"type": "Feature", "properties": {"name": "Pharmora Drug Mart", "type": "pharmacy", "address": "the medical Center, ground floor, Phase 2, HITEC City,k"}, "geometry": {"type": "Point", "coordinates": [78.37653, 17.44122]}}]}