{"type": "FeatureCollection", "features": [{"type": "Feature", "properties": {"name": "Shalby Hospital"}, "geometry": {"type": "Point", "coordinates": [72.50655, 23.01903]}}, {"type": "Feature", "properties": {"name": "Sanjivani Super Speciality Hospital"}, "geometry": {"type": "Point", "coordinates": [72.52818, 23.04022]}}, {"type": "Feature", "properties": {"name": "Columbia Asia Hospital"}, "geometry": {"type": "Point", "coordinates": [72.51233, 23.0581]}}, {"type": "Feature", "properties": {"name": "Jivraj Mehta Hospital"}, "geometry": {"type": "Point", "coordinates": [72.54337, 23.00838]}}, {"type": "Feature", "properties": {"name": "Narayana Hrudayalaya Hospital"}, "geometry": {"type": "Point", "coordinates": [72.62336, 23.02256]}}, {"type": "Feature", "properties": {"name": "Lallubhai Gordhanbhai Municipal General Hospital"}, "geometry": {"type": "Point", "coordinates": [72.60485, 22.99955]}}, {"type": "Feature", "properties": {"name": "Victoria Jubilee Hospital"}, "geometry": {"type": "Point", "coordinates": [72.59917, 23.0245]}}, {"type": "Feature", "properties": {"name": "Healthcare facility"}, "geometry": {"type": "Point", "coordinates": [72.57065, 23.01975]}}, {"type": "Feature", "properties": {"name": "Healthcare facility"}, "geometry": {"type": "Point", "coordinates": [72.5278, 23.03635]}}, {"type": "Feature", "properties": {"name": "Sal Hospital and Medical Institute"}, "geometry": {"type": "Point", "coordinates": [72.52436, 23.04946]}}, {"type": "Feature", "properties": {"name": "Zydus Hospitals"}, "geometry": {"type": "Point", "coordinates": [72.51737, 23.05861]}}, {"type": "Feature", "properties": {"name": "Healthcare facility"}, "geometry": {"type": "Point", "coordinates": [72.58194, 23.12203]}}, {"type": "Feature", "properties": {"name": "Infocus Diagnostics"}, "geometry": {"type": "Point", "coordinates": [72.56272, 23.03941]}}, {"type": "Feature", "properties": {"name": "Deep Urosurgical Hospital"}, "geometry": {"type": "Point", "coordinates": [72.56266, 23.04004]}}, {"type": "Feature", "properties": {"name": "Nidhi Hospital, Ahmedabad"}, "geometry": {"type": "Point", "coordinates": [72.56137, 23.04011]}}, {"type": "Feature", "properties": {"name": "Healthcare facility"}, "geometry": {"type": "Point", "coordinates": [72.56136, 23.04026]}}, {"type": "Feature", "properties": {"name": "SMS Multi-Speciality Hospital"}, "geometry": {"type": "Point", "coordinates": [72.60811, 23.11718]}}, {"type": "Feature", "properties": {"name": "Government Hospital Ghodasar"}, "geometry": {"type": "Point", "coordinates": [72.61644, 22.99139]}}, {"type": "Feature", "properties": {"name": "Danilimda A.M.C Hospital"}, "geometry": {"type": "Point", "coordinates": [72.58394, 22.99241]}}, {"type": "Feature", "properties": {"name": "Utkarsh hospital"}, "geometry": {"type": "Point", "coordinates": [72.57837, 23.10795]}}, {"type": "Feature", "properties": {"name": "Healthcare facility"}, "geometry": {"type": "Point", "coordinates": [72.5559, 23.00617]}}, {"type": "Feature", "properties": {"name": "Vision Care Eye Hospital, Ahmedabad"}, "geometry": {"type": "Point", "coordinates": [72.5462, 23.02208]}}, {"type": "Feature", "properties": {"name": "Shaishav Children Hospital"}, "geometry": {"type": "Point", "coordinates": [72.53726, 23.05926]}}, {"type": "Feature", "properties": {"name": "Janam Hospital"}, "geometry": {"type": "Point", "coordinates": [72.53044, 23.01301]}}, {"type": "Feature", "properties": {"name": "Dr.Maulik Patwa"}, "geometry": {"type": "Point", "coordinates": [72.55572, 23.01734]}}, {"type": "Feature", "properties": {"name": "Healthcare facility"}, "geometry": {"type": "Point", "coordinates": [72.72246, 23.01245]}}, {"type": "Feature", "properties": {"name": "Healthcare facility"}, "geometry": {"type": "Point", "coordinates": [72.56505, 23.01218]}}, {"type": "Feature", "properties": {"name": "Sahyog Hospital"}, "geometry": {"type": "Point", "coordinates": [72.47327, 22.98697]}}, {"type": "Feature", "properties": {"name": "Lions Karnavati Shantaben Vishnubhai Patel Eye Hospital"}, "geometry": {"type": "Point", "coordinates": [72.50438, 23.12252]}}, {"type": "Feature", "properties": {"name": "Navkar Plastic Surgery Hospital"}, "geometry": {"type": "Point", "coordinates": [72.5629, 23.01444]}}, {"type": "Feature", "properties": {"name": "Healthcare facility"}, "geometry": {"type": "Point", "coordinates": [72.5237, 23.05411]}}, {"type": "Feature", "properties": {"name": "Healthcare facility"}, "geometry": {"type": "Point", "coordinates": [72.62303, 23.02906]}}, {"type": "Feature", "properties": {"name": "Healthcare facility"}, "geometry": {"type": "Point", "coordinates": [72.60023, 23.03221]}}, {"type": "Feature", "properties": {"name": "Healthcare facility"}, "geometry": {"type": "Point", "coordinates": [72.64787, 23.08677]}}, {"type": "Feature", "properties": {"name": "Healthcare facility"}, "geometry": {"type": "Point", "coordinates": [72.59256, 23.04144]}}, {"type": "Feature", "properties": {"name": "Community Health Centre, Chandkheda"}, "geometry": {"type": "Point", "coordinates": [72.57579, 23.11334]}}, {"type": "Feature", "properties": {"name": "Healthcare facility"}, "geometry": {"type": "Point", "coordinates": [72.63082, 23.03716]}}, {"type": "Feature", "properties": {"name": "Healthcare facility"}, "geometry": {"type": "Point", "coordinates": [72.63018, 23.03919]}}, {"type": "Feature", "properties": {"name": "Healthcare facility"}, "geometry": {"type": "Point", "coordinates": [72.66279, 23.06629]}}, {"type": "Feature", "properties": {"name": "Healthcare facility"}, "geometry": {"type": "Point", "coordinates": [72.61239, 22.97236]}}, {"type": "Feature", "properties": {"name": "Healthcare facility"}, "geometry": {"type": "Point", "coordinates": [72.65974, 23.09042]}}, {"type": "Feature", "properties": {"name": "Healthcare facility"}, "geometry": {"type": "Point", "coordinates": [72.5647, 23.00643]}}, {"type": "Feature", "properties": {"name": "Healthcare facility"}, "geometry": {"type": "Point", "coordinates": [72.53788, 23.00453]}}, {"type": "Feature", "properties": {"name": "Dr. Parth Amin (ENT Surgeon) Shaleen Hospital"}, "geometry": {"type": "Point", "coordinates": [72.51771, 23.07555]}}, {"type": "Feature", "properties": {"name": "Jivraj Mehta Hospital"}, "geometry": {"type": "Point", "coordinates": [72.54325, 23.00858]}}, {"type": "Feature", "properties": {"name": "Paldi Bus Stand"}, "geometry": {"type": "Point", "coordinates": [72.5646, 23.01403]}}, {"type": "Feature", "properties": {"name": "Sterling Hospital Div. Of Addlife Medical Institute Pvt. Ltd."}, "geometry": {"type": "Point", "coordinates": [72.53127, 23.04876]}}, {"type": "Feature", "properties": {"name": "Healthcare facility"}, "geometry": {"type": "Point", "coordinates": [72.59175, 23.09249]}}, {"type": "Feature", "properties": {"name": "Medilink Hospital, Ahmedabad"}, "geometry": {"type": "Point", "coordinates": [72.53044, 23.01739]}}, {"type": "Feature", "properties": {"name": "Medilink Medical Store"}, "geometry": {"type": "Point", "coordinates": [72.53039, 23.01721]}}, {"type": "Feature", "properties": {"name": "Health Center"}, "geometry": {"type": "Point", "coordinates": [72.56794, 23.10394]}}, {"type": "Feature", "properties": {"name": "Apollo Pharmacy"}, "geometry": {"type": "Point", "coordinates": [72.55227, 23.04567]}}, {"type": "Feature", "properties": {"name": "Ahmedabad Institute Of Medical Services (Aims)"}, "geometry": {"type": "Point", "coordinates": [72.56395, 23.00332]}}, {"type": "Feature", "properties": {"name": "Shushtrut Hospital"}, "geometry": {"type": "Point", "coordinates": [72.56227, 23.009]}}, {"type": "Feature", "properties": {"name": "Kesharbhavani Medical Store"}, "geometry": {"type": "Point", "coordinates": [72.56438, 23.08553]}}, {"type": "Feature", "properties": {"name": "Arogya Vardhak Hospital"}, "geometry": {"type": "Point", "coordinates": [72.24152, 23.40501]}}, {"type": "Feature", "properties": {"name": "saviour annexe hospital"}, "geometry": {"type": "Point", "coordinates": [72.56995, 23.03686]}}, {"type": "Feature", "properties": {"name": "Geeta Maternity Hospital"}, "geometry": {"type": "Point", "coordinates": [72.59012, 23.0836]}}, {"type": "Feature", "properties": {"name": "Sabarmati Development Society Sanchalit Sheth Shri Pukhraj Raichand General Hospital"}, "geometry": {"type": "Point", "coordinates": [72.5907, 23.08296]}}, {"type": "Feature", "properties": {"name": "GCS Medical College Hospital and Research Centre"}, "geometry": {"type": "Point", "coordinates": [72.61072, 23.03893]}}, {"type": "Feature", "properties": {"name": "shilpa medical store"}, "geometry": {"type": "Point", "coordinates": [72.63717, 23.04782]}}, {"type": "Feature", "properties": {"name": "vizcare hospital"}, "geometry": {"type": "Point", "coordinates": [72.53632, 23.09973]}}, {"type": "Feature", "properties": {"name": "Aryan's Villa\ud83d\udc9e"}, "geometry": {"type": "Point", "coordinates": [72.5843, 23.08824]}}, {"type": "Feature", "properties": {"name": "Sunflower Womens Endo Infertility and Hospital Pvt. Ltd."}, "geometry": {"type": "Point", "coordinates": [72.54129, 23.04576]}}, {"type": "Feature", "properties": {"name": "little flower"}, "geometry": {"type": "Point", "coordinates": [72.53303, 23.0461]}}, {"type": "Feature", "properties": {"name": "May Flower Womens Hospital Pvt. Ltd."}, "geometry": {"type": "Point", "coordinates": [72.54191, 23.04558]}}, {"type": "Feature", "properties": {"name": "sunflower infertility clinic"}, "geometry": {"type": "Point", "coordinates": [72.54136, 23.04556]}}, {"type": "Feature", "properties": {"name": "Kidny hospital , asarwa"}, "geometry": {"type": "Point", "coordinates": [72.60749, 23.04941]}}, {"type": "Feature", "properties": {"name": "Gujarat Institute Of Nursing Education And Research , Asarwa ,Ahemedabad"}, "geometry": {"type": "Point", "coordinates": [72.60716, 23.04965]}}, {"type": "Feature", "properties": {"name": "Government Dental College and Hospital"}, "geometry": {"type": "Point", "coordinates": [72.60456, 23.04991]}}, {"type": "Feature", "properties": {"name": "Vani Hospital & IVF center"}, "geometry": {"type": "Point", "coordinates": [72.61575, 22.99465]}}, {"type": "Feature", "properties": {"name": "Vani IVF Center"}, "geometry": {"type": "Point", "coordinates": [72.61542, 22.99466]}}, {"type": "Feature", "properties": {"name": "West Cost pharma"}, "geometry": {"type": "Point", "coordinates": [72.53676, 23.08753]}}, {"type": "Feature", "properties": {"name": "Healthcare facility"}, "geometry": {"type": "Point", "coordinates": [72.65788, 23.04438]}}, {"type": "Feature", "properties": {"name": "Aalisha Clinic"}, "geometry": {"type": "Point", "coordinates": [72.56382, 23.08589]}}, {"type": "Feature", "properties": {"name": "BalMukund Hospital"}, "geometry": {"type": "Point", "coordinates": [72.55928, 23.09321]}}, {"type": "Feature", "properties": {"name": "S G Hospital Chandlodiya"}, "geometry": {"type": "Point", "coordinates": [72.55122, 23.08489]}}, {"type": "Feature", "properties": {"name": "Planet Women Fertility and Counseling"}, "geometry": {"type": "Point", "coordinates": [72.54341, 23.02493]}}, {"type": "Feature", "properties": {"name": "Excel Eye Care"}, "geometry": {"type": "Point", "coordinates": [72.52879, 23.03008]}}, {"type": "Feature", "properties": {"name": "Shivam X-ray & Sonography clinic"}, "geometry": {"type": "Point", "coordinates": [72.57008, 23.05762]}}, {"type": "Feature", "properties": {"name": "ESIS HOSPITAL"}, "geometry": {"type": "Point", "coordinates": [72.61667, 22.99917]}}, {"type": "Feature", "properties": {"name": "Rukshmani Hospital"}, "geometry": {"type": "Point", "coordinates": [72.61931, 22.99928]}}, {"type": "Feature", "properties": {"name": "Gita Medical Stores"}, "geometry": {"type": "Point", "coordinates": [72.57442, 23.07955]}}, {"type": "Feature", "properties": {"name": "Aarna Hospital"}, "geometry": {"type": "Point", "coordinates": [72.60232, 22.99505]}}, {"type": "Feature", "properties": {"name": "Samarpan General Hospital, Ahmedabad"}, "geometry": {"type": "Point", "coordinates": [72.52541, 23.1053]}}, {"type": "Feature", "properties": {"name": "Shree Bharti Vallabh Hospital"}, "geometry": {"type": "Point", "coordinates": [72.59288, 23.04959]}}, {"type": "Feature", "properties": {"name": "Kasturba Hospital, Ahmedabad"}, "geometry": {"type": "Point", "coordinates": [71.97636, 22.38126]}}, {"type": "Feature", "properties": {"name": "Kunal Medical Hospital, Ahmedabad"}, "geometry": {"type": "Point", "coordinates": [72.62506, 22.99825]}}, {"type": "Feature", "properties": {"name": "Ortho Kids Clinic"}, "geometry": {"type": "Point", "coordinates": [72.52979, 23.01861]}}, {"type": "Feature", "properties": {"name": "Nandan Maternity Home"}, "geometry": {"type": "Point", "coordinates": [72.5339, 23.05218]}}, {"type": "Feature", "properties": {"name": "Kalrav Children Hospital, Ahmedabad"}, "geometry": {"type": "Point", "coordinates": [72.5375, 23.0502]}}, {"type": "Feature", "properties": {"name": "Cornea Foundation Hospital"}, "geometry": {"type": "Point", "coordinates": [72.53645, 23.04613]}}, {"type": "Feature", "properties": {"name": "Prathna Surgical And Medical Hospital"}, "geometry": {"type": "Point", "coordinates": [72.64116, 23.0566]}}, {"type": "Feature", "properties": {"name": "Arihant Fracture and Orthopedic Hospital"}, "geometry": {"type": "Point", "coordinates": [72.54556, 23.01331]}}, {"type": "Feature", "properties": {"name": "Chandrabhan Hospital and Gynac Institute"}, "geometry": {"type": "Point", "coordinates": [72.53385, 23.04995]}}, {"type": "Feature", "properties": {"name": "Jeevandeep Hospital, Sardanagar"}, "geometry": {"type": "Point", "coordinates": [72.63355, 23.08567]}}, {"type": "Feature", "properties": {"name": "Jagmohan Hospital, Ahmedabad"}, "geometry": {"type": "Point", "coordinates": [72.56776, 23.03831]}}, {"type": "Feature", "properties": {"name": "Vasudha Eye Hospital"}, "geometry": {"type": "Point", "coordinates": [72.58951, 23.08345]}}, {"type": "Feature", "properties": {"name": "Dhwani General Hospital, Nursing Home and Materity Home"}, "geometry": {"type": "Point", "coordinates": [72.64489, 23.01465]}}, {"type": "Feature", "properties": {"name": "Kakadiya Hospital"}, "geometry": {"type": "Point", "coordinates": [72.63029, 23.04011]}}, {"type": "Feature", "properties": {"name": "Samarpan Maternity And Urosurgical Hospital"}, "geometry": {"type": "Point", "coordinates": [72.51571, 23.0507]}}, {"type": "Feature", "properties": {"name": "Sankalp Eye Hospital, Ahmedabad"}, "geometry": {"type": "Point", "coordinates": [72.53724, 23.00529]}}, {"type": "Feature", "properties": {"name": "Suvan Eye Care"}, "geometry": {"type": "Point", "coordinates": [72.63695, 23.0577]}}, {"type": "Feature", "properties": {"name": "Matrupooja Eye Hospital"}, "geometry": {"type": "Point", "coordinates": [72.60241, 22.97458]}}, {"type": "Feature", "properties": {"name": "Shaishav Children Hospital And Neonatal Care Unit"}, "geometry": {"type": "Point", "coordinates": [72.51875, 23.00344]}}, {"type": "Feature", "properties": {"name": "Mehta Hospital, Siddhachal"}, "geometry": {"type": "Point", "coordinates": [72.52589, 23.04763]}}, {"type": "Feature", "properties": {"name": "Lifecare Emergency Centre"}, "geometry": {"type": "Point", "coordinates": [72.57899, 23.03332]}}, {"type": "Feature", "properties": {"name": "Bavishi Hospital"}, "geometry": {"type": "Point", "coordinates": [72.56411, 23.01335]}}, {"type": "Feature", "properties": {"name": "Poojan Children Hospital And Neonatal Care Centre"}, "geometry": {"type": "Point", "coordinates": [72.55915, 23.07294]}}, {"type": "Feature", "properties": {"name": "Shanti Multi Speciality Hospital"}, "geometry": {"type": "Point", "coordinates": [72.52953, 23.02417]}}, {"type": "Feature", "properties": {"name": "Cutis Cosmetic Plastic Surgery Centre"}, "geometry": {"type": "Point", "coordinates": [72.53785, 23.0589]}}, {"type": "Feature", "properties": {"name": "Rathi Hospital"}, "geometry": {"type": "Point", "coordinates": [72.5261, 23.0228]}}, {"type": "Feature", "properties": {"name": "Minal Infertility Clinic and Nursing Home"}, "geometry": {"type": "Point", "coordinates": [72.5608, 23.05195]}}, {"type": "Feature", "properties": {"name": "Raj Nursing Home, Ahmedabad"}, "geometry": {"type": "Point", "coordinates": [72.60022, 23.05243]}}, {"type": "Feature", "properties": {"name": "Navkar Surgical Hospital"}, "geometry": {"type": "Point", "coordinates": [72.56651, 23.0487]}}, {"type": "Feature", "properties": {"name": "Navjyot Eye Hospital, Ahmedabad"}, "geometry": {"type": "Point", "coordinates": [72.57036, 23.0575]}}, {"type": "Feature", "properties": {"name": "Aarna Super Speciality Hospital"}, "geometry": {"type": "Point", "coordinates": [72.55972, 23.01448]}}, {"type": "Feature", "properties": {"name": "Shalin Hospital, Ahmedabad"}, "geometry": {"type": "Point", "coordinates": [72.5457, 23.01304]}}, {"type": "Feature", "properties": {"name": "Talsania Clinic"}, "geometry": {"type": "Point", "coordinates": [72.55829, 23.01785]}}, {"type": "Feature", "properties": {"name": "Samata Hospital Pvt.Ltd"}, "geometry": {"type": "Point", "coordinates": [72.54691, 23.0827]}}, {"type": "Feature", "properties": {"name": "Community Health Centre, Singarva"}, "geometry": {"type": "Point", "coordinates": [72.68974, 23.02526]}}, {"type": "Feature", "properties": {"name": "Amijeet Maternity Hospital"}, "geometry": {"type": "Point", "coordinates": [72.55958, 23.07313]}}, {"type": "Feature", "properties": {"name": "Shreeji Orthopaedic And Ent Hospital"}, "geometry": {"type": "Point", "coordinates": [72.53331, 23.04718]}}, {"type": "Feature", "properties": {"name": "Anand Hospital and Multispeciality"}, "geometry": {"type": "Point", "coordinates": [72.6406, 23.04597]}}, {"type": "Feature", "properties": {"name": "Shivam Orthopaedic and Gynec Hospital"}, "geometry": {"type": "Point", "coordinates": [72.53253, 23.03631]}}, {"type": "Feature", "properties": {"name": "Satyam Children Hospital"}, "geometry": {"type": "Point", "coordinates": [72.58387, 23.11487]}}, {"type": "Feature", "properties": {"name": "Kadam Maternity Home and Sonography Clinic"}, "geometry": {"type": "Point", "coordinates": [72.59593, 23.00617]}}, {"type": "Feature", "properties": {"name": "Aakshardeep Eye Hospital"}, "geometry": {"type": "Point", "coordinates": [72.52456, 23.03248]}}, {"type": "Feature", "properties": {"name": "Maruti Orthopedic Hospital, Nava Vadaj"}, "geometry": {"type": "Point", "coordinates": [72.56111, 23.06742]}}, {"type": "Feature", "properties": {"name": "Chetna Maternity Home"}, "geometry": {"type": "Point", "coordinates": [72.56957, 23.04675]}}, {"type": "Feature", "properties": {"name": "Akshardeep Orthopaedic Hospital, Shahibaug"}, "geometry": {"type": "Point", "coordinates": [72.59552, 23.05395]}}, {"type": "Feature", "properties": {"name": "Tapan Hospital Pvt Ltd"}, "geometry": {"type": "Point", "coordinates": [72.62974, 23.03603]}}, {"type": "Feature", "properties": {"name": "Udit Hospital Multi Speciality"}, "geometry": {"type": "Point", "coordinates": [72.52092, 23.05025]}}, {"type": "Feature", "properties": {"name": "Saumya Children Hospital and Neonatal Care Center"}, "geometry": {"type": "Point", "coordinates": [72.54207, 23.02179]}}, {"type": "Feature", "properties": {"name": "Life Care Institute Of Medical Sciences Research Hospital"}, "geometry": {"type": "Point", "coordinates": [72.56164, 23.04745]}}, {"type": "Feature", "properties": {"name": "Vanza Hospital"}, "geometry": {"type": "Point", "coordinates": [72.47401, 23.03075]}}, {"type": "Feature", "properties": {"name": "Niyati Ent Hospital"}, "geometry": {"type": "Point", "coordinates": [72.56152, 23.02012]}}, {"type": "Feature", "properties": {"name": "Metalia Hospital and ICCU, Diamond Market"}, "geometry": {"type": "Point", "coordinates": [72.62979, 23.03618]}}, {"type": "Feature", "properties": {"name": "Chitrakut Surgical Hospital"}, "geometry": {"type": "Point", "coordinates": [72.62546, 23.03523]}}, {"type": "Feature", "properties": {"name": "Jivansudha Heart and Medical Hospital"}, "geometry": {"type": "Point", "coordinates": [72.60599, 23.0487]}}, {"type": "Feature", "properties": {"name": "Marengo CIMS Hospital"}, "geometry": {"type": "Point", "coordinates": [72.5174, 23.07003]}}, {"type": "Feature", "properties": {"name": "Sneh Orthopaedic Hospital"}, "geometry": {"type": "Point", "coordinates": [72.55423, 23.00243]}}, {"type": "Feature", "properties": {"name": "Dr Sanjay Gandhi Hospital"}, "geometry": {"type": "Point", "coordinates": [72.54114, 23.02741]}}, {"type": "Feature", "properties": {"name": "Om Pediatric and Neonatal Criticare Hospital"}, "geometry": {"type": "Point", "coordinates": [72.59148, 23.09973]}}, {"type": "Feature", "properties": {"name": "Priyal Hospital"}, "geometry": {"type": "Point", "coordinates": [72.66442, 23.06055]}}, {"type": "Feature", "properties": {"name": "Anand Multi Speciality Hospital, Ahmedabad"}, "geometry": {"type": "Point", "coordinates": [72.59756, 23.05512]}}, {"type": "Feature", "properties": {"name": "Dr Rupesh Shah Killol Children Hospital"}, "geometry": {"type": "Point", "coordinates": [72.56595, 23.03961]}}, {"type": "Feature", "properties": {"name": "Kalyani Nursing Home and Sonography Clinic"}, "geometry": {"type": "Point", "coordinates": [72.57139, 23.10221]}}, {"type": "Feature", "properties": {"name": "Jeevandeep Hospital, Shashibaug"}, "geometry": {"type": "Point", "coordinates": [72.59068, 23.04941]}}, {"type": "Feature", "properties": {"name": "Naresh Hospital"}, "geometry": {"type": "Point", "coordinates": [72.51863, 23.00342]}}, {"type": "Feature", "properties": {"name": "Shraddha Surgical Hospital, Ahmedabad"}, "geometry": {"type": "Point", "coordinates": [72.53338, 23.04823]}}, {"type": "Feature", "properties": {"name": "Baps Yogiji Maharaj Hospital"}, "geometry": {"type": "Point", "coordinates": [72.58879, 23.0462]}}, {"type": "Feature", "properties": {"name": "Gynaecare Women's Hospital"}, "geometry": {"type": "Point", "coordinates": [72.52652, 23.01344]}}, {"type": "Feature", "properties": {"name": "Rhythm Cardio Pulmonory Care Centre and Medical Hospital"}, "geometry": {"type": "Point", "coordinates": [72.5608, 23.05212]}}, {"type": "Feature", "properties": {"name": "Aarti Surgical Nursing Home"}, "geometry": {"type": "Point", "coordinates": [72.61217, 22.99601]}}, {"type": "Feature", "properties": {"name": "Navkar Ear Nose Throat Hospital"}, "geometry": {"type": "Point", "coordinates": [72.56131, 23.0084]}}, {"type": "Feature", "properties": {"name": "Gitanjali Children Hospital"}, "geometry": {"type": "Point", "coordinates": [72.65959, 23.07382]}}, {"type": "Feature", "properties": {"name": "Shilp E.N.T Clinic and Hospital"}, "geometry": {"type": "Point", "coordinates": [72.59304, 23.10896]}}, {"type": "Feature", "properties": {"name": "Shreeji Children Hospital"}, "geometry": {"type": "Point", "coordinates": [72.47472, 23.02945]}}, {"type": "Feature", "properties": {"name": "Shivam Surgical Hospital"}, "geometry": {"type": "Point", "coordinates": [72.65288, 23.07303]}}, {"type": "Feature", "properties": {"name": "Parimal Multispeciality Hospital"}, "geometry": {"type": "Point", "coordinates": [72.5577, 23.01727]}}, {"type": "Feature", "properties": {"name": "Netra Jyoti Eye and Ent Hospital"}, "geometry": {"type": "Point", "coordinates": [72.5885, 23.10934]}}, {"type": "Feature", "properties": {"name": "Shrey Hospital"}, "geometry": {"type": "Point", "coordinates": [72.56477, 23.03766]}}, {"type": "Feature", "properties": {"name": "Apex Heart Institute"}, "geometry": {"type": "Point", "coordinates": [72.51393, 23.04574]}}, {"type": "Feature", "properties": {"name": "Het Eye Care"}, "geometry": {"type": "Point", "coordinates": [72.56251, 23.00856]}}, {"type": "Feature", "properties": {"name": "Utkarsh Hospital, Ahmedabad"}, "geometry": {"type": "Point", "coordinates": [72.57837, 23.1079]}}, {"type": "Feature", "properties": {"name": "Hemato-Oncology Clinic"}, "geometry": {"type": "Point", "coordinates": [72.55985, 23.04026]}}, {"type": "Feature", "properties": {"name": "Tilak Hospital (Multispeciality), Ahmedabad"}, "geometry": {"type": "Point", "coordinates": [72.62228, 23.03343]}}, {"type": "Feature", "properties": {"name": "Sagar Orthopaedic Hospital, Bapunagar"}, "geometry": {"type": "Point", "coordinates": [72.63034, 23.03624]}}, {"type": "Feature", "properties": {"name": "Kalrav Nenotal And Children Hospital"}, "geometry": {"type": "Point", "coordinates": [72.63658, 23.039]}}, {"type": "Feature", "properties": {"name": "Savalia Hospital, (Dr. Anjana J Savalia)"}, "geometry": {"type": "Point", "coordinates": [72.63779, 23.03334]}}, {"type": "Feature", "properties": {"name": "Hina Maternity Nursing Home"}, "geometry": {"type": "Point", "coordinates": [72.54504, 23.05681]}}, {"type": "Feature", "properties": {"name": "Panchshil Hospital"}, "geometry": {"type": "Point", "coordinates": [72.59198, 23.08433]}}, {"type": "Feature", "properties": {"name": "Smruti Eye Hospital"}, "geometry": {"type": "Point", "coordinates": [72.63027, 23.03955]}}, {"type": "Feature", "properties": {"name": "Welcare Women's Hospital"}, "geometry": {"type": "Point", "coordinates": [72.56231, 23.04532]}}, {"type": "Feature", "properties": {"name": "Shivam Eye Hospital"}, "geometry": {"type": "Point", "coordinates": [72.63597, 22.9994]}}, {"type": "Feature", "properties": {"name": "Arpan Newborncare Centre"}, "geometry": {"type": "Point", "coordinates": [72.54743, 23.0411]}}, {"type": "Feature", "properties": {"name": "Sheth Hospital and Maternity Home"}, "geometry": {"type": "Point", "coordinates": [72.55493, 23.00231]}}, {"type": "Feature", "properties": {"name": "Shubham Ent Hospital"}, "geometry": {"type": "Point", "coordinates": [72.64571, 23.0218]}}, {"type": "Feature", "properties": {"name": "Chhaya Maternity Nursing Home"}, "geometry": {"type": "Point", "coordinates": [72.59981, 22.97986]}}, {"type": "Feature", "properties": {"name": "Mangeet Medical Nursing Home and Heart Care"}, "geometry": {"type": "Point", "coordinates": [72.55422, 23.01875]}}, {"type": "Feature", "properties": {"name": "Vasundhara Medical Hospital"}, "geometry": {"type": "Point", "coordinates": [72.62527, 23.03483]}}, {"type": "Feature", "properties": {"name": "Shridhaj Orthopaedic Hospital"}, "geometry": {"type": "Point", "coordinates": [72.53306, 23.00577]}}, {"type": "Feature", "properties": {"name": "Clear Vision Eye Hospital (Unit 2)"}, "geometry": {"type": "Point", "coordinates": [72.52522, 23.02623]}}, {"type": "Feature", "properties": {"name": "Jatan Children Hospital, Ahmedabad"}, "geometry": {"type": "Point", "coordinates": [72.56281, 23.06646]}}, {"type": "Feature", "properties": {"name": "Pulse Iccu and Hospital"}, "geometry": {"type": "Point", "coordinates": [72.56667, 23.06046]}}, {"type": "Feature", "properties": {"name": "Dr. Kaushik Vaidhya Medical Nursing Home"}, "geometry": {"type": "Point", "coordinates": [72.54492, 23.05672]}}, {"type": "Feature", "properties": {"name": "Shree Raj Hospital, Ahmedabad"}, "geometry": {"type": "Point", "coordinates": [72.53261, 23.04619]}}, {"type": "Feature", "properties": {"name": "Lekhadia Hospital"}, "geometry": {"type": "Point", "coordinates": [72.55576, 23.00422]}}, {"type": "Feature", "properties": {"name": "Odhav Orthopaedic Hospital"}, "geometry": {"type": "Point", "coordinates": [72.64503, 23.01237]}}, {"type": "Feature", "properties": {"name": "Royal Maternity and Nursing Home"}, "geometry": {"type": "Point", "coordinates": [72.47268, 23.0307]}}, {"type": "Feature", "properties": {"name": "Ami-Sagar Hospital"}, "geometry": {"type": "Point", "coordinates": [72.56673, 23.06866]}}, {"type": "Feature", "properties": {"name": "Amijyot Eye Hospital"}, "geometry": {"type": "Point", "coordinates": [72.55897, 23.00742]}}, {"type": "Feature", "properties": {"name": "Khara Fracture and Orthopaedic Hospital"}, "geometry": {"type": "Point", "coordinates": [72.58871, 23.0827]}}, {"type": "Feature", "properties": {"name": "Dr. Dilip Modi Hospital"}, "geometry": {"type": "Point", "coordinates": [72.57142, 23.02857]}}, {"type": "Feature", "properties": {"name": "Ratnam Eye Hospital"}, "geometry": {"type": "Point", "coordinates": [72.55951, 23.00829]}}, {"type": "Feature", "properties": {"name": "Navjivan Orthopaedic and Maternity Hospital"}, "geometry": {"type": "Point", "coordinates": [72.64271, 23.05369]}}, {"type": "Feature", "properties": {"name": "Akshar Surgical Hospital, Maninagar"}, "geometry": {"type": "Point", "coordinates": [72.60754, 22.99507]}}, {"type": "Feature", "properties": {"name": "Synergy Neonatal and Pediatric Centre"}, "geometry": {"type": "Point", "coordinates": [72.60825, 22.99573]}}, {"type": "Feature", "properties": {"name": "Anand Surgical Hospital Ltd."}, "geometry": {"type": "Point", "coordinates": [72.63093, 23.05499]}}, {"type": "Feature", "properties": {"name": "Navneet Memorial Hospital"}, "geometry": {"type": "Point", "coordinates": [72.56102, 23.03096]}}, {"type": "Feature", "properties": {"name": "Chandandwar Hospital"}, "geometry": {"type": "Point", "coordinates": [72.52651, 23.04754]}}, {"type": "Feature", "properties": {"name": "Jhanvi Fracture and Orthopaedic Hospital"}, "geometry": {"type": "Point", "coordinates": [72.60531, 22.98807]}}, {"type": "Feature", "properties": {"name": "Chandramani Hospital"}, "geometry": {"type": "Point", "coordinates": [72.59482, 23.04883]}}, {"type": "Feature", "properties": {"name": "Chaturbhai Mavawala Kidney Hospital and Laparoscopic"}, "geometry": {"type": "Point", "coordinates": [72.56991, 23.03663]}}, {"type": "Feature", "properties": {"name": "Abhishek Hospital and Heart Centre"}, "geometry": {"type": "Point", "coordinates": [72.60795, 22.99954]}}, {"type": "Feature", "properties": {"name": "Dr.Atul Shah Eye Hospital"}, "geometry": {"type": "Point", "coordinates": [72.53548, 23.06109]}}, {"type": "Feature", "properties": {"name": "Gandhi Uro Care"}, "geometry": {"type": "Point", "coordinates": [72.56633, 23.01653]}}, {"type": "Feature", "properties": {"name": "Dhwani Children Hospital"}, "geometry": {"type": "Point", "coordinates": [72.59417, 23.02229]}}, {"type": "Feature", "properties": {"name": "Umiya Surgical Hospital"}, "geometry": {"type": "Point", "coordinates": [72.5507, 23.05915]}}, {"type": "Feature", "properties": {"name": "Sannidhya Hospital"}, "geometry": {"type": "Point", "coordinates": [72.5626, 23.0183]}}, {"type": "Feature", "properties": {"name": "Jankalyan Hospital, Ahmedabad"}, "geometry": {"type": "Point", "coordinates": [72.5905, 23.00134]}}, {"type": "Feature", "properties": {"name": "Dhruv Health Care"}, "geometry": {"type": "Point", "coordinates": [72.6318, 22.99253]}}, {"type": "Feature", "properties": {"name": "Livewell Pain & Spine Hospital"}, "geometry": {"type": "Point", "coordinates": [72.54208, 23.04563]}}, {"type": "Feature", "properties": {"name": "Tulip Women's Hospital"}, "geometry": {"type": "Point", "coordinates": [72.51895, 23.02017]}}, {"type": "Feature", "properties": {"name": "Matulya ENT Clinic"}, "geometry": {"type": "Point", "coordinates": [72.52982, 23.02005]}}, {"type": "Feature", "properties": {"name": "Parimal Hospital, Ahmedabad"}, "geometry": {"type": "Point", "coordinates": [72.60906, 22.99977]}}, {"type": "Feature", "properties": {"name": "Jyoti Maternity Hospital"}, "geometry": {"type": "Point", "coordinates": [72.53852, 23.02219]}}, {"type": "Feature", "properties": {"name": "Centre For Sight, Ahmedabad"}, "geometry": {"type": "Point", "coordinates": [72.55546, 23.03288]}}, {"type": "Feature", "properties": {"name": "Jyoti Eye Hospital- Phaco Laser Centre"}, "geometry": {"type": "Point", "coordinates": [72.559, 23.01218]}}, {"type": "Feature", "properties": {"name": "Dr Ajay Praful Munshi Surgical Nursing Home"}, "geometry": {"type": "Point", "coordinates": [72.56019, 23.00122]}}, {"type": "Feature", "properties": {"name": "Ratan Hospital"}, "geometry": {"type": "Point", "coordinates": [72.59525, 23.00093]}}, {"type": "Feature", "properties": {"name": "Pooja Hospital, Ahmedabad"}, "geometry": {"type": "Point", "coordinates": [72.62077, 23.05621]}}, {"type": "Feature", "properties": {"name": "Shilp Orthopaedics And Trauma Centre"}, "geometry": {"type": "Point", "coordinates": [72.60287, 22.9831]}}, {"type": "Feature", "properties": {"name": "Shashvat Child Care"}, "geometry": {"type": "Point", "coordinates": [72.61748, 22.99109]}}, {"type": "Feature", "properties": {"name": "Sardar Hosital"}, "geometry": {"type": "Point", "coordinates": [72.60092, 22.99909]}}, {"type": "Feature", "properties": {"name": "Clear Vision Eye Hospital (Unit 3)"}, "geometry": {"type": "Point", "coordinates": [72.60485, 23.0002]}}, {"type": "Feature", "properties": {"name": "Riddhi Medical Nursing Home"}, "geometry": {"type": "Point", "coordinates": [72.6038, 22.99383]}}, {"type": "Feature", "properties": {"name": "Kothari Onco Surgical Hospital"}, "geometry": {"type": "Point", "coordinates": [72.60386, 22.99619]}}, {"type": "Feature", "properties": {"name": "Nilkanth Hospital"}, "geometry": {"type": "Point", "coordinates": [72.61171, 22.99148]}}, {"type": "Feature", "properties": {"name": "Ansuya General Hospital"}, "geometry": {"type": "Point", "coordinates": [72.61253, 22.99063]}}, {"type": "Feature", "properties": {"name": "Aastha Hospital, Ahmedabad"}, "geometry": {"type": "Point", "coordinates": [72.61091, 22.99795]}}, {"type": "Feature", "properties": {"name": "Ahmedabad Medical Centre"}, "geometry": {"type": "Point", "coordinates": [72.6119, 22.99571]}}, {"type": "Feature", "properties": {"name": "Dr Sunil Shah's Eye Hospital"}, "geometry": {"type": "Point", "coordinates": [72.60375, 22.99687]}}, {"type": "Feature", "properties": {"name": "Kamal Hospital, Ahmedabad"}, "geometry": {"type": "Point", "coordinates": [72.61198, 22.99471]}}, {"type": "Feature", "properties": {"name": "Manoramya Children Hospital and Neonatal Centre"}, "geometry": {"type": "Point", "coordinates": [72.60391, 22.99563]}}, {"type": "Feature", "properties": {"name": "Lavingia Orthopedic Hospital"}, "geometry": {"type": "Point", "coordinates": [72.60592, 22.99228]}}, {"type": "Feature", "properties": {"name": "Nidhi Eye Hospital, Ahmedabad"}, "geometry": {"type": "Point", "coordinates": [72.55181, 23.06194]}}, {"type": "Feature", "properties": {"name": "Modi Eye Care"}, "geometry": {"type": "Point", "coordinates": [72.5498, 23.05784]}}, {"type": "Feature", "properties": {"name": "Panchal Urology Centre, Ahmedabad"}, "geometry": {"type": "Point", "coordinates": [72.55016, 23.04372]}}, {"type": "Feature", "properties": {"name": "Hari Urosurgical Hospital and Andrology Centre"}, "geometry": {"type": "Point", "coordinates": [72.55919, 23.03813]}}, {"type": "Feature", "properties": {"name": "Usha - Deep Hospital and Nursing Home"}, "geometry": {"type": "Point", "coordinates": [72.55981, 23.05221]}}, {"type": "Feature", "properties": {"name": "Bhavasar Eye Hospital and Maternity Nursing Home"}, "geometry": {"type": "Point", "coordinates": [72.54852, 23.00865]}}, {"type": "Feature", "properties": {"name": "Devi Hospital"}, "geometry": {"type": "Point", "coordinates": [72.53972, 23.05596]}}, {"type": "Feature", "properties": {"name": "Shruti Maternity and Surgical Nursing Home"}, "geometry": {"type": "Point", "coordinates": [72.54487, 23.05662]}}, {"type": "Feature", "properties": {"name": "Kaizen Hospital"}, "geometry": {"type": "Point", "coordinates": [72.54368, 23.04698]}}, {"type": "Feature", "properties": {"name": "Milan Orthopaedic and Fracture Hospital"}, "geometry": {"type": "Point", "coordinates": [72.53387, 23.04622]}}, {"type": "Feature", "properties": {"name": "Aroma Womens Hospital"}, "geometry": {"type": "Point", "coordinates": [72.53364, 23.05446]}}, {"type": "Feature", "properties": {"name": "Jain Hospital And Icu, Ahmedabad"}, "geometry": {"type": "Point", "coordinates": [72.5333, 23.04705]}}, {"type": "Feature", "properties": {"name": "Shreekrishna Hospital and Health Care Centre"}, "geometry": {"type": "Point", "coordinates": [72.53325, 23.05836]}}, {"type": "Feature", "properties": {"name": "Raghudeep Eye Clinic"}, "geometry": {"type": "Point", "coordinates": [72.5277, 23.04698]}}, {"type": "Feature", "properties": {"name": "P.N.Desai Eye Hospital"}, "geometry": {"type": "Point", "coordinates": [72.53175, 23.04974]}}, {"type": "Feature", "properties": {"name": "Jaydeep Hospital, Ahmedabad"}, "geometry": {"type": "Point", "coordinates": [72.55056, 23.04742]}}, {"type": "Feature", "properties": {"name": "Sharda Eye Hospital Phaco And Laser Centre - Ahmedabad"}, "geometry": {"type": "Point", "coordinates": [72.53388, 23.0501]}}, {"type": "Feature", "properties": {"name": "Shantnam Eye Care Hospital"}, "geometry": {"type": "Point", "coordinates": [72.542, 23.04563]}}, {"type": "Feature", "properties": {"name": "Smruti Fracture Orthopedic Hospital"}, "geometry": {"type": "Point", "coordinates": [72.53453, 23.04631]}}, {"type": "Feature", "properties": {"name": "Rajvee Ortho Spine and Child Neuro Hospital"}, "geometry": {"type": "Point", "coordinates": [72.54182, 23.04558]}}, {"type": "Feature", "properties": {"name": "Kidney And Urology Hospital"}, "geometry": {"type": "Point", "coordinates": [72.53343, 23.04923]}}, {"type": "Feature", "properties": {"name": "Neil Hospital, Ahmedabad"}, "geometry": {"type": "Point", "coordinates": [72.53058, 23.05299]}}, {"type": "Feature", "properties": {"name": "Surveen Children Hospital And Vaccination Centre"}, "geometry": {"type": "Point", "coordinates": [72.52091, 23.05536]}}, {"type": "Feature", "properties": {"name": "Avataran Eye Hospital and Oculoplasty Clinic"}, "geometry": {"type": "Point", "coordinates": [72.5222, 23.03718]}}, {"type": "Feature", "properties": {"name": "Akshay Heart and Medical Hospital"}, "geometry": {"type": "Point", "coordinates": [72.52716, 23.03114]}}, {"type": "Feature", "properties": {"name": "Samdev Urology and Surgery Clinic"}, "geometry": {"type": "Point", "coordinates": [72.55838, 23.0403]}}, {"type": "Feature", "properties": {"name": "Nova Pulse Ivf Clinic Ahmedabad Pvt.Ltd."}, "geometry": {"type": "Point", "coordinates": [72.55858, 23.03852]}}, {"type": "Feature", "properties": {"name": "Aalok Hospital, Ahmedabad"}, "geometry": {"type": "Point", "coordinates": [72.57167, 23.04813]}}, {"type": "Feature", "properties": {"name": "Dr. Manish Ravals Hospital"}, "geometry": {"type": "Point", "coordinates": [72.57202, 23.05429]}}, {"type": "Feature", "properties": {"name": "Harsh Neurosurgical Hospital"}, "geometry": {"type": "Point", "coordinates": [72.57203, 23.05416]}}, {"type": "Feature", "properties": {"name": "Bodycare Orthopaedic and Trauma Hospital"}, "geometry": {"type": "Point", "coordinates": [72.57205, 23.05423]}}, {"type": "Feature", "properties": {"name": "Shalin Eyecare Hospital, Ahmedabad"}, "geometry": {"type": "Point", "coordinates": [72.5622, 23.0473]}}, {"type": "Feature", "properties": {"name": "Devasya Kidney and Multi speciality Hospital, Ahmedabad"}, "geometry": {"type": "Point", "coordinates": [72.57036, 23.05757]}}, {"type": "Feature", "properties": {"name": "Manshi Multispeciality Hospital"}, "geometry": {"type": "Point", "coordinates": [72.56216, 23.06706]}}, {"type": "Feature", "properties": {"name": "Vardan Eye Hospital, Ahmedabad"}, "geometry": {"type": "Point", "coordinates": [72.55904, 23.07285]}}, {"type": "Feature", "properties": {"name": "Kumud Heart Hospital and Medical Nursing Home, Ahmedabad"}, "geometry": {"type": "Point", "coordinates": [72.5579, 23.06062]}}, {"type": "Feature", "properties": {"name": "Matruchhaya Children Hospital"}, "geometry": {"type": "Point", "coordinates": [72.5595, 23.05842]}}, {"type": "Feature", "properties": {"name": "Neo Children Hospital"}, "geometry": {"type": "Point", "coordinates": [72.55002, 23.06432]}}, {"type": "Feature", "properties": {"name": "Aastha Orthopaedic Hospital, Ahmedabad"}, "geometry": {"type": "Point", "coordinates": [72.47426, 23.02964]}}, {"type": "Feature", "properties": {"name": "Aarambh Heart and Medical Hospital"}, "geometry": {"type": "Point", "coordinates": [72.55587, 23.05915]}}, {"type": "Feature", "properties": {"name": "Sanghvi Hospital"}, "geometry": {"type": "Point", "coordinates": [72.55547, 23.05849]}}, {"type": "Feature", "properties": {"name": "Riddhi Maternity Home"}, "geometry": {"type": "Point", "coordinates": [72.55553, 23.05846]}}, {"type": "Feature", "properties": {"name": "Pruthvi Medical Nursing Home and Heart Centre"}, "geometry": {"type": "Point", "coordinates": [72.56266, 23.04775]}}, {"type": "Feature", "properties": {"name": "Lady Care Womens Hospital Child Care"}, "geometry": {"type": "Point", "coordinates": [72.54769, 23.05384]}}, {"type": "Feature", "properties": {"name": "Ankur Superspeciality Hospital"}, "geometry": {"type": "Point", "coordinates": [72.55625, 23.05853]}}, {"type": "Feature", "properties": {"name": "Kirenben Maternity And Nursing Home"}, "geometry": {"type": "Point", "coordinates": [72.51179, 23.02251]}}, {"type": "Feature", "properties": {"name": "Parth Maternity and Medical Nursing Home"}, "geometry": {"type": "Point", "coordinates": [72.64291, 23.05422]}}, {"type": "Feature", "properties": {"name": "Jeel Children Hospital And Neonatal and Vaccination Center"}, "geometry": {"type": "Point", "coordinates": [72.60082, 23.05493]}}, {"type": "Feature", "properties": {"name": "Divya Jeevan Medical Hospital"}, "geometry": {"type": "Point", "coordinates": [72.6389, 23.01272]}}, {"type": "Feature", "properties": {"name": "Kalpana Maternity and Nursing Home, Ahmedabad"}, "geometry": {"type": "Point", "coordinates": [72.53109, 23.06365]}}, {"type": "Feature", "properties": {"name": "Sanket Children Hospial"}, "geometry": {"type": "Point", "coordinates": [72.55891, 23.00738]}}, {"type": "Feature", "properties": {"name": "Sivmm Kidney Hospital"}, "geometry": {"type": "Point", "coordinates": [72.59122, 23.08348]}}, {"type": "Feature", "properties": {"name": "U. N.Mehta Institute Of Cardiology and Research Centre"}, "geometry": {"type": "Point", "coordinates": [72.60131, 23.05273]}}, {"type": "Feature", "properties": {"name": "Shreeji Neonatal and Child Care"}, "geometry": {"type": "Point", "coordinates": [72.59594, 23.05443]}}, {"type": "Feature", "properties": {"name": "Sharda Eye Hospital"}, "geometry": {"type": "Point", "coordinates": [72.5921, 23.08706]}}, {"type": "Feature", "properties": {"name": "Urva Children Hospital and Neonatal Care"}, "geometry": {"type": "Point", "coordinates": [72.52647, 23.01338]}}, {"type": "Feature", "properties": {"name": "Arthro Care Hospital"}, "geometry": {"type": "Point", "coordinates": [72.52119, 23.0405]}}, {"type": "Feature", "properties": {"name": "Kheteswar Medical Educational and Research Centre Hospital"}, "geometry": {"type": "Point", "coordinates": [72.56543, 23.04718]}}, {"type": "Feature", "properties": {"name": "Shail Eye Hospital"}, "geometry": {"type": "Point", "coordinates": [72.561, 23.05214]}}, {"type": "Feature", "properties": {"name": "Shah Hospital - Vadaj"}, "geometry": {"type": "Point", "coordinates": [72.56972, 23.05241]}}, {"type": "Feature", "properties": {"name": "Sarthak Orthopaedic Hospital, Parimal Crosssing"}, "geometry": {"type": "Point", "coordinates": [72.55862, 23.01944]}}, {"type": "Feature", "properties": {"name": "Dhruvi ENT Hospital"}, "geometry": {"type": "Point", "coordinates": [72.59229, 23.08722]}}, {"type": "Feature", "properties": {"name": "Sanand Janta Multispeciality Hospital"}, "geometry": {"type": "Point", "coordinates": [72.38127, 22.98726]}}, {"type": "Feature", "properties": {"name": "Sarvamangal Women Hospital"}, "geometry": {"type": "Point", "coordinates": [72.53041, 23.01341]}}, {"type": "Feature", "properties": {"name": "Stavya Spine Hospital and Research Institute"}, "geometry": {"type": "Point", "coordinates": [72.56607, 23.02593]}}, {"type": "Feature", "properties": {"name": "Vatsalya Maternity Nursing Home"}, "geometry": {"type": "Point", "coordinates": [72.52123, 23.03448]}}, {"type": "Feature", "properties": {"name": "Kothari Hospital, Ahmedabad"}, "geometry": {"type": "Point", "coordinates": [72.63054, 23.08556]}}, {"type": "Feature", "properties": {"name": "Gurukrupa Hospital, Ahmedabad"}, "geometry": {"type": "Point", "coordinates": [72.5352, 23.06044]}}, {"type": "Feature", "properties": {"name": "Laxmi Heart and Medical Hospital"}, "geometry": {"type": "Point", "coordinates": [72.47755, 23.02831]}}, {"type": "Feature", "properties": {"name": "Navkar Children Hospital, Ahmedabad"}, "geometry": {"type": "Point", "coordinates": [72.52982, 23.01627]}}, {"type": "Feature", "properties": {"name": "Dr Chirag M Desai Eye Care"}, "geometry": {"type": "Point", "coordinates": [72.56233, 23.00888]}}, {"type": "Feature", "properties": {"name": "Bopal Multispeciality Hospital"}, "geometry": {"type": "Point", "coordinates": [72.47177, 23.03154]}}, {"type": "Feature", "properties": {"name": "Mother's Maternity and Nursing Home"}, "geometry": {"type": "Point", "coordinates": [72.54918, 23.05269]}}, {"type": "Feature", "properties": {"name": "Nanavati Maternity Hospital"}, "geometry": {"type": "Point", "coordinates": [72.51892, 23.00341]}}, {"type": "Feature", "properties": {"name": "Vaishali Hospital"}, "geometry": {"type": "Point", "coordinates": [72.47738, 23.02835]}}, {"type": "Feature", "properties": {"name": "Gujarat Hospital, Ahmedabad"}, "geometry": {"type": "Point", "coordinates": [72.63863, 23.00457]}}, {"type": "Feature", "properties": {"name": "Aadya Eye and Ent Hospital"}, "geometry": {"type": "Point", "coordinates": [72.63981, 23.06191]}}, {"type": "Feature", "properties": {"name": "Karnavati Hospital Pvt. Ltd."}, "geometry": {"type": "Point", "coordinates": [72.57252, 23.0217]}}, {"type": "Feature", "properties": {"name": "Navjeevan Doctor House"}, "geometry": {"type": "Point", "coordinates": [72.38088, 22.98674]}}, {"type": "Feature", "properties": {"name": "Dev Hospital, Vasna"}, "geometry": {"type": "Point", "coordinates": [72.54478, 23.00601]}}, {"type": "Feature", "properties": {"name": "Dr Praful Munishi's Nursing Home"}, "geometry": {"type": "Point", "coordinates": [72.5654, 23.01978]}}, {"type": "Feature", "properties": {"name": "Rukshmani Surgical Hospital"}, "geometry": {"type": "Point", "coordinates": [72.64161, 23.05183]}}, {"type": "Feature", "properties": {"name": "Sparsh Orthopedic Oncology Clinic"}, "geometry": {"type": "Point", "coordinates": [72.56993, 23.02319]}}, {"type": "Feature", "properties": {"name": "Ratan Deep Surgical And Endoscopy Clinic"}, "geometry": {"type": "Point", "coordinates": [72.60824, 22.99901]}}, {"type": "Feature", "properties": {"name": "Sanket Children's Speciality Hospital"}, "geometry": {"type": "Point", "coordinates": [72.64427, 23.03791]}}, {"type": "Feature", "properties": {"name": "Hariom Multispeciality Hospital"}, "geometry": {"type": "Point", "coordinates": [72.65753, 22.99987]}}, {"type": "Feature", "properties": {"name": "Neelkamal Hospital Pvt Ltd (Pooja Hospital)"}, "geometry": {"type": "Point", "coordinates": [72.59125, 23.0839]}}, {"type": "Feature", "properties": {"name": "Trupti Hospital, Saijpur"}, "geometry": {"type": "Point", "coordinates": [72.64229, 23.06389]}}, {"type": "Feature", "properties": {"name": "Deep Urosurgical Hospital"}, "geometry": {"type": "Point", "coordinates": [72.56231, 23.04549]}}, {"type": "Feature", "properties": {"name": "Sannidhya Eye Hospital"}, "geometry": {"type": "Point", "coordinates": [72.55578, 23.00609]}}, {"type": "Feature", "properties": {"name": "Karnavati Super Speciality Hospital"}, "geometry": {"type": "Point", "coordinates": [72.63981, 23.06047]}}, {"type": "Feature", "properties": {"name": "Shyamal Orthopaedic Hospital"}, "geometry": {"type": "Point", "coordinates": [72.52638, 23.01336]}}, {"type": "Feature", "properties": {"name": "Sanskar Heart Care And Medical Hospital"}, "geometry": {"type": "Point", "coordinates": [72.58911, 23.09812]}}, {"type": "Feature", "properties": {"name": "Vadaj Orthopaedic Hospital"}, "geometry": {"type": "Point", "coordinates": [72.5693, 23.05762]}}, {"type": "Feature", "properties": {"name": "Sahjanand Eye Care Hospital"}, "geometry": {"type": "Point", "coordinates": [72.55325, 23.04034]}}, {"type": "Feature", "properties": {"name": "Maniar Hospital"}, "geometry": {"type": "Point", "coordinates": [72.5553, 23.03289]}}, {"type": "Feature", "properties": {"name": "Manish Eye Hospital - Ahmedabad"}, "geometry": {"type": "Point", "coordinates": [72.55056, 23.00211]}}, {"type": "Feature", "properties": {"name": "Parvati Jadav Hospital"}, "geometry": {"type": "Point", "coordinates": [72.65447, 23.07634]}}, {"type": "Feature", "properties": {"name": "Matru Hospital, Ahmedabad"}, "geometry": {"type": "Point", "coordinates": [72.62293, 23.03021]}}, {"type": "Feature", "properties": {"name": "Matoshree Hospital, Ahmedabad"}, "geometry": {"type": "Point", "coordinates": [72.54654, 23.00068]}}, {"type": "Feature", "properties": {"name": "Aashwi E.N.T.Hospital"}, "geometry": {"type": "Point", "coordinates": [72.52901, 23.03712]}}, {"type": "Feature", "properties": {"name": "Pushpa Children Hospital and Neonatal Care"}, "geometry": {"type": "Point", "coordinates": [72.59807, 23.10678]}}, {"type": "Feature", "properties": {"name": "Aarogyam Speciality Hospital"}, "geometry": {"type": "Point", "coordinates": [72.55561, 23.04695]}}, {"type": "Feature", "properties": {"name": "Trisha Trauma Centre and Icu"}, "geometry": {"type": "Point", "coordinates": [72.55913, 23.0714]}}, {"type": "Feature", "properties": {"name": "Shreejee Hospital"}, "geometry": {"type": "Point", "coordinates": [72.61953, 22.97913]}}, {"type": "Feature", "properties": {"name": "Sanjivani Maternity"}, "geometry": {"type": "Point", "coordinates": [72.5246, 23.01307]}}, {"type": "Feature", "properties": {"name": "Dr. Devendra Kanaiyalal Hospital and Nursing Home"}, "geometry": {"type": "Point", "coordinates": [72.56815, 23.01627]}}, {"type": "Feature", "properties": {"name": "Harsiddh Hospital"}, "geometry": {"type": "Point", "coordinates": [72.57403, 23.07966]}}, {"type": "Feature", "properties": {"name": "Gheewala Hospital"}, "geometry": {"type": "Point", "coordinates": [72.56382, 23.01521]}}, {"type": "Feature", "properties": {"name": "Rushabh Uro Hospital"}, "geometry": {"type": "Point", "coordinates": [72.53376, 23.04618]}}, {"type": "Feature", "properties": {"name": "Geeta Nursing Home, Ahmedabad"}, "geometry": {"type": "Point", "coordinates": [72.59718, 23.00264]}}, {"type": "Feature", "properties": {"name": "Vallabh Surgical Hospital"}, "geometry": {"type": "Point", "coordinates": [72.53603, 23.05948]}}, {"type": "Feature", "properties": {"name": "Dr. Shurti Ent Hospital"}, "geometry": {"type": "Point", "coordinates": [72.60979, 22.99801]}}, {"type": "Feature", "properties": {"name": "Babycare Children Hospital and Neonatal Centre"}, "geometry": {"type": "Point", "coordinates": [72.62915, 22.9934]}}, {"type": "Feature", "properties": {"name": "Venkaria Ortho Hospital"}, "geometry": {"type": "Point", "coordinates": [72.631, 23.03887]}}, {"type": "Feature", "properties": {"name": "Dr.Santosh C.Raibagkar"}, "geometry": {"type": "Point", "coordinates": [72.56046, 23.01996]}}, {"type": "Feature", "properties": {"name": "Sanand Hospital and Trauma Centre"}, "geometry": {"type": "Point", "coordinates": [72.38127, 22.98817]}}, {"type": "Feature", "properties": {"name": "Diva Eye Institute Hospital"}, "geometry": {"type": "Point", "coordinates": [72.55689, 23.01826]}}, {"type": "Feature", "properties": {"name": "Stavan Eye Clinic"}, "geometry": {"type": "Point", "coordinates": [72.5645, 23.01126]}}, {"type": "Feature", "properties": {"name": "Poojan Maternity and Infertility Clinic"}, "geometry": {"type": "Point", "coordinates": [72.65285, 23.07309]}}, {"type": "Feature", "properties": {"name": "Khush Eye Hospital"}, "geometry": {"type": "Point", "coordinates": [72.55845, 23.01863]}}, {"type": "Feature", "properties": {"name": "Uma Maternity and Nursing Home"}, "geometry": {"type": "Point", "coordinates": [72.66271, 23.06624]}}, {"type": "Feature", "properties": {"name": "Sangini Hospital"}, "geometry": {"type": "Point", "coordinates": [72.52331, 23.02504]}}, {"type": "Feature", "properties": {"name": "Dr. Umesh D. Buch"}, "geometry": {"type": "Point", "coordinates": [72.54792, 23.00167]}}, {"type": "Feature", "properties": {"name": "Aneri Children Hospital"}, "geometry": {"type": "Point", "coordinates": [72.5431, 23.06943]}}, {"type": "Feature", "properties": {"name": "Divya Jyot Eye Hospital"}, "geometry": {"type": "Point", "coordinates": [72.59118, 23.08385]}}, {"type": "Feature", "properties": {"name": "Eye Care Hospital Pvt. Ltd."}, "geometry": {"type": "Point", "coordinates": [72.54985, 23.02415]}}, {"type": "Feature", "properties": {"name": "Raj Ent Hospital"}, "geometry": {"type": "Point", "coordinates": [72.5641, 23.05199]}}, {"type": "Feature", "properties": {"name": "Valu Hospital"}, "geometry": {"type": "Point", "coordinates": [72.56166, 23.0462]}}, {"type": "Feature", "properties": {"name": "Satyamev Hospital"}, "geometry": {"type": "Point", "coordinates": [72.58154, 23.12044]}}, {"type": "Feature", "properties": {"name": "Polio Foundation"}, "geometry": {"type": "Point", "coordinates": [72.53749, 23.00471]}}, {"type": "Feature", "properties": {"name": "Archit Orthopaedic Hospital"}, "geometry": {"type": "Point", "coordinates": [72.5568, 23.0071]}}, {"type": "Feature", "properties": {"name": "Saraswati Eye Hospital, Ahmedabad"}, "geometry": {"type": "Point", "coordinates": [72.64221, 23.0638]}}, {"type": "Feature", "properties": {"name": "Bavishi Eye Hospital, Ahmedabad"}, "geometry": {"type": "Point", "coordinates": [72.54133, 23.0218]}}, {"type": "Feature", "properties": {"name": "Pankit Nursing Home"}, "geometry": {"type": "Point", "coordinates": [72.56611, 23.03978]}}, {"type": "Feature", "properties": {"name": "Shreedhar Hospital, Ahmedabad"}, "geometry": {"type": "Point", "coordinates": [72.65913, 23.00007]}}, {"type": "Feature", "properties": {"name": "Dr. Rajendra C. Patel Orthopaedic Nursing Home"}, "geometry": {"type": "Point", "coordinates": [72.5653, 23.03155]}}, {"type": "Feature", "properties": {"name": "Sarjan Maternity and Nursing Home"}, "geometry": {"type": "Point", "coordinates": [72.54833, 23.00231]}}, {"type": "Feature", "properties": {"name": "Aash Arthoscopy Centre"}, "geometry": {"type": "Point", "coordinates": [72.56057, 23.01766]}}, {"type": "Feature", "properties": {"name": "Ashirwad Surgical Hospital, C.T.M"}, "geometry": {"type": "Point", "coordinates": [72.6359, 22.9998]}}, {"type": "Feature", "properties": {"name": "Sushri Jasumatiben Shantilal Surti Charitable General Hospital"}, "geometry": {"type": "Point", "coordinates": [72.53196, 23.02567]}}, {"type": "Feature", "properties": {"name": "Dr. Shailesh Shah Surgical Hospital and End. Clinic"}, "geometry": {"type": "Point", "coordinates": [72.59883, 23.00959]}}, {"type": "Feature", "properties": {"name": "Vrundavan Hospital, Ahmedabad"}, "geometry": {"type": "Point", "coordinates": [72.55824, 23.04717]}}, {"type": "Feature", "properties": {"name": "Arihant Heart And Medical Hospital"}, "geometry": {"type": "Point", "coordinates": [72.59562, 23.05386]}}, {"type": "Feature", "properties": {"name": "Shaurya Hospital, Ahmedabad"}, "geometry": {"type": "Point", "coordinates": [72.56263, 23.01097]}}, {"type": "Feature", "properties": {"name": "Sparsh Netralaya"}, "geometry": {"type": "Point", "coordinates": [72.59543, 23.05395]}}, {"type": "Feature", "properties": {"name": "Parth Eye Hospital, Ahmedabad"}, "geometry": {"type": "Point", "coordinates": [72.59013, 23.00481]}}, {"type": "Feature", "properties": {"name": "Swastik Hospital, Ahmedabad"}, "geometry": {"type": "Point", "coordinates": [72.67597, 23.03953]}}, {"type": "Feature", "properties": {"name": "Navkar Hospital"}, "geometry": {"type": "Point", "coordinates": [72.54577, 23.01291]}}, {"type": "Feature", "properties": {"name": "Pushpam Hospital, Ahmedabad"}, "geometry": {"type": "Point", "coordinates": [72.56973, 23.10299]}}, {"type": "Feature", "properties": {"name": "Swari Ent Hospital, Ahmedabad"}, "geometry": {"type": "Point", "coordinates": [72.58382, 23.06687]}}, {"type": "Feature", "properties": {"name": "Krishna Shalby Hospital"}, "geometry": {"type": "Point", "coordinates": [72.44147, 23.02393]}}, {"type": "Feature", "properties": {"name": "Sagar Hospital, Ahmedabad"}, "geometry": {"type": "Point", "coordinates": [72.53358, 23.00639]}}, {"type": "Feature", "properties": {"name": "Chhabra Eye Hospital"}, "geometry": {"type": "Point", "coordinates": [72.52684, 23.02592]}}, {"type": "Feature", "properties": {"name": "Prabhu Nursing Home, Ahmedabad"}, "geometry": {"type": "Point", "coordinates": [72.63574, 22.99936]}}, {"type": "Feature", "properties": {"name": "Vatsalya Children Hospital, Ahmedabad"}, "geometry": {"type": "Point", "coordinates": [72.53379, 23.04828]}}, {"type": "Feature", "properties": {"name": "Om Surgical Nursing Home"}, "geometry": {"type": "Point", "coordinates": [72.55826, 23.01792]}}, {"type": "Feature", "properties": {"name": "Aastha Eye Hospital"}, "geometry": {"type": "Point", "coordinates": [72.52758, 23.02557]}}, {"type": "Feature", "properties": {"name": "Gmers Medical College Hospital"}, "geometry": {"type": "Point", "coordinates": [72.52461, 23.08276]}}, {"type": "Feature", "properties": {"name": "CHC, Mandal"}, "geometry": {"type": "Point", "coordinates": [71.91575, 23.28906]}}, {"type": "Feature", "properties": {"name": "Super Surgical Hospital, Ahmedabad"}, "geometry": {"type": "Point", "coordinates": [72.55946, 23.03541]}}, {"type": "Feature", "properties": {"name": "Krishna Hospital and ICCU"}, "geometry": {"type": "Point", "coordinates": [72.56319, 23.06721]}}, {"type": "Feature", "properties": {"name": "Satellite Orthopaedic Hospital And Research Centre Pvt Ltd"}, "geometry": {"type": "Point", "coordinates": [72.52536, 23.01373]}}, {"type": "Feature", "properties": {"name": "Chirayu Orthopaedic and Spine Hospital"}, "geometry": {"type": "Point", "coordinates": [72.56582, 23.00704]}}, {"type": "Feature", "properties": {"name": "Adwait Ent Hospital"}, "geometry": {"type": "Point", "coordinates": [72.57779, 23.04008]}}, {"type": "Feature", "properties": {"name": "Long Life Hospital, Ahmedabad"}, "geometry": {"type": "Point", "coordinates": [72.56379, 23.01304]}}, {"type": "Feature", "properties": {"name": "Mamta Children Hospital, Ahmedabad"}, "geometry": {"type": "Point", "coordinates": [72.53137, 23.02399]}}, {"type": "Feature", "properties": {"name": "Jay Prasuti Gruh and Nursing Home"}, "geometry": {"type": "Point", "coordinates": [72.47785, 23.02829]}}, {"type": "Feature", "properties": {"name": "Shantilal Parikh Hospital and Check Up Clinic"}, "geometry": {"type": "Point", "coordinates": [72.57069, 23.03733]}}, {"type": "Feature", "properties": {"name": "Dr.Anil V.Patel Eye Hospital"}, "geometry": {"type": "Point", "coordinates": [72.56661, 23.06715]}}, {"type": "Feature", "properties": {"name": "Sharda Clinic and Hospital"}, "geometry": {"type": "Point", "coordinates": [72.605, 23.04423]}}, {"type": "Feature", "properties": {"name": "Dr.Haroonbhai Jusabbhai Memon"}, "geometry": {"type": "Point", "coordinates": [72.58608, 23.02732]}}, {"type": "Feature", "properties": {"name": "Dr.Joshi Maternity And Gynec Hospital"}, "geometry": {"type": "Point", "coordinates": [72.56065, 23.01886]}}, {"type": "Feature", "properties": {"name": "Dr.Nagoris Institute Hospital"}, "geometry": {"type": "Point", "coordinates": [72.52608, 23.02638]}}, {"type": "Feature", "properties": {"name": "Dr.Soneji Hospital"}, "geometry": {"type": "Point", "coordinates": [72.59174, 23.00174]}}, {"type": "Feature", "properties": {"name": "Eye Research Centre And Retina Foundation"}, "geometry": {"type": "Point", "coordinates": [72.59078, 23.05571]}}, {"type": "Feature", "properties": {"name": "Dr. Manoj Tank E.N.T. Hospital"}, "geometry": {"type": "Point", "coordinates": [72.57195, 23.02325]}}, {"type": "Feature", "properties": {"name": "Prasad Hospital, Ahmedabad"}, "geometry": {"type": "Point", "coordinates": [72.65735, 23.04965]}}, {"type": "Feature", "properties": {"name": "Detroj CHC"}, "geometry": {"type": "Point", "coordinates": [72.18704, 23.33689]}}, {"type": "Feature", "properties": {"name": "Rangam Multispeciality Hospital"}, "geometry": {"type": "Point", "coordinates": [72.6451, 23.00992]}}, {"type": "Feature", "properties": {"name": "Astha Orthopedic and Spine Hospital"}, "geometry": {"type": "Point", "coordinates": [72.56295, 23.06629]}}, {"type": "Feature", "properties": {"name": "Amrut Arogyadham Medical Hospital"}, "geometry": {"type": "Point", "coordinates": [72.58497, 23.11055]}}, {"type": "Feature", "properties": {"name": "Rushabh Medi-Surge Hospital Pvt Ltd"}, "geometry": {"type": "Point", "coordinates": [72.51782, 23.0126]}}, {"type": "Feature", "properties": {"name": "Jay Orthopaedic Hospital"}, "geometry": {"type": "Point", "coordinates": [72.60024, 23.0521]}}, {"type": "Feature", "properties": {"name": "Pramukh Neurosurgical Hosptial"}, "geometry": {"type": "Point", "coordinates": [72.56217, 23.04118]}}, {"type": "Feature", "properties": {"name": "Trupti Heart and Medical Hospital, Ahmedabad"}, "geometry": {"type": "Point", "coordinates": [72.59051, 23.00429]}}, {"type": "Feature", "properties": {"name": "Aash Surgical Hospital"}, "geometry": {"type": "Point", "coordinates": [72.56248, 23.04725]}}, {"type": "Feature", "properties": {"name": "Kanchi Orthopaedic Hospital"}, "geometry": {"type": "Point", "coordinates": [72.54657, 23.01095]}}, {"type": "Feature", "properties": {"name": "Shree Mahavir Mutlispeciality Hospital and Icu"}, "geometry": {"type": "Point", "coordinates": [72.5355, 23.0603]}}, {"type": "Feature", "properties": {"name": "Jainee Surgical Hospital"}, "geometry": {"type": "Point", "coordinates": [72.56666, 23.08033]}}, {"type": "Feature", "properties": {"name": "Shri Rang Hospitaland Research Centre"}, "geometry": {"type": "Point", "coordinates": [72.53906, 23.07679]}}, {"type": "Feature", "properties": {"name": "Brain and Spine Hospital"}, "geometry": {"type": "Point", "coordinates": [72.56593, 23.04027]}}, {"type": "Feature", "properties": {"name": "Bodyline Hospitals"}, "geometry": {"type": "Point", "coordinates": [72.55457, 23.00994]}}, {"type": "Feature", "properties": {"name": "Siddhi Hospital, Ahmedabad"}, "geometry": {"type": "Point", "coordinates": [72.64292, 23.06721]}}, {"type": "Feature", "properties": {"name": "Om Children Hospital"}, "geometry": {"type": "Point", "coordinates": [72.5307, 23.06207]}}, {"type": "Feature", "properties": {"name": "Samkit Hospital Icu and Iccu"}, "geometry": {"type": "Point", "coordinates": [72.5329, 23.00572]}}, {"type": "Feature", "properties": {"name": "Vrundavan Children Hospital"}, "geometry": {"type": "Point", "coordinates": [72.56673, 23.01697]}}, {"type": "Feature", "properties": {"name": "Netra Raksha Hospital, Thakkarbapa Nagar"}, "geometry": {"type": "Point", "coordinates": [72.63831, 23.03923]}}, {"type": "Feature", "properties": {"name": "Shivam Heart and Medical Hospital"}, "geometry": {"type": "Point", "coordinates": [72.63413, 23.05672]}}, {"type": "Feature", "properties": {"name": "Bhakti Maternity and Sonography Clinic"}, "geometry": {"type": "Point", "coordinates": [72.63559, 23.0014]}}, {"type": "Feature", "properties": {"name": "Shashwat Hospital and Research Center, Ahmedabad"}, "geometry": {"type": "Point", "coordinates": [72.5333, 23.0583]}}, {"type": "Feature", "properties": {"name": "Aditya Hospital, Ahmedabad"}, "geometry": {"type": "Point", "coordinates": [72.55207, 23.00433]}}, {"type": "Feature", "properties": {"name": "Krupanidhi Hospital"}, "geometry": {"type": "Point", "coordinates": [72.56388, 23.0153]}}, {"type": "Feature", "properties": {"name": "Aditya Eye Hospital, Ahmedabad"}, "geometry": {"type": "Point", "coordinates": [72.53483, 23.04996]}}, {"type": "Feature", "properties": {"name": "Joitiba General Hospital, Ahmedabad"}, "geometry": {"type": "Point", "coordinates": [72.61188, 22.97862]}}, {"type": "Feature", "properties": {"name": "Anoop Children Hospital"}, "geometry": {"type": "Point", "coordinates": [72.63213, 22.99269]}}, {"type": "Feature", "properties": {"name": "Aayush Surgical Hospital"}, "geometry": {"type": "Point", "coordinates": [72.53375, 23.04623]}}, {"type": "Feature", "properties": {"name": "J J Hospital, Ahmedabad"}, "geometry": {"type": "Point", "coordinates": [72.53684, 23.07313]}}, {"type": "Feature", "properties": {"name": "Dr. Rajiv Thakores Hospital"}, "geometry": {"type": "Point", "coordinates": [72.55391, 23.01766]}}, {"type": "Feature", "properties": {"name": "Parekh Hospital"}, "geometry": {"type": "Point", "coordinates": [72.36145, 22.83064]}}, {"type": "Feature", "properties": {"name": "Chikhalkar Hospital and Iccu"}, "geometry": {"type": "Point", "coordinates": [72.54939, 23.05617]}}, {"type": "Feature", "properties": {"name": "The Holistic Medical Centre Ayulink Ayurveda Hospital"}, "geometry": {"type": "Point", "coordinates": [72.5596, 23.03798]}}, {"type": "Feature", "properties": {"name": "Aniket Ent Hospital"}, "geometry": {"type": "Point", "coordinates": [72.63212, 22.99263]}}, {"type": "Feature", "properties": {"name": "Amruta Hospital and Heart Centre"}, "geometry": {"type": "Point", "coordinates": [72.58969, 23.08268]}}, {"type": "Feature", "properties": {"name": "Hari Krishna Uro Surgical Hospital"}, "geometry": {"type": "Point", "coordinates": [72.64399, 23.0381]}}, {"type": "Feature", "properties": {"name": "Aditya Multi-Speciality Hospital"}, "geometry": {"type": "Point", "coordinates": [72.53152, 23.06328]}}, {"type": "Feature", "properties": {"name": "Vatsalya Neonatal and Children Hospital"}, "geometry": {"type": "Point", "coordinates": [72.63884, 23.02087]}}, {"type": "Feature", "properties": {"name": "Motherhood Womens and Child Care Hospital"}, "geometry": {"type": "Point", "coordinates": [72.51251, 23.07453]}}, {"type": "Feature", "properties": {"name": "Kanan Maternity and Nursing Home"}, "geometry": {"type": "Point", "coordinates": [72.60911, 22.99775]}}, {"type": "Feature", "properties": {"name": "Arpan Orthopedic and Trauma Hospital"}, "geometry": {"type": "Point", "coordinates": [72.59526, 23.00246]}}, {"type": "Feature", "properties": {"name": "Jarmarwala Hospital"}, "geometry": {"type": "Point", "coordinates": [72.54588, 23.01993]}}, {"type": "Feature", "properties": {"name": "Pearl Eye Hospital"}, "geometry": {"type": "Point", "coordinates": [72.5806, 23.00984]}}, {"type": "Feature", "properties": {"name": "Shushilaben Neonatal And Child Care Centre"}, "geometry": {"type": "Point", "coordinates": [72.61494, 23.03104]}}, {"type": "Feature", "properties": {"name": "Shree Aman Hospital"}, "geometry": {"type": "Point", "coordinates": [72.59142, 23.08449]}}, {"type": "Feature", "properties": {"name": "Rainbow Super Speciality Children's Hospital"}, "geometry": {"type": "Point", "coordinates": [72.52862, 23.04609]}}, {"type": "Feature", "properties": {"name": "Parth Hospital, Ahmedabad"}, "geometry": {"type": "Point", "coordinates": [72.58891, 23.08378]}}, {"type": "Feature", "properties": {"name": "Gayatri Heart And Medical Hospital, Bhimjipura"}, "geometry": {"type": "Point", "coordinates": [72.56476, 23.06028]}}, {"type": "Feature", "properties": {"name": "Sanghavi Hospital Pvt. Ltd."}, "geometry": {"type": "Point", "coordinates": [72.55637, 23.0067]}}, {"type": "Feature", "properties": {"name": "Pallav J M Desai Memorial Hospital (Better Health Pvt.Ltd.)"}, "geometry": {"type": "Point", "coordinates": [72.6141, 22.99476]}}, {"type": "Feature", "properties": {"name": "Parth Surgical Hospital, Ahmedabad"}, "geometry": {"type": "Point", "coordinates": [72.55442, 23.003]}}, {"type": "Feature", "properties": {"name": "Shiv Sharddha Nursing Home and Super Speciality Clinics"}, "geometry": {"type": "Point", "coordinates": [72.59719, 23.05452]}}, {"type": "Feature", "properties": {"name": "Jalaram Hospital, Ahmedabad"}, "geometry": {"type": "Point", "coordinates": [72.52182, 23.02779]}}, {"type": "Feature", "properties": {"name": "Kruti Orthopedic Hospital"}, "geometry": {"type": "Point", "coordinates": [72.57095, 23.04642]}}, {"type": "Feature", "properties": {"name": "Banker`S Retina Clinic and Laser Centre"}, "geometry": {"type": "Point", "coordinates": [72.55425, 23.04163]}}, {"type": "Feature", "properties": {"name": "Jariwala Women's Hospital"}, "geometry": {"type": "Point", "coordinates": [72.59643, 23.05472]}}, {"type": "Feature", "properties": {"name": "Rukshmani Medical Hospital"}, "geometry": {"type": "Point", "coordinates": [72.63348, 23.00318]}}, {"type": "Feature", "properties": {"name": "RMS Hospital Trauma General Hospital"}, "geometry": {"type": "Point", "coordinates": [71.97812, 22.3641]}}, {"type": "Feature", "properties": {"name": "CGHS Dispensary No.3"}, "geometry": {"type": "Point", "coordinates": [72.56949, 23.0355]}}, {"type": "Feature", "properties": {"name": "HCG Cancer Centre"}, "geometry": {"type": "Point", "coordinates": [72.52273, 23.0705]}}, {"type": "Feature", "properties": {"name": "Zeal Maternity And Nursing Home"}, "geometry": {"type": "Point", "coordinates": [72.60295, 23.05449]}}, {"type": "Feature", "properties": {"name": "Sanidhaya Maternity and Nursing Home"}, "geometry": {"type": "Point", "coordinates": [72.53015, 23.01432]}}, {"type": "Feature", "properties": {"name": "Vraj Hospital and Heart Care Center"}, "geometry": {"type": "Point", "coordinates": [72.6022, 22.98062]}}, {"type": "Feature", "properties": {"name": "Sahjanand Orthopaedic Hospital"}, "geometry": {"type": "Point", "coordinates": [72.51789, 23.01263]}}, {"type": "Feature", "properties": {"name": "Jaju Plastic Surgery Center"}, "geometry": {"type": "Point", "coordinates": [72.55927, 23.04213]}}, {"type": "Feature", "properties": {"name": "Raghuvir Eye Hospital"}, "geometry": {"type": "Point", "coordinates": [72.60747, 22.99479]}}, {"type": "Feature", "properties": {"name": "Shachi Women's Hospital"}, "geometry": {"type": "Point", "coordinates": [72.58383, 23.06635]}}, {"type": "Feature", "properties": {"name": "Palak Hospital, Ahmedabad"}, "geometry": {"type": "Point", "coordinates": [72.62519, 22.99895]}}, {"type": "Feature", "properties": {"name": "Anand Children Hospital Neonatal Intensive Care"}, "geometry": {"type": "Point", "coordinates": [72.60599, 23.04878]}}, {"type": "Feature", "properties": {"name": "Ami Eye Clinic"}, "geometry": {"type": "Point", "coordinates": [72.58098, 23.0634]}}, {"type": "Feature", "properties": {"name": "Patel E.N.T Hospital"}, "geometry": {"type": "Point", "coordinates": [72.57121, 23.04779]}}, {"type": "Feature", "properties": {"name": "Rosemaarry Womens Hospital"}, "geometry": {"type": "Point", "coordinates": [72.52601, 23.03182]}}, {"type": "Feature", "properties": {"name": "Sehat Hospital Clinic"}, "geometry": {"type": "Point", "coordinates": [72.52582, 22.9932]}}, {"type": "Feature", "properties": {"name": "Sanjivan Heart and Medical Hospital"}, "geometry": {"type": "Point", "coordinates": [72.59032, 23.08377]}}, {"type": "Feature", "properties": {"name": "Sainath Orhtopaedic Hospital"}, "geometry": {"type": "Point", "coordinates": [72.53604, 23.05922]}}, {"type": "Feature", "properties": {"name": "Sardar Hospital"}, "geometry": {"type": "Point", "coordinates": [72.64455, 23.03802]}}, {"type": "Feature", "properties": {"name": "Shree Harikrupa Hospital"}, "geometry": {"type": "Point", "coordinates": [72.56156, 23.02006]}}, {"type": "Feature", "properties": {"name": "Amardeep Multispeciality Children Hospital"}, "geometry": {"type": "Point", "coordinates": [72.56427, 23.02021]}}, {"type": "Feature", "properties": {"name": "HCG Multi Specialty Hospital"}, "geometry": {"type": "Point", "coordinates": [72.56429, 23.02886]}}, {"type": "Feature", "properties": {"name": "Palak Eye Hospital"}, "geometry": {"type": "Point", "coordinates": [72.60688, 22.99493]}}, {"type": "Feature", "properties": {"name": "Rukshmani Government Hospital"}, "geometry": {"type": "Point", "coordinates": [72.61973, 22.99948]}}, {"type": "Feature", "properties": {"name": "Rugved Multispeciality Hospital"}, "geometry": {"type": "Point", "coordinates": [72.64685, 23.05043]}}, {"type": "Feature", "properties": {"name": "Ashirwad Children and Eye Hospital"}, "geometry": {"type": "Point", "coordinates": [72.60792, 22.9979]}}, {"type": "Feature", "properties": {"name": "Ayushman Medical Hospital and Dignosis Center"}, "geometry": {"type": "Point", "coordinates": [72.63915, 23.02371]}}, {"type": "Feature", "properties": {"name": "R. Tolat Eye Clinic"}, "geometry": {"type": "Point", "coordinates": [72.56039, 23.01374]}}, {"type": "Feature", "properties": {"name": "Ravi Surgical Hospital, Ahmedabad"}, "geometry": {"type": "Point", "coordinates": [72.60986, 22.99808]}}, {"type": "Feature", "properties": {"name": "College of Dental Sciences and Research Hospital"}, "geometry": {"type": "Point", "coordinates": [72.43568, 23.03473]}}, {"type": "Feature", "properties": {"name": "Shrreeji Surgical Hospital"}, "geometry": {"type": "Point", "coordinates": [72.62516, 22.99816]}}, {"type": "Feature", "properties": {"name": "Aalap Clinic and Surgical Nursing Home"}, "geometry": {"type": "Point", "coordinates": [72.57106, 23.04507]}}, {"type": "Feature", "properties": {"name": "Shreyas Speciality Hospital"}, "geometry": {"type": "Point", "coordinates": [72.51753, 23.00232]}}, {"type": "Feature", "properties": {"name": "Rugveda Practur and Orthopaedic Hospital, Ahmedabad"}, "geometry": {"type": "Point", "coordinates": [72.54672, 23.00216]}}, {"type": "Feature", "properties": {"name": "Kalptaru Hospital"}, "geometry": {"type": "Point", "coordinates": [72.59451, 23.04936]}}, {"type": "Feature", "properties": {"name": "Sukhmani Hospital / Saviour Annexe Hospital"}, "geometry": {"type": "Point", "coordinates": [72.56964, 23.03649]}}, {"type": "Feature", "properties": {"name": "Setu Surgical Hospital, Ahmedabad"}, "geometry": {"type": "Point", "coordinates": [72.64291, 23.05409]}}, {"type": "Feature", "properties": {"name": "Auro Ent Hospital"}, "geometry": {"type": "Point", "coordinates": [72.57015, 23.05781]}}, {"type": "Feature", "properties": {"name": "Swastik Surgical Hospital And Dental Clinic, Ahmedabad"}, "geometry": {"type": "Point", "coordinates": [72.51891, 23.00347]}}, {"type": "Feature", "properties": {"name": "Sanjivani Eye Hospital and Phaco Centre, Ahmedabad"}, "geometry": {"type": "Point", "coordinates": [72.56157, 23.04599]}}, {"type": "Feature", "properties": {"name": "Sanjeevani Hospital, Ahmedabad"}, "geometry": {"type": "Point", "coordinates": [72.53565, 23.05957]}}, {"type": "Feature", "properties": {"name": "Hcg Medi-Surge Hospitals Private Limited"}, "geometry": {"type": "Point", "coordinates": [72.56431, 23.02888]}}, {"type": "Feature", "properties": {"name": "The Vitreoretina Clinic and Eye Hospital"}, "geometry": {"type": "Point", "coordinates": [72.51614, 23.0389]}}, {"type": "Feature", "properties": {"name": "Soni Nursing Home"}, "geometry": {"type": "Point", "coordinates": [72.66049, 23.07266]}}, {"type": "Feature", "properties": {"name": "Mahin Lifecare Services Pvt.Ltd"}, "geometry": {"type": "Point", "coordinates": [72.52565, 22.99316]}}, {"type": "Feature", "properties": {"name": "Jay Umiya Hospital"}, "geometry": {"type": "Point", "coordinates": [72.55908, 23.07289]}}, {"type": "Feature", "properties": {"name": "Aarna Medical Hospital"}, "geometry": {"type": "Point", "coordinates": [72.63886, 23.03951]}}, {"type": "Feature", "properties": {"name": "Akshar Krupa Hospital"}, "geometry": {"type": "Point", "coordinates": [72.59587, 23.05443]}}, {"type": "Feature", "properties": {"name": "Siddhi Heart and Medical Hospital"}, "geometry": {"type": "Point", "coordinates": [72.55917, 23.0729]}}, {"type": "Feature", "properties": {"name": "Ashish Orthopaedic Hospital, Ahmedabad"}, "geometry": {"type": "Point", "coordinates": [72.52731, 23.03693]}}, {"type": "Feature", "properties": {"name": "Ashray Clinic"}, "geometry": {"type": "Point", "coordinates": [72.55738, 23.00728]}}, {"type": "Feature", "properties": {"name": "Sanjivani Heart and Medical Hospital (Ahmedabad)"}, "geometry": {"type": "Point", "coordinates": [72.57015, 23.05782]}}, {"type": "Feature", "properties": {"name": "Raksha Hospital Pvt Ltd"}, "geometry": {"type": "Point", "coordinates": [72.51747, 23.03604]}}, {"type": "Feature", "properties": {"name": "B.J. Medical College Hospital"}, "geometry": {"type": "Point", "coordinates": [72.60283, 23.05266]}}, {"type": "Feature", "properties": {"name": "Government Spine Institute Hospital"}, "geometry": {"type": "Point", "coordinates": [72.60803, 23.05001]}}, {"type": "Feature", "properties": {"name": "Parth Eye Hospital, Isanpur"}, "geometry": {"type": "Point", "coordinates": [72.59976, 22.97989]}}, {"type": "Feature", "properties": {"name": "Austmangal Surgical Hospital"}, "geometry": {"type": "Point", "coordinates": [72.59582, 23.05452]}}, {"type": "Feature", "properties": {"name": "Rudraksh Hospital"}, "geometry": {"type": "Point", "coordinates": [72.64369, 23.06263]}}, {"type": "Feature", "properties": {"name": "Babul E.N.T. Hospital"}, "geometry": {"type": "Point", "coordinates": [72.54496, 23.0246]}}, {"type": "Feature", "properties": {"name": "Dr Dipak C Shah E N T Hospital"}, "geometry": {"type": "Point", "coordinates": [72.61211, 22.99565]}}, {"type": "Feature", "properties": {"name": "Adarsh Hospital, Ahmedabad"}, "geometry": {"type": "Point", "coordinates": [72.56633, 23.04768]}}, {"type": "Feature", "properties": {"name": "Swapn Healthcare Hospital Pvt. Ltd"}, "geometry": {"type": "Point", "coordinates": [72.59718, 22.98342]}}, {"type": "Feature", "properties": {"name": "Navjivan Maternity and Orthopaedic Hospital, Ahmedabad"}, "geometry": {"type": "Point", "coordinates": [72.64287, 23.05436]}}, {"type": "Feature", "properties": {"name": "Dr. Suresh K. Bhanshali"}, "geometry": {"type": "Point", "coordinates": [72.56526, 23.03767]}}, {"type": "Feature", "properties": {"name": "Nadkarni's 21St Century Hospitals Pvt Ltd"}, "geometry": {"type": "Point", "coordinates": [72.63552, 22.998]}}, {"type": "Feature", "properties": {"name": "Cardio Vascular Clinic - Ahmedabad"}, "geometry": {"type": "Point", "coordinates": [72.52164, 23.01288]}}, {"type": "Feature", "properties": {"name": "J.Chirag Surgical Hospital"}, "geometry": {"type": "Point", "coordinates": [72.56241, 23.04631]}}, {"type": "Feature", "properties": {"name": "Urvashi Nursing Home"}, "geometry": {"type": "Point", "coordinates": [72.58022, 23.0343]}}, {"type": "Feature", "properties": {"name": "Shri Yogeshwar General Hospital"}, "geometry": {"type": "Point", "coordinates": [72.53806, 23.08129]}}, {"type": "Feature", "properties": {"name": "Navkalp Children Hospital"}, "geometry": {"type": "Point", "coordinates": [72.55994, 23.00598]}}, {"type": "Feature", "properties": {"name": "Memon Ent Hospital"}, "geometry": {"type": "Point", "coordinates": [72.58614, 23.02723]}}, {"type": "Feature", "properties": {"name": "Mahalaxmi Maternity Nursing Home and Sonography Center"}, "geometry": {"type": "Point", "coordinates": [72.53551, 23.08042]}}, {"type": "Feature", "properties": {"name": "Shaishav Children Hospital, Ahmedabad"}, "geometry": {"type": "Point", "coordinates": [72.53729, 23.05925]}}, {"type": "Feature", "properties": {"name": "Shreeji Clinic and Nursing Home"}, "geometry": {"type": "Point", "coordinates": [72.59116, 23.08351]}}, {"type": "Feature", "properties": {"name": "Shiv Jyoti Eye Hospital"}, "geometry": {"type": "Point", "coordinates": [72.63313, 23.03882]}}, {"type": "Feature", "properties": {"name": "Dr. Atul H Kansara `S (E.N.T) Hospital"}, "geometry": {"type": "Point", "coordinates": [72.5622, 23.01017]}}, {"type": "Feature", "properties": {"name": "Aneri Surgical and Neuro Surgical Hospital"}, "geometry": {"type": "Point", "coordinates": [72.54817, 23.00164]}}, {"type": "Feature", "properties": {"name": "Bopal Eye Care Centre"}, "geometry": {"type": "Point", "coordinates": [72.4779, 23.02883]}}, {"type": "Feature", "properties": {"name": "Shree Hari Clinic"}, "geometry": {"type": "Point", "coordinates": [72.51364, 23.01598]}}, {"type": "Feature", "properties": {"name": "Devam Orthopaedic Hospital"}, "geometry": {"type": "Point", "coordinates": [72.53787, 23.05902]}}, {"type": "Feature", "properties": {"name": "Reshambhai Fertility Hospital"}, "geometry": {"type": "Point", "coordinates": [72.59644, 23.05391]}}, {"type": "Feature", "properties": {"name": "Dr, Nayan V Shah Surgical Hospital"}, "geometry": {"type": "Point", "coordinates": [72.59875, 22.98093]}}, {"type": "Feature", "properties": {"name": "Samved Orthopaedic Hospital, Ahmedabad"}, "geometry": {"type": "Point", "coordinates": [72.5582, 23.04053]}}, {"type": "Feature", "properties": {"name": "Shlok Medical and Heart Hospital"}, "geometry": {"type": "Point", "coordinates": [72.60342, 22.9872]}}, {"type": "Feature", "properties": {"name": "Dr. Devendra Patel Nursing Home"}, "geometry": {"type": "Point", "coordinates": [72.56255, 23.03775]}}, {"type": "Feature", "properties": {"name": "Sanjivani Hospital, Viramgam"}, "geometry": {"type": "Point", "coordinates": [72.04976, 23.1214]}}, {"type": "Feature", "properties": {"name": "Cheers Interventional Pain Management Hospital"}, "geometry": {"type": "Point", "coordinates": [72.55431, 23.0403]}}, {"type": "Feature", "properties": {"name": "Narang Eye Hospital, Munohwa By Pass Chowk"}, "geometry": {"type": "Point", "coordinates": [72.60164, 23.04821]}}, {"type": "Feature", "properties": {"name": "Vishwa Medical And Heart Hospital"}, "geometry": {"type": "Point", "coordinates": [72.59572, 23.0029]}}, {"type": "Feature", "properties": {"name": "Cure Sight Laser Centre"}, "geometry": {"type": "Point", "coordinates": [72.55791, 23.02018]}}, {"type": "Feature", "properties": {"name": "Vivek Children Hospital, Khokhara"}, "geometry": {"type": "Point", "coordinates": [72.6183, 23.00175]}}, {"type": "Feature", "properties": {"name": "Prabhujyot Inst. Of G.I. Endoscopy and Laproscop"}, "geometry": {"type": "Point", "coordinates": [72.54654, 23.01002]}}, {"type": "Feature", "properties": {"name": "Dr Yashvant Chhatbar"}, "geometry": {"type": "Point", "coordinates": [72.57196, 23.11113]}}, {"type": "Feature", "properties": {"name": "Shriji General Hospital"}, "geometry": {"type": "Point", "coordinates": [72.59014, 22.84966]}}, {"type": "Feature", "properties": {"name": "Vatsalya Gynec Hospital"}, "geometry": {"type": "Point", "coordinates": [72.53258, 23.0067]}}, {"type": "Feature", "properties": {"name": "Vikas Medical and Heart Hospital"}, "geometry": {"type": "Point", "coordinates": [72.65279, 23.07308]}}, {"type": "Feature", "properties": {"name": "Dr. Suresh Balani"}, "geometry": {"type": "Point", "coordinates": [72.6426, 23.06523]}}, {"type": "Feature", "properties": {"name": "Dhawal General Hospital"}, "geometry": {"type": "Point", "coordinates": [72.67521, 22.89509]}}, {"type": "Feature", "properties": {"name": "Tirtham Surgical and Laparoscopic Centre"}, "geometry": {"type": "Point", "coordinates": [72.53045, 23.06386]}}, {"type": "Feature", "properties": {"name": "Peshant House Hospital"}, "geometry": {"type": "Point", "coordinates": [72.5671, 23.01276]}}, {"type": "Feature", "properties": {"name": "Jagdish Orthopadic Hospital"}, "geometry": {"type": "Point", "coordinates": [72.54364, 23.02098]}}, {"type": "Feature", "properties": {"name": "Vedanta Institute Of Medical Sciences Hospital"}, "geometry": {"type": "Point", "coordinates": [72.55985, 23.04021]}}, {"type": "Feature", "properties": {"name": "Harshil Medical Nursing Home, Isanpur"}, "geometry": {"type": "Point", "coordinates": [72.59886, 22.98136]}}, {"type": "Feature", "properties": {"name": "Jivandeep Hospital, Ahmedabad"}, "geometry": {"type": "Point", "coordinates": [72.43611, 22.72206]}}, {"type": "Feature", "properties": {"name": "CGHS Dispensary No.2"}, "geometry": {"type": "Point", "coordinates": [72.59063, 22.99989]}}, {"type": "Feature", "properties": {"name": "Lions Karnavati Shantaben Vishnubhai Patel Eye Hospital"}, "geometry": {"type": "Point", "coordinates": [72.50453, 23.12249]}}, {"type": "Feature", "properties": {"name": "Shree Sai Children Hospital"}, "geometry": {"type": "Point", "coordinates": [72.58389, 23.11461]}}, {"type": "Feature", "properties": {"name": "Devasya Superspeciality Kidney Institute and Research Centre"}, "geometry": {"type": "Point", "coordinates": [72.47736, 23.02699]}}, {"type": "Feature", "properties": {"name": "Ashirwad Hospital, Ahmedabad"}, "geometry": {"type": "Point", "coordinates": [72.61158, 22.98734]}}, {"type": "Feature", "properties": {"name": "Dr Pratap Desai Eye Clinic"}, "geometry": {"type": "Point", "coordinates": [72.56177, 23.04529]}}, {"type": "Feature", "properties": {"name": "Shivam Medical Hospital, Sardar Nagar"}, "geometry": {"type": "Point", "coordinates": [72.6213, 23.08098]}}, {"type": "Feature", "properties": {"name": "Yogiji Medical Hospital"}, "geometry": {"type": "Point", "coordinates": [72.62475, 22.99854]}}, {"type": "Feature", "properties": {"name": "Aagman Maternity and Gynec Hospital"}, "geometry": {"type": "Point", "coordinates": [72.65026, 23.04366]}}, {"type": "Feature", "properties": {"name": "Netram Care Eye Hospital"}, "geometry": {"type": "Point", "coordinates": [72.53058, 23.06209]}}, {"type": "Feature", "properties": {"name": "Mahadev Eye Care"}, "geometry": {"type": "Point", "coordinates": [72.64261, 23.0652]}}, {"type": "Feature", "properties": {"name": "Jaliyan Orthopaedic Hospital"}, "geometry": {"type": "Point", "coordinates": [72.56973, 23.02269]}}, {"type": "Feature", "properties": {"name": "Tejal Eye Hospital"}, "geometry": {"type": "Point", "coordinates": [72.57533, 23.0791]}}, {"type": "Feature", "properties": {"name": "Ano Care Hospital"}, "geometry": {"type": "Point", "coordinates": [72.644, 23.03779]}}, {"type": "Feature", "properties": {"name": "Dr.Saurabh Shah Orthopaedic Hospital"}, "geometry": {"type": "Point", "coordinates": [72.56292, 23.06635]}}, {"type": "Feature", "properties": {"name": "Ashadeep Polyclinic and Nursing Home"}, "geometry": {"type": "Point", "coordinates": [72.66196, 22.92914]}}, {"type": "Feature", "properties": {"name": "Adinath Hospital, Ahmedabad"}, "geometry": {"type": "Point", "coordinates": [72.59644, 23.05481]}}, {"type": "Feature", "properties": {"name": "Geeta Maternity and Polyclinic Nursing Home"}, "geometry": {"type": "Point", "coordinates": [72.59822, 22.98171]}}, {"type": "Feature", "properties": {"name": "Shreyas Orthopedic Hospital, Vasna"}, "geometry": {"type": "Point", "coordinates": [72.54823, 23.00228]}}, {"type": "Feature", "properties": {"name": "Chintan Orthopaedic Hospital"}, "geometry": {"type": "Point", "coordinates": [72.5363, 23.00724]}}, {"type": "Feature", "properties": {"name": "Akshar Eye Hospital"}, "geometry": {"type": "Point", "coordinates": [72.64267, 23.06505]}}, {"type": "Feature", "properties": {"name": "Jigisha Nursing Home"}, "geometry": {"type": "Point", "coordinates": [72.56698, 23.06577]}}, {"type": "Feature", "properties": {"name": "Dr. Trivedis Arthroscopy Clinic And Hospital"}, "geometry": {"type": "Point", "coordinates": [72.54725, 23.02495]}}, {"type": "Feature", "properties": {"name": "Spandan Hospital, Ahmedabad"}, "geometry": {"type": "Point", "coordinates": [72.51892, 23.00345]}}, {"type": "Feature", "properties": {"name": "Kuvar Ba General Hospital"}, "geometry": {"type": "Point", "coordinates": [72.6491, 23.01149]}}, {"type": "Feature", "properties": {"name": "Vinayak Children Hospital-Ahmedabad"}, "geometry": {"type": "Point", "coordinates": [72.56797, 23.08044]}}, {"type": "Feature", "properties": {"name": "Shree Maternity and Nursing Home, Ahmedabad"}, "geometry": {"type": "Point", "coordinates": [72.52985, 23.01634]}}, {"type": "Feature", "properties": {"name": "Rachana Hospital"}, "geometry": {"type": "Point", "coordinates": [72.60168, 23.04893]}}, {"type": "Feature", "properties": {"name": "Kalrav Maternity Hospital and Sonography Centre"}, "geometry": {"type": "Point", "coordinates": [72.65839, 23.04053]}}, {"type": "Feature", "properties": {"name": "Aashirwad Surgical Hospital and Nursing Home"}, "geometry": {"type": "Point", "coordinates": [72.59119, 23.08391]}}, {"type": "Feature", "properties": {"name": "Dr. Ashish B. Dave"}, "geometry": {"type": "Point", "coordinates": [72.6093, 22.99733]}}, {"type": "Feature", "properties": {"name": "Dr. Sejal Desai Eye Hospital"}, "geometry": {"type": "Point", "coordinates": [72.54795, 23.00163]}}, {"type": "Feature", "properties": {"name": "Vishwa Ent Hospital"}, "geometry": {"type": "Point", "coordinates": [72.52533, 23.02203]}}, {"type": "Feature", "properties": {"name": "Navkar Plastic Surgery Hospital"}, "geometry": {"type": "Point", "coordinates": [72.56292, 23.01442]}}, {"type": "Feature", "properties": {"name": "Shukan Maternity Home"}, "geometry": {"type": "Point", "coordinates": [72.65625, 22.99681]}}, {"type": "Feature", "properties": {"name": "Community Health Centre, Viramgam"}, "geometry": {"type": "Point", "coordinates": [72.04373, 23.12933]}}, {"type": "Feature", "properties": {"name": "Rajni Women's Hospital and Research Centre"}, "geometry": {"type": "Point", "coordinates": [72.63383, 22.99143]}}, {"type": "Feature", "properties": {"name": "Gujrat Child Care Hospital"}, "geometry": {"type": "Point", "coordinates": [72.53039, 23.01366]}}, {"type": "Feature", "properties": {"name": "Krishna Maternity Nursing Home"}, "geometry": {"type": "Point", "coordinates": [72.47806, 23.02865]}}, {"type": "Feature", "properties": {"name": "Jain Hospital and Icu, Jivraj Park"}, "geometry": {"type": "Point", "coordinates": [72.53293, 23.00583]}}, {"type": "Feature", "properties": {"name": "Saraiya Plastic Surgery And Burns Hospital"}, "geometry": {"type": "Point", "coordinates": [72.56383, 23.01527]}}, {"type": "Feature", "properties": {"name": "Sushrut Hospital, Ahmedabad"}, "geometry": {"type": "Point", "coordinates": [72.56223, 23.00904]}}, {"type": "Feature", "properties": {"name": "Rushil Cancer And Endocrine Care"}, "geometry": {"type": "Point", "coordinates": [72.54352, 23.02131]}}, {"type": "Feature", "properties": {"name": "Netr-The Eye Care Clinic, Ahmedabad"}, "geometry": {"type": "Point", "coordinates": [72.52639, 23.02802]}}, {"type": "Feature", "properties": {"name": "Shyam Urological Hospital"}, "geometry": {"type": "Point", "coordinates": [72.55729, 23.01935]}}, {"type": "Feature", "properties": {"name": "Smt Shobhadevi Ent Hospital"}, "geometry": {"type": "Point", "coordinates": [72.64268, 23.06497]}}, {"type": "Feature", "properties": {"name": "Gujarat Institute Of Psnchological Sciences Hospit"}, "geometry": {"type": "Point", "coordinates": [72.53628, 23.01855]}}, {"type": "Feature", "properties": {"name": "Abhisek Maternity and Nursing Home"}, "geometry": {"type": "Point", "coordinates": [72.52434, 23.01579]}}, {"type": "Feature", "properties": {"name": "Nishant E N T Hospital"}, "geometry": {"type": "Point", "coordinates": [72.56678, 23.01688]}}, {"type": "Feature", "properties": {"name": "Siddhivinayak Hospital, Ahmedabad"}, "geometry": {"type": "Point", "coordinates": [72.5577, 23.01755]}}, {"type": "Feature", "properties": {"name": "Sitababa Hospital"}, "geometry": {"type": "Point", "coordinates": [72.53779, 23.06268]}}, {"type": "Feature", "properties": {"name": "Smruti Hospital"}, "geometry": {"type": "Point", "coordinates": [72.59041, 23.00546]}}, {"type": "Feature", "properties": {"name": "Raj Maternity Home"}, "geometry": {"type": "Point", "coordinates": [72.61059, 22.97902]}}, {"type": "Feature", "properties": {"name": "The Gujarat Research and Medical Institute ( Rajasthan Hospital)"}, "geometry": {"type": "Point", "coordinates": [72.59691, 23.05529]}}, {"type": "Feature", "properties": {"name": "Clear Vision Eye Hospital( Unit 1)"}, "geometry": {"type": "Point", "coordinates": [72.55515, 23.00301]}}, {"type": "Feature", "properties": {"name": "Rangshree Clinic"}, "geometry": {"type": "Point", "coordinates": [72.55795, 23.04294]}}, {"type": "Feature", "properties": {"name": "Shreeji Maternity and Surgical Nursing Home"}, "geometry": {"type": "Point", "coordinates": [72.51863, 23.01322]}}, {"type": "Feature", "properties": {"name": "Apollo Pharmacy"}, "geometry": {"type": "Point", "coordinates": [72.47023, 23.01681]}}, {"type": "Feature", "properties": {"name": "Sannidhya Hospital"}, "geometry": {"type": "Point", "coordinates": [72.46962, 23.01663]}}, {"type": "Feature", "properties": {"name": "Navkaar Hospital"}, "geometry": {"type": "Point", "coordinates": [72.46956, 23.01661]}}, {"type": "Feature", "properties": {"name": "Dr J J Vora Memorial General Hospital"}, "geometry": {"type": "Point", "coordinates": [72.56896, 23.0407]}}, {"type": "Feature", "properties": {"name": "Siddhi Vinayak Hospital, Ahmedabad"}, "geometry": {"type": "Point", "coordinates": [72.60645, 23.00414]}}, {"type": "Feature", "properties": {"name": "Aastha Eye Care Centre"}, "geometry": {"type": "Point", "coordinates": [72.54287, 23.06966]}}, {"type": "Feature", "properties": {"name": "Raghukul Ortho Hospital"}, "geometry": {"type": "Point", "coordinates": [72.63541, 23.03959]}}, {"type": "Feature", "properties": {"name": "Rajput Eye Hospital"}, "geometry": {"type": "Point", "coordinates": [72.63887, 23.01296]}}, {"type": "Feature", "properties": {"name": "Het Childcare Hospital"}, "geometry": {"type": "Point", "coordinates": [72.61834, 23.00282]}}, {"type": "Feature", "properties": {"name": "Madhuram Surgical Hospital"}, "geometry": {"type": "Point", "coordinates": [72.62841, 23.03287]}}, {"type": "Feature", "properties": {"name": "Dhwani General Hospital Nursing Home and Maternity Home"}, "geometry": {"type": "Point", "coordinates": [72.64492, 23.01473]}}, {"type": "Feature", "properties": {"name": "Shreyas Orthopedic Hospital, Ahmedabad"}, "geometry": {"type": "Point", "coordinates": [72.58228, 23.11543]}}, {"type": "Feature", "properties": {"name": "Sanjeevani Fracture andAccident Hospital"}, "geometry": {"type": "Point", "coordinates": [72.60621, 23.04875]}}, {"type": "Feature", "properties": {"name": "Paras Surgical Hospital, Ahmedabad"}, "geometry": {"type": "Point", "coordinates": [72.36326, 22.83239]}}, {"type": "Feature", "properties": {"name": "Gujarat Research And Medical Institute Hospital"}, "geometry": {"type": "Point", "coordinates": [72.62833, 23.08695]}}, {"type": "Feature", "properties": {"name": "Chirayu Surgical Hospital"}, "geometry": {"type": "Point", "coordinates": [72.64121, 23.06339]}}, {"type": "Feature", "properties": {"name": "Netralaya-The Eye Associates"}, "geometry": {"type": "Point", "coordinates": [72.55725, 23.0193]}}, {"type": "Feature", "properties": {"name": "Suvidha Orthopedic And Acccident Hospital"}, "geometry": {"type": "Point", "coordinates": [72.38223, 23.00058]}}, {"type": "Feature", "properties": {"name": "Gayatri Childrens Hospital"}, "geometry": {"type": "Point", "coordinates": [72.563, 23.06716]}}, {"type": "Feature", "properties": {"name": "Chokshi Maternity Nursing Home and Sonography Clinic"}, "geometry": {"type": "Point", "coordinates": [72.54422, 23.06774]}}, {"type": "Feature", "properties": {"name": "Neha Children Hospitals and Neonatal Centre"}, "geometry": {"type": "Point", "coordinates": [72.59522, 23.00316]}}, {"type": "Feature", "properties": {"name": "Kavit Urosurgical Hospital"}, "geometry": {"type": "Point", "coordinates": [72.56594, 23.03964]}}, {"type": "Feature", "properties": {"name": "Auroma Ent Hospital"}, "geometry": {"type": "Point", "coordinates": [72.5358, 23.0598]}}, {"type": "Feature", "properties": {"name": "Sahyog General Hospital and Nursing Home"}, "geometry": {"type": "Point", "coordinates": [72.47321, 22.98703]}}, {"type": "Feature", "properties": {"name": "Jayshri Medical Hospital"}, "geometry": {"type": "Point", "coordinates": [72.63672, 23.00488]}}, {"type": "Feature", "properties": {"name": "Radha Krishna Hospital"}, "geometry": {"type": "Point", "coordinates": [72.60418, 23.04892]}}, {"type": "Feature", "properties": {"name": "Bhadra Clinic Hospital"}, "geometry": {"type": "Point", "coordinates": [72.55866, 23.04731]}}, {"type": "Feature", "properties": {"name": "V and M Orthopaedic Centre"}, "geometry": {"type": "Point", "coordinates": [72.60684, 22.99703]}}, {"type": "Feature", "properties": {"name": "Family Care Nursing Home"}, "geometry": {"type": "Point", "coordinates": [72.60181, 22.98346]}}, {"type": "Feature", "properties": {"name": "Mahavir Clinic & Nursing Home"}, "geometry": {"type": "Point", "coordinates": [72.56969, 23.10592]}}, {"type": "Feature", "properties": {"name": "Anand Eye Hospital,(Dr. Rohit Desai)"}, "geometry": {"type": "Point", "coordinates": [72.56048, 23.05193]}}, {"type": "Feature", "properties": {"name": "Smt.NHL Municipal Medical College Hospital"}, "geometry": {"type": "Point", "coordinates": [72.57143, 23.01872]}}, {"type": "Feature", "properties": {"name": "Killol Children Hospital"}, "geometry": {"type": "Point", "coordinates": [72.56417, 23.05203]}}, {"type": "Feature", "properties": {"name": "CHC, Viramgam"}, "geometry": {"type": "Point", "coordinates": [72.04668, 23.12786]}}, {"type": "Feature", "properties": {"name": "Gujrat Diagnostic Center and Pathology Laboratory"}, "geometry": {"type": "Point", "coordinates": [72.56652, 23.01649]}}, {"type": "Feature", "properties": {"name": "Giriraj Orthopaedic Hospital"}, "geometry": {"type": "Point", "coordinates": [72.59888, 23.00949]}}, {"type": "Feature", "properties": {"name": "BSNL Exchange"}, "geometry": {"type": "Point", "coordinates": [72.54682, 22.99989]}}, {"type": "Feature", "properties": {"name": "Amdawad Eye Laser Hospitals Pvt Ltd"}, "geometry": {"type": "Point", "coordinates": [72.54541, 23.02722]}}, {"type": "Feature", "properties": {"name": "Amena Khatun General Hospital"}, "geometry": {"type": "Point", "coordinates": [72.51919, 22.99281]}}, {"type": "Feature", "properties": {"name": "Government Hospital Bavla"}, "geometry": {"type": "Point", "coordinates": [72.36612, 22.83702]}}, {"type": "Feature", "properties": {"name": "Dharmachakra Clinic"}, "geometry": {"type": "Point", "coordinates": [71.98363, 22.38266]}}, {"type": "Feature", "properties": {"name": "Aagam Clinic"}, "geometry": {"type": "Point", "coordinates": [71.98396, 22.38227]}}, {"type": "Feature", "properties": {"name": "Shree Umiya Multi Speciality Hospital"}, "geometry": {"type": "Point", "coordinates": [72.59368, 23.01965]}}, {"type": "Feature", "properties": {"name": "Vahedi Hospital"}, "geometry": {"type": "Point", "coordinates": [72.58596, 22.99936]}}, {"type": "Feature", "properties": {"name": "Herbal Unani Clinic"}, "geometry": {"type": "Point", "coordinates": [72.58228, 23.0149]}}, {"type": "Feature", "properties": {"name": "Jankalyan Janaseva Hospital"}, "geometry": {"type": "Point", "coordinates": [72.59126, 22.96341]}}, {"type": "Feature", "properties": {"name": "Shruti ENT Hospital"}, "geometry": {"type": "Point", "coordinates": [72.6092, 22.99728]}}, {"type": "Feature", "properties": {"name": "Apollo Clinic"}, "geometry": {"type": "Point", "coordinates": [72.60832, 22.99926]}}, {"type": "Feature", "properties": {"name": "Child Care Surgical Hospital"}, "geometry": {"type": "Point", "coordinates": [72.61043, 22.99746]}}, {"type": "Feature", "properties": {"name": "Mamta Maternity Home"}, "geometry": {"type": "Point", "coordinates": [72.59462, 23.0235]}}, {"type": "Feature", "properties": {"name": "LM Referral Hospital"}, "geometry": {"type": "Point", "coordinates": [72.5974, 23.01895]}}, {"type": "Feature", "properties": {"name": "Mysorewala Surgical Hospital"}, "geometry": {"type": "Point", "coordinates": [72.59008, 23.02108]}}, {"type": "Feature", "properties": {"name": "Avishkar Multi Speciality, ICU and Trauma Centre"}, "geometry": {"type": "Point", "coordinates": [72.61186, 22.9881]}}, {"type": "Feature", "properties": {"name": "Shree Jee Eye and Orthopedic Hospital"}, "geometry": {"type": "Point", "coordinates": [72.59663, 23.02864]}}, {"type": "Feature", "properties": {"name": "Chanchalba Maternity Hospital"}, "geometry": {"type": "Point", "coordinates": [72.60032, 22.99959]}}, {"type": "Feature", "properties": {"name": "Dr. Ramanlal Hospital"}, "geometry": {"type": "Point", "coordinates": [72.60058, 22.99803]}}, {"type": "Feature", "properties": {"name": "Dr. Mubassir Saiyad"}, "geometry": {"type": "Point", "coordinates": [72.58915, 23.00185]}}, {"type": "Feature", "properties": {"name": "Kilu ENT Hospital"}, "geometry": {"type": "Point", "coordinates": [72.60637, 22.99701]}}, {"type": "Feature", "properties": {"name": "Bhanu Jit Maternity and Nursing Home"}, "geometry": {"type": "Point", "coordinates": [72.59512, 23.00575]}}, {"type": "Feature", "properties": {"name": "Atharva Ayurveda Clinic and Panchakarma Centre"}, "geometry": {"type": "Point", "coordinates": [72.60463, 22.99751]}}, {"type": "Feature", "properties": {"name": "Madhavbaug Clinic"}, "geometry": {"type": "Point", "coordinates": [72.60323, 23.00011]}}, {"type": "Feature", "properties": {"name": "Chhapan Hospital"}, "geometry": {"type": "Point", "coordinates": [72.59174, 23.02645]}}, {"type": "Feature", "properties": {"name": "Shree Shakti General Hospital"}, "geometry": {"type": "Point", "coordinates": [72.58935, 22.96669]}}, {"type": "Feature", "properties": {"name": "Sneh Clinic"}, "geometry": {"type": "Point", "coordinates": [72.60822, 22.99879]}}, {"type": "Feature", "properties": {"name": "Artificial Eye Surgery"}, "geometry": {"type": "Point", "coordinates": [72.60765, 23.00205]}}, {"type": "Feature", "properties": {"name": "Rupam Women's Clinic"}, "geometry": {"type": "Point", "coordinates": [72.5944, 22.99827]}}, {"type": "Feature", "properties": {"name": "Pinakin Dalal Hospital"}, "geometry": {"type": "Point", "coordinates": [72.59332, 23.02942]}}, {"type": "Feature", "properties": {"name": "Maryam Hospital"}, "geometry": {"type": "Point", "coordinates": [72.58886, 22.9815]}}, {"type": "Feature", "properties": {"name": "Gurunanak Hospital"}, "geometry": {"type": "Point", "coordinates": [72.61688, 22.98443]}}, {"type": "Feature", "properties": {"name": "Hazrat Amina BIbi Hospital"}, "geometry": {"type": "Point", "coordinates": [72.58847, 22.99477]}}, {"type": "Feature", "properties": {"name": "Dr. Nimesh Trivedi"}, "geometry": {"type": "Point", "coordinates": [72.58932, 23.02024]}}, {"type": "Feature", "properties": {"name": "Sambhav General Hospital"}, "geometry": {"type": "Point", "coordinates": [72.5833, 23.00653]}}, {"type": "Feature", "properties": {"name": "Niruj Rheumotogy Clinic"}, "geometry": {"type": "Point", "coordinates": [72.60214, 22.9981]}}, {"type": "Feature", "properties": {"name": "Kushi Women Hospital"}, "geometry": {"type": "Point", "coordinates": [72.60819, 23.00027]}}, {"type": "Feature", "properties": {"name": "Mithakhali Stavya Hospital"}, "geometry": {"type": "Point", "coordinates": [72.60166, 22.99695]}}, {"type": "Feature", "properties": {"name": "Narol ICU and Multi Speciality Hospital"}, "geometry": {"type": "Point", "coordinates": [72.59037, 22.96467]}}, {"type": "Feature", "properties": {"name": "Dr. Kirit C. Shah"}, "geometry": {"type": "Point", "coordinates": [72.60413, 23.00012]}}, {"type": "Feature", "properties": {"name": "Dr. Dave Eye Care"}, "geometry": {"type": "Point", "coordinates": [72.60747, 22.99918]}}, {"type": "Feature", "properties": {"name": "Jatan Children Hospital"}, "geometry": {"type": "Point", "coordinates": [72.59335, 23.01903]}}, {"type": "Feature", "properties": {"name": "Little Flower Neonatal and Pediatric Super Speciality Hospital"}, "geometry": {"type": "Point", "coordinates": [72.60732, 22.99365]}}, {"type": "Feature", "properties": {"name": "Parikh Orthopedic Hospital"}, "geometry": {"type": "Point", "coordinates": [72.60866, 22.9964]}}, {"type": "Feature", "properties": {"name": "Divya Children's Hospital"}, "geometry": {"type": "Point", "coordinates": [72.59773, 23.02342]}}, {"type": "Feature", "properties": {"name": "Chinubhai Baronet Hospital"}, "geometry": {"type": "Point", "coordinates": [72.59898, 23.02484]}}, {"type": "Feature", "properties": {"name": "Navdeep Hospital"}, "geometry": {"type": "Point", "coordinates": [72.59642, 23.00344]}}, {"type": "Feature", "properties": {"name": "Hindu Muslim Ekta Trust Hospital"}, "geometry": {"type": "Point", "coordinates": [72.58795, 23.01299]}}, {"type": "Feature", "properties": {"name": "Dr. Tanumati Shah Hospital"}, "geometry": {"type": "Point", "coordinates": [72.59246, 23.02901]}}, {"type": "Feature", "properties": {"name": "Munsipal Hospital"}, "geometry": {"type": "Point", "coordinates": [72.58588, 23.00917]}}, {"type": "Feature", "properties": {"name": "Mediclaim Hospital"}, "geometry": {"type": "Point", "coordinates": [72.59344, 22.96466]}}, {"type": "Feature", "properties": {"name": "Maya Maternity Hospital"}, "geometry": {"type": "Point", "coordinates": [72.60752, 22.99493]}}, {"type": "Feature", "properties": {"name": "Chhipa Welfare Trust Hospital"}, "geometry": {"type": "Point", "coordinates": [72.58735, 23.01599]}}, {"type": "Feature", "properties": {"name": "TB Hospital"}, "geometry": {"type": "Point", "coordinates": [72.59083, 23.0151]}}, {"type": "Feature", "properties": {"name": "Jay Orthopedic Hospital"}, "geometry": {"type": "Point", "coordinates": [72.58721, 23.02691]}}, {"type": "Feature", "properties": {"name": "Lavanya Clinic"}, "geometry": {"type": "Point", "coordinates": [72.60313, 22.99289]}}, {"type": "Feature", "properties": {"name": "Diya Clinic"}, "geometry": {"type": "Point", "coordinates": [72.58903, 22.96343]}}, {"type": "Feature", "properties": {"name": "Gandhi Charitable Homeopathy Clinic"}, "geometry": {"type": "Point", "coordinates": [72.6099, 22.99643]}}, {"type": "Feature", "properties": {"name": "Sharda Surgical Hospital"}, "geometry": {"type": "Point", "coordinates": [72.60934, 22.99703]}}, {"type": "Feature", "properties": {"name": "Sheth Jamnabhai Bhagubhai Trust"}, "geometry": {"type": "Point", "coordinates": [72.5919, 23.02598]}}, {"type": "Feature", "properties": {"name": "Shivam Children Hospital and Pediatric Critical Care Centre"}, "geometry": {"type": "Point", "coordinates": [72.60374, 23.00032]}}, {"type": "Feature", "properties": {"name": "Parijat Children Hospital"}, "geometry": {"type": "Point", "coordinates": [72.59056, 23.02939]}}, {"type": "Feature", "properties": {"name": "Aaditya Spine Hospital"}, "geometry": {"type": "Point", "coordinates": [72.59172, 23.00589]}}, {"type": "Feature", "properties": {"name": "Dr. Nilofar Shaikh"}, "geometry": {"type": "Point", "coordinates": [72.5947, 23.02904]}}, {"type": "Feature", "properties": {"name": "Dr. Tapan A Shah"}, "geometry": {"type": "Point", "coordinates": [72.60439, 23.00018]}}, {"type": "Feature", "properties": {"name": "Unique Speciality Clinic"}, "geometry": {"type": "Point", "coordinates": [72.58594, 22.98211]}}, {"type": "Feature", "properties": {"name": "Safal Children Hospital"}, "geometry": {"type": "Point", "coordinates": [72.58777, 23.00127]}}, {"type": "Feature", "properties": {"name": "Janani Women and Children Hospital"}, "geometry": {"type": "Point", "coordinates": [72.59053, 22.96447]}}, {"type": "Feature", "properties": {"name": "Devam Hospital"}, "geometry": {"type": "Point", "coordinates": [72.60849, 23.00008]}}, {"type": "Feature", "properties": {"name": "Matru Chhaya Hospital"}, "geometry": {"type": "Point", "coordinates": [72.61225, 22.95414]}}, {"type": "Feature", "properties": {"name": "Remedy Hospital"}, "geometry": {"type": "Point", "coordinates": [72.60052, 22.98309]}}, {"type": "Feature", "properties": {"name": "Sparsh Multi Speciality Hospital"}, "geometry": {"type": "Point", "coordinates": [72.62493, 22.9663]}}, {"type": "Feature", "properties": {"name": "Dirgayu Orthopedic Hospital"}, "geometry": {"type": "Point", "coordinates": [72.60101, 22.97688]}}, {"type": "Feature", "properties": {"name": "Suman Hospital"}, "geometry": {"type": "Point", "coordinates": [72.61116, 22.98147]}}, {"type": "Feature", "properties": {"name": "Kashiba General Hospital"}, "geometry": {"type": "Point", "coordinates": [72.61589, 22.95329]}}, {"type": "Feature", "properties": {"name": "Dr. Bakulesh Madhu"}, "geometry": {"type": "Point", "coordinates": [72.59884, 22.98122]}}, {"type": "Feature", "properties": {"name": "Vimala Hospital"}, "geometry": {"type": "Point", "coordinates": [72.61787, 22.96789]}}, {"type": "Feature", "properties": {"name": "Doctor Bhatt's Hospital"}, "geometry": {"type": "Point", "coordinates": [72.60473, 22.97183]}}, {"type": "Feature", "properties": {"name": "Medicure Hospital"}, "geometry": {"type": "Point", "coordinates": [72.59312, 22.97048]}}, {"type": "Feature", "properties": {"name": "Ratan Hospital"}, "geometry": {"type": "Point", "coordinates": [72.59292, 22.97706]}}, {"type": "Feature", "properties": {"name": "Dhanwantari Clinic"}, "geometry": {"type": "Point", "coordinates": [72.59697, 22.94908]}}, {"type": "Feature", "properties": {"name": "Smruti Multi Speciality Hospital"}, "geometry": {"type": "Point", "coordinates": [72.61159, 22.97431]}}, {"type": "Feature", "properties": {"name": "Dr. Jayshree Vadher"}, "geometry": {"type": "Point", "coordinates": [72.59937, 22.9781]}}, {"type": "Feature", "properties": {"name": "Abhinav Clinic"}, "geometry": {"type": "Point", "coordinates": [72.62122, 22.94576]}}, {"type": "Feature", "properties": {"name": "Harsh Hospital"}, "geometry": {"type": "Point", "coordinates": [72.62444, 22.95151]}}, {"type": "Feature", "properties": {"name": "Shakur Children Hospital"}, "geometry": {"type": "Point", "coordinates": [72.59834, 22.9795]}}, {"type": "Feature", "properties": {"name": "Abhinav Hospital"}, "geometry": {"type": "Point", "coordinates": [72.61599, 22.96645]}}, {"type": "Feature", "properties": {"name": "Lambha Skin Hospital"}, "geometry": {"type": "Point", "coordinates": [72.57606, 22.93391]}}, {"type": "Feature", "properties": {"name": "Dr. Dharmendra Thakkar"}, "geometry": {"type": "Point", "coordinates": [72.61509, 22.95319]}}, {"type": "Feature", "properties": {"name": "Chiranjeevi Hospital"}, "geometry": {"type": "Point", "coordinates": [72.60169, 22.97509]}}, {"type": "Feature", "properties": {"name": "Ashirvad Hospital"}, "geometry": {"type": "Point", "coordinates": [72.60117, 22.97948]}}, {"type": "Feature", "properties": {"name": "Roshan General Hospital"}, "geometry": {"type": "Point", "coordinates": [72.61044, 22.96303]}}, {"type": "Feature", "properties": {"name": "Jyoti Eye Care Hospital"}, "geometry": {"type": "Point", "coordinates": [72.60282, 22.98316]}}, {"type": "Feature", "properties": {"name": "Dr. Pandya's Maternity Nursing Home"}, "geometry": {"type": "Point", "coordinates": [72.60249, 22.98578]}}, {"type": "Feature", "properties": {"name": "Shyam Clinic"}, "geometry": {"type": "Point", "coordinates": [72.6222, 22.95045]}}, {"type": "Feature", "properties": {"name": "Life Care Clinic"}, "geometry": {"type": "Point", "coordinates": [72.62388, 22.94933]}}, {"type": "Feature", "properties": {"name": "Eye Sight Vision Care Hospital"}, "geometry": {"type": "Point", "coordinates": [72.61016, 22.9789]}}, {"type": "Feature", "properties": {"name": "New Shraddha Hospital"}, "geometry": {"type": "Point", "coordinates": [72.59694, 22.97979]}}, {"type": "Feature", "properties": {"name": "Vedanth Medical Hospital"}, "geometry": {"type": "Point", "coordinates": [72.60686, 22.98178]}}, {"type": "Feature", "properties": {"name": "Dr. Binitha Desai"}, "geometry": {"type": "Point", "coordinates": [72.59531, 22.97792]}}, {"type": "Feature", "properties": {"name": "Shree Gurukrupa Clinic"}, "geometry": {"type": "Point", "coordinates": [72.6167, 22.95283]}}, {"type": "Feature", "properties": {"name": "Krishna General Hospital"}, "geometry": {"type": "Point", "coordinates": [72.61483, 22.93826]}}, {"type": "Feature", "properties": {"name": "Balaji Speciality Hospital"}, "geometry": {"type": "Point", "coordinates": [72.61117, 22.97825]}}, {"type": "Feature", "properties": {"name": "Noble Clinic"}, "geometry": {"type": "Point", "coordinates": [72.6005, 22.97772]}}, {"type": "Feature", "properties": {"name": "Pramukh Hospital and Research Centre"}, "geometry": {"type": "Point", "coordinates": [72.61498, 22.93829]}}, {"type": "Feature", "properties": {"name": "Indira Women's Care and Multi Speciality Hospital"}, "geometry": {"type": "Point", "coordinates": [72.59801, 22.94809]}}, {"type": "Feature", "properties": {"name": "Seva Clinic"}, "geometry": {"type": "Point", "coordinates": [72.6092, 22.96297]}}, {"type": "Feature", "properties": {"name": "Dirdhau Hospital"}, "geometry": {"type": "Point", "coordinates": [72.60324, 22.98209]}}, {"type": "Feature", "properties": {"name": "U.N. Mehta Eye Hospital"}, "geometry": {"type": "Point", "coordinates": [72.619, 22.95895]}}, {"type": "Feature", "properties": {"name": "Dr. K.B. Bhagatariya Hospital"}, "geometry": {"type": "Point", "coordinates": [72.58726, 22.97237]}}, {"type": "Feature", "properties": {"name": "Aman Multi Speciality Hospital"}, "geometry": {"type": "Point", "coordinates": [72.6082, 22.9605]}}, {"type": "Feature", "properties": {"name": "Apoorva Women's Hospital"}, "geometry": {"type": "Point", "coordinates": [72.60977, 22.97879]}}, {"type": "Feature", "properties": {"name": "Shraddha Hospital"}, "geometry": {"type": "Point", "coordinates": [72.59501, 22.98027]}}, {"type": "Feature", "properties": {"name": "Clear Vision Eye Hospital"}, "geometry": {"type": "Point", "coordinates": [72.60864, 22.97867]}}, {"type": "Feature", "properties": {"name": "Akshar Hospital"}, "geometry": {"type": "Point", "coordinates": [72.6107, 22.98106]}}, {"type": "Feature", "properties": {"name": "Shree Nathe Hospital"}, "geometry": {"type": "Point", "coordinates": [72.60236, 22.9812]}}, {"type": "Feature", "properties": {"name": "Prerana Gynec and Maternity Hospital"}, "geometry": {"type": "Point", "coordinates": [72.60227, 22.9748]}}, {"type": "Feature", "properties": {"name": "Dr. Shah's Maternity and Nursing Home"}, "geometry": {"type": "Point", "coordinates": [72.6026, 22.98409]}}, {"type": "Feature", "properties": {"name": "Chirag Clinic"}, "geometry": {"type": "Point", "coordinates": [72.6039, 22.95493]}}, {"type": "Feature", "properties": {"name": "Shreeji Children's Hospital"}, "geometry": {"type": "Point", "coordinates": [72.6029, 22.98178]}}, {"type": "Feature", "properties": {"name": "Khana Clinic"}, "geometry": {"type": "Point", "coordinates": [72.60238, 22.95259]}}, {"type": "Feature", "properties": {"name": "Shraddha Orthopaedic Hospital"}, "geometry": {"type": "Point", "coordinates": [72.59852, 22.98104]}}, {"type": "Feature", "properties": {"name": "Safal Hospital"}, "geometry": {"type": "Point", "coordinates": [72.61182, 22.95712]}}, {"type": "Feature", "properties": {"name": "Shraddha Children Hospital"}, "geometry": {"type": "Point", "coordinates": [72.60222, 22.97576]}}, {"type": "Feature", "properties": {"name": "Aatman Hospital"}, "geometry": {"type": "Point", "coordinates": [72.60018, 22.98367]}}, {"type": "Feature", "properties": {"name": "Swami Sadanand Hospital"}, "geometry": {"type": "Point", "coordinates": [72.61174, 22.95985]}}, {"type": "Feature", "properties": {"name": "Chiranjeev Children Hospital"}, "geometry": {"type": "Point", "coordinates": [72.61234, 22.95525]}}, {"type": "Feature", "properties": {"name": "Epic Clinic"}, "geometry": {"type": "Point", "coordinates": [72.61021, 22.96349]}}, {"type": "Feature", "properties": {"name": "Anand Children Hospital"}, "geometry": {"type": "Point", "coordinates": [72.60095, 22.97697]}}, {"type": "Feature", "properties": {"name": "Shri Ji Kripa Prasuti Griha Hospital"}, "geometry": {"type": "Point", "coordinates": [72.61278, 22.95339]}}, {"type": "Feature", "properties": {"name": "Rameshwar Multi Speciality Hospital"}, "geometry": {"type": "Point", "coordinates": [72.6222, 23.05828]}}, {"type": "Feature", "properties": {"name": "Sevak Maternity & Surgical Hospital"}, "geometry": {"type": "Point", "coordinates": [72.59606, 23.09689]}}, {"type": "Feature", "properties": {"name": "Trimurti Hospital"}, "geometry": {"type": "Point", "coordinates": [72.35642, 22.8334]}}, {"type": "Feature", "properties": {"name": "Navjivan Hospital"}, "geometry": {"type": "Point", "coordinates": [72.58155, 23.11494]}}, {"type": "Feature", "properties": {"name": "Gayatri X Ray Clinic and Health Care"}, "geometry": {"type": "Point", "coordinates": [72.62133, 23.05916]}}, {"type": "Feature", "properties": {"name": "Munciapl Prasuti Hospital"}, "geometry": {"type": "Point", "coordinates": [72.57988, 23.0376]}}, {"type": "Feature", "properties": {"name": "Arihant Hospital"}, "geometry": {"type": "Point", "coordinates": [72.43998, 22.73073]}}, {"type": "Feature", "properties": {"name": "Pushp Hospital and Maternity Home"}, "geometry": {"type": "Point", "coordinates": [72.57877, 23.11433]}}, {"type": "Feature", "properties": {"name": "Devarshi Super Speciality Hospital"}, "geometry": {"type": "Point", "coordinates": [72.58205, 23.12211]}}, {"type": "Feature", "properties": {"name": "Brinda Maternity Nursing Home"}, "geometry": {"type": "Point", "coordinates": [72.43856, 22.72721]}}, {"type": "Feature", "properties": {"name": "Adhvait Psychiatry Hospital"}, "geometry": {"type": "Point", "coordinates": [72.57649, 23.03812]}}, {"type": "Feature", "properties": {"name": "Faiz Hospital"}, "geometry": {"type": "Point", "coordinates": [72.57945, 22.99629]}}, {"type": "Feature", "properties": {"name": "Shahpur Medical Hospital"}, "geometry": {"type": "Point", "coordinates": [72.57817, 23.03601]}}, {"type": "Feature", "properties": {"name": "Dr. Yasin"}, "geometry": {"type": "Point", "coordinates": [72.58109, 23.03607]}}, {"type": "Feature", "properties": {"name": "Krishna Maternity and Nursing Home"}, "geometry": {"type": "Point", "coordinates": [72.5816, 23.04508]}}, {"type": "Feature", "properties": {"name": "Rajdip Children Hospital"}, "geometry": {"type": "Point", "coordinates": [72.59031, 23.08992]}}, {"type": "Feature", "properties": {"name": "Dr. Atul Vaidhya"}, "geometry": {"type": "Point", "coordinates": [72.60156, 23.0485]}}, {"type": "Feature", "properties": {"name": "Navodaya Hospital for Neonates and Children"}, "geometry": {"type": "Point", "coordinates": [72.58471, 23.11121]}}, {"type": "Feature", "properties": {"name": "ESIC Hospital"}, "geometry": {"type": "Point", "coordinates": [72.58982, 23.05346]}}, {"type": "Feature", "properties": {"name": "Chandkheda Orthopedic & Surgical Hospital"}, "geometry": {"type": "Point", "coordinates": [72.5831, 23.1137]}}, {"type": "Feature", "properties": {"name": "Parimal Hospital"}, "geometry": {"type": "Point", "coordinates": [72.59583, 23.09586]}}, {"type": "Feature", "properties": {"name": "Raj Hospital"}, "geometry": {"type": "Point", "coordinates": [72.43757, 22.71863]}}, {"type": "Feature", "properties": {"name": "Shivam Surgical and Dental Hospital"}, "geometry": {"type": "Point", "coordinates": [72.58283, 23.11458]}}, {"type": "Feature", "properties": {"name": "Maheshwari Children Hospital"}, "geometry": {"type": "Point", "coordinates": [72.5795, 23.04035]}}, {"type": "Feature", "properties": {"name": "Life Care Clinic"}, "geometry": {"type": "Point", "coordinates": [72.56735, 22.98775]}}, {"type": "Feature", "properties": {"name": "Sagar Multi Speciality Hospital"}, "geometry": {"type": "Point", "coordinates": [72.58157, 23.04896]}}, {"type": "Feature", "properties": {"name": "Kamal Hospital"}, "geometry": {"type": "Point", "coordinates": [72.61811, 23.05969]}}, {"type": "Feature", "properties": {"name": "Mumtaz Hospital"}, "geometry": {"type": "Point", "coordinates": [72.57859, 22.99662]}}, {"type": "Feature", "properties": {"name": "Gcs Hospital"}, "geometry": {"type": "Point", "coordinates": [72.6083, 23.04657]}}, {"type": "Feature", "properties": {"name": "Shreeja Krupa Children Hospital"}, "geometry": {"type": "Point", "coordinates": [72.57741, 23.03238]}}, {"type": "Feature", "properties": {"name": "Parshwanath General Hospital"}, "geometry": {"type": "Point", "coordinates": [72.44004, 22.74405]}}, {"type": "Feature", "properties": {"name": "Shraddha Multi Speciality Hospital"}, "geometry": {"type": "Point", "coordinates": [72.57735, 23.03202]}}, {"type": "Feature", "properties": {"name": "Dr. Harsha Tripathy Eye Hospital"}, "geometry": {"type": "Point", "coordinates": [72.36613, 22.83615]}}, {"type": "Feature", "properties": {"name": "Neuron Neuro Surgical Hospital"}, "geometry": {"type": "Point", "coordinates": [72.5764, 23.03785]}}, {"type": "Feature", "properties": {"name": "Military Hospital"}, "geometry": {"type": "Point", "coordinates": [72.60189, 23.05891]}}, {"type": "Feature", "properties": {"name": "Krishna Hospital"}, "geometry": {"type": "Point", "coordinates": [72.57771, 23.04023]}}, {"type": "Feature", "properties": {"name": "Ansh Multispeciality Hospital"}, "geometry": {"type": "Point", "coordinates": [72.58066, 23.11467]}}, {"type": "Feature", "properties": {"name": "Sonal Maternity Hospital"}, "geometry": {"type": "Point", "coordinates": [72.62088, 23.0548]}}, {"type": "Feature", "properties": {"name": "Sentara Multispeciality Hospital"}, "geometry": {"type": "Point", "coordinates": [72.58345, 23.11252]}}, {"type": "Feature", "properties": {"name": "Shri Hari Krishna Multi Speciality Hospital"}, "geometry": {"type": "Point", "coordinates": [72.43764, 22.72787]}}, {"type": "Feature", "properties": {"name": "Lokhandwala General Hospital"}, "geometry": {"type": "Point", "coordinates": [72.59518, 23.0347]}}, {"type": "Feature", "properties": {"name": "Bachardas Lashkari Hospital"}, "geometry": {"type": "Point", "coordinates": [72.58842, 23.03564]}}, {"type": "Feature", "properties": {"name": "Shubham General Hospital"}, "geometry": {"type": "Point", "coordinates": [72.35825, 22.82841]}}, {"type": "Feature", "properties": {"name": "Rhythm Heart and Medical Hospital"}, "geometry": {"type": "Point", "coordinates": [72.58318, 23.11339]}}, {"type": "Feature", "properties": {"name": "Lotus Multispeciality Hospital"}, "geometry": {"type": "Point", "coordinates": [72.60256, 23.10445]}}, {"type": "Feature", "properties": {"name": "Namrata Heart and Medical Clinic"}, "geometry": {"type": "Point", "coordinates": [72.60166, 23.04898]}}, {"type": "Feature", "properties": {"name": "Sethwala Hospital"}, "geometry": {"type": "Point", "coordinates": [72.44084, 22.72626]}}, {"type": "Feature", "properties": {"name": "Shivsagar Hospital"}, "geometry": {"type": "Point", "coordinates": [72.36557, 22.8352]}}, {"type": "Feature", "properties": {"name": "Gujarat State Police Welfare Hospital"}, "geometry": {"type": "Point", "coordinates": [72.59009, 23.05533]}}, {"type": "Feature", "properties": {"name": "Ashirwad Maternity and Nursing Home"}, "geometry": {"type": "Point", "coordinates": [72.62071, 23.05626]}}, {"type": "Feature", "properties": {"name": "New Life Hospital"}, "geometry": {"type": "Point", "coordinates": [72.57906, 22.99549]}}, {"type": "Feature", "properties": {"name": "Neyo Hospital"}, "geometry": {"type": "Point", "coordinates": [72.36507, 22.83475]}}, {"type": "Feature", "properties": {"name": "Puneet Maternity Nursing Home"}, "geometry": {"type": "Point", "coordinates": [72.59614, 23.05142]}}, {"type": "Feature", "properties": {"name": "Indus Hospital"}, "geometry": {"type": "Point", "coordinates": [72.59111, 23.09204]}}, {"type": "Feature", "properties": {"name": "Chepirog Hospital"}, "geometry": {"type": "Point", "coordinates": [72.5769, 23.00103]}}, {"type": "Feature", "properties": {"name": "Jain Hospital"}, "geometry": {"type": "Point", "coordinates": [72.59533, 23.0521]}}, {"type": "Feature", "properties": {"name": "Jiyansh Hospital and Prasutigruh"}, "geometry": {"type": "Point", "coordinates": [72.43665, 22.71878]}}, {"type": "Feature", "properties": {"name": "Clear Vision Eye Hospital"}, "geometry": {"type": "Point", "coordinates": [72.58939, 23.04599]}}, {"type": "Feature", "properties": {"name": "Param Multispeciality Hospital"}, "geometry": {"type": "Point", "coordinates": [72.59762, 23.10474]}}, {"type": "Feature", "properties": {"name": "Jekuba Children's Hospital"}, "geometry": {"type": "Point", "coordinates": [72.43754, 22.7248]}}, {"type": "Feature", "properties": {"name": "Shivam Hospital"}, "geometry": {"type": "Point", "coordinates": [72.57786, 23.03999]}}, {"type": "Feature", "properties": {"name": "Ashirvad Children's Hospital"}, "geometry": {"type": "Point", "coordinates": [72.36664, 22.83676]}}, {"type": "Feature", "properties": {"name": "Bharat Hospital"}, "geometry": {"type": "Point", "coordinates": [72.04839, 23.12507]}}, {"type": "Feature", "properties": {"name": "Hridaan Hospital & Pharmacy"}, "geometry": {"type": "Point", "coordinates": [72.5469, 23.09435]}}, {"type": "Feature", "properties": {"name": "Massom Children Hospital"}, "geometry": {"type": "Point", "coordinates": [72.38003, 22.99021]}}, {"type": "Feature", "properties": {"name": "Sai Krupa Hospital"}, "geometry": {"type": "Point", "coordinates": [72.5135, 23.01883]}}, {"type": "Feature", "properties": {"name": "Shreeji ENT and Orthopaedic Hospital"}, "geometry": {"type": "Point", "coordinates": [72.53438, 23.04643]}}, {"type": "Feature", "properties": {"name": "Dr. Shailesh Jain"}, "geometry": {"type": "Point", "coordinates": [72.52712, 23.03124]}}, {"type": "Feature", "properties": {"name": "Life Care Hospital"}, "geometry": {"type": "Point", "coordinates": [72.45959, 23.03241]}}, {"type": "Feature", "properties": {"name": "Vishwa Vatsalya General Hospital"}, "geometry": {"type": "Point", "coordinates": [72.37979, 22.9904]}}, {"type": "Feature", "properties": {"name": "Sanjivani Hospital"}, "geometry": {"type": "Point", "coordinates": [72.38208, 22.99546]}}, {"type": "Feature", "properties": {"name": "Tender Touch Children's Hospital"}, "geometry": {"type": "Point", "coordinates": [72.52474, 23.03236]}}, {"type": "Feature", "properties": {"name": "Shivam Hospital"}, "geometry": {"type": "Point", "coordinates": [72.4659, 23.03332]}}, {"type": "Feature", "properties": {"name": "Shreeji Multi Speciality Hospital"}, "geometry": {"type": "Point", "coordinates": [72.37853, 22.99242]}}, {"type": "Feature", "properties": {"name": "Devi Hospital"}, "geometry": {"type": "Point", "coordinates": [72.52579, 23.03102]}}, {"type": "Feature", "properties": {"name": "Genearl Eye Hospital"}, "geometry": {"type": "Point", "coordinates": [72.04319, 23.1304]}}, {"type": "Feature", "properties": {"name": "Dr. Manish Goyal"}, "geometry": {"type": "Point", "coordinates": [72.52754, 23.04711]}}, {"type": "Feature", "properties": {"name": "Ashirvad Hospital and Clinic"}, "geometry": {"type": "Point", "coordinates": [72.38045, 22.99292]}}, {"type": "Feature", "properties": {"name": "Vismay Child Care Hospital"}, "geometry": {"type": "Point", "coordinates": [72.51208, 23.01986]}}, {"type": "Feature", "properties": {"name": "Adarsh Hospital"}, "geometry": {"type": "Point", "coordinates": [72.46534, 23.03411]}}, {"type": "Feature", "properties": {"name": "Chauhan Hospital"}, "geometry": {"type": "Point", "coordinates": [72.37784, 22.99142]}}, {"type": "Feature", "properties": {"name": "Satyam Hospital"}, "geometry": {"type": "Point", "coordinates": [72.54678, 23.09401]}}, {"type": "Feature", "properties": {"name": "Angel Maternity and Nursing Home"}, "geometry": {"type": "Point", "coordinates": [72.0465, 23.12804]}}, {"type": "Feature", "properties": {"name": "Khokkar Hospital"}, "geometry": {"type": "Point", "coordinates": [72.05243, 23.1213]}}, {"type": "Feature", "properties": {"name": "Brinda Women's Hospital"}, "geometry": {"type": "Point", "coordinates": [72.52645, 23.04059]}}, {"type": "Feature", "properties": {"name": "Krishna Hospital"}, "geometry": {"type": "Point", "coordinates": [72.0513, 23.12823]}}, {"type": "Feature", "properties": {"name": "Yusra Hospital"}, "geometry": {"type": "Point", "coordinates": [72.05193, 23.12274]}}, {"type": "Feature", "properties": {"name": "Shri Gordhandas Charitable Hospital"}, "geometry": {"type": "Point", "coordinates": [72.52642, 23.0409]}}, {"type": "Feature", "properties": {"name": "Sahyog Hospital"}, "geometry": {"type": "Point", "coordinates": [72.47885, 22.98747]}}, {"type": "Feature", "properties": {"name": "Navjivan hospital"}, "geometry": {"type": "Point", "coordinates": [72.50087, 22.98597]}}, {"type": "Feature", "properties": {"name": "Hope Hospital"}, "geometry": {"type": "Point", "coordinates": [72.49356, 22.98551]}}, {"type": "Feature", "properties": {"name": "Mamata Hospital"}, "geometry": {"type": "Point", "coordinates": [72.49893, 22.98451]}}, {"type": "Feature", "properties": {"name": "SHREY HOSPITAL"}, "geometry": {"type": "Point", "coordinates": [72.49847, 22.9836]}}, {"type": "Feature", "properties": {"name": "Mamta Hospital"}, "geometry": {"type": "Point", "coordinates": [72.50119, 22.98098]}}, {"type": "Feature", "properties": {"name": "Vimla Hospital"}, "geometry": {"type": "Point", "coordinates": [72.62313, 22.97674]}}, {"type": "Feature", "properties": {"name": "Dr. Maulik Patwa"}, "geometry": {"type": "Point", "coordinates": [72.55578, 23.01729]}}, {"type": "Feature", "properties": {"name": "INDU MEDICARE"}, "geometry": {"type": "Point", "coordinates": [72.46753, 23.04519]}}, {"type": "Feature", "properties": {"name": "Parijat Children Hospital"}, "geometry": {"type": "Point", "coordinates": [72.59058, 23.0294]}}, {"type": "Feature", "properties": {"name": "Pinakin Dala Hospital"}, "geometry": {"type": "Point", "coordinates": [72.59332, 23.02944]}}, {"type": "Feature", "properties": {"name": "muncipal parsuti Hospital"}, "geometry": {"type": "Point", "coordinates": [72.57988, 23.03763]}}, {"type": "Feature", "properties": {"name": "Shahur Medical Hospital"}, "geometry": {"type": "Point", "coordinates": [72.57818, 23.03603]}}, {"type": "Feature", "properties": {"name": "Paras Hospital"}, "geometry": {"type": "Point", "coordinates": [72.58044, 23.03421]}}, {"type": "Feature", "properties": {"name": "Shraddha Multispecialist Hospital"}, "geometry": {"type": "Point", "coordinates": [72.57735, 23.03204]}}, {"type": "Feature", "properties": {"name": "Sukhmani hospital"}, "geometry": {"type": "Point", "coordinates": [72.56962, 23.0365]}}, {"type": "Feature", "properties": {"name": "Sanjivani Eye Hospital"}, "geometry": {"type": "Point", "coordinates": [72.56153, 23.04603]}}, {"type": "Feature", "properties": {"name": "Shreyas Dental Hospital"}, "geometry": {"type": "Point", "coordinates": [72.56177, 23.04825]}}, {"type": "Feature", "properties": {"name": "Healthcare facility"}, "geometry": {"type": "Point", "coordinates": [72.56103, 23.06738]}}, {"type": "Feature", "properties": {"name": "GuruKrupa Hospital"}, "geometry": {"type": "Point", "coordinates": [72.53521, 23.06047]}}, {"type": "Feature", "properties": {"name": "Aneri CHildren Hospital"}, "geometry": {"type": "Point", "coordinates": [72.54311, 23.06947]}}, {"type": "Feature", "properties": {"name": "Rosemary Womens Hospital"}, "geometry": {"type": "Point", "coordinates": [72.526, 23.03187]}}, {"type": "Feature", "properties": {"name": "Akshay Heart and Medical Hospital"}, "geometry": {"type": "Point", "coordinates": [72.52714, 23.03119]}}, {"type": "Feature", "properties": {"name": "Sangini Hospital"}, "geometry": {"type": "Point", "coordinates": [72.5233, 23.02511]}}, {"type": "Feature", "properties": {"name": "Rathi Hospital"}, "geometry": {"type": "Point", "coordinates": [72.5261, 23.02286]}}, {"type": "Feature", "properties": {"name": "Jyoti Maternity Hospital"}, "geometry": {"type": "Point", "coordinates": [72.53851, 23.02222]}}, {"type": "Feature", "properties": {"name": "Vatsalya Gynec Hospital"}, "geometry": {"type": "Point", "coordinates": [72.53258, 23.00674]}}, {"type": "Feature", "properties": {"name": "Jivraj Mehta Hospital"}, "geometry": {"type": "Point", "coordinates": [72.54326, 23.00863]}}, {"type": "Feature", "properties": {"name": "Shree Harikrupa Hospital"}, "geometry": {"type": "Point", "coordinates": [72.56156, 23.02011]}}, {"type": "Feature", "properties": {"name": "Kalptaru Hospital"}, "geometry": {"type": "Point", "coordinates": [72.59447, 23.0493]}}, {"type": "Feature", "properties": {"name": "Kidney Hospital"}, "geometry": {"type": "Point", "coordinates": [72.60749, 23.04949]}}, {"type": "Feature", "properties": {"name": "Civil Hospital"}, "geometry": {"type": "Point", "coordinates": [72.60438, 23.0523]}}, {"type": "Feature", "properties": {"name": "Military Hospital"}, "geometry": {"type": "Point", "coordinates": [72.60197, 23.05904]}}, {"type": "Feature", "properties": {"name": "GCS Hospital"}, "geometry": {"type": "Point", "coordinates": [72.6083, 23.04657]}}, {"type": "Feature", "properties": {"name": "Ayushman Medical Hospital"}, "geometry": {"type": "Point", "coordinates": [72.63918, 23.02373]}}, {"type": "Feature", "properties": {"name": "Shivam Surgical Hospital"}, "geometry": {"type": "Point", "coordinates": [72.65287, 23.07298]}}, {"type": "Feature", "properties": {"name": "Aneri CHildren Hospital"}, "geometry": {"type": "Point", "coordinates": [72.54313, 23.06943]}}, {"type": "Feature", "properties": {"name": "Cornea Foundation Hospital"}, "geometry": {"type": "Point", "coordinates": [72.5364, 23.04615]}}, {"type": "Feature", "properties": {"name": "Diva Women's Hospital"}, "geometry": {"type": "Point", "coordinates": [72.52199, 23.04925]}}, {"type": "Feature", "properties": {"name": "Skinfluent Clinic"}, "geometry": {"type": "Point", "coordinates": [72.5921, 23.05221]}}, {"type": "Feature", "properties": {"name": "Dr Alka Makwana - Arista Skin, Hair and Laser Clinic"}, "geometry": {"type": "Point", "coordinates": [72.54592, 23.0926]}}, {"type": "Feature", "properties": {"name": "Dr. Arora's Orthodontic & Dental Clinic"}, "geometry": {"type": "Point", "coordinates": [72.59529, 23.10891]}}, {"type": "Feature", "properties": {"name": "ADORN Cosmetic Clinic"}, "geometry": {"type": "Point", "coordinates": [72.52733, 23.02556]}}, {"type": "Feature", "properties": {"name": "ADORN AESTHETIC CLINIC"}, "geometry": {"type": "Point", "coordinates": [72.55095, 23.0226]}}, {"type": "Feature", "properties": {"name": "TEJASYA ORTHOPAEDIC HOSPITAL - DR RAVI PATEL orthopaedic surgeon"}, "geometry": {"type": "Point", "coordinates": [72.67012, 23.04971]}}, {"type": "Feature", "properties": {"name": "Trisha Hospital"}, "geometry": {"type": "Point", "coordinates": [72.55947, 23.07317]}}, {"type": "Feature", "properties": {"name": "charvi Hospital"}, "geometry": {"type": "Point", "coordinates": [72.67153, 22.9942]}}, {"type": "Feature", "properties": {"name": "Dr. Ankit Bhagora"}, "geometry": {"type": "Point", "coordinates": [72.52734, 23.03692]}}, {"type": "Feature", "properties": {"name": "Diyansh Eye Hospital \u2013 Cataract, LASIK & Glaucoma Care in Chandkheda, Ahmedabad"}, "geometry": {"type": "Point", "coordinates": [72.58433, 23.11232]}}]}