{"type": "FeatureCollection", "features": [{"type": "Feature", "properties": {"name": "Ramol - Hathijan", "ward_no": 48, "zone": "East", "population": 112600, "hospital_count": 4}, "geometry": {"type": "Polygon", "coordinates": [[[72.64795, 22.99784], [72.65006, 22.99558], [72.65316, 22.99231], [72.65355, 22.99191], [72.65555, 22.98985], [72.66207, 22.98604], [72.66435, 22.98585], [72.66423, 22.98513], [72.66461, 22.98503], [72.66641, 22.98441], [72.66699, 22.9837], [72.66755, 22.98365], [72.66935, 22.98249], [72.67119, 22.98317], [72.67165, 22.98332], [72.67256, 22.98347], [72.67278, 22.98359], [72.673, 22.98371], [72.67322, 22.98382], [72.67344, 22.98392], [72.67367, 22.98402], [72.6739, 22.98411], [72.67414, 22.98419], [72.67438, 22.98427], [72.67462, 22.98434], [72.6748, 22.98438], [72.67499, 22.98442], [72.67518, 22.98445], [72.67537, 22.98448], [72.67557, 22.9845], [72.67576, 22.98451], [72.67595, 22.98452], [72.67615, 22.98452], [72.67621, 22.98458], [72.67628, 22.98463], [72.67634, 22.98468], [72.67641, 22.98473], [72.67649, 22.98478], [72.67656, 22.98483], [72.67664, 22.98487], [72.67671, 22.98491], [72.67679, 22.98495], [72.67687, 22.98498], [72.67695, 22.98502], [72.67703, 22.98505], [72.67711, 22.98507], [72.6772, 22.9851], [72.67728, 22.98512], [72.67737, 22.98514], [72.67746, 22.98516], [72.67754, 22.98517], [72.67763, 22.98519], [72.67772, 22.9852], [72.6778, 22.9852], [72.67789, 22.98521], [72.67798, 22.98521], [72.67771, 22.98477], [72.67765, 22.98446], [72.67722, 22.984], [72.67663, 22.98118], [72.67642, 22.98002], [72.67615, 22.97863], [72.67583, 22.9774], [72.67569, 22.97711], [72.67609, 22.9751], [72.67615, 22.97472], [72.67551, 22.97445], [72.67451, 22.97392], [72.67382, 22.97389], [72.6726, 22.97393], [72.67053, 22.97408], [72.66969, 22.97425], [72.6696, 22.97311], [72.66873, 22.97298], [72.6678, 22.97325], [72.66758, 22.97276], [72.66652, 22.97153], [72.66631, 22.97131], [72.66559, 22.97117], [72.66421, 22.96991], [72.6628, 22.96876], [72.66253, 22.96833], [72.66224, 22.96824], [72.66176, 22.96823], [72.6614, 22.96805], [72.66091, 22.96796], [72.66019, 22.96793], [72.66022, 22.96889], [72.65895, 22.96876], [72.65785, 22.96861], [72.65736, 22.96851], [72.65608, 22.96803], [72.65515, 22.96801], [72.65428, 22.96774], [72.65295, 22.96724], [72.65304, 22.96671], [72.65322, 22.96529], [72.65332, 22.96484], [72.65344, 22.96431], [72.65361, 22.96374], [72.65368, 22.96303], [72.65399, 22.96274], [72.65435, 22.96242], [72.65534, 22.96192], [72.65582, 22.96155], [72.65658, 22.96059], [72.65672, 22.96045], [72.65672, 22.96025], [72.65714, 22.96], [72.65786, 22.96008], [72.65895, 22.96016], [72.65912, 22.95901], [72.65948, 22.958], [72.65959, 22.9577], [72.65992, 22.95694], [72.66023, 22.95613], [72.66076, 22.95497], [72.66085, 22.95478], [72.66096, 22.95457], [72.66113, 22.95427], [72.66136, 22.95391], [72.66147, 22.9537], [72.66161, 22.95346], [72.66196, 22.95296], [72.66215, 22.95268], [72.66307, 22.95148], [72.66338, 22.95105], [72.66358, 22.95073], [72.66379, 22.95035], [72.66392, 22.95008], [72.66412, 22.94973], [72.66431, 22.94895], [72.66442, 22.94851], [72.66451, 22.94815], [72.66469, 22.9476], [72.66487, 22.94763], [72.66591, 22.9478], [72.66624, 22.9479], [72.66683, 22.94806], [72.66714, 22.94848], [72.66725, 22.94871], [72.66733, 22.94895], [72.66747, 22.94897], [72.66758, 22.9492], [72.66766, 22.94929], [72.66774, 22.94935], [72.66782, 22.94943], [72.66785, 22.94945], [72.66823, 22.94963], [72.66828, 22.94963], [72.66849, 22.94949], [72.66865, 22.9493], [72.66893, 22.94889], [72.66882, 22.94753], [72.66891, 22.94736], [72.66899, 22.94732], [72.6693, 22.94693], [72.66939, 22.9467], [72.6698, 22.94695], [72.67071, 22.94668], [72.67057, 22.94653], [72.67052, 22.94614], [72.67039, 22.94558], [72.67111, 22.94546], [72.67109, 22.94503], [72.67095, 22.94446], [72.67132, 22.94438], [72.67158, 22.94456], [72.67187, 22.94442], [72.67207, 22.94456], [72.67266, 22.94447], [72.67277, 22.94409], [72.6733, 22.94409], [72.67384, 22.94402], [72.67368, 22.94345], [72.67363, 22.94324], [72.67352, 22.94284], [72.67352, 22.94266], [72.67346, 22.94235], [72.67359, 22.9424], [72.67397, 22.94248], [72.67424, 22.94175], [72.67457, 22.94118], [72.67528, 22.94098], [72.67584, 22.94156], [72.67624, 22.94171], [72.67629, 22.94141], [72.67652, 22.94053], [72.6768, 22.93974], [72.67692, 22.93975], [72.67694, 22.9394], [72.67684, 22.93889], [72.67679, 22.93859], [72.67735, 22.93848], [72.67762, 22.93843], [72.67761, 22.93835], [72.67807, 22.93827], [72.67815, 22.9383], [72.67845, 22.93825], [72.67868, 22.93822], [72.67911, 22.93807], [72.67922, 22.93798], [72.67918, 22.93781], [72.67891, 22.93763], [72.67883, 22.93728], [72.67879, 22.93713], [72.67977, 22.9368], [72.68012, 22.9367], [72.68041, 22.93659], [72.68095, 22.9364], [72.68083, 22.93559], [72.68077, 22.93539], [72.68068, 22.93537], [72.68036, 22.93408], [72.68035, 22.93395], [72.68031, 22.93355], [72.68037, 22.93323], [72.68052, 22.93297], [72.6808, 22.93266], [72.68096, 22.9321], [72.68084, 22.93187], [72.68027, 22.93166], [72.68014, 22.93201], [72.68007, 22.93226], [72.68009, 22.93237], [72.6801, 22.93259], [72.67972, 22.93264], [72.67966, 22.93264], [72.67931, 22.9326], [72.6791, 22.93247], [72.67895, 22.93252], [72.6789, 22.93255], [72.67888, 22.93259], [72.6789, 22.93275], [72.67858, 22.93274], [72.67814, 22.93272], [72.67784, 22.93274], [72.67743, 22.93274], [72.67703, 22.93274], [72.67663, 22.93274], [72.67647, 22.93207], [72.676, 22.93189], [72.67538, 22.93197], [72.67519, 22.93167], [72.67345, 22.93129], [72.67302, 22.93104], [72.67238, 22.93033], [72.67071, 22.93056], [72.67061, 22.93035], [72.66893, 22.92968], [72.66833, 22.93048], [72.66792, 22.93065], [72.66772, 22.93073], [72.66694, 22.93067], [72.66535, 22.93061], [72.66529, 22.9303], [72.66432, 22.93026], [72.66337, 22.92893], [72.66319, 22.92768], [72.66276, 22.92678], [72.66303, 22.92608], [72.66317, 22.92505], [72.66319, 22.92469], [72.66321, 22.9244], [72.66323, 22.9242], [72.66334, 22.92413], [72.66334, 22.92404], [72.66324, 22.92393], [72.66327, 22.92357], [72.66328, 22.92332], [72.66343, 22.92255], [72.66317, 22.92247], [72.66311, 22.9222], [72.66321, 22.92195], [72.66315, 22.92178], [72.66313, 22.92166], [72.6631, 22.92162], [72.66306, 22.92138], [72.66302, 22.92105], [72.66304, 22.92079], [72.66288, 22.92068], [72.663, 22.92036], [72.66284, 22.92009], [72.66233, 22.91915], [72.66223, 22.91813], [72.66173, 22.91669], [72.66077, 22.91671], [72.6594, 22.91634], [72.65922, 22.91616], [72.6587, 22.91609], [72.65834, 22.91606], [72.65757, 22.91594], [72.65709, 22.91593], [72.65627, 22.91657], [72.65464, 22.91826], [72.65006, 22.92289], [72.64938, 22.92357], [72.64867, 22.92428], [72.64783, 22.9252], [72.64718, 22.92593], [72.64705, 22.92612], [72.6469, 22.92632], [72.64558, 22.92753], [72.64518, 22.92794], [72.64451, 22.92856], [72.64191, 22.92916], [72.64122, 22.92934], [72.64097, 22.92926], [72.64038, 22.92941], [72.63925, 22.92957], [72.63899, 22.92967], [72.63822, 22.93006], [72.63804, 22.92997], [72.63768, 22.93004], [72.63692, 22.93024], [72.63649, 22.93003], [72.63612, 22.93023], [72.63514, 22.93055], [72.6336, 22.93131], [72.63337, 22.93168], [72.6331, 22.9318], [72.63171, 22.93247], [72.6303, 22.93311], [72.62826, 22.93624], [72.62718, 22.93805], [72.62622, 22.93927], [72.62495, 22.94074], [72.62355, 22.94246], [72.62113, 22.94518], [72.62052, 22.94702], [72.61953, 22.94918], [72.61891, 22.95097], [72.61901, 22.951], [72.62056, 22.95054], [72.62125, 22.9503], [72.62191, 22.95016], [72.62306, 22.95026], [72.62401, 22.95012], [72.62519, 22.94974], [72.62536, 22.94971], [72.62621, 22.9498], [72.62745, 22.95003], [72.62918, 22.95026], [72.63006, 22.95017], [72.63222, 22.9503], [72.63402, 22.94994], [72.6324, 22.95247], [72.63133, 22.95496], [72.62995, 22.95785], [72.62938, 22.95898], [72.62814, 22.96167], [72.62664, 22.96516], [72.62506, 22.96855], [72.62378, 22.97141], [72.62338, 22.97235], [72.62102, 22.9776], [72.61944, 22.9811], [72.61931, 22.98136], [72.62001, 22.98159], [72.62128, 22.98216], [72.62235, 22.98266], [72.62312, 22.98316], [72.62399, 22.98395], [72.62472, 22.98461], [72.62841, 22.98801], [72.62877, 22.98796], [72.63221, 22.98604], [72.63662, 22.98359], [72.63689, 22.98382], [72.63714, 22.98501], [72.63728, 22.98657], [72.63738, 22.98717], [72.63789, 22.98716], [72.63875, 22.98715], [72.63902, 22.98735], [72.63938, 22.9878], [72.63972, 22.98836], [72.63996, 22.98874], [72.64022, 22.98884], [72.64013, 22.98941], [72.64037, 22.98966], [72.6408, 22.9895], [72.64071, 22.99059], [72.64043, 22.9911], [72.63936, 22.99191], [72.63889, 22.9929], [72.6388, 22.9941], [72.63906, 22.99471], [72.63954, 22.99505], [72.64123, 22.99505], [72.64239, 22.99518], [72.64321, 22.99568], [72.64436, 22.99648], [72.64472, 22.99684], [72.64562, 22.99773], [72.64569, 22.99792], [72.6457, 22.99801], [72.64709, 22.99753], [72.64715, 22.99751], [72.64716, 22.99756], [72.64744, 22.99838], [72.64795, 22.99784]]]}}, {"type": "Feature", "properties": {"name": "Vatva", "ward_no": 47, "zone": "South", "population": 164100, "hospital_count": 23}, "geometry": {"type": "Polygon", "coordinates": [[[72.61962, 22.98128], [72.62119, 22.97777], [72.62355, 22.97253], [72.62395, 22.97159], [72.62524, 22.96873], [72.62681, 22.96534], [72.62831, 22.96185], [72.62956, 22.95916], [72.63012, 22.95803], [72.6315, 22.95514], [72.63257, 22.95265], [72.63419, 22.95012], [72.63239, 22.95048], [72.63023, 22.95035], [72.62935, 22.95044], [72.62762, 22.95021], [72.62638, 22.94998], [72.62553, 22.94989], [72.62537, 22.94991], [72.62418, 22.9503], [72.62323, 22.95043], [72.62208, 22.95034], [72.62142, 22.95048], [72.62074, 22.95072], [72.61918, 22.95118], [72.61908, 22.95115], [72.6197, 22.94936], [72.62069, 22.9472], [72.62131, 22.94536], [72.62372, 22.94264], [72.62512, 22.94092], [72.6264, 22.93945], [72.62735, 22.93822], [72.62843, 22.93642], [72.63047, 22.93328], [72.6302, 22.93329], [72.62959, 22.9332], [72.62859, 22.93312], [72.62848, 22.93299], [72.62835, 22.93224], [72.6269, 22.93222], [72.62659, 22.93221], [72.6264, 22.93219], [72.62618, 22.93202], [72.6261, 22.93161], [72.62498, 22.93143], [72.62455, 22.93132], [72.62466, 22.93095], [72.62508, 22.92994], [72.62523, 22.92946], [72.62538, 22.92904], [72.62522, 22.92857], [72.62517, 22.92801], [72.62513, 22.92768], [72.62492, 22.92705], [72.62531, 22.9265], [72.62585, 22.92579], [72.62625, 22.92527], [72.62659, 22.92459], [72.62692, 22.9239], [72.62707, 22.92351], [72.62691, 22.92343], [72.62627, 22.92357], [72.62554, 22.92325], [72.62517, 22.9232], [72.62398, 22.92297], [72.62385, 22.92239], [72.62319, 22.9221], [72.62263, 22.92195], [72.62257, 22.92127], [72.62208, 22.92097], [72.62119, 22.92059], [72.62038, 22.92027], [72.61979, 22.92011], [72.61898, 22.92005], [72.61865, 22.92003], [72.61866, 22.92036], [72.61781, 22.92054], [72.6171, 22.92061], [72.61677, 22.92058], [72.61671, 22.92075], [72.6151, 22.92067], [72.61475, 22.92074], [72.61455, 22.92152], [72.61417, 22.92155], [72.6141, 22.92192], [72.6137, 22.92194], [72.6134, 22.9226], [72.61338, 22.92267], [72.61335, 22.92274], [72.61332, 22.92281], [72.61329, 22.92287], [72.61326, 22.92294], [72.61322, 22.923], [72.61318, 22.92307], [72.61314, 22.92313], [72.6131, 22.92319], [72.61305, 22.92325], [72.61301, 22.92331], [72.61296, 22.92337], [72.61294, 22.92338], [72.61293, 22.9234], [72.61291, 22.92341], [72.61289, 22.92343], [72.61287, 22.92344], [72.61286, 22.92346], [72.61284, 22.92347], [72.61282, 22.92348], [72.6128, 22.9235], [72.61278, 22.92351], [72.61276, 22.92352], [72.61274, 22.92353], [72.61271, 22.92354], [72.61269, 22.92355], [72.61267, 22.92356], [72.61265, 22.92356], [72.61263, 22.92357], [72.6126, 22.92358], [72.61258, 22.92358], [72.61256, 22.92359], [72.61253, 22.92359], [72.61251, 22.92359], [72.61249, 22.9236], [72.61153, 22.92369], [72.61019, 22.92374], [72.60939, 22.92354], [72.60934, 22.92559], [72.60883, 22.92641], [72.60844, 22.92706], [72.60791, 22.92808], [72.60766, 22.92837], [72.6073, 22.92896], [72.60684, 22.92948], [72.60645, 22.93017], [72.60625, 22.93053], [72.6089, 22.93119], [72.60883, 22.93391], [72.60875, 22.93553], [72.60867, 22.93733], [72.6083, 22.94129], [72.60806, 22.94438], [72.60785, 22.94637], [72.60767, 22.94705], [72.60692, 22.94943], [72.60756, 22.94966], [72.60878, 22.95005], [72.60877, 22.95013], [72.60853, 22.95071], [72.60835, 22.95114], [72.60829, 22.95131], [72.60833, 22.95138], [72.60834, 22.95159], [72.60831, 22.95181], [72.60828, 22.95201], [72.60825, 22.95224], [72.60824, 22.95242], [72.60822, 22.95271], [72.60822, 22.95301], [72.60828, 22.95302], [72.60836, 22.95339], [72.60843, 22.95375], [72.60849, 22.95403], [72.60854, 22.95425], [72.60813, 22.95426], [72.60811, 22.95448], [72.60821, 22.95451], [72.60836, 22.95467], [72.60849, 22.95467], [72.60845, 22.95494], [72.60844, 22.95513], [72.60838, 22.95532], [72.60828, 22.95541], [72.60917, 22.95546], [72.60915, 22.95541], [72.60916, 22.95526], [72.60953, 22.95522], [72.60965, 22.9549], [72.60993, 22.95485], [72.61054, 22.95499], [72.61119, 22.95501], [72.61137, 22.95499], [72.61243, 22.95507], [72.61217, 22.95584], [72.61216, 22.95612], [72.61219, 22.95675], [72.61216, 22.95732], [72.6125, 22.95755], [72.61246, 22.95777], [72.61169, 22.95911], [72.61145, 22.95971], [72.61089, 22.95975], [72.60988, 22.9599], [72.60911, 22.96005], [72.60816, 22.96026], [72.60712, 22.96048], [72.606, 22.96075], [72.60657, 22.96198], [72.60697, 22.96333], [72.60733, 22.9652], [72.60758, 22.9664], [72.60786, 22.96733], [72.60786, 22.96734], [72.6079, 22.96745], [72.60833, 22.96831], [72.60985, 22.97098], [72.61069, 22.97273], [72.61087, 22.97511], [72.61089, 22.97862], [72.61105, 22.97879], [72.61348, 22.97932], [72.61487, 22.97967], [72.61756, 22.98063], [72.61917, 22.98139], [72.61948, 22.98154], [72.61962, 22.98128]]]}}, {"type": "Feature", "properties": {"name": "Lambha", "ward_no": 46, "zone": "South", "population": 149800, "hospital_count": 15}, "geometry": {"type": "Polygon", "coordinates": [[[72.58829, 22.97285], [72.59095, 22.97306], [72.59327, 22.97336], [72.5962, 22.97422], [72.59909, 22.97503], [72.5992, 22.97456], [72.59959, 22.97338], [72.5997, 22.97211], [72.59971, 22.97162], [72.59972, 22.97093], [72.59969, 22.97065], [72.60059, 22.97088], [72.60083, 22.97103], [72.60204, 22.97151], [72.60277, 22.97175], [72.60291, 22.97178], [72.60296, 22.9718], [72.60339, 22.97198], [72.6039, 22.97217], [72.60445, 22.97234], [72.60457, 22.9724], [72.6046, 22.97236], [72.60598, 22.97054], [72.60624, 22.97009], [72.60782, 22.96742], [72.60783, 22.9674], [72.6078, 22.96729], [72.6078, 22.96728], [72.60752, 22.96635], [72.60727, 22.96515], [72.6069, 22.96328], [72.6065, 22.96193], [72.60593, 22.9607], [72.60705, 22.96043], [72.60809, 22.96021], [72.60904, 22.96], [72.60981, 22.95985], [72.61083, 22.9597], [72.61138, 22.95966], [72.61162, 22.95906], [72.6124, 22.95772], [72.61243, 22.9575], [72.6121, 22.95727], [72.61212, 22.9567], [72.6121, 22.95607], [72.6121, 22.95579], [72.61237, 22.95502], [72.61131, 22.95494], [72.61112, 22.95496], [72.61048, 22.95494], [72.60986, 22.9548], [72.60959, 22.95485], [72.60947, 22.95517], [72.6091, 22.95521], [72.60909, 22.95536], [72.6091, 22.95541], [72.60822, 22.95536], [72.60831, 22.95527], [72.60838, 22.95508], [72.60838, 22.95489], [72.60842, 22.95462], [72.6083, 22.95462], [72.60814, 22.95446], [72.60805, 22.95443], [72.60807, 22.95421], [72.60848, 22.9542], [72.60843, 22.95398], [72.60837, 22.9537], [72.60829, 22.95334], [72.60822, 22.95297], [72.60815, 22.95296], [72.60816, 22.95266], [72.60817, 22.95237], [72.60818, 22.95219], [72.60821, 22.95196], [72.60824, 22.95176], [72.60828, 22.95154], [72.60827, 22.95133], [72.60822, 22.95126], [72.60829, 22.95109], [72.60847, 22.95066], [72.6087, 22.95008], [72.60872, 22.95], [72.6075, 22.94961], [72.60686, 22.94938], [72.60761, 22.947], [72.60779, 22.94632], [72.60799, 22.94433], [72.60824, 22.94124], [72.6086, 22.93728], [72.60868, 22.93548], [72.60877, 22.93386], [72.60884, 22.93114], [72.60618, 22.93048], [72.6053, 22.93203], [72.60496, 22.93257], [72.60464, 22.93309], [72.60327, 22.93301], [72.60316, 22.93301], [72.60197, 22.93226], [72.60171, 22.93226], [72.60132, 22.93225], [72.60073, 22.93231], [72.60024, 22.93243], [72.59981, 22.9323], [72.5998, 22.93207], [72.59975, 22.93179], [72.59963, 22.93117], [72.59942, 22.93025], [72.5993, 22.93026], [72.59927, 22.93002], [72.59917, 22.9295], [72.59922, 22.9295], [72.59908, 22.92861], [72.59959, 22.92854], [72.59952, 22.92774], [72.59922, 22.9278], [72.59916, 22.92756], [72.59908, 22.92709], [72.59944, 22.92695], [72.59936, 22.92657], [72.59919, 22.92584], [72.59929, 22.92546], [72.59926, 22.92517], [72.59919, 22.92444], [72.59915, 22.92373], [72.59893, 22.92374], [72.5989, 22.92279], [72.59863, 22.92276], [72.59846, 22.92275], [72.59776, 22.92273], [72.59739, 22.92273], [72.59711, 22.9227], [72.5968, 22.92274], [72.59629, 22.92233], [72.5962, 22.92235], [72.59575, 22.92223], [72.59565, 22.92192], [72.59502, 22.92191], [72.59491, 22.92147], [72.59462, 22.92152], [72.59466, 22.92198], [72.59448, 22.92197], [72.59433, 22.92199], [72.59428, 22.92205], [72.59438, 22.92214], [72.59387, 22.92214], [72.5933, 22.92212], [72.59291, 22.92222], [72.59244, 22.92227], [72.59213, 22.92227], [72.59185, 22.92229], [72.59186, 22.92264], [72.59103, 22.92263], [72.59103, 22.92295], [72.59102, 22.924], [72.59109, 22.92441], [72.59121, 22.92508], [72.59128, 22.9254], [72.59134, 22.92571], [72.59147, 22.92639], [72.59163, 22.92719], [72.59165, 22.92738], [72.59174, 22.92797], [72.59177, 22.92877], [72.59188, 22.92913], [72.59196, 22.9297], [72.59189, 22.93043], [72.59182, 22.93077], [72.59186, 22.93077], [72.59183, 22.93093], [72.59181, 22.93126], [72.59191, 22.93139], [72.59202, 22.93165], [72.59228, 22.93184], [72.59245, 22.93187], [72.59254, 22.93189], [72.59256, 22.93189], [72.59253, 22.93222], [72.59261, 22.93252], [72.59182, 22.93248], [72.5913, 22.93242], [72.5913, 22.93208], [72.59126, 22.93203], [72.59048, 22.93195], [72.59037, 22.93197], [72.58976, 22.93189], [72.58972, 22.93187], [72.58955, 22.93184], [72.58955, 22.93161], [72.58955, 22.93123], [72.58881, 22.93095], [72.58862, 22.93079], [72.58833, 22.93057], [72.58815, 22.93053], [72.5877, 22.93048], [72.58818, 22.92976], [72.58764, 22.92938], [72.5874, 22.92919], [72.58694, 22.929], [72.58621, 22.9271], [72.58529, 22.92675], [72.5835, 22.92554], [72.583, 22.92519], [72.58249, 22.92494], [72.5819, 22.92474], [72.58141, 22.92459], [72.58061, 22.92415], [72.58027, 22.9239], [72.57967, 22.92358], [72.57878, 22.92328], [72.57732, 22.92275], [72.57714, 22.92273], [72.5769, 22.92298], [72.57645, 22.92295], [72.57411, 22.92117], [72.57396, 22.92093], [72.5739, 22.92006], [72.57381, 22.91958], [72.57358, 22.91854], [72.57348, 22.91783], [72.57333, 22.9178], [72.57301, 22.91784], [72.57271, 22.91751], [72.57246, 22.917], [72.5721, 22.91613], [72.57178, 22.91494], [72.57099, 22.91489], [72.57057, 22.91485], [72.57033, 22.91447], [72.56999, 22.91422], [72.56903, 22.91432], [72.56858, 22.91413], [72.56812, 22.91405], [72.5675, 22.91395], [72.56703, 22.91424], [72.56701, 22.91507], [72.56434, 22.91618], [72.56334, 22.91562], [72.56024, 22.91439], [72.55946, 22.91521], [72.55722, 22.91788], [72.55645, 22.91814], [72.55486, 22.91859], [72.55353, 22.91912], [72.552, 22.92001], [72.551, 22.92059], [72.54891, 22.92174], [72.54769, 22.92232], [72.54483, 22.92153], [72.54288, 22.92085], [72.54274, 22.92075], [72.54206, 22.92025], [72.54039, 22.91905], [72.53975, 22.91976], [72.53882, 22.91928], [72.53812, 22.91968], [72.53654, 22.92071], [72.53504, 22.92195], [72.53428, 22.92285], [72.53378, 22.92382], [72.5335, 22.92423], [72.53124, 22.92501], [72.53473, 22.92819], [72.53902, 22.93229], [72.54201, 22.93554], [72.54281, 22.93771], [72.54216, 22.94354], [72.5398, 22.94774], [72.5374, 22.94983], [72.53401, 22.95089], [72.52791, 22.95013], [72.52332, 22.94938], [72.51878, 22.94987], [72.51585, 22.95091], [72.51338, 22.95271], [72.51212, 22.95518], [72.51168, 22.95776], [72.51221, 22.95919], [72.51495, 22.96489], [72.51861, 22.97018], [72.52185, 22.97337], [72.52888, 22.97578], [72.53636, 22.97848], [72.54034, 22.98101], [72.54276, 22.98207], [72.54354, 22.98087], [72.54546, 22.97861], [72.54613, 22.97795], [72.54735, 22.97716], [72.54886, 22.97653], [72.55008, 22.97615], [72.55203, 22.97595], [72.55545, 22.97563], [72.55869, 22.97531], [72.56027, 22.97507], [72.5619, 22.97492], [72.56347, 22.97474], [72.56716, 22.97426], [72.57123, 22.97364], [72.57827, 22.9731], [72.58282, 22.97262], [72.58811, 22.97285], [72.58813, 22.97285], [72.58829, 22.97285]]]}}, {"type": "Feature", "properties": {"name": "Isanpur", "ward_no": 45, "zone": "South", "population": 128300, "hospital_count": 44}, "geometry": {"type": "Polygon", "coordinates": [[[72.6039, 22.9886], [72.6092, 22.98732], [72.60984, 22.98724], [72.61138, 22.98701], [72.61146, 22.98635], [72.61141, 22.98376], [72.61133, 22.98164], [72.6112, 22.97985], [72.61117, 22.97905], [72.61096, 22.97877], [72.61081, 22.9786], [72.61078, 22.97509], [72.6106, 22.97271], [72.60977, 22.97096], [72.60825, 22.96829], [72.60781, 22.96743], [72.6078, 22.96745], [72.60622, 22.97012], [72.60596, 22.97057], [72.60457, 22.97239], [72.60455, 22.97243], [72.60442, 22.97237], [72.60388, 22.9722], [72.60337, 22.97201], [72.60294, 22.97183], [72.60289, 22.97181], [72.60275, 22.97178], [72.60202, 22.97154], [72.60081, 22.97106], [72.60057, 22.97091], [72.59967, 22.97068], [72.59969, 22.97096], [72.59969, 22.97165], [72.59968, 22.97214], [72.59957, 22.97341], [72.59918, 22.97459], [72.59906, 22.97506], [72.59618, 22.97425], [72.59325, 22.97339], [72.59093, 22.97309], [72.58827, 22.97288], [72.58811, 22.97288], [72.58808, 22.97296], [72.58727, 22.97528], [72.58601, 22.97824], [72.58569, 22.97919], [72.58585, 22.97962], [72.58575, 22.98121], [72.58544, 22.9823], [72.58536, 22.983], [72.58784, 22.98253], [72.58866, 22.98288], [72.58937, 22.98318], [72.59074, 22.98403], [72.5911, 22.9844], [72.59141, 22.98486], [72.59195, 22.98571], [72.5922, 22.98658], [72.59299, 22.98664], [72.59413, 22.98673], [72.59441, 22.98663], [72.59504, 22.98679], [72.59607, 22.98705], [72.59642, 22.98711], [72.59659, 22.98715], [72.59649, 22.98741], [72.59598, 22.98866], [72.59596, 22.98871], [72.59597, 22.98877], [72.59599, 22.98891], [72.59616, 22.9889], [72.5992, 22.98882], [72.60361, 22.98865], [72.60373, 22.98863], [72.6039, 22.9886]]]}}, {"type": "Feature", "properties": {"name": "Khokhra", "ward_no": 44, "zone": "South", "population": 94150, "hospital_count": 17}, "geometry": {"type": "Polygon", "coordinates": [[[72.60813, 23.01394], [72.6092, 23.01372], [72.60901, 23.01227], [72.60948, 23.01031], [72.61101, 23.01027], [72.61228, 23.0103], [72.61349, 23.01045], [72.61553, 23.0107], [72.61667, 23.01065], [72.61619, 23.00946], [72.61569, 23.0087], [72.61519, 23.0083], [72.61427, 23.00756], [72.61374, 23.0067], [72.61343, 23.00614], [72.61389, 23.00583], [72.61412, 23.00556], [72.61415, 23.0054], [72.61489, 23.00495], [72.61521, 23.00476], [72.61527, 23.00473], [72.61482, 23.00359], [72.61432, 23.00234], [72.61691, 23.00198], [72.6185, 23.00183], [72.61911, 23.00189], [72.61937, 23.00191], [72.6198, 23.00206], [72.61982, 23.00271], [72.62028, 23.00401], [72.62064, 23.00388], [72.62076, 23.00417], [72.62254, 23.00365], [72.62308, 23.00364], [72.62312, 23.00353], [72.62353, 23.00353], [72.62362, 23.00333], [72.62362, 23.00287], [72.62368, 23.0027], [72.6238, 23.00263], [72.62393, 23.0023], [72.62399, 23.00213], [72.62407, 23.00199], [72.62421, 23.00144], [72.62436, 23.00089], [72.62441, 23.00073], [72.62436, 23.00041], [72.62434, 23.0001], [72.62431, 22.99986], [72.62443, 22.99941], [72.62459, 22.9992], [72.62465, 22.99888], [72.62479, 22.99866], [72.62527, 22.9982], [72.62569, 22.99777], [72.62634, 22.9973], [72.62611, 22.9969], [72.62594, 22.99552], [72.62596, 22.99379], [72.62531, 22.9938], [72.62467, 22.99405], [72.62354, 22.99444], [72.62339, 22.99186], [72.62339, 22.99152], [72.62161, 22.99168], [72.62105, 22.99173], [72.62083, 22.99189], [72.61899, 22.98965], [72.61756, 22.98805], [72.61818, 22.98787], [72.61978, 22.98712], [72.62012, 22.98674], [72.62042, 22.98556], [72.62055, 22.98526], [72.62086, 22.98526], [72.62245, 22.9851], [72.62348, 22.98495], [72.62396, 22.98488], [72.62482, 22.98473], [72.6241, 22.98407], [72.62323, 22.98328], [72.62246, 22.98278], [72.62139, 22.98228], [72.62012, 22.9817], [72.61942, 22.98148], [72.61911, 22.98134], [72.61749, 22.98057], [72.6148, 22.97961], [72.61342, 22.97926], [72.61098, 22.97873], [72.61119, 22.97901], [72.61122, 22.97981], [72.61135, 22.9816], [72.61143, 22.98372], [72.61148, 22.98632], [72.6114, 22.98697], [72.61136, 22.9875], [72.61127, 22.98778], [72.61092, 22.98812], [72.61081, 22.98848], [72.61062, 22.9885], [72.61026, 22.98861], [72.60994, 22.98901], [72.61019, 22.98911], [72.61053, 22.99042], [72.61034, 22.99046], [72.61087, 22.99189], [72.61118, 22.99171], [72.61219, 22.99135], [72.61315, 22.99107], [72.61397, 22.99082], [72.61449, 22.99077], [72.61484, 22.99075], [72.61486, 22.99075], [72.61484, 22.9908], [72.6146, 22.99142], [72.61355, 22.99394], [72.61269, 22.99581], [72.60966, 23.00257], [72.60808, 23.00604], [72.60745, 23.00765], [72.60714, 23.00813], [72.60605, 23.01054], [72.60492, 23.01307], [72.60477, 23.01347], [72.60634, 23.01355], [72.60708, 23.01334], [72.60707, 23.01441], [72.60813, 23.01394]]]}}, {"type": "Feature", "properties": {"name": "Bhaipura - Hatkeshwar", "ward_no": 43, "zone": "East", "population": 122400, "hospital_count": 6}, "geometry": {"type": "Polygon", "coordinates": [[[72.62793, 23.00426], [72.6284, 23.00416], [72.62959, 23.004], [72.63001, 23.00398], [72.63077, 23.00403], [72.6311, 23.00384], [72.63187, 23.00365], [72.63188, 23.00355], [72.63192, 23.00316], [72.63355, 23.00284], [72.6347, 23.00264], [72.63641, 23.00244], [72.63554, 22.99993], [72.63388, 22.99503], [72.63324, 22.99337], [72.63301, 22.99288], [72.63229, 22.99179], [72.63101, 22.99055], [72.62858, 22.98808], [72.62489, 22.98469], [72.62402, 22.98484], [72.62355, 22.98491], [72.62251, 22.98506], [72.62092, 22.98522], [72.62062, 22.98522], [72.62048, 22.98552], [72.62019, 22.9867], [72.61984, 22.98709], [72.61825, 22.98783], [72.61762, 22.98801], [72.61905, 22.98961], [72.6209, 22.99185], [72.62111, 22.99169], [72.62168, 22.99164], [72.62345, 22.99149], [72.62346, 22.99182], [72.62361, 22.9944], [72.62474, 22.99401], [72.62538, 22.99377], [72.62603, 22.99375], [72.62601, 22.99548], [72.62618, 22.99686], [72.62641, 22.99726], [72.62576, 22.99773], [72.62534, 22.99816], [72.62485, 22.99863], [72.62472, 22.99884], [72.62466, 22.99916], [72.62479, 22.99919], [72.62569, 23.00078], [72.62622, 23.00182], [72.62642, 23.00224], [72.62676, 23.00314], [72.62714, 23.00441], [72.62716, 23.00449], [72.62793, 23.00426]]]}}, {"type": "Feature", "properties": {"name": "Indrapuri", "ward_no": 42, "zone": "South", "population": 114600, "hospital_count": 13}, "geometry": {"type": "Polygon", "coordinates": [[[72.64074, 23.0149], [72.6418, 23.01487], [72.64197, 23.01494], [72.64197, 23.01474], [72.64286, 23.01471], [72.64329, 23.01467], [72.644, 23.01465], [72.64494, 23.01461], [72.64504, 23.01346], [72.64509, 23.01329], [72.64514, 23.01318], [72.64803, 23.01212], [72.64991, 23.01154], [72.65345, 23.01032], [72.65304, 23.01029], [72.65168, 23.01021], [72.65149, 23.01019], [72.65131, 23.01021], [72.65097, 23.01019], [72.65046, 23.01005], [72.65024, 23.00996], [72.65012, 23.00984], [72.64947, 23.0091], [72.64893, 23.00871], [72.64697, 23.00728], [72.6462, 23.00693], [72.64534, 23.0064], [72.64511, 23.00629], [72.64343, 23.00554], [72.6434, 23.00553], [72.6434, 23.00551], [72.64338, 23.00546], [72.64418, 23.00451], [72.64429, 23.00433], [72.64456, 23.00391], [72.64526, 23.00313], [72.64557, 23.00148], [72.64567, 23.00008], [72.64577, 22.99868], [72.64577, 22.99812], [72.64576, 22.99803], [72.64576, 22.99794], [72.64568, 22.99775], [72.64478, 22.99686], [72.64442, 22.9965], [72.64327, 22.9957], [72.64245, 22.9952], [72.64129, 22.99507], [72.6396, 22.99507], [72.63912, 22.99473], [72.63886, 22.99412], [72.63896, 22.99292], [72.63942, 22.99193], [72.64049, 22.99112], [72.64077, 22.99061], [72.64086, 22.98952], [72.64043, 22.98968], [72.64019, 22.98943], [72.64029, 22.98886], [72.64002, 22.98876], [72.63979, 22.98838], [72.63945, 22.98782], [72.63909, 22.98737], [72.63882, 22.98717], [72.63795, 22.98718], [72.63745, 22.98719], [72.63734, 22.98659], [72.6372, 22.98503], [72.63695, 22.98384], [72.63668, 22.98361], [72.63227, 22.98606], [72.62884, 22.98798], [72.62847, 22.98803], [72.6309, 22.99049], [72.63219, 22.99173], [72.6329, 22.99282], [72.63314, 22.99332], [72.63377, 22.99497], [72.63544, 22.99987], [72.6363, 23.00238], [72.63459, 23.00258], [72.63344, 23.00278], [72.63181, 23.0031], [72.63177, 23.00349], [72.63176, 23.00359], [72.63099, 23.00378], [72.63067, 23.00398], [72.6299, 23.00392], [72.62949, 23.00394], [72.62829, 23.0041], [72.62782, 23.0042], [72.62705, 23.00443], [72.62716, 23.00494], [72.62732, 23.00611], [72.62749, 23.00714], [72.62762, 23.00777], [72.62785, 23.00787], [72.62806, 23.00786], [72.62912, 23.00743], [72.63017, 23.00705], [72.63143, 23.00666], [72.635, 23.0056], [72.63671, 23.005], [72.63689, 23.00498], [72.63706, 23.00508], [72.63798, 23.00724], [72.63802, 23.00739], [72.6385, 23.00913], [72.63863, 23.01028], [72.63867, 23.01125], [72.63874, 23.0134], [72.63864, 23.0145], [72.63899, 23.0145], [72.64074, 23.0149]]]}}, {"type": "Feature", "properties": {"name": "Vastral", "ward_no": 41, "zone": "East", "population": 165731, "hospital_count": 4}, "geometry": {"type": "Polygon", "coordinates": [[[72.67465, 23.01994], [72.67474, 23.01937], [72.67527, 23.01934], [72.67594, 23.01934], [72.67638, 23.01948], [72.67681, 23.01962], [72.67683, 23.01968], [72.67753, 23.01978], [72.67792, 23.01983], [72.67812, 23.01986], [72.67842, 23.01991], [72.67865, 23.0199], [72.67949, 23.01984], [72.67949, 23.01977], [72.67991, 23.01974], [72.68106, 23.0195], [72.68166, 23.01938], [72.68167, 23.0191], [72.68165, 23.01829], [72.68207, 23.01777], [72.68225, 23.01655], [72.68215, 23.01607], [72.68205, 23.01561], [72.68177, 23.0154], [72.68175, 23.01469], [72.68267, 23.01446], [72.68213, 23.01366], [72.6825, 23.01275], [72.68288, 23.01193], [72.68304, 23.01195], [72.68305, 23.01073], [72.68317, 23.01064], [72.68395, 23.01067], [72.68423, 23.01068], [72.68423, 23.0099], [72.68517, 23.00953], [72.68599, 23.00842], [72.68631, 23.00816], [72.68744, 23.00709], [72.68869, 23.00616], [72.68994, 23.00523], [72.69023, 23.00519], [72.69047, 23.00481], [72.6916, 23.00425], [72.69272, 23.00382], [72.69311, 23.0033], [72.69242, 23.00303], [72.69233, 23.00198], [72.69178, 23.00173], [72.69038, 23.00121], [72.69004, 23.00101], [72.68981, 23.00072], [72.68976, 23.00046], [72.6894, 23.00005], [72.68936, 22.99971], [72.68928, 22.9992], [72.68914, 22.9978], [72.689, 22.99754], [72.68845, 22.9967], [72.68805, 22.99625], [72.68812, 22.99576], [72.68812, 22.99567], [72.68825, 22.9952], [72.68853, 22.99469], [72.68887, 22.99394], [72.68849, 22.99324], [72.68862, 22.99309], [72.6884, 22.99292], [72.68777, 22.99271], [72.68677, 22.99239], [72.68681, 22.99199], [72.68695, 22.99201], [72.68632, 22.99096], [72.68687, 22.99075], [72.6866, 22.99012], [72.68644, 22.98973], [72.68516, 22.98852], [72.68479, 22.98861], [72.68235, 22.98817], [72.68211, 22.98805], [72.68186, 22.98793], [72.68161, 22.98782], [72.68135, 22.98772], [72.67882, 22.98676], [72.67798, 22.98529], [72.67789, 22.98529], [72.6778, 22.98528], [72.67772, 22.98528], [72.67763, 22.98527], [72.67754, 22.98525], [72.67746, 22.98524], [72.67737, 22.98522], [72.67728, 22.9852], [72.6772, 22.98518], [72.67711, 22.98515], [72.67703, 22.98513], [72.67695, 22.98509], [72.67687, 22.98506], [72.67679, 22.98503], [72.67671, 22.98499], [72.67664, 22.98495], [72.67656, 22.9849], [72.67649, 22.98486], [72.67641, 22.98481], [72.67634, 22.98476], [72.67628, 22.98471], [72.67621, 22.98466], [72.67615, 22.9846], [72.67595, 22.9846], [72.67576, 22.98459], [72.67557, 22.98458], [72.67537, 22.98456], [72.67518, 22.98453], [72.67499, 22.9845], [72.6748, 22.98446], [72.67462, 22.98442], [72.67438, 22.98435], [72.67414, 22.98427], [72.6739, 22.98419], [72.67367, 22.9841], [72.67344, 22.984], [72.67322, 22.9839], [72.673, 22.98379], [72.67278, 22.98367], [72.67256, 22.98355], [72.67165, 22.9834], [72.67119, 22.98325], [72.66935, 22.98257], [72.66755, 22.98373], [72.66699, 22.98378], [72.66641, 22.98449], [72.66461, 22.98511], [72.66423, 22.98521], [72.66435, 22.98593], [72.66207, 22.98612], [72.65555, 22.98992], [72.65355, 22.99199], [72.65316, 22.99239], [72.65006, 22.99566], [72.64795, 22.99792], [72.64744, 22.99846], [72.64716, 22.99764], [72.64715, 22.99758], [72.64709, 22.9976], [72.6457, 22.99809], [72.64571, 22.99818], [72.6457, 22.99874], [72.6456, 23.00014], [72.6455, 23.00154], [72.64519, 23.00319], [72.64449, 23.00397], [72.64423, 23.00439], [72.64412, 23.00457], [72.64332, 23.00552], [72.64333, 23.00557], [72.64334, 23.00559], [72.64336, 23.0056], [72.64505, 23.00635], [72.64528, 23.00646], [72.64614, 23.00699], [72.64691, 23.00734], [72.64886, 23.00877], [72.6494, 23.00915], [72.65006, 23.0099], [72.65017, 23.01002], [72.6504, 23.01011], [72.65091, 23.01024], [72.65125, 23.01027], [72.65143, 23.01025], [72.65162, 23.01027], [72.65298, 23.01035], [72.65338, 23.01038], [72.65383, 23.01041], [72.65497, 23.01052], [72.65542, 23.01272], [72.65523, 23.01365], [72.65495, 23.01421], [72.65474, 23.01465], [72.65441, 23.0154], [72.65397, 23.01634], [72.65357, 23.01707], [72.6533, 23.01756], [72.6532, 23.01775], [72.65413, 23.01775], [72.65509, 23.01777], [72.65519, 23.01777], [72.6557, 23.01778], [72.65643, 23.01777], [72.65735, 23.01778], [72.65743, 23.01778], [72.65746, 23.01778], [72.65803, 23.01777], [72.65849, 23.01776], [72.6585, 23.01693], [72.65939, 23.01703], [72.65928, 23.01856], [72.65948, 23.01859], [72.65955, 23.01861], [72.66004, 23.01869], [72.6602, 23.01871], [72.66037, 23.01874], [72.66055, 23.01877], [72.66063, 23.0186], [72.66072, 23.01862], [72.66088, 23.01864], [72.66109, 23.01867], [72.66127, 23.0187], [72.66167, 23.01876], [72.66193, 23.01873], [72.66232, 23.01876], [72.66265, 23.01874], [72.6634, 23.01872], [72.6638, 23.01877], [72.66472, 23.01889], [72.6648, 23.0189], [72.66491, 23.01892], [72.66554, 23.01905], [72.66616, 23.01923], [72.66665, 23.0195], [72.66706, 23.0197], [72.66729, 23.01965], [72.66848, 23.0199], [72.66851, 23.01979], [72.66865, 23.01914], [72.6695, 23.01929], [72.66972, 23.01894], [72.67133, 23.01937], [72.67155, 23.02009], [72.67213, 23.02026], [72.67257, 23.0204], [72.67325, 23.02054], [72.67407, 23.02082], [72.67421, 23.02067], [72.67443, 23.02044], [72.67462, 23.02013], [72.67465, 23.01994]]]}}, {"type": "Feature", "properties": {"name": "Odhav", "ward_no": 40, "zone": "East", "population": 146200, "hospital_count": 1}, "geometry": {"type": "Polygon", "coordinates": [[[72.66042, 23.03202], [72.66105, 23.03201], [72.66229, 23.03241], [72.66297, 23.03251], [72.66348, 23.03256], [72.66531, 23.03274], [72.66725, 23.03274], [72.66864, 23.03234], [72.66899, 23.03232], [72.6692, 23.03228], [72.66948, 23.03222], [72.66975, 23.03216], [72.67006, 23.03209], [72.67036, 23.03202], [72.67062, 23.03197], [72.67208, 23.03165], [72.67272, 23.03157], [72.67287, 23.03151], [72.67309, 23.03076], [72.67315, 23.03061], [72.67335, 23.03004], [72.67357, 23.02951], [72.67362, 23.02938], [72.67385, 23.02883], [72.67397, 23.02864], [72.67383, 23.0282], [72.67375, 23.0279], [72.67415, 23.02776], [72.67418, 23.02775], [72.6742, 23.02775], [72.67449, 23.02772], [72.67493, 23.02776], [72.67552, 23.02784], [72.6762, 23.02795], [72.67659, 23.02724], [72.67851, 23.02759], [72.67901, 23.02758], [72.67909, 23.02645], [72.67911, 23.0261], [72.6793, 23.02476], [72.67932, 23.02463], [72.6798, 23.02459], [72.68201, 23.02458], [72.68219, 23.0246], [72.68295, 23.02465], [72.68359, 23.0247], [72.68466, 23.02477], [72.68465, 23.02434], [72.68464, 23.02424], [72.68462, 23.02404], [72.68466, 23.02369], [72.68471, 23.02328], [72.68416, 23.02267], [72.68406, 23.02257], [72.68369, 23.02214], [72.68358, 23.02201], [72.68337, 23.02192], [72.68335, 23.02174], [72.68304, 23.02143], [72.68301, 23.02116], [72.68298, 23.02087], [72.68271, 23.02084], [72.68257, 23.02059], [72.68242, 23.02031], [72.68192, 23.01965], [72.6817, 23.01936], [72.6811, 23.01948], [72.67995, 23.01972], [72.67954, 23.01975], [72.67954, 23.01982], [72.6787, 23.01988], [72.67847, 23.01989], [72.67817, 23.01984], [72.67796, 23.01981], [72.67757, 23.01976], [72.67687, 23.01966], [72.67685, 23.0196], [72.67642, 23.01946], [72.67598, 23.01932], [72.67531, 23.01932], [72.67478, 23.01935], [72.67469, 23.01992], [72.67466, 23.02011], [72.67448, 23.02042], [72.67425, 23.02065], [72.67411, 23.0208], [72.67329, 23.02052], [72.67262, 23.02038], [72.67217, 23.02024], [72.6716, 23.02007], [72.67138, 23.01935], [72.66977, 23.01892], [72.66955, 23.01927], [72.66869, 23.01912], [72.66855, 23.01977], [72.66852, 23.01988], [72.66734, 23.01963], [72.6671, 23.01968], [72.66669, 23.01948], [72.6662, 23.01921], [72.66559, 23.01903], [72.66495, 23.0189], [72.66484, 23.01888], [72.66476, 23.01887], [72.66384, 23.01875], [72.66344, 23.0187], [72.66269, 23.01872], [72.66236, 23.01874], [72.66197, 23.01871], [72.66171, 23.01874], [72.66131, 23.01868], [72.66113, 23.01865], [72.66092, 23.01862], [72.66076, 23.0186], [72.66067, 23.01858], [72.66059, 23.01875], [72.66042, 23.01872], [72.66024, 23.01869], [72.66008, 23.01867], [72.65959, 23.01859], [72.65952, 23.01857], [72.65933, 23.01854], [72.65943, 23.01701], [72.65854, 23.01691], [72.65853, 23.01774], [72.65807, 23.01775], [72.6575, 23.01776], [72.65747, 23.01776], [72.65739, 23.01776], [72.65648, 23.01775], [72.65575, 23.01776], [72.65523, 23.01775], [72.65514, 23.01775], [72.65418, 23.01773], [72.65324, 23.01773], [72.65334, 23.01754], [72.65361, 23.01705], [72.65401, 23.01632], [72.65445, 23.01538], [72.65478, 23.01463], [72.655, 23.01419], [72.65527, 23.01363], [72.65546, 23.0127], [72.65501, 23.0105], [72.65387, 23.01039], [72.65343, 23.01036], [72.64989, 23.01158], [72.64801, 23.01216], [72.64512, 23.01322], [72.64507, 23.01332], [72.64502, 23.0135], [72.64492, 23.01465], [72.64397, 23.01469], [72.64326, 23.01471], [72.64284, 23.01475], [72.64195, 23.01478], [72.64195, 23.01498], [72.6421, 23.0171], [72.64218, 23.01778], [72.64235, 23.01825], [72.64328, 23.01891], [72.64524, 23.02013], [72.64601, 23.02049], [72.64783, 23.02129], [72.64809, 23.02148], [72.64818, 23.02166], [72.64831, 23.02204], [72.64841, 23.02238], [72.64855, 23.02407], [72.64866, 23.02459], [72.64897, 23.02518], [72.64917, 23.02565], [72.64933, 23.02619], [72.64953, 23.02694], [72.64959, 23.02732], [72.6496, 23.02786], [72.64958, 23.02862], [72.64941, 23.02923], [72.64928, 23.02936], [72.64907, 23.0294], [72.64903, 23.02947], [72.64863, 23.03067], [72.64896, 23.03078], [72.64956, 23.03094], [72.65062, 23.03117], [72.65159, 23.0314], [72.65175, 23.03144], [72.65301, 23.03171], [72.6545, 23.03188], [72.65636, 23.03201], [72.65878, 23.0322], [72.65997, 23.03203], [72.66042, 23.03202]]]}}, {"type": "Feature", "properties": {"name": "Amraiwadi", "ward_no": 39, "zone": "East", "population": 139100, "hospital_count": 1}, "geometry": {"type": "Polygon", "coordinates": [[[72.62154, 23.01715], [72.62185, 23.01708], [72.62489, 23.01764], [72.62523, 23.01689], [72.62723, 23.01734], [72.62833, 23.01574], [72.62931, 23.01411], [72.63222, 23.01442], [72.63302, 23.01446], [72.63274, 23.01343], [72.63254, 23.01296], [72.63221, 23.0125], [72.63227, 23.01228], [72.63486, 23.01267], [72.63658, 23.01281], [72.63665, 23.01282], [72.63672, 23.01287], [72.63833, 23.01399], [72.63849, 23.01418], [72.63868, 23.01458], [72.63879, 23.01348], [72.63871, 23.01133], [72.63867, 23.01036], [72.63854, 23.00921], [72.63807, 23.00747], [72.63802, 23.00732], [72.6371, 23.00516], [72.63694, 23.00506], [72.63676, 23.00508], [72.63504, 23.00568], [72.63148, 23.00674], [72.63021, 23.00713], [72.62916, 23.00751], [72.62811, 23.00794], [72.62789, 23.00795], [72.62766, 23.00785], [72.62753, 23.00722], [72.62736, 23.00619], [72.6272, 23.00502], [72.62709, 23.00451], [72.62708, 23.00443], [72.6267, 23.00316], [72.62636, 23.00226], [72.62615, 23.00184], [72.62562, 23.0008], [72.62473, 22.99921], [72.62459, 22.99918], [72.62443, 22.99939], [72.62431, 22.99984], [72.62434, 23.00008], [72.62436, 23.00039], [72.62441, 23.00071], [72.62436, 23.00087], [72.62421, 23.00142], [72.62407, 23.00197], [72.62399, 23.00211], [72.62393, 23.00228], [72.6238, 23.00261], [72.62368, 23.00268], [72.62362, 23.00286], [72.62362, 23.00331], [72.62353, 23.00351], [72.62312, 23.00351], [72.62308, 23.00363], [72.62254, 23.00363], [72.62076, 23.00415], [72.62064, 23.00386], [72.62028, 23.00399], [72.61982, 23.00269], [72.6198, 23.00204], [72.61937, 23.00189], [72.61911, 23.00187], [72.6185, 23.00182], [72.61691, 23.00196], [72.61432, 23.00232], [72.61482, 23.00357], [72.61527, 23.00471], [72.61521, 23.00474], [72.61489, 23.00493], [72.61415, 23.00538], [72.61412, 23.00554], [72.61389, 23.00581], [72.61343, 23.00612], [72.61374, 23.00668], [72.61427, 23.00754], [72.61519, 23.00828], [72.61569, 23.00868], [72.61619, 23.00944], [72.61667, 23.01063], [72.61553, 23.01068], [72.61349, 23.01043], [72.61228, 23.01028], [72.61101, 23.01025], [72.60948, 23.01029], [72.60901, 23.01225], [72.6092, 23.0137], [72.60926, 23.01368], [72.61158, 23.01326], [72.61246, 23.01315], [72.61327, 23.01302], [72.61514, 23.01274], [72.61514, 23.01274], [72.61517, 23.01322], [72.61563, 23.01316], [72.61845, 23.01312], [72.61897, 23.01416], [72.61897, 23.01416], [72.61682, 23.0151], [72.61645, 23.01532], [72.61645, 23.01583], [72.61412, 23.01605], [72.61288, 23.01608], [72.61289, 23.01627], [72.61289, 23.01637], [72.6129, 23.01639], [72.61306, 23.01662], [72.61313, 23.01671], [72.61325, 23.01688], [72.61329, 23.01696], [72.61331, 23.017], [72.61335, 23.01703], [72.61345, 23.0171], [72.61347, 23.01711], [72.61353, 23.01714], [72.61384, 23.01729], [72.61491, 23.01722], [72.6166, 23.01714], [72.62008, 23.01734], [72.62154, 23.01715]]]}}, {"type": "Feature", "properties": {"name": "Gomtipur", "ward_no": 38, "zone": "East", "population": 129400, "hospital_count": 0}, "geometry": {"type": "Polygon", "coordinates": [[[72.6059, 23.02544], [72.6065, 23.02462], [72.60794, 23.02548], [72.60847, 23.02581], [72.60902, 23.02623], [72.60977, 23.0257], [72.61346, 23.02601], [72.61401, 23.02524], [72.61459, 23.02302], [72.61444, 23.0227], [72.61405, 23.02209], [72.61492, 23.0221], [72.61584, 23.02214], [72.61664, 23.02212], [72.61737, 23.02214], [72.61814, 23.02212], [72.61955, 23.02228], [72.62003, 23.02225], [72.62087, 23.02214], [72.6216, 23.02201], [72.62247, 23.02177], [72.62322, 23.02152], [72.62359, 23.02143], [72.62407, 23.02146], [72.62477, 23.02164], [72.62581, 23.02195], [72.62589, 23.02071], [72.62693, 23.02041], [72.62835, 23.02016], [72.63049, 23.0201], [72.63216, 23.02014], [72.63272, 23.02006], [72.63375, 23.02005], [72.6358, 23.02015], [72.63851, 23.02055], [72.6386, 23.01475], [72.63866, 23.0146], [72.63847, 23.0142], [72.63831, 23.01401], [72.6367, 23.01289], [72.63663, 23.01284], [72.63656, 23.01283], [72.63484, 23.01269], [72.63225, 23.0123], [72.63219, 23.01252], [72.63252, 23.01298], [72.63272, 23.01345], [72.63299, 23.01448], [72.6322, 23.01444], [72.62928, 23.01413], [72.62831, 23.01576], [72.62721, 23.01736], [72.62521, 23.01691], [72.62487, 23.01766], [72.62183, 23.0171], [72.62152, 23.01717], [72.62006, 23.01736], [72.61658, 23.01716], [72.61489, 23.01724], [72.61382, 23.01731], [72.61351, 23.01716], [72.61345, 23.01713], [72.61343, 23.01712], [72.61333, 23.01704], [72.61329, 23.01702], [72.61327, 23.01698], [72.61323, 23.0169], [72.61311, 23.01673], [72.61303, 23.01664], [72.61288, 23.01641], [72.61287, 23.01639], [72.61287, 23.01629], [72.61286, 23.0161], [72.6141, 23.01607], [72.61643, 23.01585], [72.61643, 23.01534], [72.6168, 23.01512], [72.61895, 23.01418], [72.61895, 23.01418], [72.61843, 23.01314], [72.61561, 23.01318], [72.61515, 23.01324], [72.61512, 23.01276], [72.61512, 23.01276], [72.61325, 23.01303], [72.61244, 23.01317], [72.61156, 23.01328], [72.60924, 23.0137], [72.60918, 23.01372], [72.60811, 23.01394], [72.60705, 23.01441], [72.60705, 23.01334], [72.60632, 23.01355], [72.60474, 23.01347], [72.60328, 23.0171], [72.6021, 23.02048], [72.60179, 23.02112], [72.60141, 23.02254], [72.60121, 23.02415], [72.6012, 23.02634], [72.60309, 23.02655], [72.60363, 23.02693], [72.60385, 23.02687], [72.60441, 23.02658], [72.6047, 23.02641], [72.60488, 23.02614], [72.60514, 23.02568], [72.60563, 23.02556], [72.6059, 23.02544]]]}}, {"type": "Feature", "properties": {"name": "Maninagar", "ward_no": 37, "zone": "South", "population": 102800, "hospital_count": 63}, "geometry": {"type": "Polygon", "coordinates": [[[72.60492, 23.01313], [72.60605, 23.0106], [72.60714, 23.00819], [72.60745, 23.0077], [72.60808, 23.0061], [72.60966, 23.00263], [72.61269, 22.99587], [72.61355, 22.994], [72.6146, 22.99148], [72.61484, 22.99086], [72.61486, 22.99081], [72.61484, 22.99081], [72.61449, 22.99083], [72.61397, 22.99088], [72.61315, 22.99113], [72.61219, 22.99141], [72.61118, 22.99177], [72.61087, 22.99195], [72.61034, 22.99052], [72.61053, 22.99048], [72.61019, 22.98917], [72.60994, 22.98907], [72.61026, 22.98867], [72.61062, 22.98856], [72.61081, 22.98854], [72.61092, 22.98818], [72.61127, 22.98784], [72.61136, 22.98756], [72.6114, 22.98703], [72.60986, 22.98726], [72.60922, 22.98734], [72.60392, 22.98862], [72.60375, 22.98865], [72.60363, 22.98867], [72.59922, 22.98884], [72.59618, 22.98892], [72.59601, 22.98893], [72.59603, 22.98905], [72.59554, 22.98907], [72.59522, 22.99013], [72.59473, 22.99147], [72.59325, 22.99171], [72.59323, 22.9955], [72.59324, 22.99748], [72.59323, 22.99842], [72.5932, 23.00062], [72.59324, 23.00189], [72.59326, 23.00254], [72.59338, 23.00276], [72.59337, 23.00406], [72.59311, 23.00547], [72.59306, 23.00598], [72.59302, 23.00717], [72.59302, 23.0082], [72.59287, 23.0093], [72.59284, 23.00995], [72.59281, 23.01024], [72.59238, 23.01156], [72.59422, 23.01192], [72.59684, 23.01237], [72.59741, 23.01178], [72.59782, 23.01198], [72.59922, 23.01205], [72.60004, 23.01221], [72.60062, 23.0124], [72.60138, 23.01251], [72.60477, 23.01353], [72.60492, 23.01313]]]}}, {"type": "Feature", "properties": {"name": "Danilimda", "ward_no": 36, "zone": "South", "population": 152400, "hospital_count": 13}, "geometry": {"type": "Polygon", "coordinates": [[[72.59167, 23.01342], [72.5919, 23.01293], [72.59236, 23.01154], [72.59279, 23.01022], [72.59282, 23.00993], [72.59284, 23.00928], [72.593, 23.00818], [72.593, 23.00715], [72.59304, 23.00596], [72.59309, 23.00545], [72.59335, 23.00404], [72.59336, 23.00274], [72.59324, 23.00252], [72.59322, 23.00187], [72.59318, 23.0006], [72.59321, 22.9984], [72.59322, 22.99746], [72.59321, 22.99548], [72.59323, 22.99169], [72.59471, 22.99145], [72.5952, 22.99011], [72.59552, 22.98905], [72.59601, 22.98903], [72.59599, 22.98891], [72.59597, 22.98877], [72.59596, 22.98871], [72.59598, 22.98866], [72.59649, 22.98741], [72.59659, 22.98715], [72.59642, 22.98711], [72.59607, 22.98705], [72.59504, 22.98679], [72.59441, 22.98663], [72.59413, 22.98673], [72.59299, 22.98664], [72.5922, 22.98658], [72.59195, 22.98571], [72.59141, 22.98486], [72.5911, 22.9844], [72.59074, 22.98403], [72.58937, 22.98318], [72.58866, 22.98288], [72.58784, 22.98253], [72.58536, 22.983], [72.58465, 22.98312], [72.58422, 22.98348], [72.58364, 22.98388], [72.58337, 22.98423], [72.58317, 22.98448], [72.58287, 22.98485], [72.58245, 22.98577], [72.58245, 22.98585], [72.58226, 22.98652], [72.58216, 22.98708], [72.582, 22.98776], [72.58197, 22.98819], [72.58213, 22.98884], [72.58224, 22.989], [72.58249, 22.9892], [72.58267, 22.98955], [72.58266, 22.99003], [72.58175, 22.99133], [72.58137, 22.99174], [72.58064, 22.99234], [72.58042, 22.9928], [72.57954, 22.99481], [72.5792, 22.99567], [72.58187, 22.9964], [72.58182, 22.99652], [72.58187, 22.99689], [72.58196, 22.99731], [72.58194, 22.9984], [72.58216, 22.99895], [72.58219, 22.99935], [72.58335, 23.00014], [72.5833, 23.00069], [72.58358, 23.00165], [72.5837, 23.00176], [72.5842, 23.00225], [72.58448, 23.00252], [72.58522, 23.00448], [72.5854, 23.00474], [72.58561, 23.00477], [72.58594, 23.0048], [72.58661, 23.00475], [72.58646, 23.00758], [72.58392, 23.00734], [72.58369, 23.00734], [72.58134, 23.00774], [72.58027, 23.0079], [72.58052, 23.00868], [72.58088, 23.01004], [72.58394, 23.011], [72.58709, 23.01198], [72.5889, 23.01265], [72.58955, 23.01289], [72.59001, 23.01313], [72.59129, 23.01393], [72.59167, 23.01342]]]}}, {"type": "Feature", "properties": {"name": "Behrampura", "ward_no": 35, "zone": "South", "population": 141200, "hospital_count": 7}, "geometry": {"type": "Polygon", "coordinates": [[[72.58646, 23.00754], [72.58661, 23.00471], [72.58594, 23.00476], [72.58561, 23.00473], [72.5854, 23.0047], [72.58522, 23.00444], [72.58448, 23.00248], [72.5842, 23.00221], [72.5837, 23.00172], [72.58358, 23.00161], [72.5833, 23.00065], [72.58335, 23.0001], [72.58219, 22.99931], [72.58216, 22.99891], [72.58194, 22.99836], [72.58196, 22.99727], [72.58187, 22.99685], [72.58182, 22.99648], [72.58187, 22.99636], [72.5792, 22.99563], [72.57954, 22.99477], [72.58042, 22.99276], [72.58064, 22.9923], [72.58137, 22.9917], [72.58175, 22.99129], [72.58266, 22.98999], [72.58267, 22.98951], [72.58249, 22.98916], [72.58224, 22.98896], [72.58213, 22.9888], [72.58197, 22.98815], [72.582, 22.98772], [72.58216, 22.98704], [72.58226, 22.98648], [72.58245, 22.98581], [72.58245, 22.98573], [72.58287, 22.98481], [72.58317, 22.98444], [72.58337, 22.98419], [72.58364, 22.98384], [72.58422, 22.98344], [72.58465, 22.98308], [72.58536, 22.98296], [72.58544, 22.98226], [72.58575, 22.98117], [72.58585, 22.97958], [72.58569, 22.97915], [72.58601, 22.9782], [72.58727, 22.97524], [72.58808, 22.97292], [72.58811, 22.97284], [72.58809, 22.97284], [72.5828, 22.97261], [72.57824, 22.97309], [72.57121, 22.97363], [72.56714, 22.97425], [72.56345, 22.97473], [72.56187, 22.97491], [72.56024, 22.97506], [72.55867, 22.9753], [72.55543, 22.97562], [72.55201, 22.97594], [72.55006, 22.97614], [72.54884, 22.97652], [72.54733, 22.97715], [72.54611, 22.97794], [72.54544, 22.9786], [72.54352, 22.98086], [72.54274, 22.98206], [72.54803, 22.98443], [72.55116, 22.98606], [72.55362, 22.98804], [72.55591, 22.98993], [72.55944, 22.99266], [72.56274, 22.99534], [72.56405, 22.99631], [72.56427, 22.99647], [72.56845, 23.0015], [72.57089, 23.00458], [72.57273, 23.00767], [72.57424, 23.01086], [72.57431, 23.0111], [72.57868, 23.01041], [72.57883, 23.01039], [72.57955, 23.01022], [72.58088, 23.01], [72.58052, 23.00864], [72.58027, 23.00786], [72.58134, 23.0077], [72.58369, 23.0073], [72.58392, 23.0073], [72.58646, 23.00754]]]}}, {"type": "Feature", "properties": {"name": "Maktampura", "ward_no": 34, "zone": "Southwest", "population": 124900, "hospital_count": 2}, "geometry": {"type": "Polygon", "coordinates": [[[72.52318, 23.00431], [72.52345, 23.0017], [72.52345, 23.00168], [72.52366, 23.00166], [72.52399, 23.00163], [72.52701, 23.00167], [72.52879, 23.00186], [72.52928, 23.00152], [72.5303, 23.00076], [72.53104, 22.99991], [72.5312, 22.99966], [72.5318, 22.99954], [72.53259, 22.99954], [72.5341, 23.00042], [72.53617, 23.00074], [72.53668, 22.99973], [72.53668, 22.99972], [72.53643, 22.9997], [72.5346, 22.99951], [72.53483, 22.99849], [72.53542, 22.99845], [72.53546, 22.99805], [72.53544, 22.9968], [72.53555, 22.99611], [72.5357, 22.99601], [72.53402, 22.99544], [72.53585, 22.99292], [72.53836, 22.9894], [72.54073, 22.98588], [72.54339, 22.98238], [72.54096, 22.98132], [72.53698, 22.97879], [72.5295, 22.97609], [72.52248, 22.97368], [72.51923, 22.97049], [72.51557, 22.9652], [72.51283, 22.9595], [72.5123, 22.95807], [72.51274, 22.95548], [72.514, 22.95302], [72.51647, 22.95122], [72.51941, 22.95018], [72.52395, 22.94969], [72.52853, 22.95044], [72.53463, 22.9512], [72.53802, 22.95014], [72.54042, 22.94805], [72.54278, 22.94385], [72.54343, 22.93802], [72.54264, 22.93585], [72.53964, 22.9326], [72.53536, 22.9285], [72.53187, 22.92531], [72.52913, 22.92625], [72.52837, 22.92582], [72.52734, 22.92521], [72.52664, 22.92472], [72.52563, 22.92437], [72.5244, 22.92385], [72.52373, 22.92356], [72.52271, 22.92272], [72.52169, 22.92205], [72.52018, 22.92184], [72.51832, 22.92131], [72.5175, 22.92096], [72.51651, 22.92057], [72.51524, 22.91987], [72.51382, 22.91928], [72.51258, 22.9188], [72.51122, 22.91856], [72.50941, 22.91836], [72.50758, 22.91809], [72.50689, 22.91804], [72.50682, 22.91936], [72.50682, 22.9198], [72.50682, 22.91989], [72.50678, 22.92011], [72.50626, 22.92014], [72.5058, 22.91995], [72.50558, 22.91999], [72.50547, 22.92052], [72.50532, 22.92081], [72.50536, 22.92118], [72.50532, 22.92151], [72.50531, 22.92168], [72.50526, 22.92186], [72.50513, 22.92236], [72.50498, 22.92293], [72.50507, 22.92308], [72.50517, 22.92324], [72.50509, 22.92365], [72.50505, 22.92385], [72.50501, 22.92408], [72.50497, 22.92424], [72.50488, 22.92461], [72.50471, 22.92526], [72.50463, 22.92557], [72.50451, 22.9261], [72.50441, 22.92649], [72.50447, 22.92685], [72.50347, 22.92723], [72.5033, 22.92715], [72.50284, 22.92724], [72.50264, 22.92727], [72.50226, 22.92733], [72.50206, 22.92736], [72.50192, 22.92738], [72.50186, 22.92739], [72.50154, 22.92743], [72.5013, 22.92747], [72.50121, 22.92753], [72.50123, 22.92783], [72.50096, 22.928], [72.50089, 22.92804], [72.50083, 22.92808], [72.50083, 22.92808], [72.50042, 22.92824], [72.49998, 22.92861], [72.49938, 22.92915], [72.49916, 22.92919], [72.49846, 22.9293], [72.49689, 22.92912], [72.49671, 22.9292], [72.49664, 22.92987], [72.4967, 22.9308], [72.4967, 22.93133], [72.49678, 22.93172], [72.49688, 22.93189], [72.49707, 22.93222], [72.49718, 22.9324], [72.49735, 22.93257], [72.49775, 22.93295], [72.49826, 22.93338], [72.49878, 22.93354], [72.49917, 22.93365], [72.49941, 22.93381], [72.49971, 22.93401], [72.5, 22.93443], [72.50026, 22.935], [72.50036, 22.93563], [72.50039, 22.93582], [72.50036, 22.93602], [72.50035, 22.93654], [72.50011, 22.93752], [72.50005, 22.9381], [72.50001, 22.93843], [72.50035, 22.93904], [72.50065, 22.94005], [72.50084, 22.94111], [72.50111, 22.94199], [72.50133, 22.94279], [72.50157, 22.9435], [72.50018, 22.94258], [72.49923, 22.94222], [72.49478, 22.94115], [72.49351, 22.94084], [72.49289, 22.94066], [72.49169, 22.94028], [72.49044, 22.94054], [72.49007, 22.94039], [72.4893, 22.94066], [72.48843, 22.94081], [72.48794, 22.94132], [72.48787, 22.94162], [72.48786, 22.94185], [72.48679, 22.94286], [72.48633, 22.94488], [72.48641, 22.94547], [72.48646, 22.94672], [72.48668, 22.94765], [72.48685, 22.9476], [72.48684, 22.94775], [72.48689, 22.94808], [72.48632, 22.94881], [72.48597, 22.94933], [72.48581, 22.94949], [72.48586, 22.95066], [72.48585, 22.95138], [72.48583, 22.9515], [72.48582, 22.95184], [72.48579, 22.95221], [72.48578, 22.95237], [72.48576, 22.9527], [72.48574, 22.95306], [72.48571, 22.9535], [72.48568, 22.95382], [72.48662, 22.9538], [72.48642, 22.9546], [72.4864, 22.95493], [72.48643, 22.95535], [72.48646, 22.95575], [72.48648, 22.95616], [72.48649, 22.95656], [72.48719, 22.95649], [72.48735, 22.95747], [72.48759, 22.95761], [72.49363, 22.96083], [72.50278, 22.96206], [72.50334, 22.96215], [72.50372, 22.96386], [72.5041, 22.96633], [72.50456, 22.96711], [72.50637, 22.96932], [72.51018, 22.97415], [72.51336, 22.97809], [72.51336, 22.98415], [72.51331, 22.98484], [72.51278, 22.98648], [72.51166, 22.98876], [72.51423, 22.98938], [72.5156, 22.98994], [72.51736, 22.99059], [72.52011, 22.99183], [72.51979, 22.99251], [72.51958, 22.99306], [72.51949, 22.99354], [72.51941, 22.99426], [72.51938, 22.99465], [72.51886, 22.99929], [72.51883, 22.99975], [72.51856, 23.00254], [72.51846, 23.00325], [72.51894, 23.00315], [72.5195, 23.00311], [72.52013, 23.00327], [72.52318, 23.00431]]]}}, {"type": "Feature", "properties": {"name": "Sarkhej", "ward_no": 33, "zone": "Southwest", "population": 136400, "hospital_count": 11}, "geometry": {"type": "Polygon", "coordinates": [[[72.47342, 23.01025], [72.47843, 23.0102], [72.48257, 23.01014], [72.49166, 23.00996], [72.49654, 23.01119], [72.50081, 23.01197], [72.50258, 23.01223], [72.5034, 23.01185], [72.50697, 23.01196], [72.51103, 23.01204], [72.5136, 23.0125], [72.51517, 23.01263], [72.51779, 23.01281], [72.52111, 23.01304], [72.52122, 23.01165], [72.5213, 23.00995], [72.52122, 23.00978], [72.52122, 23.00841], [72.51824, 23.00809], [72.51621, 23.00792], [72.51545, 23.00784], [72.51509, 23.00776], [72.51475, 23.00766], [72.51446, 23.00756], [72.5139, 23.00738], [72.51332, 23.00702], [72.51255, 23.00653], [72.51037, 23.00489], [72.50799, 23.00304], [72.50736, 23.00253], [72.5075, 23.00212], [72.50837, 23.00102], [72.50944, 22.99972], [72.51129, 22.99733], [72.51132, 22.99729], [72.51132, 22.99729], [72.51347, 22.99928], [72.51458, 22.99996], [72.51533, 23.00059], [72.51619, 23.00103], [72.51718, 23.00197], [72.51753, 23.00224], [72.51856, 23.00254], [72.51883, 22.99975], [72.51886, 22.99929], [72.51938, 22.99465], [72.51941, 22.99426], [72.51949, 22.99354], [72.51958, 22.99306], [72.51979, 22.99251], [72.52011, 22.99183], [72.51736, 22.99059], [72.5156, 22.98994], [72.51423, 22.98938], [72.51166, 22.98876], [72.51278, 22.98648], [72.51331, 22.98484], [72.51336, 22.98415], [72.51336, 22.97809], [72.51018, 22.97415], [72.50637, 22.96932], [72.50456, 22.96711], [72.5041, 22.96633], [72.50372, 22.96386], [72.50334, 22.96215], [72.50278, 22.96206], [72.49363, 22.96083], [72.48759, 22.95761], [72.48753, 22.95842], [72.48749, 22.95884], [72.48758, 22.95973], [72.48517, 22.9598], [72.48468, 22.95951], [72.48362, 22.95959], [72.48286, 22.96106], [72.4831, 22.96141], [72.48331, 22.9614], [72.48363, 22.96192], [72.48256, 22.96236], [72.48251, 22.9626], [72.48208, 22.96261], [72.48126, 22.96295], [72.48094, 22.96358], [72.4808, 22.96417], [72.48071, 22.96591], [72.47916, 22.96573], [72.47909, 22.9667], [72.47883, 22.96684], [72.47876, 22.96779], [72.47863, 22.96827], [72.47808, 22.96855], [72.47807, 22.96927], [72.47839, 22.96966], [72.47808, 22.97015], [72.47794, 22.97014], [72.47779, 22.97034], [72.4775, 22.97032], [72.47715, 22.97064], [72.47677, 22.97096], [72.47615, 22.97057], [72.4752, 22.97029], [72.47451, 22.97042], [72.47378, 22.97042], [72.4736, 22.97058], [72.47354, 22.97109], [72.47358, 22.97154], [72.47372, 22.97208], [72.47393, 22.97213], [72.47407, 22.97266], [72.47386, 22.97264], [72.47386, 22.97301], [72.47359, 22.97326], [72.47325, 22.97396], [72.47278, 22.97417], [72.472, 22.97449], [72.4716, 22.97533], [72.4713, 22.97543], [72.47128, 22.9757], [72.47101, 22.97581], [72.47119, 22.97617], [72.471, 22.97625], [72.47104, 22.9769], [72.47084, 22.97744], [72.47073, 22.97792], [72.4705, 22.97955], [72.4705, 22.97999], [72.47065, 22.98093], [72.4707, 22.98136], [72.47053, 22.98158], [72.4705, 22.98228], [72.47064, 22.98245], [72.47057, 22.9835], [72.47063, 22.98417], [72.47083, 22.98494], [72.47097, 22.98603], [72.47094, 22.98651], [72.47087, 22.98699], [72.47015, 22.98741], [72.47009, 22.98838], [72.46988, 22.98868], [72.46995, 22.98923], [72.46944, 22.98981], [72.46935, 22.99018], [72.46867, 22.99144], [72.46866, 22.99172], [72.46783, 22.99304], [72.46748, 22.99382], [72.46579, 22.99381], [72.4653, 22.99359], [72.46458, 22.99362], [72.46497, 22.99568], [72.46534, 22.99658], [72.46548, 22.99675], [72.46569, 22.99739], [72.46568, 22.99916], [72.46584, 23.00009], [72.46607, 23.00059], [72.46631, 23.00158], [72.46603, 23.00239], [72.46609, 23.00269], [72.466, 23.00285], [72.46596, 23.003], [72.46683, 23.00389], [72.46702, 23.0046], [72.46706, 23.00509], [72.46655, 23.00538], [72.46663, 23.00608], [72.46661, 23.00654], [72.4668, 23.00712], [72.46705, 23.0079], [72.46694, 23.00805], [72.46758, 23.0089], [72.4678, 23.00971], [72.46788, 23.01033], [72.47342, 23.01025]]]}}, {"type": "Feature", "properties": {"name": "Vejalpur", "ward_no": 32, "zone": "Southwest", "population": 118500, "hospital_count": 21}, "geometry": {"type": "Polygon", "coordinates": [[[72.52873, 23.01414], [72.52891, 23.01251], [72.5292, 23.0104], [72.52965, 23.01044], [72.52978, 23.00923], [72.53209, 23.00948], [72.53404, 23.00972], [72.53425, 23.00959], [72.53433, 23.00954], [72.53438, 23.00906], [72.5344, 23.00876], [72.53441, 23.00848], [72.53449, 23.0082], [72.5346, 23.00785], [72.53706, 23.00808], [72.53751, 23.00755], [72.53761, 23.00743], [72.53842, 23.00764], [72.53856, 23.00746], [72.53882, 23.00703], [72.53921, 23.00641], [72.53952, 23.00591], [72.53987, 23.00473], [72.53988, 23.00366], [72.53985, 23.00294], [72.53943, 23.00173], [72.53927, 23.00129], [72.53925, 23.00092], [72.53873, 23.00092], [72.53771, 23.00085], [72.53617, 23.00074], [72.5341, 23.00042], [72.53259, 22.99954], [72.5318, 22.99954], [72.5312, 22.99966], [72.53104, 22.99991], [72.5303, 23.00076], [72.52928, 23.00152], [72.52879, 23.00186], [72.52701, 23.00167], [72.52399, 23.00163], [72.52366, 23.00166], [72.52345, 23.00168], [72.52345, 23.0017], [72.52318, 23.00431], [72.52013, 23.00327], [72.5195, 23.00311], [72.51894, 23.00315], [72.51846, 23.00325], [72.51856, 23.00254], [72.51753, 23.00224], [72.51718, 23.00197], [72.51619, 23.00103], [72.51533, 23.00059], [72.51458, 22.99996], [72.51347, 22.99928], [72.51132, 22.99729], [72.51132, 22.99729], [72.51129, 22.99733], [72.50944, 22.99972], [72.50837, 23.00102], [72.5075, 23.00212], [72.50736, 23.00253], [72.50799, 23.00304], [72.51037, 23.00489], [72.51255, 23.00653], [72.51332, 23.00702], [72.5139, 23.00738], [72.51446, 23.00756], [72.51475, 23.00766], [72.51509, 23.00776], [72.51545, 23.00784], [72.51621, 23.00792], [72.51824, 23.00809], [72.52122, 23.00841], [72.52122, 23.00978], [72.5213, 23.00995], [72.52122, 23.01165], [72.52111, 23.01304], [72.52287, 23.01317], [72.52657, 23.01358], [72.52873, 23.01414]]]}}, {"type": "Feature", "properties": {"name": "Vasna", "ward_no": 31, "zone": "West", "population": 94600, "hospital_count": 21}, "geometry": {"type": "Polygon", "coordinates": [[[72.54647, 23.01143], [72.54685, 23.01087], [72.54752, 23.01034], [72.54862, 23.00952], [72.54895, 23.00922], [72.54904, 23.00914], [72.55072, 23.00749], [72.55166, 23.00657], [72.55256, 23.00569], [72.55332, 23.00491], [72.55353, 23.00471], [72.55371, 23.00468], [72.55381, 23.00441], [72.5556, 23.00274], [72.55715, 23.00118], [72.55813, 23.00021], [72.56002, 22.99924], [72.56162, 22.99868], [72.56235, 22.99822], [72.56314, 22.99757], [72.56469, 22.99663], [72.56338, 22.99566], [72.56008, 22.99297], [72.55656, 22.99025], [72.55427, 22.98836], [72.5518, 22.98637], [72.54867, 22.98474], [72.54339, 22.98238], [72.54073, 22.98588], [72.53836, 22.9894], [72.53585, 22.99292], [72.53402, 22.99544], [72.5357, 22.99601], [72.53555, 22.99611], [72.53544, 22.9968], [72.53546, 22.99805], [72.53542, 22.99845], [72.53483, 22.99849], [72.5346, 22.99951], [72.53643, 22.9997], [72.53668, 22.99972], [72.53668, 22.99973], [72.53617, 23.00074], [72.53771, 23.00085], [72.53873, 23.00092], [72.53925, 23.00092], [72.53927, 23.00129], [72.53943, 23.00173], [72.53985, 23.00294], [72.53988, 23.00366], [72.53987, 23.00473], [72.53952, 23.00591], [72.53921, 23.00641], [72.53882, 23.00703], [72.53856, 23.00746], [72.53842, 23.00764], [72.53761, 23.00743], [72.53751, 23.00755], [72.53706, 23.00808], [72.5346, 23.00785], [72.53449, 23.0082], [72.53441, 23.00848], [72.5344, 23.00876], [72.53438, 23.00906], [72.53433, 23.00954], [72.53433, 23.0096], [72.53543, 23.00972], [72.53821, 23.00997], [72.5398, 23.01021], [72.54321, 23.01139], [72.54534, 23.01227], [72.54603, 23.0126], [72.54647, 23.01143]]]}}, {"type": "Feature", "properties": {"name": "Paldi", "ward_no": 30, "zone": "West", "population": 79800, "hospital_count": 66}, "geometry": {"type": "Polygon", "coordinates": [[[72.57342, 23.0227], [72.57603, 23.02255], [72.57623, 23.0208], [72.5761, 23.01699], [72.57604, 23.0165], [72.57568, 23.01379], [72.57495, 23.01141], [72.57488, 23.01118], [72.57338, 23.00798], [72.57154, 23.0049], [72.5691, 23.00182], [72.56492, 22.99679], [72.56469, 22.99663], [72.56314, 22.99757], [72.56235, 22.99822], [72.56162, 22.99868], [72.56002, 22.99924], [72.55813, 23.00021], [72.55715, 23.00118], [72.5556, 23.00274], [72.55381, 23.00441], [72.55371, 23.00468], [72.55353, 23.00471], [72.55332, 23.00491], [72.55256, 23.00569], [72.55166, 23.00657], [72.55072, 23.00749], [72.54904, 23.00914], [72.54895, 23.00922], [72.54862, 23.00952], [72.54752, 23.01034], [72.54685, 23.01087], [72.54647, 23.01143], [72.54603, 23.0126], [72.54556, 23.01416], [72.54691, 23.01453], [72.5478, 23.01485], [72.5482, 23.0154], [72.54935, 23.01645], [72.55005, 23.01692], [72.55087, 23.01754], [72.55222, 23.01873], [72.55295, 23.01927], [72.55358, 23.01957], [72.55469, 23.0198], [72.55498, 23.01987], [72.55518, 23.02009], [72.55544, 23.01994], [72.55585, 23.01976], [72.55655, 23.01949], [72.55677, 23.01945], [72.55723, 23.01952], [72.55747, 23.01959], [72.55778, 23.01964], [72.55809, 23.01963], [72.5581, 23.01985], [72.56122, 23.0203], [72.563, 23.0206], [72.56461, 23.02107], [72.56587, 23.02142], [72.56779, 23.022], [72.56893, 23.02227], [72.57157, 23.02244], [72.57175, 23.02248], [72.57187, 23.02273], [72.57204, 23.02281], [72.57342, 23.0227]]]}}, {"type": "Feature", "properties": {"name": "Jamalpur", "ward_no": 29, "zone": "Central", "population": 94200, "hospital_count": 8}, "geometry": {"type": "Polygon", "coordinates": [[[72.57956, 23.03572], [72.5797, 23.03573], [72.57983, 23.03575], [72.58002, 23.03575], [72.58022, 23.03573], [72.58092, 23.03571], [72.58146, 23.0357], [72.58172, 23.03569], [72.58191, 23.03555], [72.58209, 23.03544], [72.58231, 23.03539], [72.58246, 23.03525], [72.58267, 23.03509], [72.5828, 23.03494], [72.58292, 23.03482], [72.58293, 23.03471], [72.58297, 23.03417], [72.5829, 23.03359], [72.58325, 23.03356], [72.58325, 23.03356], [72.58347, 23.0336], [72.58408, 23.03373], [72.58438, 23.03378], [72.58488, 23.0338], [72.58511, 23.0338], [72.58523, 23.03378], [72.58534, 23.03372], [72.58479, 23.03288], [72.58424, 23.03185], [72.58361, 23.03074], [72.58351, 23.03057], [72.58342, 23.03042], [72.58328, 23.02983], [72.58309, 23.02923], [72.58307, 23.02892], [72.58305, 23.02854], [72.58311, 23.02791], [72.58309, 23.02757], [72.58307, 23.02693], [72.58302, 23.02639], [72.58301, 23.02635], [72.58299, 23.02579], [72.58293, 23.02541], [72.5829, 23.0249], [72.5829, 23.02478], [72.58372, 23.02477], [72.58372, 23.02477], [72.58372, 23.02473], [72.58368, 23.02445], [72.58365, 23.02415], [72.58392, 23.02376], [72.584, 23.02364], [72.58405, 23.02259], [72.58403, 23.02146], [72.58404, 23.02127], [72.58403, 23.02128], [72.58403, 23.02112], [72.58386, 23.02058], [72.58358, 23.01989], [72.58341, 23.01886], [72.58339, 23.01826], [72.58341, 23.01726], [72.5834, 23.01676], [72.58326, 23.01629], [72.58319, 23.01596], [72.58339, 23.01595], [72.58358, 23.01607], [72.58371, 23.01612], [72.58378, 23.01625], [72.58384, 23.01643], [72.58414, 23.01643], [72.58445, 23.01643], [72.58477, 23.01646], [72.58488, 23.01658], [72.58495, 23.01667], [72.58515, 23.01674], [72.58535, 23.01675], [72.58579, 23.01669], [72.58586, 23.01701], [72.58592, 23.01724], [72.58602, 23.01748], [72.58606, 23.01762], [72.58606, 23.0179], [72.58609, 23.0182], [72.58615, 23.01835], [72.5862, 23.01853], [72.58621, 23.01868], [72.58627, 23.0189], [72.5863, 23.01905], [72.58629, 23.0192], [72.58627, 23.01939], [72.5862, 23.01955], [72.58619, 23.01964], [72.58666, 23.01938], [72.58704, 23.01918], [72.5879, 23.01882], [72.5886, 23.01853], [72.58926, 23.01831], [72.58938, 23.01823], [72.58943, 23.01813], [72.58959, 23.01776], [72.58969, 23.0176], [72.58984, 23.01739], [72.59007, 23.01716], [72.59027, 23.01698], [72.59052, 23.01684], [72.59074, 23.01677], [72.59102, 23.01671], [72.59093, 23.01559], [72.59131, 23.01395], [72.59003, 23.01315], [72.58957, 23.01291], [72.58892, 23.01267], [72.58711, 23.012], [72.58396, 23.01102], [72.5809, 23.01006], [72.57957, 23.01028], [72.57885, 23.01045], [72.5787, 23.01047], [72.57433, 23.01116], [72.57506, 23.01353], [72.57542, 23.01624], [72.57548, 23.01673], [72.57561, 23.02054], [72.5754, 23.02229], [72.57484, 23.02711], [72.57413, 23.03011], [72.57398, 23.03075], [72.57339, 23.03451], [72.57592, 23.03446], [72.57685, 23.03445], [72.5769, 23.03338], [72.57707, 23.0321], [72.57753, 23.03209], [72.57745, 23.03188], [72.57776, 23.03181], [72.57879, 23.03135], [72.57901, 23.03186], [72.57921, 23.0323], [72.57928, 23.03251], [72.57934, 23.03306], [72.57945, 23.03389], [72.57948, 23.03411], [72.57948, 23.0345], [72.5795, 23.03528], [72.57956, 23.03572]]]}}, {"type": "Feature", "properties": {"name": "Khadia", "ward_no": 28, "zone": "Central", "population": 68150, "hospital_count": 21}, "geometry": {"type": "Polygon", "coordinates": [[[72.59494, 23.02957], [72.59505, 23.02956], [72.59548, 23.0298], [72.59597, 23.03002], [72.5964, 23.03021], [72.59675, 23.03035], [72.59707, 23.03052], [72.59731, 23.03064], [72.59779, 23.03078], [72.59796, 23.03083], [72.59879, 23.0312], [72.59955, 23.03219], [72.60037, 23.03306], [72.60077, 23.03324], [72.60117, 23.03328], [72.60157, 23.03324], [72.60132, 23.03167], [72.6012, 23.03039], [72.6012, 23.02788], [72.60127, 23.02642], [72.60127, 23.02423], [72.60147, 23.02262], [72.60186, 23.0212], [72.60217, 23.02056], [72.60335, 23.01718], [72.60481, 23.01355], [72.60142, 23.01253], [72.60066, 23.01242], [72.60008, 23.01223], [72.59927, 23.01207], [72.59787, 23.012], [72.59745, 23.0118], [72.59688, 23.01238], [72.59426, 23.01194], [72.59242, 23.01158], [72.59196, 23.01297], [72.59174, 23.01346], [72.59135, 23.01397], [72.59097, 23.01561], [72.59106, 23.01673], [72.59078, 23.01679], [72.59057, 23.01686], [72.59032, 23.017], [72.59011, 23.01718], [72.58988, 23.01741], [72.58973, 23.01762], [72.58964, 23.01778], [72.58947, 23.01815], [72.58942, 23.01825], [72.58931, 23.01833], [72.58864, 23.01855], [72.58794, 23.01884], [72.58709, 23.0192], [72.5867, 23.0194], [72.58623, 23.01966], [72.58625, 23.01957], [72.58631, 23.0194], [72.58633, 23.01922], [72.58634, 23.01907], [72.58632, 23.01892], [72.58626, 23.0187], [72.58625, 23.01854], [72.5862, 23.01837], [72.58613, 23.01822], [72.5861, 23.01792], [72.5861, 23.01764], [72.58606, 23.0175], [72.58597, 23.01725], [72.5859, 23.01703], [72.58583, 23.01671], [72.58539, 23.01677], [72.58519, 23.01676], [72.58499, 23.01669], [72.58492, 23.0166], [72.58481, 23.01648], [72.5845, 23.01645], [72.58418, 23.01645], [72.58388, 23.01645], [72.58383, 23.01627], [72.58375, 23.01614], [72.58363, 23.01609], [72.58343, 23.01597], [72.58323, 23.01598], [72.5833, 23.01631], [72.58345, 23.01678], [72.58346, 23.01728], [72.58343, 23.01828], [72.58345, 23.01888], [72.58363, 23.01991], [72.5839, 23.0206], [72.58407, 23.02114], [72.58407, 23.0213], [72.58408, 23.02129], [72.58407, 23.02148], [72.5841, 23.02261], [72.58405, 23.02366], [72.58397, 23.02378], [72.58369, 23.02417], [72.58373, 23.02447], [72.58376, 23.02475], [72.58377, 23.02479], [72.58377, 23.02479], [72.58295, 23.0248], [72.58295, 23.02492], [72.58298, 23.02543], [72.58303, 23.02581], [72.58306, 23.02637], [72.58306, 23.02641], [72.58365, 23.02638], [72.58418, 23.02636], [72.58463, 23.02641], [72.58502, 23.02651], [72.58549, 23.02669], [72.58607, 23.02699], [72.58656, 23.02726], [72.58705, 23.02753], [72.58739, 23.02755], [72.58791, 23.02758], [72.58873, 23.02778], [72.58912, 23.02788], [72.58919, 23.028], [72.58927, 23.02812], [72.58963, 23.02851], [72.58984, 23.02875], [72.59004, 23.02895], [72.59022, 23.02914], [72.59041, 23.02939], [72.59066, 23.02973], [72.59079, 23.02987], [72.59081, 23.02997], [72.5908, 23.03046], [72.5908, 23.03093], [72.59077, 23.03114], [72.5907, 23.03148], [72.59062, 23.03183], [72.59055, 23.03218], [72.59055, 23.03218], [72.59055, 23.03219], [72.59068, 23.03229], [72.59078, 23.03235], [72.59089, 23.03237], [72.59114, 23.03234], [72.59144, 23.03229], [72.59162, 23.03228], [72.59176, 23.03227], [72.59186, 23.03224], [72.592, 23.03219], [72.59262, 23.03203], [72.59276, 23.032], [72.59297, 23.03202], [72.59316, 23.03201], [72.59332, 23.03197], [72.59346, 23.03185], [72.59359, 23.03171], [72.59378, 23.03146], [72.59398, 23.03107], [72.59417, 23.03068], [72.5944, 23.03025], [72.5946, 23.02997], [72.59473, 23.02986], [72.59494, 23.02957]]]}}, {"type": "Feature", "properties": {"name": "Saraspur - Rakhiyal", "ward_no": 27, "zone": "North", "population": 134200, "hospital_count": 3}, "geometry": {"type": "Polygon", "coordinates": [[[72.6231, 23.03961], [72.62197, 23.03855], [72.62296, 23.03818], [72.62293, 23.03792], [72.62243, 23.03668], [72.62172, 23.03488], [72.62237, 23.03482], [72.62232, 23.03333], [72.62212, 23.03135], [72.62205, 23.02999], [72.62207, 23.02866], [72.62274, 23.0286], [72.62443, 23.02856], [72.62514, 23.02857], [72.6267, 23.02848], [72.62668, 23.0276], [72.62687, 23.0272], [72.62685, 23.02499], [72.62685, 23.02442], [72.62698, 23.02406], [72.62705, 23.02317], [72.62718, 23.02247], [72.6261, 23.02207], [72.6259, 23.02201], [72.62485, 23.0217], [72.62416, 23.02152], [72.62368, 23.02149], [72.62331, 23.02158], [72.62256, 23.02183], [72.62169, 23.02207], [72.62095, 23.0222], [72.62012, 23.02231], [72.61963, 23.02234], [72.61823, 23.02218], [72.61746, 23.0222], [72.61673, 23.02218], [72.61593, 23.0222], [72.615, 23.02216], [72.61414, 23.02215], [72.61452, 23.02276], [72.61468, 23.02308], [72.61409, 23.0253], [72.61354, 23.02607], [72.60986, 23.02576], [72.60911, 23.02629], [72.60856, 23.02587], [72.60803, 23.02554], [72.60659, 23.02468], [72.60599, 23.02549], [72.60572, 23.02562], [72.60523, 23.02574], [72.60497, 23.0262], [72.60478, 23.02647], [72.6045, 23.02664], [72.60393, 23.02692], [72.60371, 23.02699], [72.60317, 23.02661], [72.60129, 23.0264], [72.60122, 23.02786], [72.60122, 23.03037], [72.60135, 23.03165], [72.60159, 23.03322], [72.60219, 23.03318], [72.60283, 23.03262], [72.60349, 23.03168], [72.60423, 23.03189], [72.60549, 23.03226], [72.60689, 23.03273], [72.60686, 23.03284], [72.60693, 23.03329], [72.60709, 23.03345], [72.60911, 23.03351], [72.60907, 23.03418], [72.60911, 23.03472], [72.6092, 23.03486], [72.60959, 23.03513], [72.61052, 23.03571], [72.61135, 23.03624], [72.61197, 23.03643], [72.61272, 23.03663], [72.61526, 23.03786], [72.61752, 23.03861], [72.61986, 23.03938], [72.62149, 23.03945], [72.62271, 23.03978], [72.62327, 23.03995], [72.6231, 23.03961]]]}}, {"type": "Feature", "properties": {"name": "Bapunagar", "ward_no": 26, "zone": "North", "population": 128650, "hospital_count": 14}, "geometry": {"type": "Polygon", "coordinates": [[[72.62996, 23.03884], [72.63046, 23.03883], [72.63101, 23.0389], [72.63303, 23.03895], [72.63685, 23.03913], [72.63786, 23.03916], [72.63895, 23.03916], [72.64023, 23.03911], [72.63997, 23.03665], [72.63965, 23.03455], [72.63944, 23.0331], [72.63918, 23.03081], [72.63891, 23.02811], [72.63887, 23.02717], [72.63887, 23.02716], [72.63856, 23.02699], [72.6373, 23.02652], [72.63283, 23.0244], [72.63278, 23.02386], [72.632, 23.02391], [72.63089, 23.02387], [72.63064, 23.02384], [72.6304, 23.02378], [72.62705, 23.02257], [72.62692, 23.02327], [72.62685, 23.02416], [72.62672, 23.02452], [72.62672, 23.02509], [72.62674, 23.0273], [72.62655, 23.0277], [72.62657, 23.02858], [72.62501, 23.02867], [72.62431, 23.02866], [72.62261, 23.0287], [72.62194, 23.02875], [72.62192, 23.03009], [72.622, 23.03145], [72.62219, 23.03343], [72.62224, 23.03492], [72.62159, 23.03497], [72.6223, 23.03678], [72.6228, 23.03802], [72.62283, 23.03828], [72.62184, 23.03865], [72.62297, 23.03971], [72.62314, 23.04005], [72.6238, 23.04048], [72.62418, 23.04075], [72.62522, 23.04049], [72.62597, 23.04024], [72.62785, 23.03939], [72.62871, 23.03916], [72.62996, 23.03884]]]}}, {"type": "Feature", "properties": {"name": "Viratnagar", "ward_no": 25, "zone": "East", "population": 118900, "hospital_count": 8}, "geometry": {"type": "Polygon", "coordinates": [[[72.65639, 23.04071], [72.65612, 23.04057], [72.6561, 23.04041], [72.65604, 23.04019], [72.65601, 23.04001], [72.65604, 23.03962], [72.6561, 23.03906], [72.65613, 23.03853], [72.65616, 23.03842], [72.65619, 23.03843], [72.65622, 23.03807], [72.657, 23.038], [72.65778, 23.03815], [72.65883, 23.03879], [72.65878, 23.0374], [72.65918, 23.03565], [72.65968, 23.03565], [72.65976, 23.03539], [72.65999, 23.03545], [72.65975, 23.03458], [72.65922, 23.03448], [72.6586, 23.03454], [72.65858, 23.03468], [72.65825, 23.03453], [72.65875, 23.03374], [72.65876, 23.03341], [72.65886, 23.03277], [72.65885, 23.03214], [72.65642, 23.03195], [72.65456, 23.03182], [72.65307, 23.03165], [72.65182, 23.03139], [72.65165, 23.03134], [72.65068, 23.03111], [72.64962, 23.03088], [72.64902, 23.03072], [72.64869, 23.03061], [72.64909, 23.02941], [72.64914, 23.02934], [72.64934, 23.02931], [72.64948, 23.02917], [72.64964, 23.02856], [72.64966, 23.0278], [72.64966, 23.02726], [72.64959, 23.02688], [72.64939, 23.02613], [72.64924, 23.02559], [72.64903, 23.02512], [72.64872, 23.02453], [72.64861, 23.02401], [72.64848, 23.02232], [72.64837, 23.02198], [72.64825, 23.0216], [72.64815, 23.02142], [72.6479, 23.02123], [72.64607, 23.02043], [72.6453, 23.02007], [72.64335, 23.01885], [72.64242, 23.0182], [72.64224, 23.01773], [72.64216, 23.01704], [72.64201, 23.01492], [72.64184, 23.01485], [72.64078, 23.01488], [72.63903, 23.01448], [72.63868, 23.01448], [72.63863, 23.01463], [72.63853, 23.02043], [72.63582, 23.02003], [72.63377, 23.01993], [72.63274, 23.01995], [72.63218, 23.02002], [72.63051, 23.01998], [72.62837, 23.02004], [72.62695, 23.02029], [72.62591, 23.02059], [72.62583, 23.02183], [72.62604, 23.02189], [72.62711, 23.02229], [72.63046, 23.02351], [72.6307, 23.02357], [72.63096, 23.02359], [72.63207, 23.02364], [72.63285, 23.02358], [72.6329, 23.02412], [72.63736, 23.02624], [72.63862, 23.02671], [72.63894, 23.02689], [72.63894, 23.02689], [72.63897, 23.02783], [72.63924, 23.03054], [72.63951, 23.03282], [72.63972, 23.03427], [72.64003, 23.03637], [72.64029, 23.03883], [72.64114, 23.03878], [72.64196, 23.03862], [72.6425, 23.03839], [72.64473, 23.03824], [72.64593, 23.03828], [72.64726, 23.03845], [72.64865, 23.03899], [72.64982, 23.03924], [72.65108, 23.03965], [72.65235, 23.03994], [72.6529, 23.04014], [72.65301, 23.04026], [72.65432, 23.04047], [72.65594, 23.04068], [72.65639, 23.04071]]]}}, {"type": "Feature", "properties": {"name": "Nikol", "ward_no": 24, "zone": "East", "population": 153285, "hospital_count": 8}, "geometry": {"type": "Polygon", "coordinates": [[[72.67657, 23.06808], [72.67697, 23.06786], [72.67759, 23.06793], [72.67866, 23.06758], [72.67917, 23.06746], [72.67951, 23.06737], [72.68002, 23.06726], [72.68041, 23.0669], [72.68095, 23.06644], [72.68109, 23.06598], [72.68132, 23.06539], [72.68133, 23.06531], [72.68145, 23.06518], [72.68123, 23.06498], [72.68116, 23.06479], [72.68123, 23.06451], [72.68123, 23.06442], [72.6813, 23.06437], [72.6812, 23.06411], [72.68112, 23.06386], [72.68096, 23.06344], [72.68098, 23.06294], [72.68104, 23.0623], [72.6811, 23.06175], [72.68004, 23.06034], [72.6799, 23.06], [72.67997, 23.05996], [72.67999, 23.0598], [72.68015, 23.05872], [72.68011, 23.05828], [72.68004, 23.05786], [72.68157, 23.05735], [72.68167, 23.05732], [72.68213, 23.05723], [72.68249, 23.05694], [72.6826, 23.05689], [72.68362, 23.05646], [72.68394, 23.05593], [72.68457, 23.05486], [72.68458, 23.05477], [72.68461, 23.05428], [72.6842, 23.05351], [72.68419, 23.05305], [72.68416, 23.05238], [72.68415, 23.05193], [72.68415, 23.0517], [72.68409, 23.05144], [72.68412, 23.0512], [72.68405, 23.05109], [72.68368, 23.04999], [72.68363, 23.04988], [72.68311, 23.04862], [72.68311, 23.04855], [72.68273, 23.0477], [72.68269, 23.04755], [72.68271, 23.0474], [72.68341, 23.04741], [72.68349, 23.04696], [72.68374, 23.04679], [72.68392, 23.04663], [72.68402, 23.04619], [72.68415, 23.04568], [72.6841, 23.04546], [72.68404, 23.04506], [72.68392, 23.04493], [72.68344, 23.04429], [72.68288, 23.04348], [72.68263, 23.04329], [72.68263, 23.04321], [72.68263, 23.04244], [72.68263, 23.04184], [72.68264, 23.04116], [72.68265, 23.04103], [72.68263, 23.04079], [72.68259, 23.04038], [72.68263, 23.04035], [72.68283, 23.0397], [72.68293, 23.03948], [72.68327, 23.03888], [72.6832, 23.03875], [72.68377, 23.03842], [72.68424, 23.03815], [72.68468, 23.03786], [72.68483, 23.03781], [72.68491, 23.03761], [72.68498, 23.03749], [72.68521, 23.03696], [72.68551, 23.03664], [72.68574, 23.03635], [72.68592, 23.0362], [72.68684, 23.03572], [72.68683, 23.03468], [72.687, 23.03463], [72.68872, 23.03469], [72.68851, 23.03396], [72.68851, 23.03321], [72.68736, 23.03305], [72.6872, 23.03297], [72.68691, 23.0319], [72.68651, 23.03125], [72.68593, 23.03074], [72.68556, 23.03073], [72.6852, 23.03055], [72.68519, 23.03], [72.68529, 23.02938], [72.68535, 23.02839], [72.68515, 23.02678], [72.6853, 23.0261], [72.68482, 23.0259], [72.68469, 23.02471], [72.68363, 23.02464], [72.68298, 23.0246], [72.68222, 23.02454], [72.68204, 23.02452], [72.67983, 23.02453], [72.67935, 23.02457], [72.67934, 23.0247], [72.67914, 23.02604], [72.67912, 23.02639], [72.67904, 23.02752], [72.67854, 23.02753], [72.67662, 23.02718], [72.67624, 23.02789], [72.67555, 23.02779], [72.67496, 23.0277], [72.67452, 23.02767], [72.67423, 23.02769], [72.67422, 23.02769], [72.67418, 23.02771], [72.67378, 23.02785], [72.67386, 23.02814], [72.674, 23.02858], [72.67388, 23.02877], [72.67365, 23.02932], [72.6736, 23.02945], [72.67338, 23.02998], [72.67318, 23.03055], [72.67313, 23.0307], [72.6729, 23.03145], [72.67275, 23.03151], [72.67211, 23.03159], [72.67065, 23.03191], [72.67039, 23.03197], [72.67009, 23.03203], [72.66978, 23.0321], [72.66951, 23.03216], [72.66924, 23.03222], [72.66902, 23.03227], [72.66867, 23.03228], [72.66728, 23.03268], [72.66534, 23.03268], [72.66352, 23.0325], [72.663, 23.03245], [72.66232, 23.03235], [72.66108, 23.03195], [72.66045, 23.03196], [72.66, 23.03197], [72.65882, 23.03214], [72.65883, 23.03277], [72.65873, 23.03341], [72.65872, 23.03374], [72.65822, 23.03453], [72.65855, 23.03468], [72.65857, 23.03454], [72.65919, 23.03448], [72.65972, 23.03458], [72.65996, 23.03545], [72.65972, 23.03539], [72.65965, 23.03565], [72.65915, 23.03565], [72.65875, 23.0374], [72.6588, 23.03879], [72.65775, 23.03815], [72.65696, 23.038], [72.65619, 23.03807], [72.65616, 23.03843], [72.65613, 23.03842], [72.6561, 23.03853], [72.65607, 23.03906], [72.65601, 23.03962], [72.65598, 23.04001], [72.65601, 23.04019], [72.65606, 23.04041], [72.65608, 23.04057], [72.65636, 23.04071], [72.65591, 23.04068], [72.65429, 23.04047], [72.65298, 23.04026], [72.65319, 23.04047], [72.65333, 23.04099], [72.65287, 23.04116], [72.65272, 23.04173], [72.65288, 23.04185], [72.65287, 23.04241], [72.65314, 23.04316], [72.65365, 23.04324], [72.65366, 23.04325], [72.65365, 23.04331], [72.65352, 23.04379], [72.65399, 23.04436], [72.65378, 23.0452], [72.65452, 23.04571], [72.65423, 23.0462], [72.65448, 23.04691], [72.65438, 23.04721], [72.65332, 23.04715], [72.65326, 23.04732], [72.65302, 23.04757], [72.65308, 23.04832], [72.65351, 23.04838], [72.65321, 23.04911], [72.65291, 23.05014], [72.65745, 23.04966], [72.65765, 23.05179], [72.65786, 23.05395], [72.65822, 23.05654], [72.65845, 23.05809], [72.65871, 23.0584], [72.65923, 23.05951], [72.65968, 23.05949], [72.65995, 23.05919], [72.66027, 23.05886], [72.66084, 23.05877], [72.66139, 23.05882], [72.66141, 23.05967], [72.66209, 23.0597], [72.66201, 23.06029], [72.66199, 23.0604], [72.66186, 23.06123], [72.66181, 23.06157], [72.66181, 23.06176], [72.6618, 23.06183], [72.66178, 23.06238], [72.66174, 23.06309], [72.66241, 23.0631], [72.66244, 23.0637], [72.66238, 23.06443], [72.66235, 23.06471], [72.6624, 23.06495], [72.66232, 23.06551], [72.66234, 23.06578], [72.66232, 23.06597], [72.66227, 23.06611], [72.66224, 23.06634], [72.66212, 23.06691], [72.66208, 23.06699], [72.66196, 23.06762], [72.66195, 23.06765], [72.66191, 23.06768], [72.66155, 23.06792], [72.6615, 23.06818], [72.66132, 23.06826], [72.66262, 23.06888], [72.66269, 23.06891], [72.6629, 23.06906], [72.66302, 23.06938], [72.66307, 23.07074], [72.66314, 23.07139], [72.66352, 23.07148], [72.66561, 23.07098], [72.66708, 23.07079], [72.66998, 23.07025], [72.67249, 23.06993], [72.67442, 23.06981], [72.67618, 23.06953], [72.67593, 23.06815], [72.67616, 23.0681], [72.67657, 23.06808]]]}}, {"type": "Feature", "properties": {"name": "Thakkar Bapanagar", "ward_no": 23, "zone": "North", "population": 141200, "hospital_count": 6}, "geometry": {"type": "Polygon", "coordinates": [[[72.65266, 23.06241], [72.65262, 23.0623], [72.65328, 23.06224], [72.65397, 23.06217], [72.65407, 23.06216], [72.65472, 23.06214], [72.65519, 23.06212], [72.65523, 23.06178], [72.65521, 23.06169], [72.6553, 23.0614], [72.65519, 23.06024], [72.65537, 23.06011], [72.65568, 23.0601], [72.65579, 23.05963], [72.65604, 23.05957], [72.65612, 23.05955], [72.65646, 23.05946], [72.6569, 23.05934], [72.65691, 23.05934], [72.65691, 23.05934], [72.65692, 23.05934], [72.65692, 23.05934], [72.65693, 23.05933], [72.65693, 23.05933], [72.65693, 23.05933], [72.65694, 23.05933], [72.65694, 23.05933], [72.65695, 23.05933], [72.65695, 23.05933], [72.65696, 23.05934], [72.65696, 23.05934], [72.65696, 23.05934], [72.65697, 23.05934], [72.65697, 23.05934], [72.65698, 23.05934], [72.65698, 23.05934], [72.65698, 23.05934], [72.65699, 23.05934], [72.65699, 23.05935], [72.657, 23.05935], [72.657, 23.05935], [72.657, 23.05935], [72.65701, 23.05935], [72.65701, 23.05936], [72.65701, 23.05936], [72.65702, 23.05936], [72.65702, 23.05936], [72.65702, 23.05937], [72.65703, 23.05937], [72.65703, 23.05937], [72.65703, 23.05937], [72.65704, 23.05938], [72.65704, 23.05938], [72.65704, 23.05938], [72.65704, 23.05939], [72.65705, 23.05939], [72.65705, 23.05939], [72.65705, 23.0594], [72.65705, 23.0594], [72.65705, 23.05941], [72.65706, 23.05941], [72.65706, 23.05941], [72.65706, 23.05942], [72.65706, 23.05942], [72.65706, 23.05942], [72.65706, 23.05943], [72.65706, 23.05943], [72.65725, 23.05945], [72.65794, 23.05942], [72.65813, 23.05943], [72.65833, 23.05943], [72.6591, 23.0595], [72.65926, 23.05949], [72.65875, 23.05838], [72.65849, 23.05807], [72.65825, 23.05652], [72.65789, 23.05393], [72.65768, 23.05177], [72.65749, 23.04964], [72.65294, 23.05012], [72.65325, 23.04909], [72.65354, 23.04836], [72.65311, 23.0483], [72.65305, 23.04755], [72.6533, 23.0473], [72.65335, 23.04713], [72.65441, 23.04719], [72.65451, 23.04689], [72.65426, 23.04618], [72.65455, 23.04569], [72.65381, 23.04518], [72.65402, 23.04434], [72.65355, 23.04377], [72.65368, 23.04329], [72.65369, 23.04323], [72.65368, 23.04322], [72.65318, 23.04314], [72.6529, 23.04239], [72.65291, 23.04183], [72.65275, 23.04171], [72.65291, 23.04114], [72.65336, 23.04097], [72.65323, 23.04045], [72.65301, 23.04024], [72.6529, 23.04012], [72.65235, 23.03992], [72.65108, 23.03963], [72.64982, 23.03922], [72.64865, 23.03897], [72.64726, 23.03843], [72.64593, 23.03826], [72.64473, 23.03822], [72.6425, 23.03837], [72.64196, 23.0386], [72.64114, 23.03876], [72.64029, 23.03881], [72.6403, 23.0389], [72.64044, 23.03948], [72.64059, 23.03975], [72.6412, 23.04596], [72.64197, 23.05109], [72.64256, 23.05409], [72.64297, 23.05735], [72.64324, 23.05709], [72.64413, 23.05699], [72.64566, 23.05677], [72.64625, 23.05671], [72.6465, 23.0567], [72.64674, 23.05665], [72.64698, 23.05633], [72.64706, 23.05614], [72.64741, 23.05547], [72.64781, 23.05438], [72.65149, 23.05643], [72.65147, 23.05646], [72.65113, 23.05698], [72.65081, 23.05718], [72.64989, 23.05899], [72.64995, 23.05908], [72.65034, 23.06006], [72.65021, 23.06032], [72.65076, 23.06116], [72.65113, 23.06138], [72.652, 23.06233], [72.65219, 23.06231], [72.65226, 23.06242], [72.65266, 23.06241]]]}}, {"type": "Feature", "properties": {"name": "India Colony", "ward_no": 22, "zone": "North", "population": 105400, "hospital_count": 12}, "geometry": {"type": "Polygon", "coordinates": [[[72.62726, 23.05679], [72.62859, 23.05582], [72.62925, 23.05514], [72.63039, 23.05382], [72.63238, 23.05162], [72.63268, 23.05027], [72.63426, 23.04934], [72.63577, 23.04846], [72.63691, 23.04792], [72.63926, 23.04732], [72.64004, 23.04689], [72.64057, 23.04647], [72.64103, 23.04607], [72.64131, 23.04609], [72.6407, 23.03989], [72.64055, 23.03962], [72.64041, 23.03904], [72.6404, 23.03895], [72.63912, 23.039], [72.63803, 23.039], [72.63703, 23.03897], [72.63321, 23.03879], [72.63118, 23.03874], [72.63063, 23.03868], [72.63014, 23.03869], [72.62888, 23.039], [72.62802, 23.03924], [72.62614, 23.04008], [72.62539, 23.04034], [72.62435, 23.04059], [72.62397, 23.04032], [72.62332, 23.03989], [72.62275, 23.03972], [72.62153, 23.03939], [72.6199, 23.03932], [72.61756, 23.03855], [72.6153, 23.0378], [72.61276, 23.03657], [72.61201, 23.03637], [72.6114, 23.03618], [72.61056, 23.03565], [72.60964, 23.03507], [72.60925, 23.0348], [72.60916, 23.03466], [72.60911, 23.03412], [72.60915, 23.03345], [72.60713, 23.03339], [72.60697, 23.03323], [72.6069, 23.03279], [72.60693, 23.03268], [72.60554, 23.0322], [72.60427, 23.03183], [72.60353, 23.03162], [72.60287, 23.03256], [72.60223, 23.03313], [72.60164, 23.03317], [72.60169, 23.03356], [72.6017, 23.03461], [72.60163, 23.03524], [72.60143, 23.03619], [72.60126, 23.03679], [72.6009, 23.03749], [72.60056, 23.03801], [72.60246, 23.03855], [72.6049, 23.0395], [72.60702, 23.04023], [72.60877, 23.04087], [72.61043, 23.0416], [72.61125, 23.0424], [72.61206, 23.04316], [72.61455, 23.04543], [72.61789, 23.04849], [72.61866, 23.0492], [72.61937, 23.04986], [72.61986, 23.05031], [72.62223, 23.0525], [72.62527, 23.05531], [72.62688, 23.05679], [72.62726, 23.05679]]]}}, {"type": "Feature", "properties": {"name": "Dariapur", "ward_no": 21, "zone": "Central", "population": 81250, "hospital_count": 7}, "geometry": {"type": "Polygon", "coordinates": [[[72.59482, 23.04045], [72.59492, 23.04033], [72.59509, 23.0397], [72.59656, 23.0404], [72.59664, 23.0397], [72.5971, 23.03778], [72.59748, 23.03603], [72.59771, 23.03487], [72.59747, 23.03481], [72.59693, 23.03465], [72.59764, 23.03233], [72.59795, 23.03082], [72.59778, 23.03077], [72.5973, 23.03063], [72.59706, 23.03051], [72.59674, 23.03034], [72.59639, 23.03021], [72.59596, 23.03001], [72.59547, 23.02979], [72.59504, 23.02955], [72.59493, 23.02956], [72.59472, 23.02985], [72.59459, 23.02996], [72.59439, 23.03024], [72.59416, 23.03067], [72.59397, 23.03106], [72.59377, 23.03145], [72.59358, 23.0317], [72.59344, 23.03184], [72.5933, 23.03196], [72.59315, 23.032], [72.59295, 23.03201], [72.59275, 23.03199], [72.59261, 23.03202], [72.59198, 23.03218], [72.59185, 23.03224], [72.59175, 23.03227], [72.59161, 23.03227], [72.59143, 23.03228], [72.59113, 23.03233], [72.59088, 23.03236], [72.59077, 23.03235], [72.59067, 23.03228], [72.59054, 23.03218], [72.59054, 23.03218], [72.59054, 23.03217], [72.59061, 23.03182], [72.59069, 23.03147], [72.59076, 23.03113], [72.59079, 23.03092], [72.59079, 23.03045], [72.5908, 23.02996], [72.59078, 23.02986], [72.59065, 23.02972], [72.59039, 23.02938], [72.59021, 23.02913], [72.59003, 23.02894], [72.58983, 23.02874], [72.58962, 23.0285], [72.58926, 23.02811], [72.58918, 23.02799], [72.58911, 23.02787], [72.58872, 23.02777], [72.5879, 23.02757], [72.58737, 23.02754], [72.58704, 23.02752], [72.58655, 23.02725], [72.58606, 23.02698], [72.58548, 23.02668], [72.58501, 23.0265], [72.58462, 23.0264], [72.58417, 23.02636], [72.58364, 23.02637], [72.58305, 23.0264], [72.5831, 23.02694], [72.58312, 23.02758], [72.58314, 23.02792], [72.58308, 23.02855], [72.5831, 23.02893], [72.58312, 23.02924], [72.58331, 23.02984], [72.58345, 23.03043], [72.58355, 23.03058], [72.58364, 23.03075], [72.58427, 23.03186], [72.58482, 23.03289], [72.58537, 23.03373], [72.58527, 23.03379], [72.58515, 23.03381], [72.58491, 23.03381], [72.58442, 23.03379], [72.58411, 23.03374], [72.5835, 23.03361], [72.58329, 23.03357], [72.58328, 23.03357], [72.58293, 23.0336], [72.583, 23.03418], [72.58296, 23.03472], [72.58295, 23.03483], [72.58283, 23.03495], [72.5827, 23.0351], [72.58249, 23.03526], [72.58234, 23.0354], [72.58213, 23.03545], [72.58194, 23.03556], [72.58175, 23.0357], [72.58149, 23.03571], [72.58095, 23.03572], [72.58025, 23.03574], [72.58005, 23.03576], [72.57986, 23.03576], [72.57973, 23.03574], [72.57959, 23.03573], [72.5796, 23.03581], [72.57967, 23.03651], [72.57976, 23.03719], [72.57982, 23.03772], [72.57991, 23.03795], [72.5799, 23.03854], [72.57992, 23.03935], [72.58312, 23.03894], [72.58665, 23.03816], [72.58805, 23.03783], [72.58849, 23.03773], [72.5896, 23.03751], [72.59056, 23.03744], [72.59191, 23.03754], [72.59315, 23.03759], [72.59315, 23.03765], [72.59314, 23.0381], [72.59332, 23.03932], [72.59353, 23.04077], [72.59482, 23.04045]]]}}, {"type": "Feature", "properties": {"name": "Jodhpur", "ward_no": 20, "zone": "Southwest", "population": 104001, "hospital_count": 35}, "geometry": {"type": "Polygon", "coordinates": [[[72.49273, 23.02824], [72.49493, 23.02792], [72.49788, 23.02788], [72.50147, 23.02777], [72.50343, 23.02764], [72.50721, 23.0274], [72.50791, 23.02716], [72.51043, 23.02731], [72.51228, 23.02736], [72.51596, 23.02787], [72.5175, 23.02765], [72.51899, 23.02802], [72.51952, 23.02788], [72.52062, 23.02782], [72.52162, 23.02773], [72.52356, 23.03024], [72.52378, 23.03042], [72.52402, 23.03045], [72.52427, 23.03043], [72.52566, 23.03188], [72.52651, 23.03133], [72.52713, 23.03093], [72.52751, 23.03069], [72.52775, 23.0303], [72.52798, 23.03012], [72.52829, 23.02979], [72.52854, 23.02952], [72.52868, 23.0294], [72.52894, 23.02924], [72.53011, 23.02843], [72.53054, 23.0276], [72.53092, 23.02681], [72.53116, 23.02637], [72.53124, 23.02627], [72.53136, 23.02608], [72.53153, 23.02583], [72.53236, 23.02491], [72.53247, 23.02479], [72.53283, 23.02466], [72.53322, 23.02444], [72.53383, 23.02421], [72.53438, 23.024], [72.53446, 23.02338], [72.53453, 23.02319], [72.53483, 23.02237], [72.53486, 23.02229], [72.53493, 23.02218], [72.53513, 23.02184], [72.5354, 23.02143], [72.53549, 23.02127], [72.53588, 23.02044], [72.53614, 23.01989], [72.53641, 23.01929], [72.53654, 23.01909], [72.53674, 23.01863], [72.53694, 23.01748], [72.53699, 23.01641], [72.53695, 23.01587], [72.53639, 23.01523], [72.53576, 23.01495], [72.53561, 23.01475], [72.53551, 23.01454], [72.53544, 23.01421], [72.5353, 23.01383], [72.53512, 23.01332], [72.53486, 23.0126], [72.53476, 23.01253], [72.5345, 23.0113], [72.53425, 23.01123], [72.53408, 23.01007], [72.53404, 23.00972], [72.53209, 23.00948], [72.52978, 23.00923], [72.52965, 23.01044], [72.5292, 23.0104], [72.52891, 23.01251], [72.52873, 23.01414], [72.52657, 23.01358], [72.52287, 23.01317], [72.52111, 23.01304], [72.51779, 23.01281], [72.51517, 23.01263], [72.5136, 23.0125], [72.51103, 23.01204], [72.50697, 23.01196], [72.5034, 23.01185], [72.50258, 23.01223], [72.50081, 23.01197], [72.49654, 23.01119], [72.49166, 23.00996], [72.48257, 23.01014], [72.47843, 23.0102], [72.47342, 23.01025], [72.46788, 23.01033], [72.46823, 23.01063], [72.46862, 23.01112], [72.4685, 23.01159], [72.46917, 23.01195], [72.46944, 23.0116], [72.47021, 23.01183], [72.47013, 23.01231], [72.47325, 23.01353], [72.47417, 23.01384], [72.47516, 23.01449], [72.47636, 23.01524], [72.47672, 23.01524], [72.47714, 23.01525], [72.47817, 23.01452], [72.47997, 23.01546], [72.47988, 23.0155], [72.48124, 23.01637], [72.48176, 23.01682], [72.48254, 23.0175], [72.48317, 23.01814], [72.48367, 23.01853], [72.48416, 23.01936], [72.48431, 23.01955], [72.48486, 23.01991], [72.48524, 23.02025], [72.48658, 23.02115], [72.48687, 23.02157], [72.48734, 23.02204], [72.48767, 23.02248], [72.48845, 23.02343], [72.48904, 23.02407], [72.48932, 23.02423], [72.48922, 23.02467], [72.48978, 23.02471], [72.49009, 23.02467], [72.49135, 23.02457], [72.49147, 23.0251], [72.4917, 23.02508], [72.49177, 23.02507], [72.49177, 23.02523], [72.49178, 23.02538], [72.49178, 23.02546], [72.49168, 23.02547], [72.49111, 23.02556], [72.49109, 23.02618], [72.49061, 23.02623], [72.49065, 23.02685], [72.49065, 23.02685], [72.49065, 23.02696], [72.49065, 23.0275], [72.49083, 23.02836], [72.49082, 23.02851], [72.49273, 23.02824]]]}}, {"type": "Feature", "properties": {"name": "Bodakdev", "ward_no": 19, "zone": "Northwest", "population": 95444, "hospital_count": 41}, "geometry": {"type": "Polygon", "coordinates": [[[72.53629, 23.05221], [72.53851, 23.05186], [72.53874, 23.05196], [72.53981, 23.05192], [72.5406, 23.05198], [72.54133, 23.05217], [72.54181, 23.05206], [72.54283, 23.05186], [72.54295, 23.05174], [72.54391, 23.05157], [72.5442, 23.05143], [72.54448, 23.05145], [72.54475, 23.05147], [72.54485, 23.05168], [72.54502, 23.05188], [72.54546, 23.05207], [72.5459, 23.05217], [72.54632, 23.05223], [72.54657, 23.0522], [72.54728, 23.05207], [72.54731, 23.05194], [72.54673, 23.05066], [72.54607, 23.04975], [72.54542, 23.04894], [72.54448, 23.04793], [72.54394, 23.04706], [72.5429, 23.04545], [72.54213, 23.04443], [72.54066, 23.04237], [72.5396, 23.04091], [72.53936, 23.04046], [72.53854, 23.03881], [72.53762, 23.03699], [72.53703, 23.03577], [72.53619, 23.03415], [72.5342, 23.03182], [72.53353, 23.03079], [72.53243, 23.02896], [72.53187, 23.02755], [72.53136, 23.02608], [72.53124, 23.02627], [72.53116, 23.02637], [72.53092, 23.02681], [72.53054, 23.0276], [72.53011, 23.02843], [72.52894, 23.02924], [72.52868, 23.0294], [72.52854, 23.02952], [72.52829, 23.02979], [72.52798, 23.03012], [72.52775, 23.0303], [72.52751, 23.03069], [72.52713, 23.03093], [72.52651, 23.03133], [72.52566, 23.03188], [72.52427, 23.03043], [72.52402, 23.03045], [72.52378, 23.03042], [72.52356, 23.03024], [72.52162, 23.02773], [72.52062, 23.02782], [72.51952, 23.02788], [72.51899, 23.02802], [72.5175, 23.02765], [72.51596, 23.02787], [72.51228, 23.02736], [72.51043, 23.02731], [72.50791, 23.02716], [72.50721, 23.0274], [72.50343, 23.02764], [72.50147, 23.02777], [72.49788, 23.02788], [72.49493, 23.02792], [72.49273, 23.02824], [72.49082, 23.02851], [72.49083, 23.02836], [72.49065, 23.0275], [72.49065, 23.02696], [72.49065, 23.02685], [72.49065, 23.02685], [72.49061, 23.02623], [72.49109, 23.02618], [72.49111, 23.02556], [72.49168, 23.02547], [72.49178, 23.02546], [72.49178, 23.02538], [72.49177, 23.02523], [72.49177, 23.02507], [72.4917, 23.02508], [72.49147, 23.0251], [72.49135, 23.02457], [72.49009, 23.02467], [72.48978, 23.02471], [72.48922, 23.02467], [72.48932, 23.02423], [72.48904, 23.02407], [72.48845, 23.02343], [72.48767, 23.02248], [72.48734, 23.02204], [72.48687, 23.02157], [72.48658, 23.02115], [72.48524, 23.02025], [72.48486, 23.01991], [72.48431, 23.01955], [72.48416, 23.01936], [72.48367, 23.01853], [72.48317, 23.01814], [72.48254, 23.0175], [72.48176, 23.01682], [72.48124, 23.01637], [72.47988, 23.0155], [72.47924, 23.01577], [72.47895, 23.01621], [72.4785, 23.01632], [72.47807, 23.01697], [72.47755, 23.01788], [72.47702, 23.01884], [72.47624, 23.01945], [72.47523, 23.02086], [72.47508, 23.02351], [72.47447, 23.0245], [72.47423, 23.02505], [72.4743, 23.02538], [72.47438, 23.02595], [72.47464, 23.02685], [72.47492, 23.02763], [72.47532, 23.02942], [72.47652, 23.02898], [72.47677, 23.03197], [72.47683, 23.03341], [72.47643, 23.03569], [72.47269, 23.03795], [72.47263, 23.03847], [72.47225, 23.03974], [72.47257, 23.04048], [72.47252, 23.04109], [72.47257, 23.0412], [72.47257, 23.04121], [72.47264, 23.04122], [72.47441, 23.04159], [72.47567, 23.04189], [72.47565, 23.04217], [72.47642, 23.04292], [72.47752, 23.0432], [72.47887, 23.04317], [72.48032, 23.04316], [72.48144, 23.04323], [72.48254, 23.04337], [72.48314, 23.04344], [72.48394, 23.0431], [72.48502, 23.04193], [72.48543, 23.04221], [72.48597, 23.0422], [72.48677, 23.04199], [72.48738, 23.04204], [72.48756, 23.04299], [72.48752, 23.04374], [72.48817, 23.04375], [72.48873, 23.04398], [72.48927, 23.04421], [72.48959, 23.04337], [72.4897, 23.04256], [72.48922, 23.04087], [72.48887, 23.03929], [72.48895, 23.0374], [72.4899, 23.03749], [72.49118, 23.03757], [72.49174, 23.03759], [72.49267, 23.03733], [72.49311, 23.03724], [72.49323, 23.03731], [72.49356, 23.03885], [72.49451, 23.03944], [72.4948, 23.03934], [72.49497, 23.03937], [72.49516, 23.03929], [72.49547, 23.03953], [72.49559, 23.03926], [72.49605, 23.03953], [72.49678, 23.0399], [72.49744, 23.03998], [72.49848, 23.04023], [72.49945, 23.04043], [72.49953, 23.04028], [72.49972, 23.0404], [72.50078, 23.04071], [72.50163, 23.04098], [72.50186, 23.04149], [72.50257, 23.04169], [72.5027, 23.04173], [72.50293, 23.04184], [72.50346, 23.04197], [72.50391, 23.04202], [72.50445, 23.04212], [72.50499, 23.04222], [72.50506, 23.04248], [72.50501, 23.04282], [72.50497, 23.04317], [72.50509, 23.0433], [72.50515, 23.04336], [72.50518, 23.04337], [72.50533, 23.04342], [72.50567, 23.04353], [72.50579, 23.04362], [72.50593, 23.04381], [72.50576, 23.04433], [72.50578, 23.04452], [72.50592, 23.04479], [72.50596, 23.04491], [72.50611, 23.04553], [72.50621, 23.0456], [72.50658, 23.0458], [72.50728, 23.04597], [72.50747, 23.04603], [72.50789, 23.04606], [72.50795, 23.04606], [72.50808, 23.04612], [72.50864, 23.04635], [72.50979, 23.04624], [72.51, 23.04622], [72.51058, 23.0461], [72.51093, 23.046], [72.51121, 23.04588], [72.51131, 23.04622], [72.51139, 23.04619], [72.51157, 23.04665], [72.51168, 23.04708], [72.51279, 23.04725], [72.5133, 23.04734], [72.51333, 23.04724], [72.51355, 23.04723], [72.51441, 23.04727], [72.51491, 23.04733], [72.51518, 23.04738], [72.51526, 23.04741], [72.51524, 23.04745], [72.51577, 23.04754], [72.51638, 23.04764], [72.51649, 23.04787], [72.51688, 23.04785], [72.51625, 23.04655], [72.51801, 23.04488], [72.5184, 23.04459], [72.52096, 23.04365], [72.52464, 23.0424], [72.52627, 23.04149], [72.52831, 23.04029], [72.52839, 23.04076], [72.52867, 23.04146], [72.52908, 23.04231], [72.52938, 23.04291], [72.52951, 23.04319], [72.52984, 23.04383], [72.53049, 23.04528], [72.53075, 23.04588], [72.53088, 23.04614], [72.53225, 23.04594], [72.53401, 23.04581], [72.53402, 23.04693], [72.53412, 23.04901], [72.53417, 23.05085], [72.53426, 23.05247], [72.53629, 23.05221]]]}}, {"type": "Feature", "properties": {"name": "Navrangpura", "ward_no": 18, "zone": "West", "population": 82100, "hospital_count": 77}, "geometry": {"type": "Polygon", "coordinates": [[[72.55426, 23.04696], [72.5545, 23.04693], [72.55497, 23.04702], [72.55562, 23.04721], [72.55615, 23.04737], [72.55689, 23.04748], [72.55722, 23.04754], [72.55773, 23.04758], [72.55827, 23.04761], [72.56077, 23.04777], [72.56157, 23.04779], [72.56243, 23.04779], [72.56249, 23.04778], [72.56244, 23.04757], [72.56242, 23.0474], [72.56244, 23.04697], [72.56256, 23.0459], [72.56281, 23.04414], [72.5629, 23.04373], [72.56312, 23.04302], [72.5638, 23.04166], [72.56443, 23.04009], [72.56461, 23.03981], [72.56491, 23.03978], [72.56554, 23.03995], [72.5661, 23.04006], [72.56666, 23.04018], [72.56729, 23.04029], [72.56831, 23.04041], [72.56916, 23.04047], [72.56989, 23.04052], [72.57042, 23.04048], [72.57257, 23.04035], [72.57381, 23.04026], [72.57387, 23.03771], [72.57398, 23.03501], [72.57402, 23.03476], [72.57461, 23.031], [72.57476, 23.03036], [72.57546, 23.02737], [72.57603, 23.02255], [72.57342, 23.0227], [72.57204, 23.02281], [72.57187, 23.02273], [72.57175, 23.02248], [72.57157, 23.02244], [72.56893, 23.02227], [72.56779, 23.022], [72.56587, 23.02142], [72.56461, 23.02107], [72.563, 23.0206], [72.56122, 23.0203], [72.5581, 23.01985], [72.55809, 23.01963], [72.55778, 23.01964], [72.55747, 23.01959], [72.55723, 23.01952], [72.55677, 23.01945], [72.55655, 23.01949], [72.55585, 23.01976], [72.55544, 23.01994], [72.55518, 23.02009], [72.55498, 23.01987], [72.55469, 23.0198], [72.55358, 23.01957], [72.55295, 23.01927], [72.55222, 23.01873], [72.55087, 23.01754], [72.55005, 23.01692], [72.54935, 23.01645], [72.5482, 23.0154], [72.5478, 23.01485], [72.54691, 23.01453], [72.54556, 23.01416], [72.54603, 23.0126], [72.54534, 23.01227], [72.54321, 23.01139], [72.5398, 23.01021], [72.53821, 23.00997], [72.53543, 23.00972], [72.53433, 23.0096], [72.53433, 23.00954], [72.53425, 23.00959], [72.53404, 23.00972], [72.53408, 23.01007], [72.53425, 23.01123], [72.5345, 23.0113], [72.53476, 23.01253], [72.53486, 23.0126], [72.53512, 23.01332], [72.5353, 23.01383], [72.53544, 23.01421], [72.53551, 23.01454], [72.53561, 23.01475], [72.53576, 23.01495], [72.53639, 23.01523], [72.53695, 23.01587], [72.53699, 23.01641], [72.53694, 23.01748], [72.53674, 23.01863], [72.53654, 23.01909], [72.53641, 23.01929], [72.53614, 23.01989], [72.53588, 23.02044], [72.53549, 23.02127], [72.5354, 23.02143], [72.53513, 23.02184], [72.53493, 23.02218], [72.53486, 23.02229], [72.53483, 23.02237], [72.53453, 23.02319], [72.53446, 23.02338], [72.53438, 23.024], [72.53383, 23.02421], [72.53322, 23.02444], [72.53283, 23.02466], [72.53247, 23.02479], [72.53236, 23.02491], [72.53153, 23.02583], [72.53136, 23.02608], [72.53187, 23.02755], [72.53243, 23.02896], [72.53353, 23.03079], [72.5342, 23.03182], [72.53619, 23.03415], [72.53703, 23.03577], [72.53762, 23.03699], [72.53854, 23.03881], [72.53936, 23.04046], [72.5396, 23.04091], [72.54066, 23.04237], [72.54213, 23.04443], [72.5429, 23.04545], [72.54394, 23.04706], [72.54448, 23.04793], [72.54457, 23.04792], [72.54486, 23.04782], [72.54545, 23.04768], [72.54662, 23.04745], [72.54713, 23.04739], [72.54816, 23.04738], [72.54893, 23.04738], [72.55066, 23.0474], [72.55124, 23.04738], [72.55241, 23.04726], [72.5539, 23.04709], [72.55426, 23.04696]]]}}, {"type": "Feature", "properties": {"name": "Shahpur", "ward_no": 17, "zone": "Central", "population": 72400, "hospital_count": 18}, "geometry": {"type": "Polygon", "coordinates": [[[72.58978, 23.06325], [72.5902, 23.06153], [72.58984, 23.06153], [72.58993, 23.06077], [72.59026, 23.05793], [72.59053, 23.05608], [72.59054, 23.05577], [72.59062, 23.05486], [72.59079, 23.05421], [72.591, 23.0536], [72.59158, 23.0524], [72.59213, 23.05137], [72.59304, 23.04982], [72.59335, 23.04933], [72.59269, 23.04795], [72.59191, 23.04794], [72.58977, 23.04802], [72.58974, 23.04676], [72.5897, 23.04537], [72.58967, 23.04412], [72.5896, 23.0436], [72.58984, 23.04341], [72.58953, 23.04286], [72.58894, 23.04143], [72.5886, 23.04014], [72.58819, 23.03856], [72.58804, 23.03782], [72.58664, 23.03815], [72.58311, 23.03893], [72.57991, 23.03934], [72.57989, 23.03853], [72.5799, 23.03794], [72.57981, 23.03771], [72.57975, 23.03718], [72.57966, 23.0365], [72.57959, 23.0358], [72.57958, 23.03572], [72.57952, 23.03528], [72.57951, 23.0345], [72.5795, 23.03411], [72.57947, 23.03389], [72.57936, 23.03306], [72.5793, 23.03251], [72.57923, 23.0323], [72.57904, 23.03186], [72.57882, 23.03135], [72.57778, 23.03181], [72.57748, 23.03188], [72.57755, 23.03209], [72.57709, 23.0321], [72.57692, 23.03338], [72.57687, 23.03445], [72.57594, 23.03446], [72.57341, 23.03451], [72.57338, 23.03475], [72.57327, 23.03746], [72.57321, 23.04001], [72.5732, 23.04017], [72.57421, 23.0448], [72.57547, 23.04821], [72.57836, 23.05368], [72.57995, 23.05578], [72.5825, 23.05853], [72.58605, 23.06121], [72.58978, 23.06325]]]}}, {"type": "Feature", "properties": {"name": "Shahibaug", "ward_no": 16, "zone": "Central", "population": 89300, "hospital_count": 42}, "geometry": {"type": "Polygon", "coordinates": [[[72.59705, 23.06304], [72.59721, 23.06277], [72.59736, 23.0623], [72.59756, 23.06192], [72.59773, 23.06156], [72.59777, 23.06148], [72.59782, 23.06136], [72.59795, 23.06107], [72.59807, 23.06072], [72.59813, 23.06057], [72.59838, 23.05995], [72.59838, 23.05976], [72.59875, 23.05972], [72.59918, 23.05976], [72.5992, 23.05963], [72.59987, 23.05969], [72.60117, 23.05963], [72.6014, 23.0596], [72.60163, 23.05956], [72.60296, 23.05944], [72.60389, 23.05936], [72.60414, 23.05958], [72.60509, 23.05941], [72.60518, 23.0596], [72.60893, 23.05901], [72.61238, 23.05608], [72.61238, 23.05608], [72.61247, 23.056], [72.61246, 23.05599], [72.61165, 23.05488], [72.61085, 23.05354], [72.61026, 23.05245], [72.60961, 23.05129], [72.60891, 23.0503], [72.60882, 23.05008], [72.60877, 23.04973], [72.60843, 23.04884], [72.60828, 23.04874], [72.60766, 23.04871], [72.60752, 23.04865], [72.60735, 23.04738], [72.60732, 23.04607], [72.60712, 23.04607], [72.60592, 23.04648], [72.60496, 23.04682], [72.60482, 23.04685], [72.60464, 23.04634], [72.60435, 23.04559], [72.60311, 23.04551], [72.60172, 23.04545], [72.60152, 23.04542], [72.60154, 23.04387], [72.60155, 23.04344], [72.60154, 23.04272], [72.60151, 23.04238], [72.60148, 23.04215], [72.60082, 23.04109], [72.60024, 23.04026], [72.59997, 23.03882], [72.60047, 23.03805], [72.60081, 23.03753], [72.60117, 23.03683], [72.60134, 23.03623], [72.60154, 23.03528], [72.60161, 23.03465], [72.60161, 23.0336], [72.60155, 23.0332], [72.60114, 23.03324], [72.60075, 23.0332], [72.60035, 23.03302], [72.59953, 23.03215], [72.59877, 23.03116], [72.59794, 23.03079], [72.59763, 23.0323], [72.59692, 23.03462], [72.59746, 23.03478], [72.5977, 23.03484], [72.59747, 23.036], [72.59709, 23.03775], [72.59663, 23.03967], [72.59655, 23.04037], [72.59508, 23.03967], [72.59491, 23.0403], [72.59481, 23.04042], [72.59352, 23.04074], [72.59331, 23.03929], [72.59313, 23.03807], [72.59314, 23.03762], [72.59314, 23.03756], [72.5919, 23.03751], [72.59055, 23.03741], [72.58959, 23.03748], [72.58848, 23.0377], [72.58804, 23.0378], [72.58819, 23.03854], [72.5886, 23.04012], [72.58894, 23.04141], [72.58953, 23.04284], [72.58984, 23.04339], [72.5896, 23.04358], [72.58967, 23.0441], [72.5897, 23.04535], [72.58974, 23.04674], [72.58977, 23.048], [72.59191, 23.04792], [72.59269, 23.04793], [72.59335, 23.04931], [72.59304, 23.0498], [72.59213, 23.05135], [72.59158, 23.05238], [72.591, 23.05358], [72.59079, 23.05419], [72.59062, 23.05484], [72.59054, 23.05575], [72.59053, 23.05606], [72.59026, 23.05791], [72.58993, 23.06075], [72.58984, 23.06151], [72.5902, 23.06151], [72.59046, 23.06151], [72.59074, 23.06151], [72.59073, 23.06189], [72.59077, 23.06192], [72.59112, 23.06192], [72.59149, 23.06193], [72.59219, 23.06231], [72.59277, 23.06257], [72.5928, 23.06256], [72.59295, 23.06263], [72.59327, 23.06272], [72.5935, 23.06281], [72.59417, 23.06315], [72.59444, 23.06329], [72.59491, 23.06362], [72.59566, 23.06407], [72.59582, 23.06418], [72.59589, 23.06422], [72.5962, 23.06433], [72.59632, 23.06405], [72.59643, 23.06391], [72.59684, 23.06328], [72.59691, 23.06329], [72.59705, 23.06304]]]}}, {"type": "Feature", "properties": {"name": "Asarwa", "ward_no": 15, "zone": "Central", "population": 98240, "hospital_count": 8}, "geometry": {"type": "Polygon", "coordinates": [[[72.6163, 23.06023], [72.61658, 23.06019], [72.61806, 23.06006], [72.61956, 23.05964], [72.62076, 23.05922], [72.62272, 23.05832], [72.62675, 23.05679], [72.62514, 23.05531], [72.6221, 23.0525], [72.61973, 23.05031], [72.61924, 23.04986], [72.61853, 23.0492], [72.61776, 23.04849], [72.61442, 23.04543], [72.61194, 23.04316], [72.61112, 23.0424], [72.6103, 23.0416], [72.60864, 23.04087], [72.6069, 23.04023], [72.60477, 23.0395], [72.60234, 23.03855], [72.60043, 23.03801], [72.59993, 23.03878], [72.60019, 23.04022], [72.60078, 23.04105], [72.60144, 23.04211], [72.60147, 23.04234], [72.60149, 23.04268], [72.60151, 23.0434], [72.6015, 23.04383], [72.60148, 23.04538], [72.60167, 23.04541], [72.60306, 23.04547], [72.60431, 23.04556], [72.6046, 23.0463], [72.60478, 23.04681], [72.60492, 23.04678], [72.60588, 23.04644], [72.60708, 23.04603], [72.60727, 23.04603], [72.60731, 23.04734], [72.60748, 23.04861], [72.60762, 23.04867], [72.60823, 23.0487], [72.60839, 23.0488], [72.60872, 23.04969], [72.60877, 23.05004], [72.60887, 23.05026], [72.60956, 23.05125], [72.61022, 23.05241], [72.61081, 23.0535], [72.61161, 23.05485], [72.61242, 23.05595], [72.61261, 23.05582], [72.61301, 23.05554], [72.61319, 23.05586], [72.61349, 23.05645], [72.61373, 23.05691], [72.61459, 23.05853], [72.61486, 23.05904], [72.61507, 23.05944], [72.61523, 23.05973], [72.61557, 23.06037], [72.6163, 23.06023]]]}}, {"type": "Feature", "properties": {"name": "Kubernagar", "ward_no": 14, "zone": "North", "population": 114146, "hospital_count": 1}, "geometry": {"type": "Polygon", "coordinates": [[[72.64227, 23.08174], [72.64245, 23.08166], [72.64209, 23.08074], [72.64268, 23.08061], [72.64348, 23.08039], [72.64447, 23.08011], [72.64489, 23.08], [72.64479, 23.07973], [72.64542, 23.07945], [72.64555, 23.07942], [72.64544, 23.07879], [72.64549, 23.07878], [72.6454, 23.07848], [72.64529, 23.07809], [72.64509, 23.07748], [72.64486, 23.07735], [72.64491, 23.07664], [72.64508, 23.07659], [72.64586, 23.07638], [72.64611, 23.07632], [72.64661, 23.07623], [72.64698, 23.07615], [72.6474, 23.07593], [72.64572, 23.07444], [72.64288, 23.07187], [72.64173, 23.07081], [72.64106, 23.07019], [72.63866, 23.06785], [72.63578, 23.06513], [72.63375, 23.06325], [72.6326, 23.06219], [72.63076, 23.06048], [72.62852, 23.05843], [72.62719, 23.05725], [72.62667, 23.05679], [72.62263, 23.05832], [72.62068, 23.05922], [72.61947, 23.05964], [72.61797, 23.06006], [72.61649, 23.06019], [72.61621, 23.06023], [72.61548, 23.06037], [72.61538, 23.06042], [72.61557, 23.06079], [72.61584, 23.06134], [72.61631, 23.06228], [72.61676, 23.06316], [72.61718, 23.06402], [72.61751, 23.06383], [72.61793, 23.06359], [72.61888, 23.06303], [72.61987, 23.06246], [72.62034, 23.06282], [72.62046, 23.06267], [72.62056, 23.0625], [72.62027, 23.0623], [72.6208, 23.06198], [72.62159, 23.0615], [72.62251, 23.06093], [72.62404, 23.06004], [72.62415, 23.05997], [72.62452, 23.06005], [72.6248, 23.0601], [72.62576, 23.06033], [72.62637, 23.06049], [72.62652, 23.06053], [72.62681, 23.06085], [72.62694, 23.061], [72.62723, 23.06122], [72.62741, 23.06136], [72.62752, 23.06153], [72.62775, 23.0619], [72.62787, 23.06202], [72.62789, 23.06204], [72.6281, 23.06226], [72.62878, 23.0631], [72.62892, 23.06326], [72.62923, 23.06346], [72.6292, 23.06354], [72.62901, 23.0644], [72.62882, 23.06485], [72.62835, 23.06526], [72.62879, 23.06572], [72.62977, 23.06588], [72.63023, 23.06595], [72.63081, 23.06597], [72.63187, 23.06619], [72.63174, 23.06681], [72.63269, 23.06699], [72.63246, 23.06785], [72.63252, 23.06793], [72.63233, 23.06859], [72.63216, 23.06902], [72.63207, 23.06966], [72.63258, 23.07029], [72.63262, 23.07166], [72.63271, 23.07183], [72.63285, 23.07203], [72.633, 23.07223], [72.63309, 23.07237], [72.63332, 23.07268], [72.6334, 23.07279], [72.63354, 23.07299], [72.63358, 23.07305], [72.63376, 23.0733], [72.63401, 23.07363], [72.6342, 23.07389], [72.63438, 23.07416], [72.63442, 23.07421], [72.63443, 23.07423], [72.63462, 23.07449], [72.63472, 23.07463], [72.6348, 23.07474], [72.6349, 23.07488], [72.63529, 23.07542], [72.63533, 23.07547], [72.63552, 23.07573], [72.63555, 23.07576], [72.63567, 23.07594], [72.63594, 23.07631], [72.63606, 23.07652], [72.63607, 23.07678], [72.6361, 23.07743], [72.6368, 23.07767], [72.6368, 23.07877], [72.63754, 23.079], [72.63727, 23.07973], [72.63928, 23.08038], [72.63988, 23.08036], [72.64114, 23.08165], [72.64227, 23.08174]]]}}, {"type": "Feature", "properties": {"name": "Saijpur Bogha", "ward_no": 13, "zone": "North", "population": 122449, "hospital_count": 16}, "geometry": {"type": "Polygon", "coordinates": [[[72.65244, 23.07938], [72.65269, 23.07892], [72.65347, 23.07834], [72.65361, 23.07812], [72.65048, 23.07439], [72.64916, 23.07271], [72.64823, 23.07107], [72.64727, 23.06996], [72.64652, 23.069], [72.64604, 23.06853], [72.64333, 23.06545], [72.64297, 23.06482], [72.6431, 23.06426], [72.64319, 23.0635], [72.64321, 23.06216], [72.64286, 23.05745], [72.64245, 23.05419], [72.64186, 23.05119], [72.6411, 23.04605], [72.64082, 23.04603], [72.64035, 23.04643], [72.63983, 23.04685], [72.63904, 23.04728], [72.6367, 23.04788], [72.63555, 23.04842], [72.63404, 23.0493], [72.63246, 23.05023], [72.63216, 23.05158], [72.63017, 23.05378], [72.62903, 23.0551], [72.62837, 23.05578], [72.62705, 23.05675], [72.62667, 23.05675], [72.62719, 23.05721], [72.62852, 23.05839], [72.63076, 23.06044], [72.6326, 23.06215], [72.63375, 23.06321], [72.63578, 23.06509], [72.63866, 23.06781], [72.64106, 23.07015], [72.64173, 23.07077], [72.64288, 23.07183], [72.64572, 23.0744], [72.6474, 23.07589], [72.64967, 23.0779], [72.65219, 23.08022], [72.65244, 23.07938]]]}}, {"type": "Feature", "properties": {"name": "Naroda", "ward_no": 12, "zone": "North", "population": 161181, "hospital_count": 8}, "geometry": {"type": "Polygon", "coordinates": [[[72.6828, 23.10264], [72.68331, 23.10239], [72.68346, 23.10251], [72.68434, 23.10241], [72.68533, 23.10229], [72.68563, 23.1023], [72.68595, 23.10225], [72.68649, 23.10221], [72.68686, 23.10221], [72.68745, 23.10225], [72.68794, 23.10239], [72.68839, 23.10252], [72.68884, 23.10263], [72.68969, 23.10272], [72.69042, 23.1028], [72.69043, 23.1028], [72.69043, 23.10279], [72.69044, 23.10279], [72.69044, 23.10279], [72.69045, 23.10278], [72.69045, 23.10278], [72.69046, 23.10277], [72.69046, 23.10277], [72.69047, 23.10276], [72.69047, 23.10276], [72.69048, 23.10275], [72.69048, 23.10275], [72.69048, 23.10274], [72.69049, 23.10274], [72.69049, 23.10273], [72.69049, 23.10272], [72.6905, 23.10272], [72.6905, 23.10271], [72.6905, 23.10271], [72.6905, 23.1027], [72.69051, 23.10269], [72.69051, 23.10269], [72.69051, 23.10268], [72.69051, 23.10267], [72.69051, 23.10267], [72.69051, 23.10266], [72.69051, 23.10265], [72.69051, 23.10265], [72.69051, 23.10264], [72.69051, 23.10263], [72.69051, 23.10263], [72.69051, 23.10262], [72.69051, 23.10261], [72.69051, 23.10261], [72.69051, 23.1026], [72.69051, 23.10259], [72.6905, 23.10259], [72.6905, 23.10258], [72.6905, 23.10258], [72.6905, 23.10257], [72.69049, 23.10256], [72.69049, 23.10256], [72.69049, 23.10255], [72.69048, 23.10255], [72.69048, 23.10254], [72.69048, 23.10254], [72.69047, 23.10253], [72.69076, 23.10192], [72.69123, 23.10111], [72.69188, 23.0996], [72.69197, 23.09938], [72.6926, 23.09759], [72.69295, 23.09663], [72.69334, 23.09539], [72.69381, 23.09449], [72.69405, 23.09337], [72.69188, 23.09191], [72.68908, 23.09005], [72.6867, 23.08853], [72.68621, 23.08819], [72.68546, 23.08769], [72.6849, 23.08735], [72.68443, 23.08711], [72.68367, 23.08676], [72.68342, 23.08661], [72.68305, 23.08641], [72.68394, 23.08562], [72.68453, 23.08544], [72.68473, 23.08529], [72.68567, 23.08518], [72.68588, 23.08388], [72.6859, 23.08371], [72.68596, 23.08301], [72.68654, 23.08288], [72.68677, 23.08119], [72.68781, 23.07907], [72.68794, 23.078], [72.68823, 23.0773], [72.6882, 23.07687], [72.68865, 23.07631], [72.6899, 23.07596], [72.69116, 23.07614], [72.69375, 23.07626], [72.69434, 23.07629], [72.69594, 23.07658], [72.69595, 23.07646], [72.69679, 23.07656], [72.69962, 23.07722], [72.69989, 23.07721], [72.7005, 23.07555], [72.7011, 23.07415], [72.70128, 23.07373], [72.70149, 23.0731], [72.69904, 23.07219], [72.69855, 23.0724], [72.69773, 23.07213], [72.69681, 23.07125], [72.69497, 23.07108], [72.69445, 23.07105], [72.69322, 23.07069], [72.69191, 23.07042], [72.69008, 23.07001], [72.6885, 23.06947], [72.68772, 23.06931], [72.68684, 23.06915], [72.68528, 23.06923], [72.68289, 23.06926], [72.68112, 23.06933], [72.68044, 23.06932], [72.67993, 23.06927], [72.67833, 23.0694], [72.67755, 23.06947], [72.67622, 23.06961], [72.67621, 23.06953], [72.67444, 23.06981], [72.67251, 23.06993], [72.67, 23.07025], [72.6671, 23.07079], [72.66563, 23.07098], [72.66354, 23.07148], [72.66316, 23.07139], [72.66309, 23.07074], [72.66304, 23.06938], [72.66292, 23.06906], [72.66271, 23.06891], [72.66265, 23.06888], [72.66134, 23.06826], [72.66152, 23.06818], [72.66157, 23.06792], [72.66193, 23.06768], [72.66197, 23.06765], [72.66198, 23.06762], [72.6621, 23.06699], [72.66214, 23.06691], [72.66226, 23.06634], [72.66229, 23.06611], [72.66234, 23.06597], [72.66236, 23.06578], [72.66234, 23.06551], [72.66242, 23.06495], [72.66237, 23.06471], [72.66241, 23.06443], [72.66246, 23.0637], [72.66244, 23.0631], [72.66177, 23.06309], [72.6618, 23.06238], [72.66182, 23.06183], [72.66183, 23.06176], [72.66183, 23.06157], [72.66188, 23.06123], [72.66201, 23.0604], [72.66203, 23.06029], [72.66211, 23.0597], [72.66143, 23.05967], [72.66141, 23.05882], [72.66087, 23.05877], [72.66029, 23.05886], [72.65997, 23.05919], [72.6597, 23.05949], [72.65925, 23.05951], [72.65909, 23.05952], [72.65832, 23.05945], [72.65812, 23.05945], [72.65793, 23.05944], [72.65724, 23.05947], [72.65705, 23.05945], [72.65705, 23.05945], [72.65705, 23.05944], [72.65705, 23.05944], [72.65705, 23.05944], [72.65705, 23.05943], [72.65704, 23.05943], [72.65704, 23.05943], [72.65704, 23.05942], [72.65704, 23.05942], [72.65704, 23.05941], [72.65704, 23.05941], [72.65703, 23.05941], [72.65703, 23.0594], [72.65703, 23.0594], [72.65703, 23.0594], [72.65702, 23.05939], [72.65702, 23.05939], [72.65702, 23.05939], [72.65701, 23.05939], [72.65701, 23.05938], [72.65701, 23.05938], [72.657, 23.05938], [72.657, 23.05938], [72.657, 23.05937], [72.65699, 23.05937], [72.65699, 23.05937], [72.65699, 23.05937], [72.65698, 23.05937], [72.65698, 23.05936], [72.65697, 23.05936], [72.65697, 23.05936], [72.65697, 23.05936], [72.65696, 23.05936], [72.65696, 23.05936], [72.65695, 23.05936], [72.65695, 23.05936], [72.65694, 23.05936], [72.65694, 23.05935], [72.65694, 23.05935], [72.65693, 23.05935], [72.65693, 23.05935], [72.65692, 23.05935], [72.65692, 23.05935], [72.65691, 23.05935], [72.65691, 23.05936], [72.65691, 23.05936], [72.6569, 23.05936], [72.6569, 23.05936], [72.65689, 23.05936], [72.65645, 23.05948], [72.65611, 23.05957], [72.65602, 23.05959], [72.65578, 23.05965], [72.65567, 23.06012], [72.65536, 23.06013], [72.65518, 23.06026], [72.65529, 23.06142], [72.6552, 23.06171], [72.65522, 23.0618], [72.65518, 23.06214], [72.65471, 23.06216], [72.65406, 23.06218], [72.65396, 23.06219], [72.65327, 23.06226], [72.65261, 23.06232], [72.65265, 23.06243], [72.65225, 23.06244], [72.65218, 23.06233], [72.65199, 23.06235], [72.65112, 23.0614], [72.65075, 23.06118], [72.6502, 23.06034], [72.65033, 23.06008], [72.64994, 23.0591], [72.64988, 23.05901], [72.6508, 23.0572], [72.65112, 23.057], [72.65145, 23.05648], [72.65148, 23.05645], [72.6478, 23.0544], [72.6474, 23.05549], [72.64705, 23.05616], [72.64697, 23.05635], [72.64673, 23.05667], [72.64649, 23.05672], [72.64624, 23.05673], [72.64565, 23.05679], [72.64411, 23.05701], [72.64323, 23.05711], [72.64296, 23.05737], [72.64331, 23.06208], [72.64329, 23.06343], [72.64319, 23.06418], [72.64307, 23.06474], [72.64343, 23.06537], [72.64614, 23.06845], [72.64662, 23.06892], [72.64737, 23.06988], [72.64833, 23.071], [72.64925, 23.07263], [72.65058, 23.07431], [72.65371, 23.07805], [72.65357, 23.07826], [72.65279, 23.07884], [72.65254, 23.07931], [72.65229, 23.08014], [72.65655, 23.08401], [72.66087, 23.08806], [72.66649, 23.09314], [72.67179, 23.09806], [72.6757, 23.10161], [72.67835, 23.10402], [72.68124, 23.10708], [72.6814, 23.10651], [72.68152, 23.10536], [72.6815, 23.10501], [72.68153, 23.10478], [72.68179, 23.1047], [72.68177, 23.10448], [72.68171, 23.10423], [72.68161, 23.10404], [72.68144, 23.10391], [72.68133, 23.10382], [72.68141, 23.10338], [72.68191, 23.10315], [72.68243, 23.10289], [72.6828, 23.10264]]]}}, {"type": "Feature", "properties": {"name": "Sardarnagar", "ward_no": 11, "zone": "North", "population": 137840, "hospital_count": 6}, "geometry": {"type": "Polygon", "coordinates": [[[72.66653, 23.10711], [72.66826, 23.10689], [72.66956, 23.10657], [72.67061, 23.1064], [72.67087, 23.10634], [72.6713, 23.10623], [72.67154, 23.10617], [72.67166, 23.10614], [72.67267, 23.10578], [72.67316, 23.10526], [72.67426, 23.10506], [72.67436, 23.10503], [72.67433, 23.10496], [72.67525, 23.10443], [72.67546, 23.10461], [72.67608, 23.10396], [72.67678, 23.10583], [72.67748, 23.10575], [72.67806, 23.1055], [72.67827, 23.10597], [72.67875, 23.10585], [72.67918, 23.10712], [72.67978, 23.10706], [72.68111, 23.10736], [72.68114, 23.10724], [72.67826, 23.10418], [72.6756, 23.10177], [72.67169, 23.09822], [72.6664, 23.0933], [72.66077, 23.08822], [72.65646, 23.08417], [72.65219, 23.0803], [72.64967, 23.07798], [72.6474, 23.07597], [72.64698, 23.07619], [72.64661, 23.07627], [72.64611, 23.07636], [72.64586, 23.07642], [72.64508, 23.07663], [72.64491, 23.07667], [72.64486, 23.07739], [72.64509, 23.07752], [72.64529, 23.07813], [72.6454, 23.07852], [72.64549, 23.07882], [72.64544, 23.07882], [72.64555, 23.07946], [72.64542, 23.07949], [72.64479, 23.07977], [72.64489, 23.08004], [72.64447, 23.08015], [72.64348, 23.08042], [72.64268, 23.08065], [72.64209, 23.08077], [72.64245, 23.0817], [72.64227, 23.08178], [72.64114, 23.08169], [72.63988, 23.08039], [72.63928, 23.08042], [72.63727, 23.07977], [72.63754, 23.07904], [72.6368, 23.07881], [72.6368, 23.07771], [72.6361, 23.07747], [72.63611, 23.07808], [72.63577, 23.07802], [72.63551, 23.08007], [72.63491, 23.08025], [72.63428, 23.08012], [72.63398, 23.07999], [72.63283, 23.08001], [72.63147, 23.07985], [72.63051, 23.07971], [72.62954, 23.07955], [72.62948, 23.07945], [72.62982, 23.07868], [72.62913, 23.07851], [72.62905, 23.07873], [72.62845, 23.07871], [72.62825, 23.07922], [72.62805, 23.07917], [72.62817, 23.07847], [72.62697, 23.07838], [72.62681, 23.07892], [72.62676, 23.07905], [72.62638, 23.07913], [72.62553, 23.07885], [72.62552, 23.07975], [72.62496, 23.07964], [72.62421, 23.07961], [72.62344, 23.07956], [72.62193, 23.07949], [72.62121, 23.07952], [72.62056, 23.07957], [72.61963, 23.07958], [72.61828, 23.07965], [72.61743, 23.07946], [72.61718, 23.07982], [72.61677, 23.08056], [72.61621, 23.08133], [72.61574, 23.08207], [72.61581, 23.0821], [72.61559, 23.08251], [72.61518, 23.08299], [72.61511, 23.08308], [72.61462, 23.0832], [72.61401, 23.08338], [72.61275, 23.08359], [72.61135, 23.08401], [72.60983, 23.08446], [72.60912, 23.08463], [72.60816, 23.0849], [72.60711, 23.08517], [72.606, 23.08546], [72.60476, 23.08566], [72.60453, 23.0857], [72.60217, 23.08312], [72.6019, 23.08425], [72.60141, 23.08511], [72.60182, 23.08595], [72.60162, 23.08599], [72.60162, 23.08653], [72.60209, 23.08716], [72.60383, 23.08734], [72.60345, 23.08807], [72.60453, 23.08855], [72.60473, 23.08825], [72.60564, 23.08871], [72.60553, 23.08915], [72.60839, 23.08951], [72.60916, 23.08907], [72.60969, 23.0891], [72.60968, 23.08918], [72.61084, 23.08929], [72.61083, 23.08906], [72.61167, 23.08911], [72.61175, 23.08926], [72.61233, 23.08925], [72.61299, 23.08959], [72.61393, 23.08951], [72.61439, 23.08974], [72.61504, 23.08977], [72.61532, 23.08909], [72.61631, 23.08915], [72.61781, 23.08925], [72.61928, 23.08915], [72.62, 23.0892], [72.62037, 23.08916], [72.62083, 23.08916], [72.62199, 23.08917], [72.62207, 23.08884], [72.62224, 23.08895], [72.62293, 23.08901], [72.62357, 23.08888], [72.62397, 23.08886], [72.62447, 23.0888], [72.62446, 23.08847], [72.62449, 23.08825], [72.62447, 23.08816], [72.62455, 23.08825], [72.62468, 23.08838], [72.62454, 23.08897], [72.62505, 23.08889], [72.62549, 23.08902], [72.6257, 23.08899], [72.62809, 23.08895], [72.62835, 23.08903], [72.62945, 23.08905], [72.63095, 23.08926], [72.63268, 23.08951], [72.63343, 23.08979], [72.634, 23.08985], [72.63404, 23.08976], [72.63634, 23.09011], [72.64137, 23.09116], [72.64178, 23.09076], [72.642, 23.09083], [72.64228, 23.09061], [72.64241, 23.09026], [72.64287, 23.09033], [72.64287, 23.09027], [72.64385, 23.09008], [72.64379, 23.09023], [72.64396, 23.09068], [72.64501, 23.09052], [72.6446, 23.09087], [72.6446, 23.09087], [72.64395, 23.09091], [72.64382, 23.09132], [72.64416, 23.09157], [72.64368, 23.092], [72.64347, 23.09182], [72.64314, 23.09213], [72.64341, 23.09243], [72.64344, 23.09309], [72.64385, 23.09321], [72.64776, 23.09843], [72.64953, 23.10227], [72.6518, 23.10174], [72.65186, 23.10135], [72.6519, 23.10109], [72.65152, 23.10038], [72.6517, 23.10027], [72.65191, 23.09902], [72.6521, 23.09823], [72.65264, 23.09773], [72.65284, 23.09741], [72.65319, 23.09683], [72.65392, 23.09624], [72.65467, 23.09572], [72.65523, 23.09533], [72.65589, 23.09488], [72.65619, 23.09466], [72.6563, 23.09468], [72.65646, 23.09472], [72.65675, 23.09479], [72.65684, 23.09484], [72.65709, 23.09492], [72.65726, 23.095], [72.65739, 23.09506], [72.65752, 23.09511], [72.65773, 23.09519], [72.65778, 23.09521], [72.6579, 23.09525], [72.65806, 23.09522], [72.65813, 23.09525], [72.65829, 23.09531], [72.65839, 23.09538], [72.65849, 23.09542], [72.65903, 23.0958], [72.65901, 23.09659], [72.65917, 23.09665], [72.65924, 23.09666], [72.65929, 23.0967], [72.65924, 23.09669], [72.6595, 23.09687], [72.65983, 23.09697], [72.65986, 23.09699], [72.65992, 23.097], [72.65998, 23.09712], [72.66001, 23.09711], [72.66014, 23.09709], [72.66029, 23.09705], [72.66026, 23.09745], [72.66058, 23.09777], [72.6602, 23.09873], [72.66107, 23.09861], [72.6616, 23.09841], [72.66178, 23.09921], [72.66244, 23.09908], [72.66254, 23.10002], [72.66261, 23.10028], [72.66276, 23.1005], [72.66279, 23.10055], [72.66267, 23.10055], [72.66294, 23.10148], [72.66293, 23.10162], [72.66305, 23.10172], [72.66303, 23.10173], [72.66311, 23.10184], [72.66311, 23.10199], [72.6632, 23.10237], [72.66323, 23.10248], [72.6633, 23.10271], [72.66349, 23.1031], [72.66375, 23.10308], [72.66383, 23.10369], [72.66383, 23.10369], [72.66381, 23.1042], [72.66473, 23.10428], [72.66475, 23.10428], [72.66505, 23.10506], [72.66562, 23.10527], [72.66579, 23.10629], [72.6659, 23.10726], [72.66653, 23.10711]]]}}, {"type": "Feature", "properties": {"name": "S. P. Stadium", "ward_no": 10, "zone": "West", "population": 88032, "hospital_count": 17}, "geometry": {"type": "Polygon", "coordinates": [[[72.57187, 23.0725], [72.57205, 23.07232], [72.57243, 23.07188], [72.57296, 23.07124], [72.57461, 23.07038], [72.57592, 23.06948], [72.57622, 23.06938], [72.57661, 23.06923], [72.5772, 23.06899], [72.57742, 23.069], [72.57762, 23.06898], [72.57803, 23.06905], [72.57828, 23.06909], [72.5793, 23.06941], [72.5799, 23.0695], [72.58115, 23.0698], [72.58228, 23.07007], [72.5831, 23.07026], [72.58563, 23.07229], [72.58679, 23.07181], [72.58731, 23.07268], [72.58742, 23.07266], [72.58753, 23.07263], [72.58791, 23.07], [72.58788, 23.06972], [72.58861, 23.06992], [72.5888, 23.06924], [72.5891, 23.06853], [72.58983, 23.06676], [72.58994, 23.06556], [72.59008, 23.06457], [72.59038, 23.06351], [72.58665, 23.06146], [72.5831, 23.05879], [72.58055, 23.05604], [72.57896, 23.05394], [72.57607, 23.04847], [72.57481, 23.04506], [72.5738, 23.04043], [72.57381, 23.04026], [72.57257, 23.04035], [72.57042, 23.04048], [72.56989, 23.04052], [72.56916, 23.04047], [72.56831, 23.04041], [72.56729, 23.04029], [72.56666, 23.04018], [72.5661, 23.04006], [72.56554, 23.03995], [72.56491, 23.03978], [72.56461, 23.03981], [72.56443, 23.04009], [72.5638, 23.04166], [72.56312, 23.04302], [72.5629, 23.04373], [72.56281, 23.04414], [72.56256, 23.0459], [72.56244, 23.04697], [72.56242, 23.0474], [72.56244, 23.04757], [72.56249, 23.04778], [72.56304, 23.04768], [72.56354, 23.04755], [72.56438, 23.04732], [72.56526, 23.04708], [72.56455, 23.04954], [72.56379, 23.05229], [72.56333, 23.05421], [72.563, 23.05548], [72.56395, 23.05559], [72.56499, 23.05562], [72.56562, 23.05551], [72.56723, 23.0552], [72.56732, 23.05519], [72.56731, 23.05514], [72.56719, 23.05463], [72.56685, 23.05347], [72.56883, 23.05302], [72.57121, 23.05293], [72.57134, 23.05292], [72.57134, 23.05292], [72.57148, 23.05271], [72.57212, 23.05269], [72.57227, 23.05376], [72.57238, 23.05575], [72.57242, 23.05642], [72.57236, 23.05659], [72.57217, 23.05673], [72.57179, 23.05692], [72.57141, 23.05708], [72.57096, 23.05737], [72.57023, 23.05795], [72.56949, 23.05867], [72.56897, 23.05922], [72.5686, 23.05985], [72.56834, 23.06043], [72.56829, 23.06116], [72.56817, 23.06151], [72.56798, 23.06186], [72.56746, 23.06225], [72.56732, 23.06242], [72.56735, 23.06252], [72.56802, 23.06315], [72.56839, 23.06362], [72.56845, 23.06404], [72.56842, 23.06458], [72.56829, 23.06506], [72.56798, 23.06614], [72.56756, 23.06754], [72.5674, 23.0678], [72.5668, 23.06984], [72.56615, 23.07233], [72.57092, 23.07237], [72.57099, 23.07254], [72.57094, 23.07366], [72.57124, 23.07312], [72.57187, 23.0725]]]}}, {"type": "Feature", "properties": {"name": "Naranpura", "ward_no": 9, "zone": "West", "population": 95051, "hospital_count": 27}, "geometry": {"type": "Polygon", "coordinates": [[[72.55903, 23.07093], [72.55943, 23.06933], [72.55972, 23.06814], [72.56037, 23.06524], [72.56092, 23.06311], [72.56146, 23.06144], [72.56181, 23.06018], [72.56233, 23.05826], [72.563, 23.05548], [72.56333, 23.05421], [72.56379, 23.05229], [72.56455, 23.04954], [72.56526, 23.04708], [72.56438, 23.04732], [72.56354, 23.04755], [72.56304, 23.04768], [72.56249, 23.04778], [72.56243, 23.04779], [72.56157, 23.04779], [72.56077, 23.04777], [72.55827, 23.04761], [72.55773, 23.04758], [72.55722, 23.04754], [72.55689, 23.04748], [72.55615, 23.04737], [72.55562, 23.04721], [72.55497, 23.04702], [72.5545, 23.04693], [72.55426, 23.04696], [72.5539, 23.04709], [72.55241, 23.04726], [72.55124, 23.04738], [72.55066, 23.0474], [72.54893, 23.04738], [72.54816, 23.04738], [72.54713, 23.04739], [72.54662, 23.04745], [72.54545, 23.04768], [72.54486, 23.04782], [72.54457, 23.04792], [72.54448, 23.04793], [72.54542, 23.04894], [72.54607, 23.04975], [72.54673, 23.05066], [72.54731, 23.05194], [72.54728, 23.05207], [72.54657, 23.0522], [72.54632, 23.05223], [72.5459, 23.05217], [72.54546, 23.05207], [72.54502, 23.05188], [72.54485, 23.05168], [72.54475, 23.05147], [72.54448, 23.05145], [72.5442, 23.05143], [72.54391, 23.05157], [72.54295, 23.05174], [72.54283, 23.05186], [72.54181, 23.05206], [72.54133, 23.05217], [72.5406, 23.05198], [72.53981, 23.05192], [72.53874, 23.05196], [72.53858, 23.05225], [72.53861, 23.05244], [72.53828, 23.05258], [72.53783, 23.05301], [72.53748, 23.05352], [72.53715, 23.054], [72.53709, 23.05461], [72.53696, 23.05484], [72.53699, 23.0561], [72.53682, 23.05675], [72.53677, 23.05722], [72.53687, 23.05763], [72.537, 23.05896], [72.53785, 23.05893], [72.53798, 23.05962], [72.53914, 23.05978], [72.53975, 23.06007], [72.54034, 23.06027], [72.54106, 23.06083], [72.54141, 23.0611], [72.54169, 23.06109], [72.54218, 23.06125], [72.54263, 23.06137], [72.54338, 23.06155], [72.54404, 23.06159], [72.5443, 23.06164], [72.54451, 23.06169], [72.54467, 23.0622], [72.54471, 23.06237], [72.54469, 23.06245], [72.54484, 23.06275], [72.54497, 23.06301], [72.54509, 23.06326], [72.54515, 23.06337], [72.54524, 23.06355], [72.54539, 23.06386], [72.54546, 23.06411], [72.54567, 23.06487], [72.5457, 23.06511], [72.5457, 23.0652], [72.54572, 23.06525], [72.54575, 23.06536], [72.54578, 23.06546], [72.54583, 23.06565], [72.54599, 23.06598], [72.54623, 23.06645], [72.54638, 23.06674], [72.54649, 23.06695], [72.54677, 23.0672], [72.547, 23.06747], [72.5473, 23.06756], [72.54753, 23.06769], [72.54793, 23.06786], [72.54857, 23.06811], [72.54888, 23.06814], [72.54904, 23.06823], [72.54933, 23.06871], [72.54992, 23.06891], [72.55043, 23.06909], [72.55079, 23.06922], [72.55096, 23.06928], [72.55112, 23.06932], [72.55123, 23.06936], [72.55124, 23.06935], [72.5514, 23.06927], [72.55166, 23.06911], [72.55182, 23.0691], [72.55205, 23.06909], [72.55247, 23.06912], [72.55297, 23.06917], [72.55323, 23.06919], [72.5536, 23.06922], [72.55394, 23.06934], [72.55422, 23.06944], [72.55456, 23.06949], [72.55493, 23.06954], [72.55548, 23.06961], [72.55565, 23.06967], [72.55595, 23.06974], [72.55663, 23.0699], [72.55681, 23.06994], [72.55702, 23.07001], [72.55751, 23.07017], [72.55765, 23.07021], [72.55782, 23.07029], [72.55803, 23.07037], [72.55825, 23.07047], [72.55851, 23.07064], [72.55884, 23.07085], [72.55903, 23.07093]]]}}, {"type": "Feature", "properties": {"name": "Thaltej", "ward_no": 8, "zone": "Northwest", "population": 108893, "hospital_count": 37}, "geometry": {"type": "Polygon", "coordinates": [[[72.49864, 23.10063], [72.49886, 23.09991], [72.49897, 23.09954], [72.49776, 23.09637], [72.49697, 23.09407], [72.49569, 23.09058], [72.49439, 23.08689], [72.49304, 23.08395], [72.494, 23.08348], [72.49686, 23.08191], [72.49922, 23.08061], [72.50001, 23.08031], [72.5, 23.08001], [72.49989, 23.0787], [72.49936, 23.0767], [72.49911, 23.07578], [72.49956, 23.07557], [72.49945, 23.07476], [72.49928, 23.07447], [72.49905, 23.07392], [72.49902, 23.07315], [72.49916, 23.0724], [72.4992, 23.07163], [72.49905, 23.07053], [72.49883, 23.06981], [72.49848, 23.06923], [72.49828, 23.06869], [72.49805, 23.06815], [72.49861, 23.06756], [72.49874, 23.06694], [72.4993, 23.06605], [72.49971, 23.06522], [72.50019, 23.0642], [72.5002, 23.06419], [72.5002, 23.06418], [72.5002, 23.06417], [72.50021, 23.06416], [72.50021, 23.06416], [72.50022, 23.06415], [72.50023, 23.06414], [72.50023, 23.06414], [72.50024, 23.06413], [72.50025, 23.06412], [72.50025, 23.06412], [72.50026, 23.06411], [72.50027, 23.0641], [72.50027, 23.0641], [72.50028, 23.06409], [72.50029, 23.06409], [72.5003, 23.06408], [72.50031, 23.06408], [72.50032, 23.06407], [72.50032, 23.06407], [72.50033, 23.06407], [72.50034, 23.06406], [72.50035, 23.06406], [72.50036, 23.06406], [72.50037, 23.06405], [72.50038, 23.06405], [72.50039, 23.06405], [72.5004, 23.06405], [72.50041, 23.06405], [72.50042, 23.06404], [72.50043, 23.06404], [72.50044, 23.06404], [72.50044, 23.06404], [72.50046, 23.06404], [72.50047, 23.06404], [72.50047, 23.06404], [72.50048, 23.06405], [72.50049, 23.06405], [72.5005, 23.06405], [72.50051, 23.06405], [72.50052, 23.06405], [72.50053, 23.06405], [72.50054, 23.06406], [72.50055, 23.06406], [72.50056, 23.06406], [72.50057, 23.06407], [72.50058, 23.06407], [72.50059, 23.06408], [72.50059, 23.06408], [72.5006, 23.06408], [72.50061, 23.06409], [72.50062, 23.0641], [72.50063, 23.0641], [72.50141, 23.06432], [72.50215, 23.06442], [72.50274, 23.06339], [72.50292, 23.06314], [72.50289, 23.06294], [72.50307, 23.06267], [72.50281, 23.062], [72.50293, 23.06149], [72.50275, 23.06106], [72.50239, 23.06068], [72.50168, 23.06028], [72.50086, 23.05992], [72.50004, 23.05955], [72.49936, 23.05917], [72.50007, 23.0589], [72.50076, 23.05869], [72.50215, 23.05813], [72.50313, 23.05755], [72.50339, 23.05766], [72.50538, 23.05854], [72.50795, 23.05961], [72.51025, 23.06056], [72.51367, 23.0621], [72.51618, 23.06319], [72.52232, 23.06585], [72.52534, 23.06716], [72.52704, 23.0679], [72.52822, 23.06661], [72.52963, 23.06537], [72.53071, 23.06429], [72.53165, 23.06377], [72.53126, 23.06152], [72.53147, 23.06108], [72.53233, 23.06054], [72.53336, 23.05995], [72.53393, 23.05969], [72.53466, 23.05954], [72.53543, 23.05934], [72.53627, 23.05903], [72.5366, 23.05893], [72.537, 23.05896], [72.53687, 23.05763], [72.53677, 23.05722], [72.53682, 23.05675], [72.53699, 23.0561], [72.53696, 23.05484], [72.53709, 23.05461], [72.53715, 23.054], [72.53748, 23.05352], [72.53783, 23.05301], [72.53828, 23.05258], [72.53861, 23.05244], [72.53858, 23.05225], [72.53874, 23.05196], [72.53851, 23.05186], [72.53629, 23.05221], [72.53426, 23.05247], [72.53417, 23.05085], [72.53412, 23.04901], [72.53402, 23.04693], [72.53401, 23.04581], [72.53225, 23.04594], [72.53088, 23.04614], [72.53075, 23.04588], [72.53049, 23.04528], [72.52984, 23.04383], [72.52951, 23.04319], [72.52938, 23.04291], [72.52908, 23.04231], [72.52867, 23.04146], [72.52839, 23.04076], [72.52831, 23.04029], [72.52627, 23.04149], [72.52464, 23.0424], [72.52096, 23.04365], [72.5184, 23.04459], [72.51801, 23.04488], [72.51625, 23.04655], [72.51688, 23.04785], [72.51649, 23.04787], [72.51638, 23.04764], [72.51577, 23.04754], [72.51524, 23.04745], [72.51526, 23.04741], [72.51518, 23.04738], [72.51491, 23.04733], [72.51441, 23.04727], [72.51355, 23.04723], [72.51333, 23.04724], [72.5133, 23.04734], [72.51279, 23.04725], [72.51168, 23.04708], [72.51157, 23.04665], [72.51139, 23.04619], [72.51131, 23.04622], [72.51121, 23.04588], [72.51093, 23.046], [72.51058, 23.0461], [72.51, 23.04622], [72.50979, 23.04624], [72.50864, 23.04635], [72.50808, 23.04612], [72.50795, 23.04606], [72.50789, 23.04606], [72.50747, 23.04603], [72.50728, 23.04597], [72.50658, 23.0458], [72.50621, 23.0456], [72.50611, 23.04553], [72.50596, 23.04491], [72.50592, 23.04479], [72.50578, 23.04452], [72.50576, 23.04433], [72.50593, 23.04381], [72.50579, 23.04362], [72.50567, 23.04353], [72.50533, 23.04342], [72.50518, 23.04337], [72.50515, 23.04336], [72.50509, 23.0433], [72.50497, 23.04317], [72.50501, 23.04282], [72.50506, 23.04248], [72.50499, 23.04222], [72.50445, 23.04212], [72.50391, 23.04202], [72.50346, 23.04197], [72.50293, 23.04184], [72.5027, 23.04173], [72.50257, 23.04169], [72.50186, 23.04149], [72.50163, 23.04098], [72.50078, 23.04071], [72.49972, 23.0404], [72.49953, 23.04028], [72.49945, 23.04043], [72.49848, 23.04023], [72.49744, 23.03998], [72.49678, 23.0399], [72.49605, 23.03953], [72.49559, 23.03926], [72.49547, 23.03953], [72.49516, 23.03929], [72.49497, 23.03937], [72.4948, 23.03934], [72.49451, 23.03944], [72.49356, 23.03885], [72.49323, 23.03731], [72.49311, 23.03724], [72.49267, 23.03733], [72.49174, 23.03759], [72.49118, 23.03757], [72.4899, 23.03749], [72.48895, 23.0374], [72.48887, 23.03929], [72.48922, 23.04087], [72.4897, 23.04256], [72.48959, 23.04337], [72.48927, 23.04421], [72.48873, 23.04398], [72.48817, 23.04375], [72.48752, 23.04374], [72.48756, 23.04299], [72.48738, 23.04204], [72.48677, 23.04199], [72.48597, 23.0422], [72.48543, 23.04221], [72.48502, 23.04193], [72.48394, 23.0431], [72.48314, 23.04344], [72.48254, 23.04337], [72.48144, 23.04323], [72.48032, 23.04316], [72.47887, 23.04317], [72.47752, 23.0432], [72.47642, 23.04292], [72.47565, 23.04217], [72.47567, 23.04189], [72.47441, 23.04159], [72.47264, 23.04122], [72.47257, 23.04121], [72.47257, 23.0412], [72.47252, 23.04109], [72.47137, 23.04101], [72.47114, 23.04259], [72.4708, 23.04305], [72.47017, 23.04387], [72.4693, 23.046], [72.46901, 23.04767], [72.46911, 23.04861], [72.46725, 23.04886], [72.46688, 23.04801], [72.46621, 23.04715], [72.46622, 23.04652], [72.46587, 23.04616], [72.46459, 23.04664], [72.46388, 23.04624], [72.46201, 23.04694], [72.4608, 23.04733], [72.46036, 23.04715], [72.45902, 23.04733], [72.45849, 23.04703], [72.45815, 23.04721], [72.45733, 23.04702], [72.45583, 23.04678], [72.45488, 23.04629], [72.45401, 23.04667], [72.45285, 23.04644], [72.45198, 23.04658], [72.45087, 23.04706], [72.4498, 23.04766], [72.4499, 23.04863], [72.45011, 23.04937], [72.45077, 23.0505], [72.45091, 23.05101], [72.45087, 23.05191], [72.44928, 23.05232], [72.44973, 23.05378], [72.45018, 23.05501], [72.45019, 23.05608], [72.4504, 23.05734], [72.45052, 23.05906], [72.45059, 23.06098], [72.45206, 23.06175], [72.45373, 23.06226], [72.45464, 23.06309], [72.45588, 23.06252], [72.45672, 23.06279], [72.45757, 23.06269], [72.45815, 23.06236], [72.45864, 23.06248], [72.46081, 23.06163], [72.46179, 23.06114], [72.46342, 23.0607], [72.46529, 23.06118], [72.46564, 23.06149], [72.46696, 23.06166], [72.46752, 23.06153], [72.46862, 23.06177], [72.469, 23.06198], [72.46907, 23.06246], [72.46938, 23.06255], [72.47135, 23.06275], [72.47155, 23.06308], [72.47212, 23.06329], [72.4728, 23.0633], [72.4732, 23.06541], [72.47337, 23.06651], [72.47321, 23.06731], [72.47341, 23.06823], [72.47362, 23.06891], [72.47455, 23.06837], [72.47503, 23.06838], [72.47528, 23.06852], [72.4755, 23.06883], [72.47539, 23.0694], [72.47529, 23.07002], [72.47512, 23.07057], [72.47514, 23.07058], [72.47512, 23.07058], [72.4748, 23.07164], [72.47437, 23.0722], [72.47329, 23.07356], [72.47249, 23.07419], [72.47109, 23.07486], [72.46992, 23.07568], [72.46907, 23.07651], [72.46827, 23.0776], [72.46752, 23.0788], [72.46728, 23.07922], [72.46676, 23.08093], [72.46515, 23.08025], [72.46478, 23.08088], [72.4643, 23.08068], [72.46428, 23.08032], [72.46324, 23.0799], [72.46197, 23.07912], [72.46172, 23.07945], [72.46096, 23.07927], [72.46074, 23.08049], [72.46028, 23.08129], [72.46063, 23.08234], [72.46051, 23.08287], [72.46087, 23.08411], [72.46281, 23.0832], [72.46414, 23.08321], [72.4656, 23.08322], [72.46581, 23.08339], [72.46632, 23.08336], [72.46652, 23.08402], [72.46846, 23.08431], [72.47012, 23.08457], [72.47134, 23.0848], [72.47229, 23.0851], [72.4726, 23.08539], [72.47311, 23.08552], [72.47406, 23.08627], [72.47542, 23.08712], [72.47613, 23.08737], [72.47684, 23.08773], [72.4775, 23.08826], [72.47806, 23.08879], [72.47839, 23.08928], [72.4787, 23.08998], [72.47877, 23.09057], [72.47874, 23.09116], [72.47871, 23.09223], [72.47903, 23.09391], [72.47877, 23.09461], [72.48032, 23.09587], [72.48196, 23.09649], [72.48233, 23.09723], [72.48311, 23.09749], [72.48686, 23.09807], [72.48881, 23.09824], [72.49163, 23.09857], [72.49233, 23.09894], [72.49297, 23.09966], [72.49375, 23.09953], [72.49556, 23.09987], [72.49625, 23.09988], [72.49675, 23.09975], [72.49709, 23.09981], [72.49736, 23.1], [72.49765, 23.10022], [72.49797, 23.10044], [72.49825, 23.10064], [72.49864, 23.10063]]]}}, {"type": "Feature", "properties": {"name": "Ghatlodiya", "ward_no": 7, "zone": "Northwest", "population": 162137, "hospital_count": 17}, "geometry": {"type": "Polygon", "coordinates": [[[72.55681, 23.06994], [72.55663, 23.0699], [72.55595, 23.06974], [72.55565, 23.06967], [72.55548, 23.06961], [72.55493, 23.06954], [72.55456, 23.06949], [72.55422, 23.06944], [72.55394, 23.06934], [72.5536, 23.06922], [72.55323, 23.06919], [72.55297, 23.06917], [72.55247, 23.06912], [72.55205, 23.06909], [72.55182, 23.0691], [72.55166, 23.06911], [72.5514, 23.06927], [72.55124, 23.06935], [72.55123, 23.06936], [72.55112, 23.06932], [72.55096, 23.06928], [72.55079, 23.06922], [72.55043, 23.06909], [72.54992, 23.06891], [72.54933, 23.06871], [72.54904, 23.06823], [72.54888, 23.06814], [72.54857, 23.06811], [72.54793, 23.06786], [72.54753, 23.06769], [72.5473, 23.06756], [72.547, 23.06747], [72.54677, 23.0672], [72.54649, 23.06695], [72.54638, 23.06674], [72.54623, 23.06645], [72.54599, 23.06598], [72.54583, 23.06565], [72.54578, 23.06546], [72.54575, 23.06536], [72.54572, 23.06525], [72.5457, 23.0652], [72.5457, 23.06511], [72.54567, 23.06487], [72.54546, 23.06411], [72.54539, 23.06386], [72.54524, 23.06355], [72.54515, 23.06337], [72.54509, 23.06326], [72.54497, 23.06301], [72.54484, 23.06275], [72.54469, 23.06245], [72.54471, 23.06237], [72.54467, 23.0622], [72.54451, 23.06169], [72.5443, 23.06164], [72.54404, 23.06159], [72.54338, 23.06155], [72.54263, 23.06137], [72.54218, 23.06125], [72.54169, 23.06109], [72.54141, 23.0611], [72.54106, 23.06083], [72.54034, 23.06027], [72.53975, 23.06007], [72.53914, 23.05978], [72.53798, 23.05962], [72.53785, 23.05893], [72.537, 23.05896], [72.5366, 23.05893], [72.53627, 23.05903], [72.53543, 23.05934], [72.53466, 23.05954], [72.53393, 23.05969], [72.53336, 23.05995], [72.53233, 23.06054], [72.53147, 23.06108], [72.53126, 23.06152], [72.53165, 23.06377], [72.53432, 23.06238], [72.53555, 23.06424], [72.53632, 23.06546], [72.5355, 23.06555], [72.53505, 23.06563], [72.53437, 23.06587], [72.53293, 23.06651], [72.53381, 23.06817], [72.53418, 23.06843], [72.5354, 23.06887], [72.53594, 23.06896], [72.53732, 23.06964], [72.53714, 23.07024], [72.53743, 23.07144], [72.53757, 23.0719], [72.53757, 23.07222], [72.53756, 23.07231], [72.54158, 23.07407], [72.5416, 23.07408], [72.55054, 23.07783], [72.55678, 23.0807], [72.55681, 23.08059], [72.55932, 23.07107], [72.55903, 23.07093], [72.55884, 23.07085], [72.55851, 23.07064], [72.55825, 23.07047], [72.55803, 23.07037], [72.55782, 23.07029], [72.55765, 23.07021], [72.55751, 23.07017], [72.55702, 23.07001], [72.55681, 23.06994]]]}}, {"type": "Feature", "properties": {"name": "Nava Vadaj", "ward_no": 6, "zone": "West", "population": 108636, "hospital_count": 30}, "geometry": {"type": "Polygon", "coordinates": [[[72.5721, 23.08634], [72.57173, 23.0855], [72.56954, 23.08104], [72.56849, 23.07899], [72.56819, 23.07821], [72.56818, 23.07819], [72.56822, 23.07815], [72.56831, 23.07793], [72.56834, 23.07784], [72.56834, 23.07784], [72.5684, 23.07776], [72.56858, 23.07751], [72.56879, 23.07721], [72.56911, 23.07693], [72.5697, 23.07691], [72.56985, 23.07666], [72.56997, 23.07621], [72.56971, 23.07616], [72.56981, 23.07597], [72.57005, 23.07549], [72.57017, 23.07528], [72.57021, 23.07519], [72.57031, 23.07497], [72.57036, 23.07488], [72.57049, 23.07452], [72.5708, 23.07391], [72.57094, 23.07366], [72.57099, 23.07254], [72.57092, 23.07237], [72.56615, 23.07233], [72.5668, 23.06984], [72.5674, 23.0678], [72.56756, 23.06754], [72.56798, 23.06614], [72.56829, 23.06506], [72.56842, 23.06458], [72.56845, 23.06404], [72.56839, 23.06362], [72.56802, 23.06315], [72.56735, 23.06252], [72.56732, 23.06242], [72.56746, 23.06225], [72.56798, 23.06186], [72.56817, 23.06151], [72.56829, 23.06116], [72.56834, 23.06043], [72.5686, 23.05985], [72.56897, 23.05922], [72.56949, 23.05867], [72.57023, 23.05795], [72.57096, 23.05737], [72.57141, 23.05708], [72.57179, 23.05692], [72.57217, 23.05673], [72.57236, 23.05659], [72.57242, 23.05642], [72.57238, 23.05575], [72.57227, 23.05376], [72.57212, 23.05269], [72.57148, 23.05271], [72.57134, 23.05292], [72.57134, 23.05292], [72.57121, 23.05293], [72.56883, 23.05302], [72.56685, 23.05347], [72.56719, 23.05463], [72.56731, 23.05514], [72.56732, 23.05519], [72.56723, 23.0552], [72.56562, 23.05551], [72.56499, 23.05562], [72.56395, 23.05559], [72.563, 23.05548], [72.56233, 23.05826], [72.56181, 23.06018], [72.56146, 23.06144], [72.56092, 23.06311], [72.56037, 23.06524], [72.55972, 23.06814], [72.55943, 23.06933], [72.55903, 23.07093], [72.55932, 23.07107], [72.55681, 23.08059], [72.55938, 23.08183], [72.56299, 23.08337], [72.56625, 23.08477], [72.56812, 23.08559], [72.56928, 23.08593], [72.57041, 23.08615], [72.57146, 23.0863], [72.5721, 23.08634]]]}}, {"type": "Feature", "properties": {"name": "Ranip", "ward_no": 5, "zone": "West", "population": 91247, "hospital_count": 6}, "geometry": {"type": "Polygon", "coordinates": [[[72.58045, 23.09122], [72.58316, 23.08632], [72.58267, 23.0862], [72.58205, 23.08421], [72.58299, 23.08345], [72.58451, 23.08135], [72.58513, 23.08034], [72.58603, 23.07886], [72.58704, 23.07545], [72.58771, 23.07313], [72.58742, 23.07266], [72.58731, 23.07268], [72.58679, 23.07181], [72.58563, 23.07229], [72.5831, 23.07026], [72.58228, 23.07007], [72.58115, 23.0698], [72.5799, 23.0695], [72.5793, 23.06941], [72.57828, 23.06909], [72.57803, 23.06905], [72.57762, 23.06898], [72.57742, 23.069], [72.5772, 23.06899], [72.57661, 23.06923], [72.57622, 23.06938], [72.57592, 23.06948], [72.57461, 23.07038], [72.57296, 23.07124], [72.57243, 23.07188], [72.57205, 23.07232], [72.57187, 23.0725], [72.57124, 23.07312], [72.57094, 23.07366], [72.5708, 23.07391], [72.57049, 23.07452], [72.57036, 23.07488], [72.57031, 23.07497], [72.57021, 23.07519], [72.57017, 23.07528], [72.57005, 23.07549], [72.56981, 23.07597], [72.56971, 23.07616], [72.56997, 23.07621], [72.56985, 23.07666], [72.5697, 23.07691], [72.56911, 23.07693], [72.56879, 23.07721], [72.56858, 23.07751], [72.5684, 23.07776], [72.56834, 23.07784], [72.56834, 23.07784], [72.56831, 23.07793], [72.56822, 23.07815], [72.56818, 23.07819], [72.56819, 23.07821], [72.56849, 23.07899], [72.56954, 23.08104], [72.57173, 23.0855], [72.5721, 23.08634], [72.57146, 23.0863], [72.57041, 23.08615], [72.56928, 23.08593], [72.56812, 23.08559], [72.56625, 23.08477], [72.56299, 23.08337], [72.55938, 23.08183], [72.55681, 23.08059], [72.55678, 23.0807], [72.55539, 23.08636], [72.55463, 23.08959], [72.55422, 23.09152], [72.55426, 23.09331], [72.55473, 23.09467], [72.55575, 23.09682], [72.55804, 23.10184], [72.55872, 23.10284], [72.55946, 23.10367], [72.56037, 23.10425], [72.56133, 23.10477], [72.56215, 23.10492], [72.56304, 23.10494], [72.56408, 23.1048], [72.56559, 23.10428], [72.56704, 23.10389], [72.5674, 23.1038], [72.5684, 23.10344], [72.57044, 23.10219], [72.57254, 23.1012], [72.57425, 23.10033], [72.57634, 23.09788], [72.57829, 23.09508], [72.58045, 23.09122]]]}}, {"type": "Feature", "properties": {"name": "Sabarmati", "ward_no": 4, "zone": "West", "population": 115246, "hospital_count": 25}, "geometry": {"type": "Polygon", "coordinates": [[[72.61467, 23.10556], [72.61389, 23.10326], [72.61229, 23.10324], [72.61156, 23.10152], [72.61123, 23.10151], [72.61041, 23.10015], [72.61022, 23.09938], [72.61033, 23.09863], [72.61058, 23.09767], [72.61076, 23.09698], [72.6098, 23.09519], [72.60977, 23.09483], [72.61003, 23.09339], [72.60483, 23.09355], [72.60431, 23.09351], [72.60175, 23.09211], [72.60134, 23.09117], [72.59873, 23.08956], [72.59853, 23.0892], [72.59914, 23.08874], [72.60163, 23.08628], [72.60154, 23.0854], [72.60144, 23.08331], [72.60109, 23.08156], [72.60077, 23.0794], [72.60057, 23.07819], [72.59991, 23.07494], [72.59967, 23.0743], [72.5989, 23.07236], [72.59843, 23.07129], [72.59805, 23.07039], [72.59756, 23.06953], [72.59647, 23.06802], [72.59523, 23.06675], [72.59332, 23.06531], [72.59219, 23.06464], [72.59038, 23.06351], [72.59008, 23.06457], [72.58994, 23.06556], [72.58983, 23.06676], [72.5891, 23.06853], [72.5888, 23.06924], [72.58861, 23.06992], [72.58788, 23.06972], [72.58791, 23.07], [72.58753, 23.07263], [72.58742, 23.07266], [72.58771, 23.07313], [72.58704, 23.07545], [72.58603, 23.07886], [72.58513, 23.08034], [72.58451, 23.08135], [72.58299, 23.08345], [72.58205, 23.08421], [72.58267, 23.0862], [72.58316, 23.08632], [72.58045, 23.09122], [72.57829, 23.09508], [72.57634, 23.09788], [72.57425, 23.10033], [72.57434, 23.10043], [72.57506, 23.10089], [72.57669, 23.10193], [72.57681, 23.10248], [72.57684, 23.10261], [72.57691, 23.10259], [72.57752, 23.10235], [72.57811, 23.10203], [72.57836, 23.10189], [72.57856, 23.10174], [72.57881, 23.10156], [72.57929, 23.10158], [72.5801, 23.10131], [72.58047, 23.10162], [72.58106, 23.10135], [72.58171, 23.10129], [72.58205, 23.10169], [72.58399, 23.10145], [72.58416, 23.10162], [72.58509, 23.10139], [72.58523, 23.10224], [72.58537, 23.10227], [72.58547, 23.10312], [72.58638, 23.10302], [72.58629, 23.10189], [72.58621, 23.10122], [72.58603, 23.10081], [72.58646, 23.101], [72.58677, 23.10099], [72.5871, 23.1009], [72.58741, 23.101], [72.58786, 23.1012], [72.58827, 23.10141], [72.58842, 23.10147], [72.589, 23.09965], [72.5893, 23.09873], [72.59852, 23.10517], [72.60403, 23.10904], [72.61147, 23.11447], [72.6149, 23.11651], [72.61487, 23.1157], [72.61479, 23.1148], [72.61475, 23.11425], [72.61578, 23.11397], [72.61706, 23.11385], [72.61838, 23.11392], [72.61935, 23.11399], [72.62036, 23.11386], [72.62022, 23.11282], [72.61931, 23.11176], [72.61879, 23.11114], [72.6183, 23.11034], [72.61808, 23.10922], [72.61798, 23.10829], [72.6154, 23.10735], [72.61471, 23.10674], [72.61467, 23.10556]]]}}, {"type": "Feature", "properties": {"name": "Chandkheda - Motera", "ward_no": 3, "zone": "West", "population": 125446, "hospital_count": 30}, "geometry": {"type": "Polygon", "coordinates": [[[72.58419, 23.12945], [72.58505, 23.12965], [72.58543, 23.12932], [72.58762, 23.12994], [72.58797, 23.12925], [72.58856, 23.12933], [72.58891, 23.12865], [72.58956, 23.12876], [72.58971, 23.12902], [72.59149, 23.12944], [72.59163, 23.12975], [72.59536, 23.13019], [72.59604, 23.13009], [72.59849, 23.13119], [72.59916, 23.13014], [72.60103, 23.13034], [72.60133, 23.13018], [72.60154, 23.13031], [72.60277, 23.13014], [72.60374, 23.12992], [72.60528, 23.12961], [72.6067, 23.12934], [72.6075, 23.12903], [72.60874, 23.12848], [72.61039, 23.12818], [72.61072, 23.12726], [72.61262, 23.1263], [72.61254, 23.12548], [72.61329, 23.12543], [72.61361, 23.12531], [72.61418, 23.1251], [72.61418, 23.12486], [72.61417, 23.12456], [72.6142, 23.12353], [72.61421, 23.12321], [72.6142, 23.12199], [72.615, 23.12208], [72.61553, 23.12215], [72.6165, 23.12225], [72.61608, 23.1215], [72.61543, 23.12034], [72.61509, 23.11975], [72.61511, 23.1192], [72.61514, 23.11764], [72.61494, 23.11719], [72.61492, 23.11686], [72.6149, 23.11651], [72.61147, 23.11447], [72.60403, 23.10904], [72.59852, 23.10517], [72.5893, 23.09873], [72.589, 23.09965], [72.58842, 23.10147], [72.58827, 23.10141], [72.58786, 23.1012], [72.58741, 23.101], [72.5871, 23.1009], [72.58677, 23.10099], [72.58646, 23.101], [72.58603, 23.10081], [72.58621, 23.10122], [72.58629, 23.10189], [72.58638, 23.10302], [72.58547, 23.10312], [72.58537, 23.10227], [72.58523, 23.10224], [72.58509, 23.10139], [72.58416, 23.10162], [72.58399, 23.10145], [72.58205, 23.10169], [72.58171, 23.10129], [72.58106, 23.10135], [72.58047, 23.10162], [72.5801, 23.10131], [72.57929, 23.10158], [72.57881, 23.10156], [72.57856, 23.10174], [72.57836, 23.10189], [72.57811, 23.10203], [72.57752, 23.10235], [72.57691, 23.10259], [72.57684, 23.10261], [72.57681, 23.10248], [72.57669, 23.10193], [72.57506, 23.10089], [72.57434, 23.10043], [72.57425, 23.10033], [72.57254, 23.1012], [72.57044, 23.10219], [72.5684, 23.10344], [72.5674, 23.1038], [72.56704, 23.10389], [72.56247, 23.1153], [72.56266, 23.1154], [72.56273, 23.11575], [72.56273, 23.1163], [72.5631, 23.11635], [72.56411, 23.11604], [72.56426, 23.11618], [72.5665, 23.11568], [72.56756, 23.11579], [72.56765, 23.11609], [72.56807, 23.11611], [72.56856, 23.11621], [72.56881, 23.11736], [72.56901, 23.11801], [72.56965, 23.11825], [72.56968, 23.11884], [72.5697, 23.11909], [72.57009, 23.12031], [72.57069, 23.12171], [72.57082, 23.12213], [72.57136, 23.12182], [72.57357, 23.12065], [72.575, 23.11991], [72.57549, 23.11959], [72.57607, 23.11897], [72.57706, 23.11774], [72.57751, 23.1176], [72.57812, 23.1185], [72.57859, 23.11839], [72.57927, 23.11958], [72.57977, 23.12039], [72.58021, 23.12178], [72.58041, 23.1218], [72.58062, 23.12271], [72.58137, 23.12497], [72.58171, 23.12652], [72.58182, 23.12675], [72.5822, 23.12747], [72.58291, 23.12743], [72.58311, 23.12959], [72.58331, 23.12984], [72.58419, 23.12945]]]}}, {"type": "Feature", "properties": {"name": "Chandlodiya", "ward_no": 2, "zone": "Northwest", "population": 129481, "hospital_count": 8}, "geometry": {"type": "Polygon", "coordinates": [[[72.55911, 23.13933], [72.55967, 23.13926], [72.55994, 23.13916], [72.56032, 23.13903], [72.56074, 23.13882], [72.5607, 23.13871], [72.56215, 23.13828], [72.56346, 23.13761], [72.56397, 23.13723], [72.56599, 23.13622], [72.56592, 23.13474], [72.56621, 23.13479], [72.56676, 23.13385], [72.56769, 23.13328], [72.56827, 23.13128], [72.56848, 23.13103], [72.56863, 23.12874], [72.56837, 23.12818], [72.56846, 23.12749], [72.56799, 23.12621], [72.56803, 23.12533], [72.56773, 23.12468], [72.5675, 23.124], [72.56708, 23.12357], [72.56646, 23.12271], [72.56614, 23.12253], [72.56586, 23.12148], [72.56547, 23.12039], [72.56456, 23.11926], [72.56405, 23.11783], [72.56355, 23.11692], [72.5631, 23.11635], [72.56273, 23.1163], [72.56273, 23.11575], [72.56266, 23.1154], [72.56247, 23.1153], [72.56704, 23.10389], [72.56559, 23.10428], [72.56408, 23.1048], [72.56304, 23.10494], [72.56215, 23.10492], [72.56133, 23.10477], [72.56037, 23.10425], [72.55946, 23.10367], [72.55872, 23.10284], [72.55804, 23.10184], [72.55575, 23.09682], [72.55473, 23.09467], [72.55426, 23.09331], [72.55422, 23.09152], [72.55463, 23.08959], [72.55539, 23.08636], [72.55678, 23.0807], [72.55054, 23.07783], [72.5416, 23.07408], [72.54158, 23.07407], [72.53963, 23.0765], [72.53935, 23.07667], [72.53904, 23.0767], [72.53869, 23.07672], [72.53864, 23.07668], [72.53795, 23.07648], [72.53684, 23.07624], [72.53545, 23.07597], [72.53467, 23.07585], [72.53328, 23.07569], [72.53186, 23.07561], [72.53161, 23.07589], [72.53185, 23.07716], [72.53196, 23.07797], [72.53282, 23.08379], [72.53284, 23.08392], [72.53317, 23.08356], [72.53468, 23.08203], [72.53559, 23.08141], [72.53618, 23.08196], [72.53681, 23.08224], [72.53815, 23.083], [72.53993, 23.08358], [72.54031, 23.08368], [72.54023, 23.08458], [72.54048, 23.08596], [72.54098, 23.08731], [72.54183, 23.08948], [72.54406, 23.0949], [72.54569, 23.09878], [72.54726, 23.10301], [72.54787, 23.10518], [72.54536, 23.10574], [72.54399, 23.10611], [72.54337, 23.10653], [72.54188, 23.10772], [72.54111, 23.10834], [72.54011, 23.10893], [72.53888, 23.10978], [72.53804, 23.11034], [72.53766, 23.11051], [72.53622, 23.11093], [72.53568, 23.11104], [72.54202, 23.1322], [72.54241, 23.13197], [72.54238, 23.13185], [72.54438, 23.13146], [72.54613, 23.13108], [72.54618, 23.13118], [72.54672, 23.13221], [72.54767, 23.13176], [72.54832, 23.13146], [72.54909, 23.13114], [72.54933, 23.13185], [72.54958, 23.13257], [72.54982, 23.13317], [72.55011, 23.13317], [72.55015, 23.13318], [72.55056, 23.13334], [72.55081, 23.13347], [72.55108, 23.1336], [72.55143, 23.13395], [72.55169, 23.13432], [72.55245, 23.13447], [72.55274, 23.13455], [72.55287, 23.13459], [72.55324, 23.1347], [72.55393, 23.13503], [72.55409, 23.13513], [72.55444, 23.13532], [72.55462, 23.13536], [72.55492, 23.13542], [72.55497, 23.13543], [72.55526, 23.13553], [72.55547, 23.13559], [72.55571, 23.13567], [72.55652, 23.13604], [72.55661, 23.13608], [72.5568, 23.13623], [72.55753, 23.13618], [72.55739, 23.13678], [72.55764, 23.13712], [72.55767, 23.13717], [72.55781, 23.13742], [72.55782, 23.1379], [72.55842, 23.13808], [72.55858, 23.13813], [72.55874, 23.13791], [72.55884, 23.13789], [72.55882, 23.13932], [72.55911, 23.13933]]]}}, {"type": "Feature", "properties": {"name": "Gota", "ward_no": 1, "zone": "Northwest", "population": 145263, "hospital_count": 11}, "geometry": {"type": "Polygon", "coordinates": [[[72.50776, 23.13886], [72.50881, 23.13889], [72.50928, 23.13887], [72.51022, 23.13878], [72.51083, 23.13876], [72.51114, 23.13797], [72.51133, 23.13759], [72.51179, 23.13752], [72.51218, 23.13754], [72.51274, 23.13758], [72.51347, 23.13766], [72.51463, 23.13762], [72.51596, 23.13755], [72.51818, 23.1375], [72.51886, 23.1375], [72.51952, 23.13759], [72.5206, 23.13775], [72.5218, 23.13804], [72.52303, 23.13849], [72.52339, 23.13859], [72.52372, 23.13888], [72.52419, 23.13937], [72.52472, 23.13987], [72.52508, 23.14033], [72.5253, 23.14046], [72.52575, 23.14039], [72.52621, 23.14032], [72.52698, 23.14021], [72.52769, 23.14005], [72.5287, 23.13976], [72.5293, 23.13962], [72.52989, 23.13948], [72.53016, 23.13888], [72.53036, 23.13831], [72.53098, 23.13833], [72.53155, 23.13827], [72.53191, 23.1382], [72.53216, 23.13757], [72.53232, 23.13717], [72.53265, 23.13587], [72.53296, 23.13451], [72.53315, 23.13362], [72.53356, 23.13262], [72.53388, 23.13182], [72.53395, 23.13123], [72.5338, 23.13016], [72.53422, 23.13048], [72.53479, 23.13099], [72.53551, 23.13153], [72.53582, 23.13175], [72.53645, 23.13208], [72.53703, 23.13237], [72.53756, 23.13174], [72.53813, 23.13166], [72.53852, 23.13169], [72.53863, 23.13159], [72.54027, 23.13171], [72.54076, 23.13176], [72.54076, 23.13191], [72.54163, 23.13243], [72.54202, 23.1322], [72.53568, 23.11104], [72.53622, 23.11093], [72.53766, 23.11051], [72.53804, 23.11034], [72.53888, 23.10978], [72.54011, 23.10893], [72.54111, 23.10834], [72.54188, 23.10772], [72.54337, 23.10653], [72.54399, 23.10611], [72.54536, 23.10574], [72.54787, 23.10518], [72.54726, 23.10301], [72.54569, 23.09878], [72.54406, 23.0949], [72.54183, 23.08948], [72.54098, 23.08731], [72.54048, 23.08596], [72.54023, 23.08458], [72.54031, 23.08368], [72.53993, 23.08358], [72.53815, 23.083], [72.53681, 23.08224], [72.53618, 23.08196], [72.53559, 23.08141], [72.53468, 23.08203], [72.53317, 23.08356], [72.53284, 23.08392], [72.53282, 23.08379], [72.53196, 23.07797], [72.53185, 23.07716], [72.53161, 23.07589], [72.53186, 23.07561], [72.53328, 23.07569], [72.53467, 23.07585], [72.53545, 23.07597], [72.53684, 23.07624], [72.53795, 23.07648], [72.53864, 23.07668], [72.53869, 23.07672], [72.53904, 23.0767], [72.53935, 23.07667], [72.53963, 23.0765], [72.54158, 23.07407], [72.53756, 23.07231], [72.53757, 23.07222], [72.53757, 23.0719], [72.53743, 23.07144], [72.53714, 23.07024], [72.53732, 23.06964], [72.53594, 23.06896], [72.5354, 23.06887], [72.53418, 23.06843], [72.53381, 23.06817], [72.53293, 23.06651], [72.53437, 23.06587], [72.53505, 23.06563], [72.5355, 23.06555], [72.53632, 23.06546], [72.53555, 23.06424], [72.53432, 23.06238], [72.53165, 23.06377], [72.53071, 23.06429], [72.52963, 23.06537], [72.52822, 23.06661], [72.52704, 23.0679], [72.52534, 23.06716], [72.52232, 23.06585], [72.51618, 23.06319], [72.51367, 23.0621], [72.51025, 23.06056], [72.50795, 23.05961], [72.50538, 23.05854], [72.50339, 23.05766], [72.50313, 23.05755], [72.50215, 23.05813], [72.50076, 23.05869], [72.50007, 23.0589], [72.49936, 23.05917], [72.50004, 23.05955], [72.50086, 23.05992], [72.50168, 23.06028], [72.50239, 23.06068], [72.50275, 23.06106], [72.50293, 23.06149], [72.50281, 23.062], [72.50307, 23.06267], [72.50289, 23.06294], [72.50292, 23.06314], [72.50274, 23.06339], [72.50215, 23.06442], [72.50141, 23.06432], [72.50063, 23.0641], [72.50062, 23.0641], [72.50061, 23.06409], [72.5006, 23.06408], [72.50059, 23.06408], [72.50059, 23.06408], [72.50058, 23.06407], [72.50057, 23.06407], [72.50056, 23.06406], [72.50055, 23.06406], [72.50054, 23.06406], [72.50053, 23.06405], [72.50052, 23.06405], [72.50051, 23.06405], [72.5005, 23.06405], [72.50049, 23.06405], [72.50048, 23.06405], [72.50047, 23.06404], [72.50047, 23.06404], [72.50046, 23.06404], [72.50044, 23.06404], [72.50044, 23.06404], [72.50043, 23.06404], [72.50042, 23.06404], [72.50041, 23.06405], [72.5004, 23.06405], [72.50039, 23.06405], [72.50038, 23.06405], [72.50037, 23.06405], [72.50036, 23.06406], [72.50035, 23.06406], [72.50034, 23.06406], [72.50033, 23.06407], [72.50032, 23.06407], [72.50032, 23.06407], [72.50031, 23.06408], [72.5003, 23.06408], [72.50029, 23.06409], [72.50028, 23.06409], [72.50027, 23.0641], [72.50027, 23.0641], [72.50026, 23.06411], [72.50025, 23.06412], [72.50025, 23.06412], [72.50024, 23.06413], [72.50023, 23.06414], [72.50023, 23.06414], [72.50022, 23.06415], [72.50021, 23.06416], [72.50021, 23.06416], [72.5002, 23.06417], [72.5002, 23.06418], [72.5002, 23.06419], [72.50019, 23.0642], [72.49971, 23.06522], [72.4993, 23.06605], [72.49874, 23.06694], [72.49861, 23.06756], [72.49805, 23.06815], [72.49828, 23.06869], [72.49848, 23.06923], [72.49883, 23.06981], [72.49905, 23.07053], [72.4992, 23.07163], [72.49916, 23.0724], [72.49902, 23.07315], [72.49905, 23.07392], [72.49928, 23.07447], [72.49945, 23.07476], [72.49956, 23.07557], [72.49911, 23.07578], [72.49936, 23.0767], [72.49989, 23.0787], [72.5, 23.08001], [72.50001, 23.08031], [72.49922, 23.08061], [72.49686, 23.08191], [72.494, 23.08348], [72.49304, 23.08395], [72.49439, 23.08689], [72.49569, 23.09058], [72.49697, 23.09407], [72.49776, 23.09637], [72.49897, 23.09954], [72.49886, 23.09991], [72.49864, 23.10063], [72.49825, 23.10064], [72.49847, 23.10121], [72.49848, 23.10159], [72.49851, 23.10191], [72.49844, 23.10302], [72.49842, 23.10393], [72.49843, 23.10418], [72.49845, 23.10453], [72.49897, 23.10539], [72.49901, 23.10575], [72.49953, 23.10659], [72.49975, 23.10724], [72.49987, 23.1078], [72.49984, 23.10834], [72.49966, 23.10908], [72.49925, 23.11012], [72.49932, 23.11058], [72.49935, 23.11123], [72.49929, 23.11175], [72.49904, 23.11218], [72.499, 23.11249], [72.4982, 23.11272], [72.49768, 23.11315], [72.49739, 23.1136], [72.49728, 23.11401], [72.49751, 23.11436], [72.49796, 23.11479], [72.49857, 23.11543], [72.49887, 23.11559], [72.49898, 23.11565], [72.49976, 23.11586], [72.49997, 23.11591], [72.50007, 23.116], [72.50019, 23.11699], [72.50043, 23.11831], [72.50033, 23.11916], [72.50023, 23.1199], [72.5001, 23.12093], [72.50008, 23.12104], [72.50019, 23.1212], [72.50036, 23.12201], [72.50029, 23.12252], [72.49991, 23.12332], [72.49976, 23.12373], [72.50042, 23.12395], [72.50096, 23.12443], [72.50116, 23.12493], [72.50161, 23.12524], [72.50196, 23.12572], [72.50281, 23.12645], [72.50305, 23.12677], [72.50325, 23.12738], [72.50346, 23.12831], [72.50366, 23.12886], [72.50377, 23.12948], [72.50426, 23.12959], [72.50498, 23.13006], [72.50553, 23.1306], [72.50558, 23.1314], [72.50603, 23.13137], [72.50658, 23.1315], [72.50682, 23.13168], [72.50695, 23.13181], [72.50697, 23.13271], [72.50699, 23.13323], [72.50685, 23.13386], [72.50636, 23.13453], [72.50597, 23.13481], [72.50595, 23.1352], [72.50592, 23.13586], [72.50597, 23.13691], [72.50575, 23.13694], [72.50566, 23.13804], [72.50652, 23.13819], [72.50656, 23.13829], [72.50667, 23.13825], [72.50677, 23.13872], [72.50691, 23.13877], [72.50714, 23.13887], [72.50776, 23.13886]]]}}]}