{"type": "FeatureCollection", "features": [{"type": "Feature", "properties": {"name": "127-RANGAREDDY NAGAR", "hospital_count": 5, "circle": "25-QUTUBULLAPUR", "zone": "KUKATPALLY ZONE", "ward_no": 127}, "geometry": {"type": "Polygon", "coordinates": [[[78.45031, 17.48797], [78.45029, 17.4879], [78.45004, 17.4868], [78.44979, 17.48526], [78.44976, 17.48512], [78.44971, 17.48485], [78.44964, 17.48447], [78.44949, 17.48368], [78.44945, 17.48345], [78.4494, 17.48315], [78.44927, 17.4826], [78.44904, 17.48263], [78.44797, 17.48279], [78.44799, 17.4829], [78.4481, 17.48341], [78.44812, 17.4835], [78.44768, 17.48348], [78.44667, 17.48343], [78.44561, 17.48339], [78.44546, 17.4834], [78.44537, 17.48333], [78.4453, 17.48328], [78.44529, 17.48327], [78.44476, 17.48286], [78.44474, 17.48276], [78.44456, 17.48205], [78.44432, 17.48135], [78.44246, 17.48186], [78.44124, 17.48224], [78.44051, 17.48246], [78.43976, 17.48269], [78.43773, 17.48331], [78.43621, 17.48407], [78.43622, 17.48409], [78.43577, 17.48447], [78.4345, 17.48555], [78.43334, 17.48655], [78.43329, 17.48654], [78.4315, 17.48793], [78.43047, 17.48861], [78.43028, 17.48874], [78.43017, 17.48881], [78.42947, 17.48928], [78.42863, 17.48984], [78.42824, 17.48999], [78.42828, 17.49007], [78.42905, 17.49134], [78.42885, 17.49133], [78.42618, 17.49125], [78.42607, 17.49124], [78.42668, 17.49279], [78.42663, 17.49285], [78.42678, 17.49318], [78.42675, 17.49342], [78.42753, 17.49406], [78.42797, 17.49422], [78.42819, 17.49428], [78.42827, 17.4944], [78.4283, 17.49444], [78.42841, 17.49459], [78.42929, 17.49422], [78.43021, 17.49382], [78.43025, 17.49387], [78.43041, 17.49425], [78.43057, 17.49462], [78.4314, 17.4943], [78.4322, 17.49597], [78.43223, 17.49606], [78.43274, 17.49728], [78.43272, 17.4973], [78.4329, 17.49765], [78.43351, 17.49761], [78.43384, 17.49748], [78.4341, 17.49734], [78.43425, 17.49714], [78.43543, 17.49626], [78.4376, 17.49697], [78.4398, 17.49621], [78.43999, 17.49604], [78.44166, 17.4961], [78.44186, 17.49595], [78.443, 17.49541], [78.44306, 17.49538], [78.44356, 17.49514], [78.44442, 17.49473], [78.44469, 17.49526], [78.44483, 17.49511], [78.44583, 17.4939], [78.44579, 17.49381], [78.44582, 17.49341], [78.44586, 17.49301], [78.4456, 17.49299], [78.44605, 17.48879], [78.44762, 17.48849], [78.45031, 17.48797]]]}}, {"type": "Feature", "properties": {"name": "119-OLD BOWENPALLY", "hospital_count": 8, "circle": "24-KUKATPALLY", "zone": "KUKATPALLY ZONE", "ward_no": 119}, "geometry": {"type": "Polygon", "coordinates": [[[78.47869, 17.48565], [78.47943, 17.48571], [78.47925, 17.48622], [78.47886, 17.48731], [78.47893, 17.48732], [78.47971, 17.48745], [78.47984, 17.48745], [78.47984, 17.48752], [78.47982, 17.48936], [78.48111, 17.48955], [78.48221, 17.48974], [78.48302, 17.48989], [78.48388, 17.49008], [78.48405, 17.49009], [78.48417, 17.4901], [78.48427, 17.49007], [78.48434, 17.49004], [78.4845, 17.48993], [78.48509, 17.48936], [78.48576, 17.48871], [78.48636, 17.4881], [78.48665, 17.48785], [78.48631, 17.48716], [78.48559, 17.48746], [78.485, 17.48762], [78.48486, 17.48758], [78.4847, 17.48691], [78.48472, 17.48523], [78.48475, 17.48499], [78.48498, 17.48448], [78.48535, 17.48378], [78.48559, 17.48283], [78.48574, 17.48266], [78.48663, 17.48215], [78.48686, 17.48203], [78.48694, 17.48199], [78.48789, 17.4815], [78.48824, 17.48132], [78.48813, 17.48086], [78.48815, 17.48074], [78.48859, 17.48053], [78.49077, 17.48016], [78.4908, 17.48015], [78.49136, 17.48004], [78.49162, 17.48011], [78.49229, 17.48081], [78.49364, 17.48045], [78.49401, 17.48222], [78.49416, 17.48238], [78.49388, 17.48252], [78.4943, 17.48346], [78.49455, 17.48345], [78.4947, 17.48354], [78.49501, 17.48445], [78.49559, 17.48433], [78.49543, 17.48347], [78.49533, 17.48312], [78.49533, 17.48311], [78.49602, 17.48299], [78.49582, 17.48267], [78.49592, 17.48249], [78.49605, 17.48242], [78.4964, 17.48245], [78.49697, 17.48332], [78.49732, 17.4829], [78.49739, 17.48241], [78.49714, 17.48034], [78.49702, 17.47974], [78.49681, 17.47959], [78.49673, 17.47919], [78.49666, 17.47874], [78.4966, 17.4783], [78.49658, 17.47822], [78.49636, 17.47829], [78.49593, 17.47686], [78.49563, 17.47641], [78.49536, 17.47558], [78.49528, 17.47528], [78.49438, 17.47337], [78.49431, 17.47247], [78.4942, 17.47136], [78.49429, 17.47131], [78.49407, 17.47013], [78.49381, 17.46999], [78.49365, 17.46999], [78.49311, 17.47005], [78.49262, 17.47003], [78.49212, 17.47007], [78.49151, 17.47003], [78.49072, 17.46971], [78.49073, 17.47048], [78.49071, 17.47056], [78.49026, 17.47052], [78.48942, 17.47037], [78.4894, 17.47128], [78.48917, 17.47129], [78.48911, 17.47146], [78.48901, 17.47157], [78.48901, 17.47156], [78.48823, 17.47164], [78.4877, 17.47162], [78.48726, 17.47166], [78.48706, 17.47164], [78.48677, 17.47157], [78.48658, 17.47156], [78.4862, 17.47156], [78.48611, 17.47154], [78.4857, 17.47159], [78.48547, 17.47164], [78.48539, 17.47139], [78.48513, 17.47144], [78.48463, 17.47152], [78.48422, 17.47157], [78.48429, 17.47174], [78.48334, 17.47195], [78.48255, 17.47218], [78.48148, 17.47226], [78.48156, 17.47287], [78.48132, 17.47297], [78.48134, 17.47315], [78.4808, 17.4732], [78.48035, 17.47338], [78.48018, 17.47355], [78.47985, 17.47349], [78.47931, 17.47384], [78.47887, 17.47386], [78.47764, 17.47452], [78.47725, 17.47483], [78.47645, 17.47525], [78.47663, 17.47569], [78.47672, 17.47594], [78.47649, 17.47599], [78.47649, 17.4768], [78.47584, 17.47672], [78.47524, 17.47655], [78.47511, 17.47679], [78.47537, 17.4775], [78.47513, 17.47761], [78.47512, 17.47761], [78.47509, 17.47774], [78.47467, 17.47804], [78.47517, 17.4795], [78.47533, 17.47949], [78.47532, 17.47976], [78.47521, 17.47977], [78.4752, 17.48014], [78.47522, 17.48184], [78.47527, 17.483], [78.47536, 17.48338], [78.47617, 17.4853], [78.4765, 17.48538], [78.47651, 17.48613], [78.47736, 17.48593], [78.4781, 17.48566], [78.47869, 17.48565]]]}}, {"type": "Feature", "properties": {"name": "145-SEETHAPHALMANDI", "hospital_count": 11, "circle": "29-SECUNDERABAD", "zone": "SECUNDERABAD ZONE", "ward_no": 145}, "geometry": {"type": "Polygon", "coordinates": [[[78.52062, 17.4268], [78.52074, 17.42655], [78.5209, 17.42616], [78.52102, 17.42584], [78.52107, 17.42557], [78.52118, 17.42505], [78.52118, 17.42469], [78.52117, 17.42404], [78.52111, 17.42363], [78.521, 17.42302], [78.52076, 17.42205], [78.52065, 17.42166], [78.52041, 17.42074], [78.52039, 17.42067], [78.52051, 17.42064], [78.52018, 17.4193], [78.52008, 17.41931], [78.51979, 17.41935], [78.51964, 17.41939], [78.51942, 17.41941], [78.51911, 17.41943], [78.51889, 17.41944], [78.51848, 17.41946], [78.51808, 17.41951], [78.51775, 17.41959], [78.51724, 17.41974], [78.51671, 17.41982], [78.51628, 17.41988], [78.51603, 17.41992], [78.51563, 17.41992], [78.51515, 17.41992], [78.51478, 17.41995], [78.51439, 17.42001], [78.51439, 17.42001], [78.51418, 17.42003], [78.51394, 17.42005], [78.51374, 17.42009], [78.51355, 17.42014], [78.51334, 17.4202], [78.51324, 17.42022], [78.513, 17.42023], [78.51265, 17.42027], [78.51241, 17.42032], [78.51211, 17.42038], [78.51192, 17.42042], [78.51167, 17.42046], [78.51121, 17.42055], [78.51093, 17.42056], [78.51073, 17.42056], [78.51057, 17.42055], [78.51025, 17.4205], [78.51001, 17.42045], [78.50981, 17.42044], [78.5096, 17.42045], [78.5093, 17.42048], [78.50919, 17.42049], [78.50911, 17.42051], [78.50911, 17.42051], [78.50902, 17.42068], [78.50891, 17.42088], [78.50886, 17.42101], [78.50886, 17.42105], [78.50886, 17.42133], [78.50885, 17.42166], [78.50895, 17.42174], [78.50919, 17.42195], [78.50928, 17.42203], [78.50942, 17.42214], [78.50952, 17.4222], [78.50963, 17.42224], [78.50976, 17.42229], [78.50987, 17.42232], [78.50993, 17.42233], [78.50991, 17.42252], [78.5099, 17.4226], [78.5099, 17.42264], [78.50986, 17.42272], [78.50983, 17.42286], [78.5098, 17.42304], [78.50978, 17.42312], [78.50976, 17.42328], [78.50977, 17.4235], [78.50976, 17.4236], [78.51014, 17.42363], [78.51041, 17.42364], [78.51056, 17.42366], [78.5106, 17.42368], [78.5106, 17.42372], [78.51062, 17.42377], [78.51064, 17.42382], [78.51066, 17.42389], [78.51066, 17.42397], [78.51063, 17.42407], [78.51055, 17.42416], [78.51045, 17.42422], [78.51054, 17.42443], [78.51059, 17.42451], [78.5107, 17.42495], [78.5108, 17.4254], [78.5109, 17.42581], [78.51102, 17.42625], [78.51108, 17.42659], [78.51112, 17.42674], [78.51118, 17.42699], [78.51123, 17.42723], [78.51124, 17.42733], [78.51123, 17.42754], [78.51122, 17.42771], [78.51123, 17.4278], [78.51127, 17.4279], [78.51136, 17.42805], [78.51153, 17.42822], [78.51168, 17.4284], [78.51158, 17.42847], [78.51147, 17.42851], [78.51126, 17.42855], [78.5111, 17.4286], [78.51103, 17.42863], [78.51098, 17.42867], [78.51087, 17.42881], [78.51077, 17.42892], [78.51064, 17.42896], [78.51042, 17.42902], [78.51027, 17.42906], [78.51028, 17.42912], [78.51032, 17.4293], [78.51037, 17.42951], [78.51042, 17.42977], [78.51046, 17.42992], [78.51047, 17.43002], [78.51047, 17.43007], [78.51047, 17.43011], [78.51049, 17.43017], [78.51053, 17.43027], [78.51062, 17.43046], [78.5107, 17.43064], [78.51071, 17.43066], [78.51131, 17.43038], [78.51193, 17.43007], [78.51232, 17.42985], [78.51264, 17.42966], [78.51284, 17.4296], [78.51302, 17.42958], [78.51439, 17.42965], [78.51511, 17.42962], [78.51522, 17.42955], [78.51558, 17.4292], [78.51617, 17.42864], [78.51709, 17.42792], [78.51766, 17.42749], [78.51766, 17.42749], [78.51804, 17.42729], [78.51829, 17.42721], [78.51874, 17.42718], [78.51953, 17.42709], [78.52027, 17.42687], [78.52054, 17.42682], [78.52062, 17.4268]]]}}, {"type": "Feature", "properties": {"name": "146-BOUDHA NAGAR", "hospital_count": 4, "circle": "29-SECUNDERABAD", "zone": "SECUNDERABAD ZONE", "ward_no": 146}, "geometry": {"type": "Polygon", "coordinates": [[[78.52018, 17.4193], [78.51998, 17.41854], [78.51955, 17.41675], [78.51939, 17.41611], [78.51897, 17.41434], [78.51872, 17.41331], [78.51823, 17.41124], [78.51805, 17.41052], [78.51798, 17.41053], [78.51767, 17.41063], [78.51758, 17.41066], [78.51736, 17.41075], [78.51736, 17.41078], [78.5172, 17.4109], [78.51714, 17.41093], [78.51687, 17.41108], [78.5166, 17.4112], [78.51626, 17.41128], [78.51582, 17.41132], [78.5157, 17.41095], [78.51536, 17.41101], [78.51523, 17.41104], [78.51489, 17.4111], [78.51436, 17.41122], [78.51411, 17.41127], [78.51396, 17.41131], [78.51408, 17.41165], [78.51405, 17.41165], [78.51403, 17.41166], [78.51391, 17.41172], [78.51381, 17.41178], [78.51373, 17.41183], [78.51366, 17.41188], [78.51357, 17.41197], [78.51349, 17.41208], [78.51338, 17.41225], [78.51329, 17.41249], [78.51321, 17.41271], [78.51312, 17.4129], [78.51307, 17.41302], [78.51287, 17.41342], [78.51263, 17.41387], [78.51241, 17.41427], [78.51235, 17.41438], [78.51226, 17.41447], [78.51213, 17.41459], [78.51184, 17.41483], [78.51168, 17.41498], [78.51161, 17.41503], [78.51148, 17.41506], [78.51139, 17.41508], [78.51126, 17.41512], [78.51118, 17.41515], [78.511, 17.41524], [78.51084, 17.41533], [78.51074, 17.41538], [78.51058, 17.41545], [78.51053, 17.41547], [78.5104, 17.41552], [78.51029, 17.41555], [78.51014, 17.41557], [78.5101, 17.41557], [78.5101, 17.41573], [78.5101, 17.41599], [78.51009, 17.41617], [78.51009, 17.41655], [78.51007, 17.41674], [78.51003, 17.41696], [78.51, 17.4172], [78.50997, 17.41742], [78.50995, 17.41759], [78.50993, 17.41776], [78.50991, 17.41786], [78.50987, 17.41794], [78.50976, 17.41811], [78.50969, 17.41824], [78.50966, 17.41834], [78.50961, 17.41855], [78.50958, 17.41868], [78.50952, 17.41893], [78.50946, 17.41916], [78.50938, 17.41945], [78.50931, 17.41978], [78.50924, 17.42009], [78.50917, 17.42038], [78.50911, 17.42051], [78.50919, 17.42049], [78.5093, 17.42048], [78.5096, 17.42045], [78.50981, 17.42044], [78.51001, 17.42045], [78.51025, 17.4205], [78.51057, 17.42055], [78.51073, 17.42056], [78.51093, 17.42056], [78.51121, 17.42055], [78.51167, 17.42046], [78.51192, 17.42042], [78.51211, 17.42038], [78.51241, 17.42032], [78.51265, 17.42027], [78.513, 17.42023], [78.51324, 17.42022], [78.51334, 17.4202], [78.51355, 17.42014], [78.51374, 17.42009], [78.51394, 17.42005], [78.51418, 17.42003], [78.51439, 17.42001], [78.51439, 17.42001], [78.51478, 17.41995], [78.51515, 17.41992], [78.51563, 17.41992], [78.51603, 17.41992], [78.51628, 17.41988], [78.51671, 17.41982], [78.51724, 17.41974], [78.51775, 17.41959], [78.51808, 17.41951], [78.51848, 17.41946], [78.51889, 17.41944], [78.51911, 17.41943], [78.51942, 17.41941], [78.51964, 17.41939], [78.51979, 17.41935], [78.52008, 17.41931], [78.52018, 17.4193]]]}}, {"type": "Feature", "properties": {"name": "147-BANSILALPET", "hospital_count": 7, "circle": "30-BEGUMPET", "zone": "SECUNDERABAD ZONE", "ward_no": 147}, "geometry": {"type": "Polygon", "coordinates": [[[78.50605, 17.43299], [78.50621, 17.433], [78.5063, 17.43265], [78.50649, 17.43173], [78.50657, 17.43137], [78.50668, 17.43089], [78.50673, 17.43072], [78.50672, 17.43054], [78.50664, 17.43042], [78.50657, 17.43008], [78.5065, 17.42982], [78.50664, 17.42982], [78.50684, 17.42981], [78.50711, 17.42978], [78.50741, 17.42969], [78.50752, 17.42965], [78.50758, 17.42964], [78.50762, 17.42964], [78.50767, 17.42965], [78.50773, 17.42965], [78.50777, 17.42965], [78.50791, 17.42962], [78.50813, 17.42956], [78.50818, 17.42955], [78.50835, 17.42951], [78.50872, 17.42944], [78.50905, 17.42937], [78.50933, 17.4293], [78.50969, 17.42917], [78.50976, 17.42915], [78.50993, 17.42911], [78.51008, 17.42908], [78.51025, 17.42907], [78.51027, 17.42906], [78.51042, 17.42902], [78.51064, 17.42896], [78.51077, 17.42892], [78.51087, 17.42881], [78.51098, 17.42867], [78.51103, 17.42863], [78.5111, 17.4286], [78.51126, 17.42855], [78.51147, 17.42851], [78.51158, 17.42847], [78.51168, 17.4284], [78.51153, 17.42822], [78.51136, 17.42805], [78.51127, 17.4279], [78.51123, 17.4278], [78.51122, 17.42771], [78.51123, 17.42754], [78.51124, 17.42733], [78.51123, 17.42723], [78.51118, 17.42699], [78.51112, 17.42674], [78.51108, 17.42659], [78.51102, 17.42625], [78.5109, 17.42581], [78.5108, 17.4254], [78.5107, 17.42495], [78.51059, 17.42451], [78.51054, 17.42443], [78.51045, 17.42422], [78.51055, 17.42416], [78.51063, 17.42407], [78.51066, 17.42397], [78.51066, 17.42389], [78.51064, 17.42382], [78.51062, 17.42377], [78.5106, 17.42372], [78.5106, 17.42368], [78.51056, 17.42366], [78.51041, 17.42364], [78.51014, 17.42363], [78.50976, 17.4236], [78.50977, 17.4235], [78.50976, 17.42328], [78.50978, 17.42312], [78.5098, 17.42304], [78.50983, 17.42286], [78.50986, 17.42272], [78.5099, 17.42264], [78.5099, 17.4226], [78.50991, 17.42252], [78.50993, 17.42233], [78.50987, 17.42232], [78.50976, 17.42229], [78.50963, 17.42224], [78.50952, 17.4222], [78.50942, 17.42214], [78.50928, 17.42203], [78.50919, 17.42195], [78.50895, 17.42174], [78.50885, 17.42166], [78.50886, 17.42133], [78.50886, 17.42105], [78.50886, 17.42101], [78.50859, 17.42104], [78.50841, 17.42109], [78.50823, 17.42113], [78.50801, 17.42115], [78.50791, 17.42114], [78.50777, 17.4211], [78.50746, 17.42097], [78.50721, 17.42089], [78.50707, 17.42081], [78.50681, 17.42061], [78.5065, 17.42038], [78.50629, 17.42021], [78.50611, 17.4201], [78.50585, 17.41998], [78.50557, 17.41987], [78.50546, 17.41985], [78.50536, 17.41985], [78.50523, 17.41986], [78.50501, 17.41992], [78.50465, 17.42004], [78.50429, 17.42013], [78.50396, 17.4202], [78.50363, 17.4203], [78.50314, 17.42045], [78.50275, 17.42057], [78.50243, 17.42067], [78.50233, 17.42072], [78.50233, 17.42072], [78.50216, 17.42069], [78.50162, 17.42055], [78.50134, 17.42048], [78.5012, 17.42045], [78.50116, 17.42045], [78.50109, 17.42044], [78.50082, 17.42056], [78.50078, 17.42057], [78.50032, 17.42078], [78.49956, 17.421], [78.49901, 17.42115], [78.49827, 17.42135], [78.49761, 17.42157], [78.49714, 17.42173], [78.49668, 17.42188], [78.49637, 17.42201], [78.49609, 17.42217], [78.49593, 17.4223], [78.49585, 17.4224], [78.49579, 17.42246], [78.49558, 17.42266], [78.49534, 17.42287], [78.49502, 17.42314], [78.49466, 17.42336], [78.49458, 17.42342], [78.49417, 17.4236], [78.49373, 17.42372], [78.49325, 17.42386], [78.49279, 17.42397], [78.49244, 17.42407], [78.49219, 17.42414], [78.49234, 17.42463], [78.49243, 17.42498], [78.49241, 17.42505], [78.49242, 17.42508], [78.49243, 17.42508], [78.49245, 17.42509], [78.49248, 17.42511], [78.49249, 17.42516], [78.49251, 17.42517], [78.49254, 17.42519], [78.49255, 17.42522], [78.49256, 17.42525], [78.49258, 17.42527], [78.4926, 17.42528], [78.49262, 17.42548], [78.49264, 17.42556], [78.49269, 17.42584], [78.49278, 17.42617], [78.49277, 17.42621], [78.49275, 17.42624], [78.49275, 17.42629], [78.49276, 17.42637], [78.49292, 17.42693], [78.49307, 17.42728], [78.49311, 17.42755], [78.49309, 17.42775], [78.49308, 17.42786], [78.49292, 17.42822], [78.49283, 17.42848], [78.49273, 17.42881], [78.49268, 17.42909], [78.49258, 17.42967], [78.49254, 17.42986], [78.49258, 17.43067], [78.49268, 17.43127], [78.49329, 17.43131], [78.49429, 17.43143], [78.49511, 17.43155], [78.49634, 17.43176], [78.49718, 17.43188], [78.49763, 17.43192], [78.49801, 17.43196], [78.49813, 17.43189], [78.49817, 17.43189], [78.49821, 17.43191], [78.49836, 17.43196], [78.49895, 17.43194], [78.49934, 17.4319], [78.50015, 17.43173], [78.50051, 17.4317], [78.50156, 17.43166], [78.50204, 17.43165], [78.50284, 17.43175], [78.50314, 17.4318], [78.50386, 17.43201], [78.50513, 17.43238], [78.50595, 17.43268], [78.50605, 17.43299]]]}}, {"type": "Feature", "properties": {"name": "144-METTUGUDA", "hospital_count": 12, "circle": "29-SECUNDERABAD", "zone": "SECUNDERABAD ZONE", "ward_no": 144}, "geometry": {"type": "Polygon", "coordinates": [[[78.53594, 17.4344], [78.53611, 17.43423], [78.53614, 17.4342], [78.53626, 17.43413], [78.5365, 17.43398], [78.53671, 17.43385], [78.53675, 17.43383], [78.53694, 17.43376], [78.5373, 17.43361], [78.53766, 17.43352], [78.53782, 17.43349], [78.53804, 17.43345], [78.53823, 17.43344], [78.53824, 17.43343], [78.5381, 17.43333], [78.53695, 17.43278], [78.53605, 17.43178], [78.53532, 17.43095], [78.53445, 17.43007], [78.53341, 17.42902], [78.53211, 17.42776], [78.53146, 17.42722], [78.53092, 17.42677], [78.53092, 17.42677], [78.53081, 17.42664], [78.53037, 17.42625], [78.52982, 17.42576], [78.52957, 17.42554], [78.52904, 17.42507], [78.52848, 17.42455], [78.52803, 17.42413], [78.5275, 17.42438], [78.52693, 17.42461], [78.52612, 17.42493], [78.52577, 17.42508], [78.52544, 17.42521], [78.52513, 17.42541], [78.52472, 17.42569], [78.52445, 17.42592], [78.52421, 17.42604], [78.52417, 17.42605], [78.52417, 17.42605], [78.52372, 17.42613], [78.52322, 17.42623], [78.52273, 17.42634], [78.52194, 17.42651], [78.52147, 17.42665], [78.5209, 17.4268], [78.52082, 17.4268], [78.52062, 17.4268], [78.52062, 17.4268], [78.52054, 17.42682], [78.52027, 17.42687], [78.51953, 17.42709], [78.51874, 17.42718], [78.51829, 17.42721], [78.51804, 17.42729], [78.51766, 17.42749], [78.51766, 17.42749], [78.51709, 17.42792], [78.51617, 17.42864], [78.51558, 17.4292], [78.51522, 17.42955], [78.51511, 17.42962], [78.51439, 17.42965], [78.51302, 17.42958], [78.51284, 17.4296], [78.51264, 17.42966], [78.51232, 17.42985], [78.51193, 17.43007], [78.51131, 17.43038], [78.51071, 17.43066], [78.5107, 17.43064], [78.51062, 17.43046], [78.51053, 17.43027], [78.51049, 17.43017], [78.51047, 17.43011], [78.51047, 17.43007], [78.51047, 17.43002], [78.51046, 17.42992], [78.51042, 17.42977], [78.51037, 17.42951], [78.51032, 17.4293], [78.51028, 17.42912], [78.51027, 17.42906], [78.51025, 17.42907], [78.51008, 17.42908], [78.50993, 17.42911], [78.50976, 17.42915], [78.50969, 17.42917], [78.50933, 17.4293], [78.50905, 17.42937], [78.50872, 17.42944], [78.50835, 17.42951], [78.50818, 17.42955], [78.50813, 17.42956], [78.50791, 17.42962], [78.50777, 17.42965], [78.50773, 17.42965], [78.50767, 17.42965], [78.50762, 17.42964], [78.50758, 17.42964], [78.50752, 17.42965], [78.50741, 17.42969], [78.50711, 17.42978], [78.50684, 17.42981], [78.50664, 17.42982], [78.5065, 17.42982], [78.50657, 17.43008], [78.50664, 17.43042], [78.50672, 17.43054], [78.50673, 17.43072], [78.50668, 17.43089], [78.50657, 17.43137], [78.50649, 17.43173], [78.5063, 17.43265], [78.50621, 17.433], [78.50605, 17.43299], [78.50611, 17.4332], [78.50594, 17.43389], [78.50581, 17.43439], [78.50809, 17.43494], [78.51055, 17.43554], [78.51126, 17.43576], [78.51194, 17.43599], [78.512, 17.4358], [78.51264, 17.43608], [78.51345, 17.43661], [78.51416, 17.43726], [78.5151, 17.43811], [78.5157, 17.43852], [78.51638, 17.43899], [78.51689, 17.4392], [78.51739, 17.43934], [78.51753, 17.43935], [78.51832, 17.4394], [78.51885, 17.43945], [78.51923, 17.43943], [78.51963, 17.43946], [78.52002, 17.43951], [78.52016, 17.43955], [78.52123, 17.43947], [78.52102, 17.4394], [78.52134, 17.43939], [78.52202, 17.43939], [78.52271, 17.4393], [78.52292, 17.43922], [78.52451, 17.43864], [78.52491, 17.43849], [78.52564, 17.43821], [78.52642, 17.43789], [78.52761, 17.43743], [78.5283, 17.43724], [78.52846, 17.43722], [78.52877, 17.43716], [78.5289, 17.43715], [78.52946, 17.43711], [78.53002, 17.43711], [78.53113, 17.43711], [78.53192, 17.43708], [78.53226, 17.43703], [78.53251, 17.43699], [78.53271, 17.43693], [78.53311, 17.4368], [78.53358, 17.4366], [78.534, 17.43635], [78.53425, 17.43615], [78.53442, 17.43601], [78.5345, 17.43593], [78.53471, 17.43571], [78.53503, 17.43538], [78.53531, 17.43508], [78.5355, 17.43488], [78.5357, 17.43466], [78.53594, 17.4344]]]}}, {"type": "Feature", "properties": {"name": "148-RAMGOPALPET", "hospital_count": 14, "circle": "30-BEGUMPET", "zone": "SECUNDERABAD ZONE", "ward_no": 148}, "geometry": {"type": "Polygon", "coordinates": [[[78.48803, 17.44018], [78.48848, 17.43902], [78.48922, 17.43926], [78.48952, 17.43937], [78.48975, 17.43938], [78.49007, 17.43941], [78.49031, 17.43939], [78.49044, 17.43936], [78.49061, 17.43926], [78.49076, 17.43914], [78.49093, 17.43905], [78.4911, 17.43896], [78.49132, 17.43885], [78.49147, 17.43879], [78.49159, 17.43876], [78.49188, 17.4387], [78.492, 17.43866], [78.4921, 17.43863], [78.49219, 17.43871], [78.49232, 17.43884], [78.49243, 17.43898], [78.49254, 17.43911], [78.49265, 17.4392], [78.49277, 17.43929], [78.49286, 17.43941], [78.49291, 17.43951], [78.49295, 17.43955], [78.49302, 17.43967], [78.49307, 17.43985], [78.49309, 17.43999], [78.49317, 17.44035], [78.49326, 17.44078], [78.4933, 17.44093], [78.4939, 17.44071], [78.49481, 17.44045], [78.49532, 17.44038], [78.49532, 17.44036], [78.49533, 17.4403], [78.49533, 17.4403], [78.49518, 17.43935], [78.49486, 17.43822], [78.49436, 17.4377], [78.49406, 17.4373], [78.4937, 17.43579], [78.49362, 17.43553], [78.49344, 17.43506], [78.49338, 17.43473], [78.49337, 17.43432], [78.49338, 17.43392], [78.49325, 17.4335], [78.49296, 17.43235], [78.49271, 17.43137], [78.49268, 17.43127], [78.49258, 17.43067], [78.49254, 17.42986], [78.49258, 17.42967], [78.49268, 17.42909], [78.49273, 17.42881], [78.49283, 17.42848], [78.49292, 17.42822], [78.49308, 17.42786], [78.49309, 17.42775], [78.49311, 17.42755], [78.49307, 17.42728], [78.49292, 17.42693], [78.49276, 17.42637], [78.49275, 17.42629], [78.49275, 17.42624], [78.49277, 17.42621], [78.49278, 17.42617], [78.49269, 17.42584], [78.49264, 17.42556], [78.49262, 17.42548], [78.4926, 17.42528], [78.49258, 17.42527], [78.49256, 17.42525], [78.49255, 17.42522], [78.49254, 17.42519], [78.49251, 17.42517], [78.49249, 17.42516], [78.49248, 17.42511], [78.49245, 17.42509], [78.49243, 17.42508], [78.49242, 17.42508], [78.49241, 17.42505], [78.49243, 17.42498], [78.49234, 17.42463], [78.49219, 17.42414], [78.49219, 17.42415], [78.492, 17.42419], [78.48954, 17.42483], [78.48803, 17.42517], [78.48634, 17.4254], [78.48627, 17.42544], [78.48612, 17.42518], [78.486, 17.42497], [78.48595, 17.42488], [78.48594, 17.4249], [78.48592, 17.42494], [78.48588, 17.42497], [78.48582, 17.425], [78.48578, 17.42502], [78.48572, 17.42504], [78.48568, 17.42504], [78.48564, 17.42504], [78.4856, 17.42503], [78.48557, 17.42502], [78.48554, 17.42502], [78.48551, 17.42503], [78.48549, 17.42503], [78.48542, 17.42504], [78.48535, 17.42506], [78.48531, 17.42507], [78.48527, 17.42507], [78.48522, 17.42507], [78.4852, 17.42507], [78.48515, 17.42509], [78.4851, 17.42512], [78.48507, 17.42514], [78.48506, 17.42517], [78.48506, 17.4252], [78.48507, 17.42523], [78.4851, 17.42527], [78.4851, 17.4253], [78.48506, 17.42532], [78.485, 17.42535], [78.48496, 17.42538], [78.48496, 17.42539], [78.48495, 17.42543], [78.48491, 17.42544], [78.48485, 17.42544], [78.48482, 17.42545], [78.48481, 17.42547], [78.48479, 17.42549], [78.48476, 17.4255], [78.48473, 17.4255], [78.48469, 17.42547], [78.48466, 17.42545], [78.48463, 17.42543], [78.48461, 17.42542], [78.48458, 17.42542], [78.48454, 17.42539], [78.4845, 17.42535], [78.48448, 17.4253], [78.48445, 17.42524], [78.48444, 17.4252], [78.48443, 17.42518], [78.48441, 17.42516], [78.48439, 17.42515], [78.48436, 17.42513], [78.48433, 17.42509], [78.48431, 17.42506], [78.48428, 17.42501], [78.48428, 17.42498], [78.48428, 17.42496], [78.48429, 17.42494], [78.4843, 17.42493], [78.48434, 17.42487], [78.48434, 17.42484], [78.48433, 17.42482], [78.4843, 17.4248], [78.48428, 17.42481], [78.48426, 17.42483], [78.48424, 17.42488], [78.48423, 17.42491], [78.48422, 17.42496], [78.48422, 17.42499], [78.48422, 17.42502], [78.48424, 17.42507], [78.48426, 17.42513], [78.48428, 17.42518], [78.4843, 17.42523], [78.48433, 17.42527], [78.48436, 17.42531], [78.48438, 17.42534], [78.48441, 17.42537], [78.48442, 17.42538], [78.48445, 17.4254], [78.48449, 17.42544], [78.48451, 17.42547], [78.48453, 17.42549], [78.48454, 17.42552], [78.48456, 17.42554], [78.48458, 17.42554], [78.48462, 17.42554], [78.48462, 17.42556], [78.48463, 17.4256], [78.48463, 17.42565], [78.48461, 17.4257], [78.48458, 17.42572], [78.48453, 17.42571], [78.48453, 17.42574], [78.48456, 17.42575], [78.48456, 17.42577], [78.48456, 17.4258], [78.48454, 17.42585], [78.48453, 17.42589], [78.48451, 17.42594], [78.48447, 17.42601], [78.48445, 17.42605], [78.48442, 17.42611], [78.48438, 17.42616], [78.48433, 17.42623], [78.48431, 17.42626], [78.48426, 17.42628], [78.4842, 17.42629], [78.48415, 17.42629], [78.4841, 17.42627], [78.48408, 17.42628], [78.48405, 17.42629], [78.48402, 17.42628], [78.48397, 17.42626], [78.4839, 17.42623], [78.48384, 17.42619], [78.48378, 17.42619], [78.48372, 17.4262], [78.48371, 17.42622], [78.48373, 17.42623], [78.48379, 17.42625], [78.48383, 17.42626], [78.48385, 17.42628], [78.48387, 17.42629], [78.48386, 17.42631], [78.48383, 17.42631], [78.48381, 17.42631], [78.4838, 17.42634], [78.4838, 17.42638], [78.48385, 17.42638], [78.48387, 17.42637], [78.48389, 17.42639], [78.48392, 17.42645], [78.48393, 17.4265], [78.48394, 17.42653], [78.48398, 17.42653], [78.48401, 17.42652], [78.48404, 17.42653], [78.48404, 17.42655], [78.48406, 17.42659], [78.48408, 17.42662], [78.48411, 17.42663], [78.48414, 17.42663], [78.48417, 17.42664], [78.48419, 17.42666], [78.4842, 17.42668], [78.48421, 17.42672], [78.48422, 17.42673], [78.48425, 17.42675], [78.48428, 17.42676], [78.48431, 17.42679], [78.48435, 17.42683], [78.48439, 17.4269], [78.48441, 17.42693], [78.48443, 17.42694], [78.48445, 17.42696], [78.48449, 17.42705], [78.48451, 17.42712], [78.48451, 17.42717], [78.48451, 17.42724], [78.48451, 17.42729], [78.48452, 17.42732], [78.48452, 17.42735], [78.48452, 17.42739], [78.48451, 17.42744], [78.48449, 17.42747], [78.4845, 17.42751], [78.48454, 17.42752], [78.48458, 17.42753], [78.48461, 17.42754], [78.48464, 17.42755], [78.48467, 17.42759], [78.48471, 17.42762], [78.48475, 17.42764], [78.48478, 17.42766], [78.48481, 17.42766], [78.48483, 17.42762], [78.48487, 17.42757], [78.48489, 17.42753], [78.48492, 17.42752], [78.48494, 17.42753], [78.48498, 17.42755], [78.485, 17.42755], [78.48503, 17.42754], [78.48505, 17.42752], [78.48508, 17.42751], [78.48512, 17.42752], [78.48514, 17.42752], [78.48516, 17.42752], [78.48519, 17.42752], [78.48527, 17.42752], [78.48534, 17.42751], [78.48541, 17.42749], [78.48548, 17.42747], [78.4855, 17.42748], [78.48552, 17.42749], [78.48555, 17.42752], [78.48558, 17.42755], [78.48561, 17.42761], [78.48568, 17.42766], [78.48575, 17.4277], [78.48598, 17.42782], [78.48616, 17.42795], [78.48629, 17.42804], [78.48653, 17.42821], [78.48662, 17.42837], [78.48671, 17.42854], [78.48679, 17.42881], [78.48691, 17.42925], [78.48694, 17.42968], [78.48694, 17.42969], [78.48694, 17.42985], [78.48687, 17.43007], [78.48678, 17.43031], [78.48657, 17.43063], [78.48638, 17.43082], [78.48627, 17.43093], [78.48546, 17.43171], [78.485, 17.43212], [78.48461, 17.43247], [78.48437, 17.43267], [78.48433, 17.4327], [78.48412, 17.43286], [78.48361, 17.4331], [78.48322, 17.43324], [78.48311, 17.43328], [78.48251, 17.43345], [78.48293, 17.43419], [78.4832, 17.43409], [78.48335, 17.43404], [78.48344, 17.43401], [78.4835, 17.43398], [78.4836, 17.43395], [78.48363, 17.43394], [78.48368, 17.43392], [78.48388, 17.43384], [78.48388, 17.43384], [78.48391, 17.43383], [78.48403, 17.43379], [78.48408, 17.43371], [78.48464, 17.43356], [78.48516, 17.4334], [78.48527, 17.4337], [78.48523, 17.43372], [78.48463, 17.43412], [78.48439, 17.43434], [78.48396, 17.4348], [78.48266, 17.43624], [78.48128, 17.43781], [78.48031, 17.43896], [78.4796, 17.43999], [78.47934, 17.44039], [78.48033, 17.4404], [78.48094, 17.44043], [78.48129, 17.44041], [78.48164, 17.44036], [78.48204, 17.44029], [78.48228, 17.44022], [78.48284, 17.44002], [78.48323, 17.43988], [78.48351, 17.43986], [78.48399, 17.43988], [78.48446, 17.43988], [78.48487, 17.43992], [78.48519, 17.43998], [78.48576, 17.44014], [78.48624, 17.44033], [78.48662, 17.44053], [78.48695, 17.44072], [78.48716, 17.44094], [78.48733, 17.44117], [78.48748, 17.44137], [78.4876, 17.44155], [78.48769, 17.44134], [78.48803, 17.44018]]]}}, {"type": "Feature", "properties": {"name": "150-MONDA  MARKET", "hospital_count": 25, "circle": "30-BEGUMPET", "zone": "SECUNDERABAD ZONE", "ward_no": 150}, "geometry": {"type": "Polygon", "coordinates": [[[78.50581, 17.45198], [78.50633, 17.45176], [78.50695, 17.45152], [78.507, 17.45145], [78.50731, 17.45107], [78.50765, 17.45064], [78.50785, 17.45032], [78.50807, 17.44994], [78.50832, 17.44948], [78.50855, 17.44916], [78.50881, 17.44882], [78.50885, 17.44875], [78.50953, 17.44865], [78.50983, 17.44857], [78.50994, 17.44844], [78.50995, 17.44844], [78.50999, 17.44839], [78.51061, 17.4482], [78.51084, 17.44816], [78.51128, 17.44802], [78.51167, 17.44787], [78.51175, 17.44784], [78.51189, 17.44779], [78.51252, 17.44756], [78.51318, 17.44732], [78.51385, 17.44714], [78.51451, 17.44695], [78.51506, 17.4468], [78.51518, 17.44677], [78.51585, 17.44653], [78.51602, 17.44647], [78.51647, 17.44631], [78.51713, 17.44603], [78.51775, 17.44584], [78.51818, 17.44568], [78.51804, 17.44542], [78.51769, 17.44482], [78.51731, 17.4442], [78.51717, 17.44398], [78.51702, 17.44408], [78.51645, 17.44437], [78.51595, 17.44464], [78.51556, 17.44485], [78.51513, 17.44514], [78.51481, 17.44541], [78.51476, 17.44532], [78.51474, 17.44518], [78.5147, 17.4448], [78.51468, 17.44476], [78.51465, 17.44475], [78.51447, 17.44475], [78.51431, 17.44478], [78.51408, 17.44483], [78.51407, 17.44465], [78.51406, 17.44459], [78.51406, 17.44457], [78.51407, 17.44455], [78.5141, 17.44453], [78.51412, 17.44451], [78.51416, 17.44445], [78.51421, 17.44431], [78.51418, 17.44428], [78.51416, 17.44426], [78.51414, 17.44424], [78.51412, 17.44419], [78.51411, 17.44414], [78.51408, 17.44409], [78.51406, 17.44405], [78.51399, 17.44396], [78.51393, 17.4439], [78.5138, 17.44382], [78.51374, 17.44377], [78.51372, 17.44373], [78.51369, 17.44362], [78.51366, 17.44348], [78.51362, 17.44338], [78.51359, 17.44328], [78.51356, 17.44318], [78.51355, 17.44315], [78.51356, 17.44312], [78.51349, 17.44303], [78.51345, 17.44295], [78.51342, 17.44289], [78.5134, 17.44281], [78.51339, 17.4427], [78.51337, 17.44263], [78.51332, 17.44248], [78.5133, 17.44237], [78.51313, 17.4424], [78.51298, 17.44242], [78.51264, 17.44253], [78.51238, 17.44266], [78.51203, 17.44277], [78.51197, 17.44276], [78.51186, 17.44269], [78.51171, 17.44257], [78.51158, 17.44251], [78.51138, 17.44235], [78.51136, 17.44234], [78.5112, 17.4424], [78.51078, 17.44255], [78.51056, 17.44189], [78.5104, 17.44151], [78.51002, 17.44163], [78.50938, 17.44186], [78.5092, 17.44139], [78.50897, 17.44069], [78.50883, 17.44032], [78.5086, 17.43974], [78.50915, 17.43949], [78.50926, 17.4394], [78.5093, 17.43936], [78.50931, 17.43933], [78.50931, 17.43933], [78.50916, 17.43911], [78.50894, 17.43883], [78.50877, 17.43863], [78.50862, 17.43846], [78.50847, 17.43834], [78.50823, 17.43818], [78.50813, 17.43812], [78.50799, 17.43809], [78.50766, 17.43811], [78.50752, 17.43811], [78.50727, 17.43829], [78.507, 17.43848], [78.50658, 17.43877], [78.50618, 17.43906], [78.50599, 17.43913], [78.50571, 17.43918], [78.50544, 17.43922], [78.50501, 17.4393], [78.50487, 17.43867], [78.50477, 17.43811], [78.50477, 17.43765], [78.50478, 17.43743], [78.50517, 17.43674], [78.50529, 17.43616], [78.50546, 17.43556], [78.50558, 17.43503], [78.5058, 17.43441], [78.50581, 17.43439], [78.50594, 17.43389], [78.50611, 17.4332], [78.50605, 17.43299], [78.50595, 17.43268], [78.50513, 17.43238], [78.50386, 17.43201], [78.50314, 17.4318], [78.50284, 17.43175], [78.50204, 17.43165], [78.50156, 17.43166], [78.50051, 17.4317], [78.50015, 17.43173], [78.49934, 17.4319], [78.49895, 17.43194], [78.49836, 17.43196], [78.49821, 17.43191], [78.49817, 17.43189], [78.49813, 17.43189], [78.49801, 17.43196], [78.49763, 17.43192], [78.49718, 17.43188], [78.49634, 17.43176], [78.49511, 17.43155], [78.49429, 17.43143], [78.49329, 17.43131], [78.49268, 17.43127], [78.49271, 17.43137], [78.49296, 17.43235], [78.49325, 17.4335], [78.49338, 17.43392], [78.49337, 17.43432], [78.49338, 17.43473], [78.49344, 17.43506], [78.49362, 17.43553], [78.4937, 17.43579], [78.49406, 17.4373], [78.49436, 17.4377], [78.49486, 17.43822], [78.49518, 17.43935], [78.49533, 17.4403], [78.49533, 17.4403], [78.49532, 17.44036], [78.49532, 17.44038], [78.49569, 17.4403], [78.49622, 17.44032], [78.49674, 17.44048], [78.49735, 17.44084], [78.49795, 17.44121], [78.49854, 17.44155], [78.49864, 17.44171], [78.49864, 17.44187], [78.49849, 17.44264], [78.49846, 17.44281], [78.49842, 17.44296], [78.49839, 17.4431], [78.49871, 17.44308], [78.50029, 17.44299], [78.50072, 17.44296], [78.50128, 17.44285], [78.50133, 17.44284], [78.50158, 17.44473], [78.50161, 17.44494], [78.50174, 17.44593], [78.5018, 17.44611], [78.50196, 17.44629], [78.50204, 17.44638], [78.50215, 17.44655], [78.50235, 17.44701], [78.50292, 17.44774], [78.50334, 17.44835], [78.50405, 17.44917], [78.50449, 17.44965], [78.50494, 17.45013], [78.50509, 17.45045], [78.50521, 17.45078], [78.50536, 17.4511], [78.50559, 17.45145], [78.50581, 17.45198]]]}}, {"type": "Feature", "properties": {"name": "136-NEREDMET", "hospital_count": 5, "circle": "28-MALKAJGIRI", "zone": "SECUNDERABAD ZONE", "ward_no": 136}, "geometry": {"type": "MultiPolygon", "coordinates": [[[[78.54642, 17.52058], [78.54625, 17.51954], [78.54552, 17.51976], [78.54514, 17.51868], [78.54479, 17.51778], [78.54479, 17.51778], [78.54476, 17.51768], [78.5451, 17.5176], [78.54517, 17.51769], [78.5457, 17.51749], [78.54586, 17.51656], [78.54609, 17.51659], [78.5461, 17.51661], [78.54715, 17.51681], [78.54747, 17.51687], [78.54771, 17.51589], [78.54751, 17.5158], [78.54761, 17.51551], [78.54771, 17.51473], [78.54773, 17.51408], [78.54792, 17.51411], [78.54813, 17.51412], [78.54822, 17.51096], [78.54822, 17.51082], [78.54822, 17.51063], [78.54811, 17.51059], [78.54823, 17.50927], [78.54879, 17.50932], [78.5488, 17.50921], [78.54926, 17.50925], [78.55005, 17.50916], [78.55025, 17.50904], [78.5505, 17.509], [78.55065, 17.50897], [78.55083, 17.50894], [78.55121, 17.50884], [78.55127, 17.50872], [78.55136, 17.50857], [78.55136, 17.50848], [78.55136, 17.50847], [78.55136, 17.50836], [78.55135, 17.50825], [78.5518, 17.50824], [78.55258, 17.50828], [78.55267, 17.50855], [78.55298, 17.5085], [78.55354, 17.50841], [78.55356, 17.5084], [78.55356, 17.5084], [78.55501, 17.50817], [78.55572, 17.50806], [78.55605, 17.50802], [78.55617, 17.50799], [78.55653, 17.50793], [78.55669, 17.5079], [78.55681, 17.50788], [78.557, 17.50786], [78.5571, 17.50785], [78.55708, 17.50764], [78.55708, 17.50758], [78.55703, 17.50672], [78.55697, 17.50613], [78.55695, 17.50571], [78.55689, 17.5055], [78.55685, 17.50519], [78.55687, 17.50518], [78.55688, 17.50482], [78.5567, 17.50447], [78.55587, 17.50294], [78.55566, 17.50254], [78.55545, 17.5024], [78.55411, 17.5014], [78.55343, 17.50094], [78.55331, 17.50103], [78.553, 17.50063], [78.55262, 17.50041], [78.55231, 17.50036], [78.55195, 17.50005], [78.55157, 17.49939], [78.55142, 17.49917], [78.55031, 17.49847], [78.55012, 17.49833], [78.54997, 17.49829], [78.54903, 17.49828], [78.54852, 17.49829], [78.54836, 17.4983], [78.54788, 17.49834], [78.54713, 17.5], [78.54674, 17.49993], [78.54655, 17.49908], [78.54644, 17.49857], [78.54623, 17.49758], [78.54609, 17.49692], [78.54604, 17.49691], [78.54599, 17.49693], [78.5454, 17.49718], [78.54504, 17.49733], [78.54473, 17.49657], [78.54421, 17.49682], [78.54363, 17.49708], [78.54383, 17.49776], [78.54388, 17.49791], [78.54388, 17.49794], [78.54362, 17.49786], [78.54338, 17.49773], [78.54301, 17.49761], [78.54258, 17.4975], [78.54249, 17.49745], [78.54251, 17.49743], [78.54256, 17.49738], [78.54244, 17.49728], [78.54221, 17.49707], [78.54203, 17.49676], [78.54184, 17.49638], [78.5417, 17.49621], [78.54158, 17.49625], [78.54121, 17.49653], [78.54101, 17.49667], [78.54091, 17.49669], [78.54037, 17.49687], [78.53991, 17.49692], [78.53954, 17.49692], [78.5395, 17.49697], [78.53947, 17.49705], [78.53867, 17.49726], [78.53882, 17.49782], [78.53899, 17.49816], [78.53924, 17.49917], [78.53942, 17.49985], [78.53928, 17.49989], [78.53928, 17.49988], [78.53914, 17.49992], [78.53868, 17.50004], [78.53857, 17.49962], [78.53847, 17.49925], [78.53821, 17.49924], [78.53822, 17.49928], [78.53788, 17.49938], [78.53779, 17.49914], [78.53733, 17.49927], [78.53725, 17.49899], [78.5373, 17.49897], [78.53721, 17.49871], [78.53702, 17.49878], [78.53663, 17.49894], [78.53653, 17.49898], [78.5363, 17.49909], [78.5357, 17.49885], [78.53543, 17.49874], [78.53543, 17.49874], [78.53539, 17.49873], [78.53532, 17.49886], [78.53531, 17.49886], [78.53517, 17.49909], [78.5351, 17.49927], [78.53497, 17.49944], [78.53487, 17.49954], [78.53451, 17.49964], [78.53347, 17.50069], [78.53343, 17.50071], [78.53292, 17.50109], [78.53166, 17.5017], [78.5307, 17.50226], [78.53067, 17.50227], [78.53042, 17.50245], [78.53038, 17.50247], [78.53037, 17.50308], [78.53034, 17.50425], [78.53029, 17.50545], [78.53033, 17.50652], [78.53035, 17.50756], [78.53049, 17.508], [78.53085, 17.50875], [78.53103, 17.50903], [78.531, 17.50941], [78.53096, 17.50987], [78.53112, 17.51017], [78.52998, 17.51041], [78.53011, 17.51135], [78.53024, 17.51157], [78.53051, 17.51169], [78.53074, 17.51175], [78.53087, 17.51186], [78.53116, 17.51277], [78.53132, 17.51293], [78.5338, 17.51215], [78.53413, 17.5121], [78.53474, 17.51206], [78.5353, 17.51195], [78.53543, 17.51196], [78.53543, 17.51195], [78.53609, 17.51191], [78.53719, 17.51188], [78.53719, 17.51188], [78.53727, 17.51187], [78.53803, 17.51189], [78.53801, 17.51134], [78.53876, 17.51135], [78.53913, 17.51137], [78.54016, 17.51156], [78.54017, 17.51184], [78.54013, 17.51251], [78.5401, 17.51298], [78.5401, 17.513], [78.54009, 17.513], [78.5401, 17.51341], [78.54007, 17.51424], [78.54006, 17.51479], [78.54004, 17.51546], [78.54003, 17.51549], [78.54008, 17.51587], [78.54009, 17.51613], [78.54013, 17.51644], [78.54016, 17.51693], [78.54017, 17.51719], [78.54019, 17.5174], [78.54024, 17.51767], [78.54035, 17.5182], [78.54058, 17.51895], [78.54077, 17.51949], [78.54193, 17.51926], [78.54254, 17.51928], [78.54286, 17.51919], [78.54302, 17.51917], [78.54325, 17.5191], [78.54339, 17.51907], [78.54356, 17.51909], [78.546, 17.52166], [78.54637, 17.52085], [78.54642, 17.52058]]], [[[78.53499, 17.49348], [78.53556, 17.49308], [78.53572, 17.49318], [78.53579, 17.49319], [78.53623, 17.493], [78.53677, 17.49274], [78.53694, 17.49262], [78.53706, 17.49245], [78.5371, 17.49229], [78.53708, 17.49214], [78.53704, 17.49205], [78.53701, 17.49197], [78.5369, 17.4918], [78.53701, 17.49178], [78.53713, 17.49173], [78.53719, 17.4917], [78.53765, 17.4917], [78.53765, 17.49151], [78.53824, 17.49151], [78.53825, 17.4912], [78.53932, 17.49105], [78.53924, 17.49034], [78.53938, 17.49025], [78.5397, 17.49019], [78.53999, 17.49016], [78.54035, 17.49011], [78.54049, 17.49007], [78.54054, 17.49005], [78.54075, 17.49005], [78.5407, 17.48994], [78.5405, 17.48963], [78.54098, 17.4895], [78.54107, 17.48942], [78.54136, 17.48926], [78.54181, 17.48923], [78.54181, 17.48903], [78.54177, 17.48885], [78.54174, 17.48868], [78.54166, 17.48847], [78.54162, 17.48836], [78.54229, 17.48796], [78.54322, 17.48743], [78.54382, 17.48708], [78.54501, 17.48642], [78.54647, 17.48558], [78.54864, 17.48432], [78.54915, 17.48402], [78.54805, 17.48386], [78.54466, 17.48343], [78.54451, 17.48337], [78.54457, 17.48289], [78.54458, 17.48268], [78.54455, 17.48248], [78.54454, 17.48222], [78.5446, 17.48159], [78.54454, 17.48138], [78.54449, 17.4812], [78.5444, 17.48076], [78.54436, 17.48014], [78.54429, 17.47976], [78.54397, 17.47981], [78.54362, 17.47985], [78.54326, 17.47983], [78.54295, 17.4798], [78.54285, 17.47981], [78.54285, 17.47981], [78.54265, 17.47977], [78.5416, 17.47968], [78.54085, 17.47963], [78.54075, 17.47961], [78.54069, 17.47957], [78.54062, 17.47953], [78.54052, 17.4795], [78.54029, 17.47949], [78.5398, 17.47945], [78.53907, 17.47942], [78.53873, 17.4794], [78.5383, 17.47942], [78.53807, 17.47942], [78.53706, 17.47923], [78.53718, 17.47863], [78.53729, 17.47813], [78.53748, 17.47771], [78.5376, 17.47735], [78.53767, 17.47719], [78.53768, 17.47701], [78.53768, 17.47701], [78.53767, 17.47692], [78.53766, 17.47692], [78.53766, 17.47692], [78.53762, 17.47664], [78.5376, 17.47639], [78.53758, 17.47636], [78.5371, 17.47624], [78.53674, 17.47614], [78.53652, 17.47605], [78.53627, 17.47617], [78.53616, 17.47607], [78.53608, 17.47605], [78.53595, 17.47592], [78.53585, 17.47579], [78.53567, 17.4756], [78.53549, 17.47547], [78.53548, 17.4754], [78.53554, 17.47522], [78.53554, 17.47505], [78.53544, 17.47497], [78.53499, 17.47465], [78.53493, 17.4746], [78.53504, 17.47443], [78.53509, 17.47436], [78.53512, 17.47436], [78.53513, 17.47431], [78.53515, 17.47409], [78.53518, 17.47409], [78.53522, 17.47392], [78.53527, 17.47371], [78.5353, 17.47355], [78.53537, 17.47341], [78.53538, 17.47335], [78.53527, 17.4733], [78.53498, 17.47325], [78.53482, 17.4731], [78.5345, 17.47242], [78.53415, 17.47158], [78.53404, 17.47129], [78.534, 17.47115], [78.53377, 17.47119], [78.53367, 17.47124], [78.53357, 17.471], [78.53325, 17.47109], [78.53292, 17.47114], [78.53223, 17.47121], [78.53169, 17.47127], [78.5314, 17.47126], [78.53106, 17.47121], [78.53054, 17.47116], [78.52986, 17.47341], [78.529, 17.47633], [78.52876, 17.47713], [78.52868, 17.47738], [78.52853, 17.47731], [78.5282, 17.47718], [78.52784, 17.47699], [78.52719, 17.47663], [78.52687, 17.47654], [78.52658, 17.47653], [78.52628, 17.47656], [78.5261, 17.47661], [78.52526, 17.47712], [78.52391, 17.47793], [78.52344, 17.47821], [78.52349, 17.47957], [78.52361, 17.48049], [78.52368, 17.48094], [78.52376, 17.48122], [78.52389, 17.48138], [78.52411, 17.48164], [78.52423, 17.48174], [78.52454, 17.482], [78.52476, 17.48227], [78.525, 17.48264], [78.52515, 17.48297], [78.52531, 17.4833], [78.52553, 17.48374], [78.52566, 17.48413], [78.52568, 17.48424], [78.52566, 17.48461], [78.52565, 17.48501], [78.52565, 17.4852], [78.52572, 17.48526], [78.52588, 17.48529], [78.5262, 17.48529], [78.52646, 17.48528], [78.52666, 17.48523], [78.52684, 17.4852], [78.52706, 17.48518], [78.5271, 17.48519], [78.52727, 17.48518], [78.52746, 17.48523], [78.52758, 17.4854], [78.52762, 17.48586], [78.52762, 17.48601], [78.52762, 17.48602], [78.53079, 17.48936], [78.53209, 17.49042], [78.53284, 17.49099], [78.53314, 17.49121], [78.53314, 17.49121], [78.53314, 17.49122], [78.53348, 17.49149], [78.53348, 17.49148], [78.53379, 17.49176], [78.53428, 17.4922], [78.53447, 17.49237], [78.53402, 17.49318], [78.53396, 17.49334], [78.53397, 17.49358], [78.534, 17.49374], [78.53398, 17.49379], [78.53399, 17.49421], [78.53403, 17.49449], [78.53456, 17.49399], [78.53462, 17.49392], [78.53499, 17.49348]]]]}}, {"type": "Feature", "properties": {"name": "141-GOUTHAM NAGAR", "hospital_count": 8, "circle": "28-MALKAJGIRI", "zone": "SECUNDERABAD ZONE", "ward_no": 141}, "geometry": {"type": "Polygon", "coordinates": [[[78.53626, 17.44931], [78.53632, 17.44917], [78.53647, 17.4488], [78.53637, 17.44838], [78.53611, 17.44777], [78.53585, 17.44702], [78.53559, 17.44611], [78.53547, 17.44588], [78.53502, 17.44547], [78.53465, 17.44512], [78.53397, 17.44447], [78.5338, 17.44426], [78.53356, 17.44361], [78.53346, 17.44338], [78.53325, 17.443], [78.5329, 17.44256], [78.5327, 17.4423], [78.53252, 17.44218], [78.53224, 17.44213], [78.53201, 17.44213], [78.53174, 17.44212], [78.53161, 17.44206], [78.53159, 17.44203], [78.53147, 17.44207], [78.53141, 17.44207], [78.53137, 17.44209], [78.53123, 17.44205], [78.5299, 17.44206], [78.52845, 17.44228], [78.52788, 17.44233], [78.52738, 17.44238], [78.52707, 17.4424], [78.52652, 17.44226], [78.52615, 17.44239], [78.52524, 17.4428], [78.52457, 17.44311], [78.52435, 17.44275], [78.52427, 17.44278], [78.52331, 17.44306], [78.52273, 17.44317], [78.5218, 17.44346], [78.52075, 17.44381], [78.52054, 17.44382], [78.52079, 17.44446], [78.52104, 17.44513], [78.52093, 17.44517], [78.52089, 17.44519], [78.52089, 17.44519], [78.52072, 17.44525], [78.5206, 17.4453], [78.52023, 17.44545], [78.51977, 17.44566], [78.51977, 17.44566], [78.51991, 17.44596], [78.51981, 17.446], [78.51988, 17.44618], [78.51988, 17.44618], [78.51983, 17.44621], [78.51983, 17.44627], [78.51989, 17.44644], [78.52, 17.44692], [78.52037, 17.44682], [78.52087, 17.44669], [78.52152, 17.44652], [78.52161, 17.4466], [78.52169, 17.44687], [78.5218, 17.4473], [78.52186, 17.44757], [78.52184, 17.4476], [78.52176, 17.44764], [78.52131, 17.44774], [78.52143, 17.44783], [78.52161, 17.44794], [78.52201, 17.44819], [78.52209, 17.44827], [78.52212, 17.44834], [78.52223, 17.44845], [78.52227, 17.44858], [78.52246, 17.44898], [78.52253, 17.44912], [78.52289, 17.44909], [78.52295, 17.44909], [78.52343, 17.44886], [78.52365, 17.44928], [78.524, 17.45062], [78.52423, 17.45155], [78.52424, 17.45175], [78.52431, 17.45215], [78.52437, 17.45227], [78.52443, 17.45235], [78.52458, 17.45295], [78.52464, 17.45314], [78.52476, 17.45406], [78.52492, 17.45453], [78.525, 17.45465], [78.525, 17.45466], [78.52545, 17.45535], [78.52603, 17.45588], [78.52637, 17.45612], [78.52665, 17.45637], [78.5304, 17.45958], [78.532, 17.46094], [78.53225, 17.46121], [78.53246, 17.46164], [78.53299, 17.46223], [78.53299, 17.46231], [78.53314, 17.46226], [78.53316, 17.4617], [78.53311, 17.46136], [78.53281, 17.46024], [78.53273, 17.4598], [78.53214, 17.4579], [78.53196, 17.45724], [78.53201, 17.45705], [78.53226, 17.45647], [78.53256, 17.45602], [78.53297, 17.45576], [78.53386, 17.45537], [78.5351, 17.45481], [78.5347, 17.45437], [78.53457, 17.45416], [78.53424, 17.45351], [78.53383, 17.45285], [78.53301, 17.45145], [78.53238, 17.45052], [78.53235, 17.45048], [78.53234, 17.45047], [78.53235, 17.45041], [78.53236, 17.45039], [78.53235, 17.45032], [78.53244, 17.45033], [78.53248, 17.45034], [78.53256, 17.45034], [78.53271, 17.45035], [78.53314, 17.45035], [78.53388, 17.45032], [78.53467, 17.45026], [78.53475, 17.45025], [78.53481, 17.45019], [78.53498, 17.45017], [78.53544, 17.45016], [78.53567, 17.45015], [78.53573, 17.45012], [78.53595, 17.44983], [78.53596, 17.44977], [78.53618, 17.44948], [78.53626, 17.44931]]]}}, {"type": "Feature", "properties": {"name": "140-MALKAJGIRI", "hospital_count": 9, "circle": "28-MALKAJGIRI", "zone": "SECUNDERABAD ZONE", "ward_no": 140}, "geometry": {"type": "Polygon", "coordinates": [[[78.53299, 17.46231], [78.53297, 17.46271], [78.53277, 17.46374], [78.53224, 17.46558], [78.53159, 17.46767], [78.53081, 17.47025], [78.53054, 17.47116], [78.53106, 17.47121], [78.5314, 17.47126], [78.53169, 17.47127], [78.53223, 17.47121], [78.53292, 17.47114], [78.53325, 17.47109], [78.53357, 17.471], [78.53367, 17.47124], [78.53377, 17.47119], [78.534, 17.47115], [78.53404, 17.47129], [78.53415, 17.47158], [78.5345, 17.47242], [78.53482, 17.4731], [78.53498, 17.47325], [78.53527, 17.4733], [78.53538, 17.47335], [78.53537, 17.47341], [78.5353, 17.47355], [78.53527, 17.47371], [78.53522, 17.47392], [78.53518, 17.47409], [78.53515, 17.47409], [78.53513, 17.47431], [78.53512, 17.47436], [78.53509, 17.47436], [78.53504, 17.47443], [78.53493, 17.4746], [78.53499, 17.47465], [78.53544, 17.47497], [78.53554, 17.47505], [78.53554, 17.47522], [78.53548, 17.4754], [78.53549, 17.47547], [78.53567, 17.4756], [78.53585, 17.47579], [78.53595, 17.47592], [78.53608, 17.47605], [78.53616, 17.47607], [78.53627, 17.47617], [78.53652, 17.47605], [78.53674, 17.47614], [78.5371, 17.47624], [78.53758, 17.47636], [78.5376, 17.47639], [78.53762, 17.47664], [78.53766, 17.47692], [78.53766, 17.47692], [78.53767, 17.47692], [78.53768, 17.47701], [78.53768, 17.47701], [78.53832, 17.47612], [78.53876, 17.47555], [78.53926, 17.47489], [78.53926, 17.47489], [78.53932, 17.47482], [78.53985, 17.47419], [78.5403, 17.47354], [78.54067, 17.4727], [78.54075, 17.47243], [78.5409, 17.47186], [78.54091, 17.47173], [78.54064, 17.4717], [78.53949, 17.4716], [78.53909, 17.47158], [78.53905, 17.4711], [78.53902, 17.46984], [78.53901, 17.46932], [78.53901, 17.46923], [78.53902, 17.46922], [78.53902, 17.46922], [78.53903, 17.46838], [78.53902, 17.46786], [78.539, 17.46755], [78.53897, 17.46724], [78.5389, 17.46689], [78.53885, 17.46673], [78.5388, 17.46657], [78.53878, 17.46647], [78.53873, 17.46617], [78.53872, 17.46609], [78.53871, 17.466], [78.53871, 17.46597], [78.5387, 17.46587], [78.53869, 17.46576], [78.53869, 17.46549], [78.53865, 17.46515], [78.5386, 17.46498], [78.53854, 17.46483], [78.53854, 17.46483], [78.53852, 17.46478], [78.53841, 17.46457], [78.5381, 17.46403], [78.53795, 17.46371], [78.5378, 17.46344], [78.53732, 17.46282], [78.53732, 17.46282], [78.53726, 17.46276], [78.53676, 17.46217], [78.536, 17.4614], [78.53688, 17.46092], [78.53745, 17.46069], [78.53752, 17.46066], [78.53769, 17.46063], [78.53793, 17.46059], [78.53805, 17.46055], [78.53826, 17.46045], [78.53829, 17.46048], [78.53842, 17.46115], [78.53853, 17.46181], [78.53861, 17.462], [78.53875, 17.46225], [78.53879, 17.46224], [78.5396, 17.46194], [78.53987, 17.46183], [78.5398, 17.4616], [78.5401, 17.4615], [78.5401, 17.46146], [78.54006, 17.46094], [78.54009, 17.4603], [78.54012, 17.45957], [78.54018, 17.45912], [78.54024, 17.45868], [78.54032, 17.45824], [78.54049, 17.45761], [78.54069, 17.457], [78.54087, 17.45633], [78.54106, 17.45583], [78.54109, 17.4558], [78.54132, 17.45541], [78.54154, 17.45511], [78.54216, 17.4545], [78.543, 17.45361], [78.54374, 17.45288], [78.54431, 17.4523], [78.54464, 17.45153], [78.54461, 17.45144], [78.54428, 17.45077], [78.5443, 17.45059], [78.54437, 17.45049], [78.54437, 17.45025], [78.54434, 17.45022], [78.54432, 17.45007], [78.54408, 17.45005], [78.54381, 17.45002], [78.54358, 17.44996], [78.54365, 17.44994], [78.54377, 17.4499], [78.54388, 17.44986], [78.54403, 17.44984], [78.54419, 17.44982], [78.54433, 17.4498], [78.54443, 17.44978], [78.54452, 17.44974], [78.54485, 17.44951], [78.54514, 17.44931], [78.54517, 17.4492], [78.54516, 17.44918], [78.54514, 17.44919], [78.54504, 17.44887], [78.54501, 17.44882], [78.545, 17.44882], [78.54415, 17.44891], [78.54325, 17.44897], [78.54323, 17.44892], [78.54322, 17.44891], [78.54292, 17.4489], [78.54227, 17.44888], [78.54092, 17.44882], [78.54072, 17.44878], [78.54075, 17.44887], [78.54078, 17.44893], [78.54088, 17.44922], [78.54113, 17.45004], [78.54112, 17.45004], [78.54095, 17.45006], [78.54074, 17.45013], [78.54048, 17.45026], [78.54028, 17.45035], [78.54008, 17.4504], [78.53989, 17.45046], [78.53978, 17.45046], [78.53963, 17.45043], [78.53937, 17.45034], [78.53901, 17.4502], [78.53859, 17.4501], [78.53829, 17.45005], [78.53811, 17.44997], [78.53791, 17.44989], [78.53769, 17.4498], [78.53735, 17.44972], [78.53708, 17.44969], [78.53688, 17.44963], [78.53665, 17.44948], [78.53629, 17.44927], [78.53626, 17.44931], [78.53618, 17.44948], [78.53596, 17.44977], [78.53595, 17.44983], [78.53573, 17.45012], [78.53567, 17.45015], [78.53544, 17.45016], [78.53498, 17.45017], [78.53481, 17.45019], [78.53475, 17.45025], [78.53467, 17.45026], [78.53388, 17.45032], [78.53314, 17.45035], [78.53271, 17.45035], [78.53256, 17.45034], [78.53248, 17.45034], [78.53244, 17.45033], [78.53235, 17.45032], [78.53236, 17.45039], [78.53235, 17.45041], [78.53234, 17.45047], [78.53235, 17.45048], [78.53238, 17.45052], [78.53301, 17.45145], [78.53383, 17.45285], [78.53424, 17.45351], [78.53457, 17.45416], [78.5347, 17.45437], [78.5351, 17.45481], [78.53386, 17.45537], [78.53297, 17.45576], [78.53256, 17.45602], [78.53226, 17.45647], [78.53201, 17.45705], [78.53196, 17.45724], [78.53214, 17.4579], [78.53273, 17.4598], [78.53281, 17.46024], [78.53311, 17.46136], [78.53316, 17.4617], [78.53314, 17.46226], [78.53299, 17.46231]]]}}, {"type": "Feature", "properties": {"name": "139-EAST ANAND BAGH", "hospital_count": 3, "circle": "28-MALKAJGIRI", "zone": "SECUNDERABAD ZONE", "ward_no": 139}, "geometry": {"type": "Polygon", "coordinates": [[[78.56312, 17.46137], [78.5631, 17.46113], [78.56305, 17.46089], [78.56301, 17.46074], [78.56297, 17.4607], [78.56288, 17.46039], [78.56275, 17.45993], [78.56262, 17.45944], [78.56244, 17.45873], [78.5623, 17.45816], [78.56217, 17.45771], [78.56216, 17.45764], [78.56215, 17.45751], [78.56209, 17.45733], [78.56205, 17.45723], [78.56202, 17.45707], [78.562, 17.45695], [78.56194, 17.45671], [78.56187, 17.45647], [78.56176, 17.45612], [78.56168, 17.45577], [78.56162, 17.4556], [78.56157, 17.4555], [78.56152, 17.45544], [78.56147, 17.45533], [78.5614, 17.455], [78.5613, 17.45469], [78.56137, 17.45466], [78.56115, 17.45386], [78.56111, 17.45378], [78.56125, 17.45372], [78.56118, 17.45356], [78.56108, 17.45329], [78.56142, 17.45316], [78.56131, 17.45294], [78.56123, 17.45272], [78.56115, 17.45251], [78.56109, 17.45215], [78.56105, 17.45174], [78.56099, 17.45113], [78.56096, 17.45078], [78.56094, 17.45046], [78.56029, 17.45018], [78.56052, 17.44974], [78.56073, 17.44941], [78.56074, 17.4494], [78.56032, 17.44915], [78.55736, 17.44751], [78.55824, 17.44609], [78.55829, 17.44551], [78.55635, 17.44481], [78.55481, 17.44404], [78.55363, 17.44319], [78.55283, 17.44221], [78.55277, 17.44207], [78.55279, 17.44201], [78.55449, 17.44162], [78.55525, 17.44127], [78.55734, 17.43991], [78.55726, 17.43962], [78.55659, 17.44003], [78.55618, 17.44027], [78.55539, 17.43915], [78.55471, 17.43896], [78.55437, 17.43873], [78.55421, 17.43863], [78.55381, 17.43888], [78.55347, 17.43907], [78.55313, 17.43928], [78.55285, 17.43939], [78.55249, 17.43951], [78.55206, 17.4396], [78.5515, 17.43973], [78.55143, 17.43975], [78.55119, 17.43988], [78.55102, 17.43997], [78.55085, 17.44004], [78.54967, 17.43848], [78.5496, 17.43849], [78.54953, 17.43854], [78.5493, 17.43869], [78.54921, 17.43876], [78.54907, 17.43886], [78.54904, 17.43889], [78.54898, 17.43894], [78.54897, 17.43894], [78.54879, 17.43909], [78.54858, 17.43915], [78.54856, 17.43951], [78.54838, 17.43956], [78.54815, 17.43966], [78.54802, 17.43975], [78.54796, 17.43983], [78.54787, 17.44003], [78.54789, 17.44062], [78.54807, 17.44133], [78.54794, 17.44143], [78.54774, 17.44146], [78.54763, 17.44139], [78.54721, 17.44078], [78.54703, 17.44073], [78.5467, 17.44087], [78.54662, 17.44108], [78.54667, 17.4415], [78.54721, 17.44283], [78.54685, 17.44312], [78.54629, 17.4435], [78.54567, 17.44394], [78.54539, 17.44412], [78.54521, 17.44421], [78.54484, 17.44435], [78.54432, 17.44452], [78.54399, 17.44462], [78.54366, 17.44465], [78.54357, 17.44428], [78.54344, 17.44373], [78.54337, 17.44358], [78.54341, 17.4435], [78.5434, 17.44337], [78.54332, 17.44295], [78.54294, 17.443], [78.54234, 17.44311], [78.54208, 17.44318], [78.54174, 17.44328], [78.54121, 17.44342], [78.54118, 17.44326], [78.54116, 17.44306], [78.54113, 17.44289], [78.54104, 17.44257], [78.541, 17.44238], [78.54033, 17.44252], [78.54032, 17.44251], [78.54013, 17.44225], [78.54003, 17.44213], [78.54006, 17.44211], [78.53953, 17.44156], [78.53892, 17.44148], [78.5383, 17.44112], [78.53832, 17.44089], [78.53836, 17.44065], [78.538, 17.44064], [78.53711, 17.4406], [78.53566, 17.44053], [78.53564, 17.44067], [78.53561, 17.44071], [78.53546, 17.44071], [78.53546, 17.44078], [78.53441, 17.44089], [78.53367, 17.44122], [78.53308, 17.44148], [78.53242, 17.44177], [78.53236, 17.44184], [78.53231, 17.44177], [78.53192, 17.44191], [78.53175, 17.44196], [78.53161, 17.44202], [78.53159, 17.44203], [78.53161, 17.44206], [78.53174, 17.44212], [78.53201, 17.44213], [78.53224, 17.44213], [78.53252, 17.44218], [78.5327, 17.4423], [78.5329, 17.44256], [78.53325, 17.443], [78.53346, 17.44338], [78.53356, 17.44361], [78.5338, 17.44426], [78.53397, 17.44447], [78.53465, 17.44512], [78.53502, 17.44547], [78.53547, 17.44588], [78.53559, 17.44611], [78.53585, 17.44702], [78.53611, 17.44777], [78.53637, 17.44838], [78.53647, 17.4488], [78.53632, 17.44917], [78.53626, 17.44931], [78.53629, 17.44927], [78.53665, 17.44948], [78.53688, 17.44963], [78.53708, 17.44969], [78.53735, 17.44972], [78.53769, 17.4498], [78.53791, 17.44989], [78.53811, 17.44997], [78.53829, 17.45005], [78.53859, 17.4501], [78.53901, 17.4502], [78.53937, 17.45034], [78.53963, 17.45043], [78.53978, 17.45046], [78.53989, 17.45046], [78.54008, 17.4504], [78.54028, 17.45035], [78.54048, 17.45026], [78.54074, 17.45013], [78.54095, 17.45006], [78.54112, 17.45004], [78.54113, 17.45004], [78.54088, 17.44922], [78.54078, 17.44893], [78.54075, 17.44887], [78.54072, 17.44878], [78.54092, 17.44882], [78.54227, 17.44888], [78.54292, 17.4489], [78.54322, 17.44891], [78.54323, 17.44892], [78.54325, 17.44897], [78.54415, 17.44891], [78.545, 17.44882], [78.54501, 17.44882], [78.54504, 17.44887], [78.54514, 17.44919], [78.54516, 17.44918], [78.54517, 17.4492], [78.54514, 17.44931], [78.54485, 17.44951], [78.54452, 17.44974], [78.54443, 17.44978], [78.54433, 17.4498], [78.54419, 17.44982], [78.54403, 17.44984], [78.54388, 17.44986], [78.54377, 17.4499], [78.54365, 17.44994], [78.54358, 17.44996], [78.54381, 17.45002], [78.54408, 17.45005], [78.54432, 17.45007], [78.54434, 17.45022], [78.54437, 17.45025], [78.54437, 17.45049], [78.5443, 17.45059], [78.54428, 17.45077], [78.54461, 17.45144], [78.54464, 17.45153], [78.54431, 17.4523], [78.54374, 17.45288], [78.543, 17.45361], [78.54216, 17.4545], [78.54154, 17.45511], [78.54132, 17.45541], [78.54109, 17.4558], [78.54119, 17.45594], [78.54132, 17.45609], [78.54138, 17.45621], [78.54154, 17.45669], [78.54155, 17.4568], [78.54162, 17.45695], [78.54186, 17.45693], [78.54196, 17.45704], [78.5424, 17.45693], [78.54262, 17.45748], [78.54269, 17.4576], [78.54272, 17.45776], [78.54277, 17.45787], [78.54276, 17.45811], [78.54283, 17.45807], [78.5429, 17.45847], [78.54302, 17.45877], [78.54318, 17.45901], [78.5434, 17.45929], [78.54359, 17.45925], [78.5436, 17.45916], [78.54357, 17.45909], [78.54351, 17.45904], [78.54338, 17.459], [78.54328, 17.45899], [78.54325, 17.45891], [78.54319, 17.45879], [78.54319, 17.4587], [78.54327, 17.45862], [78.54344, 17.45859], [78.5436, 17.4586], [78.54378, 17.45857], [78.54393, 17.45851], [78.54406, 17.4585], [78.54424, 17.45857], [78.54438, 17.45871], [78.54449, 17.45881], [78.54466, 17.4589], [78.54492, 17.45896], [78.54516, 17.45905], [78.54548, 17.45917], [78.54548, 17.45916], [78.54591, 17.45947], [78.54635, 17.45972], [78.54677, 17.45999], [78.54694, 17.46004], [78.54706, 17.46006], [78.54724, 17.46004], [78.5475, 17.46], [78.54773, 17.45992], [78.54806, 17.45977], [78.54859, 17.45959], [78.54893, 17.45951], [78.54911, 17.45951], [78.54931, 17.45956], [78.54937, 17.45962], [78.54937, 17.4597], [78.54937, 17.45988], [78.54938, 17.46004], [78.54943, 17.46013], [78.54946, 17.46026], [78.5495, 17.46043], [78.54951, 17.46056], [78.54951, 17.4606], [78.54955, 17.46062], [78.54967, 17.46059], [78.55011, 17.46048], [78.55028, 17.46046], [78.55063, 17.46045], [78.5507, 17.46046], [78.55083, 17.46046], [78.55132, 17.46038], [78.55131, 17.4603], [78.5513, 17.46019], [78.5513, 17.46019], [78.55196, 17.45983], [78.55203, 17.45994], [78.55212, 17.46003], [78.55222, 17.46001], [78.55239, 17.46], [78.55263, 17.46001], [78.55298, 17.45998], [78.55336, 17.45986], [78.55364, 17.45976], [78.55395, 17.45965], [78.55443, 17.45947], [78.55495, 17.45922], [78.55512, 17.45913], [78.55529, 17.45911], [78.5554, 17.45901], [78.55545, 17.45895], [78.55559, 17.45884], [78.55598, 17.45871], [78.55637, 17.45859], [78.55688, 17.4584], [78.55703, 17.4587], [78.55846, 17.45816], [78.55875, 17.45894], [78.55904, 17.45884], [78.55961, 17.45941], [78.5598, 17.45959], [78.56007, 17.46032], [78.56017, 17.46051], [78.55989, 17.46061], [78.55936, 17.46082], [78.55869, 17.46104], [78.55844, 17.46121], [78.55847, 17.46127], [78.55842, 17.46127], [78.55829, 17.46131], [78.55841, 17.46147], [78.55894, 17.4613], [78.55915, 17.46127], [78.55946, 17.46165], [78.55976, 17.46195], [78.55973, 17.46203], [78.56026, 17.46244], [78.56084, 17.4628], [78.56106, 17.4626], [78.56287, 17.46177], [78.56313, 17.46166], [78.56313, 17.46166], [78.5632, 17.46161], [78.56315, 17.46149], [78.56312, 17.46137]]]}}, {"type": "Feature", "properties": {"name": "142-ADDAGUTTA", "hospital_count": 5, "circle": "29-SECUNDERABAD", "zone": "SECUNDERABAD ZONE", "ward_no": 142}, "geometry": {"type": "Polygon", "coordinates": [[[78.53836, 17.44065], [78.53846, 17.44062], [78.53846, 17.44061], [78.53852, 17.44044], [78.53857, 17.44033], [78.53859, 17.44026], [78.53848, 17.43963], [78.53842, 17.43884], [78.53835, 17.43746], [78.53865, 17.43744], [78.53858, 17.43735], [78.53805, 17.43671], [78.53736, 17.43587], [78.53729, 17.43578], [78.53728, 17.43569], [78.5365, 17.43581], [78.53629, 17.43521], [78.53618, 17.43492], [78.53594, 17.4344], [78.5357, 17.43466], [78.5355, 17.43488], [78.53531, 17.43508], [78.53503, 17.43538], [78.53471, 17.43571], [78.5345, 17.43593], [78.53442, 17.43601], [78.53425, 17.43615], [78.534, 17.43635], [78.53358, 17.4366], [78.53311, 17.4368], [78.53271, 17.43693], [78.53251, 17.43699], [78.53226, 17.43703], [78.53192, 17.43708], [78.53113, 17.43711], [78.53002, 17.43711], [78.52946, 17.43711], [78.5289, 17.43715], [78.52877, 17.43716], [78.52846, 17.43722], [78.5283, 17.43724], [78.52761, 17.43743], [78.52642, 17.43789], [78.52564, 17.43821], [78.52491, 17.43849], [78.52451, 17.43864], [78.52292, 17.43922], [78.52271, 17.4393], [78.52202, 17.43939], [78.52134, 17.43939], [78.52102, 17.4394], [78.52123, 17.43947], [78.52016, 17.43955], [78.52002, 17.43951], [78.51963, 17.43946], [78.51923, 17.43943], [78.51885, 17.43945], [78.51832, 17.4394], [78.51753, 17.43935], [78.51739, 17.43934], [78.51689, 17.4392], [78.51638, 17.43899], [78.5157, 17.43852], [78.5151, 17.43811], [78.51416, 17.43726], [78.51345, 17.43661], [78.51264, 17.43608], [78.512, 17.4358], [78.51194, 17.43599], [78.51126, 17.43576], [78.51055, 17.43554], [78.50809, 17.43494], [78.50581, 17.43439], [78.5058, 17.43441], [78.50558, 17.43503], [78.50546, 17.43556], [78.50529, 17.43616], [78.50517, 17.43674], [78.50478, 17.43743], [78.50477, 17.43765], [78.50477, 17.43811], [78.50487, 17.43867], [78.50501, 17.4393], [78.50544, 17.43922], [78.50571, 17.43918], [78.50599, 17.43913], [78.50618, 17.43906], [78.50658, 17.43877], [78.507, 17.43848], [78.50727, 17.43829], [78.50752, 17.43811], [78.50766, 17.43811], [78.50799, 17.43809], [78.50813, 17.43812], [78.50823, 17.43818], [78.50847, 17.43834], [78.50862, 17.43846], [78.50877, 17.43863], [78.50894, 17.43883], [78.50916, 17.43911], [78.50931, 17.43933], [78.50931, 17.43933], [78.5093, 17.43936], [78.50926, 17.4394], [78.50915, 17.43949], [78.5086, 17.43974], [78.50883, 17.44032], [78.50897, 17.44069], [78.5092, 17.44139], [78.50938, 17.44186], [78.51002, 17.44163], [78.5104, 17.44151], [78.51056, 17.44189], [78.51078, 17.44255], [78.5112, 17.4424], [78.51136, 17.44234], [78.51138, 17.44235], [78.51158, 17.44251], [78.51171, 17.44257], [78.51186, 17.44269], [78.51197, 17.44276], [78.51203, 17.44277], [78.51238, 17.44266], [78.51264, 17.44253], [78.51298, 17.44242], [78.51313, 17.4424], [78.5133, 17.44237], [78.51332, 17.44248], [78.51337, 17.44263], [78.51339, 17.4427], [78.5134, 17.44281], [78.51342, 17.44289], [78.51345, 17.44295], [78.51349, 17.44303], [78.51356, 17.44312], [78.51355, 17.44315], [78.51356, 17.44318], [78.51359, 17.44328], [78.51362, 17.44338], [78.51366, 17.44348], [78.51369, 17.44362], [78.51372, 17.44373], [78.51374, 17.44377], [78.5138, 17.44382], [78.51393, 17.4439], [78.51399, 17.44396], [78.51406, 17.44405], [78.51408, 17.44409], [78.51411, 17.44414], [78.51412, 17.44419], [78.51414, 17.44424], [78.51416, 17.44426], [78.51418, 17.44428], [78.51421, 17.44431], [78.51416, 17.44445], [78.51412, 17.44451], [78.5141, 17.44453], [78.51407, 17.44455], [78.51406, 17.44457], [78.51406, 17.44459], [78.51407, 17.44465], [78.51408, 17.44483], [78.51431, 17.44478], [78.51447, 17.44475], [78.51465, 17.44475], [78.51468, 17.44476], [78.5147, 17.4448], [78.51474, 17.44518], [78.51476, 17.44532], [78.51481, 17.44541], [78.51513, 17.44514], [78.51556, 17.44485], [78.51595, 17.44464], [78.51645, 17.44437], [78.51702, 17.44408], [78.51717, 17.44398], [78.51731, 17.4442], [78.51769, 17.44482], [78.51804, 17.44542], [78.51818, 17.44568], [78.51819, 17.44568], [78.51819, 17.44568], [78.51834, 17.44597], [78.51844, 17.44619], [78.51865, 17.44611], [78.51894, 17.446], [78.51915, 17.44591], [78.5194, 17.44581], [78.51977, 17.44566], [78.51977, 17.44566], [78.52023, 17.44545], [78.5206, 17.4453], [78.52072, 17.44525], [78.52089, 17.44519], [78.52089, 17.44519], [78.52093, 17.44517], [78.52104, 17.44513], [78.52079, 17.44446], [78.52054, 17.44382], [78.52075, 17.44381], [78.5218, 17.44346], [78.52273, 17.44317], [78.52331, 17.44306], [78.52427, 17.44278], [78.52435, 17.44275], [78.52457, 17.44311], [78.52524, 17.4428], [78.52615, 17.44239], [78.52652, 17.44226], [78.52707, 17.4424], [78.52738, 17.44238], [78.52788, 17.44233], [78.52845, 17.44228], [78.5299, 17.44206], [78.53123, 17.44205], [78.53137, 17.44209], [78.53141, 17.44207], [78.53147, 17.44207], [78.53159, 17.44203], [78.53161, 17.44202], [78.53175, 17.44196], [78.53192, 17.44191], [78.53231, 17.44177], [78.53236, 17.44184], [78.53242, 17.44177], [78.53308, 17.44148], [78.53367, 17.44122], [78.53441, 17.44089], [78.53546, 17.44078], [78.53546, 17.44071], [78.53561, 17.44071], [78.53564, 17.44067], [78.53566, 17.44053], [78.53711, 17.4406], [78.538, 17.44064], [78.53836, 17.44065]]]}}, {"type": "Feature", "properties": {"name": "137-VINAYAK NAGAR", "hospital_count": 3, "circle": "28-MALKAJGIRI", "zone": "SECUNDERABAD ZONE", "ward_no": 137}, "geometry": {"type": "Polygon", "coordinates": [[[78.54986, 17.48362], [78.55011, 17.48323], [78.55013, 17.48263], [78.5502, 17.48134], [78.55022, 17.48056], [78.55, 17.48054], [78.54994, 17.48062], [78.54984, 17.4806], [78.54984, 17.48056], [78.54958, 17.48052], [78.54941, 17.48046], [78.54925, 17.48045], [78.5491, 17.48042], [78.5489, 17.48027], [78.54854, 17.48018], [78.54855, 17.48004], [78.54867, 17.47975], [78.54903, 17.47905], [78.54847, 17.47876], [78.5477, 17.47836], [78.54715, 17.47823], [78.54726, 17.47771], [78.54732, 17.47737], [78.54726, 17.47733], [78.54729, 17.47718], [78.54728, 17.47664], [78.54727, 17.4759], [78.54723, 17.47557], [78.54713, 17.47485], [78.54702, 17.47415], [78.54695, 17.47372], [78.54678, 17.47325], [78.54662, 17.47282], [78.5465, 17.47253], [78.54653, 17.47235], [78.54652, 17.4722], [78.54611, 17.47115], [78.54583, 17.47052], [78.54603, 17.47042], [78.54587, 17.46999], [78.54548, 17.46901], [78.54537, 17.46865], [78.5444, 17.46867], [78.54387, 17.46867], [78.54371, 17.46875], [78.54357, 17.46784], [78.54353, 17.46781], [78.54317, 17.46789], [78.54304, 17.46721], [78.54303, 17.46702], [78.54287, 17.46682], [78.54277, 17.46675], [78.54259, 17.4664], [78.5426, 17.46633], [78.54249, 17.46618], [78.54271, 17.46611], [78.54279, 17.46632], [78.5436, 17.46597], [78.54395, 17.46585], [78.5454, 17.46532], [78.54519, 17.46463], [78.54551, 17.46458], [78.54623, 17.46436], [78.54654, 17.46424], [78.5466, 17.46431], [78.54683, 17.46423], [78.54706, 17.46416], [78.54735, 17.46404], [78.5479, 17.46389], [78.54819, 17.46379], [78.54819, 17.46379], [78.54827, 17.4637], [78.54839, 17.46359], [78.54846, 17.46317], [78.54849, 17.46295], [78.54847, 17.46283], [78.54844, 17.46274], [78.54837, 17.46267], [78.54831, 17.46264], [78.54818, 17.46264], [78.54793, 17.46267], [78.54773, 17.46268], [78.54768, 17.46268], [78.54762, 17.46268], [78.54759, 17.46265], [78.5475, 17.46253], [78.54741, 17.46238], [78.54735, 17.46235], [78.54728, 17.46235], [78.54701, 17.46242], [78.54684, 17.46245], [78.5468, 17.46241], [78.5468, 17.46237], [78.5468, 17.46227], [78.54687, 17.46202], [78.54696, 17.46173], [78.54703, 17.46156], [78.54712, 17.46152], [78.54738, 17.46138], [78.5476, 17.46124], [78.54787, 17.46114], [78.54816, 17.46106], [78.54865, 17.46102], [78.5489, 17.46099], [78.54904, 17.46095], [78.54908, 17.46082], [78.5491, 17.46072], [78.54911, 17.46068], [78.54915, 17.46065], [78.54937, 17.46063], [78.54942, 17.46063], [78.54948, 17.46061], [78.54951, 17.4606], [78.54951, 17.4606], [78.54951, 17.46056], [78.5495, 17.46043], [78.54946, 17.46026], [78.54943, 17.46013], [78.54938, 17.46004], [78.54937, 17.45988], [78.54937, 17.4597], [78.54937, 17.45962], [78.54931, 17.45956], [78.54911, 17.45951], [78.54893, 17.45951], [78.54859, 17.45959], [78.54806, 17.45977], [78.54773, 17.45992], [78.5475, 17.46], [78.54724, 17.46004], [78.54706, 17.46006], [78.54694, 17.46004], [78.54677, 17.45999], [78.54635, 17.45972], [78.54591, 17.45947], [78.54548, 17.45916], [78.54548, 17.45917], [78.54516, 17.45905], [78.54492, 17.45896], [78.54466, 17.4589], [78.54449, 17.45881], [78.54438, 17.45871], [78.54424, 17.45857], [78.54406, 17.4585], [78.54393, 17.45851], [78.54378, 17.45857], [78.5436, 17.4586], [78.54344, 17.45859], [78.54327, 17.45862], [78.54319, 17.4587], [78.54319, 17.45879], [78.54325, 17.45891], [78.54328, 17.45899], [78.54338, 17.459], [78.54351, 17.45904], [78.54357, 17.45909], [78.5436, 17.45916], [78.54359, 17.45925], [78.5434, 17.45929], [78.54318, 17.45901], [78.54302, 17.45877], [78.5429, 17.45847], [78.54283, 17.45807], [78.54276, 17.45811], [78.54277, 17.45787], [78.54272, 17.45776], [78.54269, 17.4576], [78.54262, 17.45748], [78.5424, 17.45693], [78.54196, 17.45704], [78.54186, 17.45693], [78.54162, 17.45695], [78.54155, 17.4568], [78.54154, 17.45669], [78.54138, 17.45621], [78.54132, 17.45609], [78.54119, 17.45594], [78.54109, 17.4558], [78.54106, 17.45583], [78.54087, 17.45633], [78.54069, 17.457], [78.54049, 17.45761], [78.54032, 17.45824], [78.54024, 17.45868], [78.54018, 17.45912], [78.54012, 17.45957], [78.54009, 17.4603], [78.54006, 17.46094], [78.5401, 17.46146], [78.5401, 17.4615], [78.5398, 17.4616], [78.53987, 17.46183], [78.5396, 17.46194], [78.53879, 17.46224], [78.53875, 17.46225], [78.53861, 17.462], [78.53853, 17.46181], [78.53842, 17.46115], [78.53829, 17.46048], [78.53826, 17.46045], [78.53805, 17.46055], [78.53793, 17.46059], [78.53769, 17.46063], [78.53752, 17.46066], [78.53745, 17.46069], [78.53688, 17.46092], [78.536, 17.4614], [78.53676, 17.46217], [78.53726, 17.46276], [78.53732, 17.46282], [78.53732, 17.46282], [78.5378, 17.46344], [78.53795, 17.46371], [78.5381, 17.46403], [78.53841, 17.46457], [78.53852, 17.46478], [78.53854, 17.46483], [78.53854, 17.46483], [78.5386, 17.46498], [78.53865, 17.46515], [78.53869, 17.46549], [78.53869, 17.46576], [78.5387, 17.46587], [78.53871, 17.46597], [78.53871, 17.466], [78.53872, 17.46609], [78.53873, 17.46617], [78.53878, 17.46647], [78.5388, 17.46657], [78.53885, 17.46673], [78.5389, 17.46689], [78.53897, 17.46724], [78.539, 17.46755], [78.53902, 17.46786], [78.53903, 17.46838], [78.53902, 17.46922], [78.53902, 17.46922], [78.53901, 17.46923], [78.53901, 17.46932], [78.53902, 17.46984], [78.53905, 17.4711], [78.53909, 17.47158], [78.53949, 17.4716], [78.54064, 17.4717], [78.54091, 17.47173], [78.5409, 17.47186], [78.54075, 17.47243], [78.54067, 17.4727], [78.5403, 17.47354], [78.53985, 17.47419], [78.53932, 17.47482], [78.53926, 17.47489], [78.53926, 17.47489], [78.53876, 17.47555], [78.53832, 17.47612], [78.53768, 17.47701], [78.53767, 17.47719], [78.5376, 17.47735], [78.53748, 17.47771], [78.53729, 17.47813], [78.53718, 17.47863], [78.53706, 17.47923], [78.53807, 17.47942], [78.5383, 17.47942], [78.53873, 17.4794], [78.53907, 17.47942], [78.5398, 17.47945], [78.54029, 17.47949], [78.54052, 17.4795], [78.54062, 17.47953], [78.54069, 17.47957], [78.54075, 17.47961], [78.54085, 17.47963], [78.5416, 17.47968], [78.54265, 17.47977], [78.54285, 17.47981], [78.54285, 17.47981], [78.54295, 17.4798], [78.54326, 17.47983], [78.54362, 17.47985], [78.54397, 17.47981], [78.54429, 17.47976], [78.54436, 17.48014], [78.5444, 17.48076], [78.54449, 17.4812], [78.54454, 17.48138], [78.5446, 17.48159], [78.54454, 17.48222], [78.54455, 17.48248], [78.54458, 17.48268], [78.54457, 17.48289], [78.54451, 17.48337], [78.54466, 17.48343], [78.54805, 17.48386], [78.54915, 17.48402], [78.5494, 17.48388], [78.54949, 17.48383], [78.54975, 17.48367], [78.54983, 17.48363], [78.54986, 17.48362]]]}}, {"type": "Feature", "properties": {"name": "134-ALWAL", "hospital_count": 8, "circle": "27-ALWAL", "zone": "KUKATPALLY ZONE", "ward_no": 134}, "geometry": {"type": "Polygon", "coordinates": [[[78.50914, 17.50973], [78.50918, 17.50923], [78.50918, 17.50923], [78.50918, 17.50923], [78.50944, 17.50925], [78.50996, 17.50929], [78.51014, 17.50932], [78.51022, 17.50943], [78.51031, 17.50954], [78.51041, 17.50955], [78.51047, 17.50953], [78.51057, 17.50945], [78.51064, 17.50937], [78.51072, 17.50927], [78.51083, 17.50916], [78.51089, 17.50916], [78.51103, 17.50915], [78.5111, 17.50914], [78.51113, 17.50913], [78.51115, 17.50913], [78.51133, 17.5091], [78.51144, 17.50907], [78.51154, 17.50904], [78.5116, 17.50903], [78.51172, 17.50902], [78.51187, 17.50898], [78.51201, 17.50893], [78.51219, 17.50894], [78.51233, 17.50898], [78.51248, 17.509], [78.51254, 17.50898], [78.51261, 17.50893], [78.51266, 17.5088], [78.51275, 17.50874], [78.51276, 17.50873], [78.51284, 17.5087], [78.5129, 17.50868], [78.51297, 17.50867], [78.51315, 17.50862], [78.51326, 17.50857], [78.51336, 17.50851], [78.51348, 17.50847], [78.51359, 17.50844], [78.51371, 17.50843], [78.51377, 17.50845], [78.51403, 17.50884], [78.51409, 17.50889], [78.51415, 17.50889], [78.5142, 17.50886], [78.51426, 17.50883], [78.51439, 17.50882], [78.51456, 17.50879], [78.51475, 17.50875], [78.51467, 17.50849], [78.51454, 17.50802], [78.51447, 17.50764], [78.51442, 17.50733], [78.51439, 17.50696], [78.51437, 17.50634], [78.5144, 17.5058], [78.51448, 17.5053], [78.51467, 17.50464], [78.51484, 17.50425], [78.51487, 17.50419], [78.51492, 17.50409], [78.51507, 17.50375], [78.51503, 17.5037], [78.51486, 17.50349], [78.51468, 17.50324], [78.51443, 17.50289], [78.51441, 17.50287], [78.51427, 17.50265], [78.51424, 17.50257], [78.51418, 17.50241], [78.51413, 17.50228], [78.51411, 17.50223], [78.51409, 17.50212], [78.51403, 17.50175], [78.51402, 17.50171], [78.51391, 17.50101], [78.51384, 17.50056], [78.51358, 17.49906], [78.51348, 17.49852], [78.51347, 17.49846], [78.51331, 17.49744], [78.51319, 17.49666], [78.51316, 17.49649], [78.51307, 17.49596], [78.51304, 17.49579], [78.51297, 17.49535], [78.51287, 17.49484], [78.51281, 17.49456], [78.51272, 17.49417], [78.51272, 17.49414], [78.51269, 17.49401], [78.51263, 17.49374], [78.5126, 17.49361], [78.51251, 17.49308], [78.51251, 17.49282], [78.51254, 17.49261], [78.51261, 17.49234], [78.51268, 17.49211], [78.51269, 17.49205], [78.51275, 17.49183], [78.51278, 17.49151], [78.51278, 17.49143], [78.51279, 17.49107], [78.51277, 17.49107], [78.51189, 17.49117], [78.50996, 17.49138], [78.50997, 17.49139], [78.50985, 17.49141], [78.50958, 17.49145], [78.50919, 17.4915], [78.50852, 17.49159], [78.50714, 17.49175], [78.50717, 17.49214], [78.50726, 17.49249], [78.50734, 17.49282], [78.50736, 17.49289], [78.50745, 17.49329], [78.50645, 17.49351], [78.50607, 17.49359], [78.506, 17.49359], [78.506, 17.49359], [78.5055, 17.49372], [78.50562, 17.49384], [78.50577, 17.49412], [78.50598, 17.49453], [78.50619, 17.4949], [78.50636, 17.49524], [78.50565, 17.49557], [78.50556, 17.49561], [78.5056, 17.49586], [78.50489, 17.49616], [78.5046, 17.49628], [78.50472, 17.49691], [78.50483, 17.49735], [78.50484, 17.49735], [78.50507, 17.49726], [78.5056, 17.49706], [78.50583, 17.49703], [78.50615, 17.49688], [78.50627, 17.49715], [78.50641, 17.49747], [78.50663, 17.49742], [78.50671, 17.49761], [78.50677, 17.4981], [78.50622, 17.49814], [78.50574, 17.4982], [78.50578, 17.4992], [78.50583, 17.49967], [78.50591, 17.50024], [78.50571, 17.50028], [78.50571, 17.5003], [78.50448, 17.50031], [78.50438, 17.50006], [78.50347, 17.50027], [78.50336, 17.50035], [78.50329, 17.5003], [78.50206, 17.50074], [78.50216, 17.50102], [78.50188, 17.5012], [78.50203, 17.50159], [78.50173, 17.50171], [78.50147, 17.5012], [78.50093, 17.49986], [78.50085, 17.49967], [78.50084, 17.49967], [78.50065, 17.49914], [78.50054, 17.49886], [78.49998, 17.49905], [78.49948, 17.49923], [78.49948, 17.49923], [78.49948, 17.49923], [78.49942, 17.49925], [78.49845, 17.49951], [78.4982, 17.49957], [78.4982, 17.49957], [78.4982, 17.49957], [78.49775, 17.49969], [78.49759, 17.49975], [78.4975, 17.49972], [78.49693, 17.5009], [78.4969, 17.5009], [78.4969, 17.50091], [78.49671, 17.50088], [78.49655, 17.50084], [78.49622, 17.50066], [78.49617, 17.50063], [78.49617, 17.50056], [78.49623, 17.50027], [78.49628, 17.50001], [78.49629, 17.5], [78.49628, 17.5], [78.49633, 17.49982], [78.49637, 17.49966], [78.49643, 17.49948], [78.49645, 17.49937], [78.49646, 17.49922], [78.49645, 17.49902], [78.49645, 17.49887], [78.49643, 17.49866], [78.49645, 17.49835], [78.49647, 17.49775], [78.4962, 17.49729], [78.49624, 17.49723], [78.49741, 17.49553], [78.49773, 17.49506], [78.49753, 17.49451], [78.49717, 17.49363], [78.49714, 17.49356], [78.49694, 17.4931], [78.49646, 17.4919], [78.49633, 17.49132], [78.49608, 17.49127], [78.49582, 17.49067], [78.49564, 17.49026], [78.49521, 17.49054], [78.49501, 17.49066], [78.49446, 17.49099], [78.49391, 17.49121], [78.49335, 17.49153], [78.49303, 17.49169], [78.49308, 17.49188], [78.49324, 17.4922], [78.49329, 17.49306], [78.4929, 17.49307], [78.49265, 17.49314], [78.49254, 17.49313], [78.49252, 17.49318], [78.49227, 17.49323], [78.4924, 17.49345], [78.49254, 17.4936], [78.49254, 17.4936], [78.49273, 17.49393], [78.49286, 17.49416], [78.49291, 17.49426], [78.49306, 17.49523], [78.49323, 17.49617], [78.49326, 17.49663], [78.49322, 17.49737], [78.49322, 17.49809], [78.49293, 17.49932], [78.49274, 17.50016], [78.49257, 17.50089], [78.49241, 17.50166], [78.49197, 17.50374], [78.49176, 17.50476], [78.49156, 17.50478], [78.49113, 17.50474], [78.49058, 17.50468], [78.49007, 17.50456], [78.48935, 17.50432], [78.48831, 17.50384], [78.48763, 17.5035], [78.48753, 17.50345], [78.48665, 17.50297], [78.48469, 17.50207], [78.48274, 17.5011], [78.48192, 17.50072], [78.48203, 17.50156], [78.4821, 17.50158], [78.48344, 17.50214], [78.48402, 17.50237], [78.48499, 17.5029], [78.4851, 17.50298], [78.48626, 17.50386], [78.48715, 17.50455], [78.48813, 17.50503], [78.48958, 17.50558], [78.49142, 17.50607], [78.49259, 17.5064], [78.49314, 17.50652], [78.49432, 17.50653], [78.49722, 17.50645], [78.49735, 17.50645], [78.4975, 17.50647], [78.49783, 17.50654], [78.49879, 17.50679], [78.49998, 17.5072], [78.50067, 17.50747], [78.50139, 17.50788], [78.50188, 17.50824], [78.502, 17.50832], [78.5025, 17.50849], [78.50323, 17.50865], [78.50372, 17.50868], [78.50449, 17.50879], [78.50504, 17.50889], [78.50581, 17.50906], [78.50596, 17.50911], [78.50595, 17.50939], [78.50594, 17.50945], [78.5062, 17.50946], [78.5073, 17.50948], [78.50737, 17.50974], [78.50757, 17.51042], [78.50875, 17.51019], [78.50875, 17.51019], [78.50907, 17.51013], [78.50914, 17.50973]]]}}, {"type": "Feature", "properties": {"name": "132-JEEDIMETLA", "hospital_count": 12, "circle": "25-QUTUBULLAPUR", "zone": "KUKATPALLY ZONE", "ward_no": 132}, "geometry": {"type": "Polygon", "coordinates": [[[78.46997, 17.49585], [78.4697, 17.49641], [78.46959, 17.49663], [78.46916, 17.49703], [78.46852, 17.49736], [78.46788, 17.49763], [78.46658, 17.49804], [78.46638, 17.49737], [78.46591, 17.49764], [78.46557, 17.4978], [78.46539, 17.4979], [78.46528, 17.49798], [78.4651, 17.49808], [78.4649, 17.49815], [78.46478, 17.49816], [78.46464, 17.4982], [78.46438, 17.49828], [78.46424, 17.49833], [78.46402, 17.49837], [78.46387, 17.4984], [78.4645, 17.50047], [78.46475, 17.5004], [78.46502, 17.50118], [78.46478, 17.50128], [78.46454, 17.50145], [78.46437, 17.50154], [78.46401, 17.50168], [78.46379, 17.50174], [78.4634, 17.50191], [78.46328, 17.50198], [78.46311, 17.50206], [78.46299, 17.50217], [78.46295, 17.50222], [78.46273, 17.50205], [78.46255, 17.50195], [78.46229, 17.50182], [78.46219, 17.50176], [78.46215, 17.50168], [78.46211, 17.50146], [78.46204, 17.50124], [78.46195, 17.50109], [78.46184, 17.50098], [78.46176, 17.50096], [78.46166, 17.50096], [78.46152, 17.50099], [78.4614, 17.50096], [78.4613, 17.50089], [78.46125, 17.50083], [78.4612, 17.50073], [78.45921, 17.50171], [78.45925, 17.50176], [78.45806, 17.50233], [78.45711, 17.50273], [78.45636, 17.50303], [78.45571, 17.5031], [78.45551, 17.50309], [78.45503, 17.50402], [78.45494, 17.50437], [78.45501, 17.50485], [78.45514, 17.50529], [78.45547, 17.50573], [78.45656, 17.50626], [78.45662, 17.50714], [78.45625, 17.50716], [78.45597, 17.50718], [78.45552, 17.50739], [78.45444, 17.50771], [78.45462, 17.50873], [78.45473, 17.50931], [78.45506, 17.51106], [78.45504, 17.51124], [78.45489, 17.51153], [78.45523, 17.5117], [78.45551, 17.51201], [78.45556, 17.51189], [78.45564, 17.5118], [78.4588, 17.50911], [78.45961, 17.50766], [78.46007, 17.50774], [78.46173, 17.50775], [78.46455, 17.50767], [78.4648, 17.50761], [78.46672, 17.50632], [78.46729, 17.5057], [78.46746, 17.50544], [78.46764, 17.5049], [78.46767, 17.50492], [78.46776, 17.50494], [78.46783, 17.50499], [78.46786, 17.50504], [78.46791, 17.50511], [78.46796, 17.50516], [78.46804, 17.50522], [78.46816, 17.50528], [78.4682, 17.5054], [78.46824, 17.50549], [78.46823, 17.50556], [78.4682, 17.5056], [78.46815, 17.50566], [78.4681, 17.5057], [78.46798, 17.50578], [78.46787, 17.50587], [78.46767, 17.50611], [78.46746, 17.5064], [78.46732, 17.50666], [78.46729, 17.50673], [78.46717, 17.50696], [78.46699, 17.50717], [78.46682, 17.50738], [78.46673, 17.50753], [78.46672, 17.50759], [78.46685, 17.50777], [78.46697, 17.50836], [78.46688, 17.50854], [78.46679, 17.50867], [78.46667, 17.50883], [78.46657, 17.50894], [78.46645, 17.50923], [78.46622, 17.50956], [78.46577, 17.51039], [78.46565, 17.51063], [78.46555, 17.51073], [78.4655, 17.51092], [78.46554, 17.51128], [78.46549, 17.51131], [78.46523, 17.51143], [78.46507, 17.51151], [78.46491, 17.51163], [78.46491, 17.51182], [78.46496, 17.51226], [78.46509, 17.51254], [78.46511, 17.51254], [78.4652, 17.5128], [78.46524, 17.51304], [78.46532, 17.51322], [78.4654, 17.51336], [78.4655, 17.51357], [78.46557, 17.51397], [78.46552, 17.51414], [78.46541, 17.51421], [78.46536, 17.51436], [78.46538, 17.51469], [78.46518, 17.51529], [78.46532, 17.51553], [78.46533, 17.51561], [78.46519, 17.51579], [78.46501, 17.51578], [78.46491, 17.51586], [78.46498, 17.51602], [78.46496, 17.51622], [78.46505, 17.5166], [78.46538, 17.51769], [78.46549, 17.51821], [78.46559, 17.51844], [78.46574, 17.5186], [78.46584, 17.51902], [78.46659, 17.5224], [78.46492, 17.52302], [78.46489, 17.52618], [78.46514, 17.5268], [78.46483, 17.52703], [78.46448, 17.52808], [78.46481, 17.52924], [78.46481, 17.52924], [78.46495, 17.52971], [78.46584, 17.52959], [78.47035, 17.52805], [78.47069, 17.5283], [78.47081, 17.52861], [78.47385, 17.52865], [78.47413, 17.52835], [78.47484, 17.52814], [78.47488, 17.52813], [78.47533, 17.528], [78.47556, 17.52757], [78.47562, 17.52756], [78.47549, 17.5267], [78.47676, 17.52633], [78.47911, 17.52562], [78.48053, 17.52521], [78.48151, 17.52481], [78.48188, 17.52542], [78.48197, 17.52545], [78.48222, 17.52553], [78.48236, 17.52557], [78.48257, 17.52547], [78.48385, 17.5249], [78.48458, 17.52609], [78.48494, 17.52665], [78.48521, 17.52706], [78.48597, 17.52823], [78.48605, 17.52835], [78.48692, 17.52969], [78.48747, 17.53058], [78.48815, 17.53173], [78.48846, 17.53235], [78.4886, 17.53266], [78.4894, 17.53265], [78.4906, 17.53248], [78.4913, 17.53241], [78.49148, 17.53234], [78.49162, 17.53228], [78.49211, 17.53053], [78.49239, 17.52976], [78.49269, 17.52879], [78.49283, 17.52809], [78.4931, 17.52774], [78.49352, 17.52777], [78.49426, 17.52792], [78.49492, 17.52799], [78.49627, 17.52789], [78.4964, 17.52783], [78.49664, 17.52788], [78.49694, 17.52783], [78.49727, 17.52781], [78.49765, 17.52784], [78.49793, 17.52794], [78.49799, 17.52801], [78.49807, 17.528], [78.49815, 17.52806], [78.49878, 17.52798], [78.49883, 17.52798], [78.49926, 17.52784], [78.49991, 17.52782], [78.50044, 17.52793], [78.50073, 17.52772], [78.50104, 17.52751], [78.5011, 17.52747], [78.50186, 17.52695], [78.50198, 17.52687], [78.50214, 17.52677], [78.50194, 17.52584], [78.50187, 17.52546], [78.50184, 17.52527], [78.50173, 17.52466], [78.50164, 17.52434], [78.50141, 17.52367], [78.50133, 17.52327], [78.5013, 17.52285], [78.5007, 17.52301], [78.50067, 17.52302], [78.50051, 17.52307], [78.50012, 17.52316], [78.49975, 17.52325], [78.49925, 17.52334], [78.4986, 17.52342], [78.49796, 17.52355], [78.4976, 17.52364], [78.49747, 17.52309], [78.49745, 17.5231], [78.49687, 17.52315], [78.49662, 17.52317], [78.49635, 17.52312], [78.49613, 17.52328], [78.49591, 17.52342], [78.49564, 17.5236], [78.49523, 17.52372], [78.4949, 17.52365], [78.49463, 17.5234], [78.49412, 17.52254], [78.49398, 17.52231], [78.49398, 17.52229], [78.49398, 17.52229], [78.49381, 17.52197], [78.49374, 17.52194], [78.49345, 17.52201], [78.49299, 17.52207], [78.4922, 17.52214], [78.49147, 17.52219], [78.49102, 17.52211], [78.49063, 17.5221], [78.4902, 17.52202], [78.48964, 17.52185], [78.48881, 17.52154], [78.48767, 17.52112], [78.48699, 17.52092], [78.48666, 17.52083], [78.48624, 17.52085], [78.4857, 17.5209], [78.48555, 17.52035], [78.48542, 17.51979], [78.48543, 17.51978], [78.48542, 17.51979], [78.48534, 17.51933], [78.48528, 17.51929], [78.48505, 17.51882], [78.48507, 17.5186], [78.48507, 17.51853], [78.485, 17.51833], [78.4848, 17.5178], [78.48465, 17.51738], [78.48474, 17.51734], [78.48463, 17.51702], [78.48477, 17.51702], [78.48482, 17.51699], [78.48483, 17.51695], [78.48478, 17.51674], [78.48476, 17.51666], [78.48482, 17.51619], [78.48485, 17.51592], [78.48488, 17.51587], [78.48492, 17.51583], [78.48481, 17.51541], [78.48474, 17.51499], [78.4851, 17.51491], [78.4851, 17.51491], [78.48497, 17.51436], [78.48478, 17.51344], [78.48508, 17.51182], [78.48511, 17.51157], [78.48522, 17.51087], [78.48522, 17.5104], [78.48517, 17.51021], [78.48501, 17.50972], [78.48447, 17.50834], [78.48426, 17.50757], [78.48392, 17.50647], [78.48364, 17.5058], [78.48328, 17.50464], [78.48266, 17.50284], [78.48205, 17.50172], [78.48203, 17.50156], [78.48192, 17.50072], [78.48172, 17.50053], [78.48062, 17.49832], [78.47886, 17.49455], [78.47854, 17.49456], [78.47708, 17.4951], [78.47515, 17.49582], [78.47414, 17.49594], [78.47262, 17.49615], [78.47248, 17.49605], [78.47237, 17.49584], [78.47211, 17.49576], [78.47195, 17.4958], [78.47147, 17.49579], [78.47031, 17.49585], [78.46997, 17.49585]]]}}, {"type": "Feature", "properties": {"name": "120-BALA NAGAR", "hospital_count": 3, "circle": "24-KUKATPALLY", "zone": "KUKATPALLY ZONE", "ward_no": 120}, "geometry": {"type": "Polygon", "coordinates": [[[78.4494, 17.48315], [78.44952, 17.48324], [78.44982, 17.48345], [78.44984, 17.48347], [78.45004, 17.48346], [78.45193, 17.48334], [78.45342, 17.48272], [78.455, 17.48266], [78.45511, 17.48239], [78.45564, 17.48323], [78.4561, 17.48373], [78.45662, 17.48364], [78.45716, 17.48344], [78.45747, 17.48345], [78.45794, 17.48372], [78.45854, 17.48419], [78.45915, 17.48472], [78.45981, 17.48526], [78.46013, 17.48563], [78.46013, 17.48632], [78.46085, 17.48635], [78.46085, 17.48669], [78.46106, 17.48671], [78.46106, 17.48676], [78.46225, 17.48675], [78.46346, 17.48716], [78.46417, 17.48687], [78.46484, 17.48599], [78.46503, 17.48504], [78.46487, 17.48405], [78.46464, 17.48159], [78.4635, 17.48166], [78.4634, 17.47929], [78.46362, 17.47713], [78.46356, 17.47473], [78.46356, 17.47211], [78.46348, 17.47077], [78.4633, 17.46822], [78.46329, 17.46635], [78.46333, 17.46575], [78.46339, 17.46474], [78.46332, 17.46306], [78.46327, 17.46236], [78.46326, 17.46227], [78.46171, 17.4628], [78.46158, 17.46284], [78.46108, 17.46301], [78.46094, 17.46306], [78.46086, 17.46309], [78.46061, 17.46317], [78.45959, 17.46356], [78.4589, 17.46376], [78.45858, 17.46383], [78.45833, 17.46385], [78.45813, 17.46385], [78.45713, 17.46375], [78.45616, 17.46363], [78.45531, 17.46356], [78.45448, 17.46347], [78.45398, 17.46346], [78.45375, 17.4635], [78.45345, 17.46356], [78.45304, 17.46364], [78.45275, 17.46369], [78.45253, 17.46377], [78.45204, 17.46401], [78.45116, 17.46444], [78.44983, 17.46506], [78.44889, 17.4655], [78.44791, 17.46597], [78.44653, 17.46662], [78.44648, 17.46665], [78.44514, 17.46729], [78.44511, 17.4673], [78.4442, 17.46772], [78.44347, 17.46803], [78.44298, 17.4682], [78.44206, 17.46851], [78.441, 17.4689], [78.43967, 17.46935], [78.43836, 17.46978], [78.43788, 17.46994], [78.4376, 17.47004], [78.43652, 17.47041], [78.43547, 17.47076], [78.435, 17.47091], [78.43332, 17.47142], [78.43201, 17.47184], [78.43086, 17.47219], [78.42922, 17.47276], [78.42838, 17.47307], [78.42814, 17.4732], [78.42811, 17.47331], [78.42806, 17.47356], [78.42803, 17.47374], [78.42796, 17.47388], [78.42794, 17.47392], [78.42789, 17.47403], [78.42785, 17.47418], [78.42785, 17.47439], [78.42786, 17.4747], [78.42787, 17.47507], [78.42788, 17.47512], [78.42788, 17.47514], [78.4279, 17.47526], [78.42796, 17.47547], [78.42798, 17.47565], [78.42798, 17.47604], [78.42798, 17.47646], [78.42798, 17.47684], [78.42798, 17.47711], [78.42799, 17.47718], [78.42802, 17.47752], [78.42805, 17.47781], [78.42808, 17.47792], [78.4281, 17.47798], [78.42814, 17.47817], [78.42818, 17.4783], [78.42829, 17.47848], [78.42842, 17.47867], [78.42846, 17.47876], [78.42847, 17.4788], [78.42848, 17.47887], [78.42856, 17.479], [78.42866, 17.47916], [78.42873, 17.47932], [78.42877, 17.47943], [78.42882, 17.47966], [78.42882, 17.47986], [78.42885, 17.4801], [78.42885, 17.48035], [78.42883, 17.48043], [78.42877, 17.48063], [78.42874, 17.48079], [78.42871, 17.48087], [78.42867, 17.48092], [78.42855, 17.48095], [78.42828, 17.48099], [78.42808, 17.48107], [78.42799, 17.48109], [78.42786, 17.48111], [78.42778, 17.48109], [78.42771, 17.4811], [78.42761, 17.48115], [78.42755, 17.48124], [78.42753, 17.48134], [78.42755, 17.48147], [78.42755, 17.48156], [78.42755, 17.48164], [78.42747, 17.48179], [78.42743, 17.48193], [78.42741, 17.48201], [78.42742, 17.4821], [78.42752, 17.48222], [78.42763, 17.48236], [78.42764, 17.48237], [78.42772, 17.48248], [78.42775, 17.48253], [78.42774, 17.4826], [78.42776, 17.48266], [78.42774, 17.48272], [78.42771, 17.48279], [78.42766, 17.48291], [78.4276, 17.48308], [78.42751, 17.48324], [78.4275, 17.48327], [78.42746, 17.48343], [78.42744, 17.48356], [78.42746, 17.48365], [78.42753, 17.48374], [78.42757, 17.48382], [78.42758, 17.4839], [78.42757, 17.48399], [78.42754, 17.48409], [78.42744, 17.48425], [78.42729, 17.48437], [78.42728, 17.48439], [78.42719, 17.48445], [78.42712, 17.48448], [78.42705, 17.48448], [78.42701, 17.48449], [78.42696, 17.48451], [78.42694, 17.48455], [78.42689, 17.48466], [78.42686, 17.48473], [78.42679, 17.48484], [78.42673, 17.48491], [78.42665, 17.485], [78.42651, 17.48517], [78.42647, 17.48523], [78.42643, 17.48527], [78.42632, 17.48533], [78.42623, 17.4854], [78.42619, 17.48544], [78.42617, 17.48551], [78.42617, 17.48559], [78.42616, 17.48571], [78.4262, 17.48586], [78.42624, 17.48597], [78.42628, 17.48603], [78.42634, 17.4861], [78.42645, 17.48617], [78.42654, 17.48625], [78.42655, 17.48625], [78.42664, 17.48634], [78.42672, 17.48645], [78.42676, 17.48653], [78.42677, 17.48662], [78.42677, 17.48669], [78.42676, 17.48674], [78.42673, 17.48682], [78.42662, 17.48694], [78.42658, 17.48704], [78.42655, 17.48714], [78.42648, 17.48727], [78.42642, 17.48735], [78.42634, 17.48746], [78.42625, 17.48749], [78.42618, 17.48748], [78.42609, 17.48746], [78.42601, 17.48749], [78.42592, 17.48756], [78.42582, 17.48763], [78.42578, 17.48766], [78.42566, 17.48772], [78.42553, 17.48779], [78.42541, 17.48785], [78.42534, 17.48791], [78.42531, 17.48794], [78.4252, 17.48802], [78.4251, 17.48815], [78.425, 17.48829], [78.42496, 17.48841], [78.42496, 17.48855], [78.42498, 17.48873], [78.425, 17.48888], [78.42499, 17.48899], [78.42502, 17.48911], [78.42505, 17.48914], [78.42506, 17.48915], [78.42516, 17.48924], [78.42541, 17.48934], [78.42549, 17.48938], [78.42567, 17.48945], [78.42587, 17.48951], [78.426, 17.48958], [78.42608, 17.48964], [78.42608, 17.48969], [78.4261, 17.48981], [78.42607, 17.49007], [78.42607, 17.4903], [78.42605, 17.49051], [78.42605, 17.49062], [78.42607, 17.49071], [78.42607, 17.49076], [78.42607, 17.49087], [78.42605, 17.49096], [78.42606, 17.49112], [78.42607, 17.49124], [78.42618, 17.49125], [78.42885, 17.49133], [78.42905, 17.49134], [78.42828, 17.49007], [78.42824, 17.48999], [78.42863, 17.48984], [78.42947, 17.48928], [78.43017, 17.48881], [78.43028, 17.48874], [78.43047, 17.48861], [78.4315, 17.48793], [78.43329, 17.48654], [78.43334, 17.48655], [78.4345, 17.48555], [78.43577, 17.48447], [78.43622, 17.48409], [78.43621, 17.48407], [78.43773, 17.48331], [78.43976, 17.48269], [78.44051, 17.48246], [78.44124, 17.48224], [78.44246, 17.48186], [78.44432, 17.48135], [78.44456, 17.48205], [78.44474, 17.48276], [78.44476, 17.48286], [78.44529, 17.48327], [78.4453, 17.48328], [78.44537, 17.48333], [78.44546, 17.4834], [78.44561, 17.48339], [78.44667, 17.48343], [78.44768, 17.48348], [78.44812, 17.4835], [78.4481, 17.48341], [78.44799, 17.4829], [78.44797, 17.48279], [78.44904, 17.48263], [78.44927, 17.4826], [78.4494, 17.48315]]]}}, {"type": "Feature", "properties": {"name": "130-SUBHASH NAGAR", "hospital_count": 15, "circle": "25-QUTUBULLAPUR", "zone": "KUKATPALLY ZONE", "ward_no": 130}, "geometry": {"type": "Polygon", "coordinates": [[[78.44353, 17.54688], [78.44438, 17.53477], [78.44479, 17.53499], [78.44923, 17.53368], [78.4525, 17.53323], [78.45285, 17.53318], [78.45517, 17.53286], [78.45619, 17.53266], [78.4558, 17.53137], [78.45699, 17.53208], [78.45888, 17.53317], [78.45899, 17.53323], [78.4591, 17.53306], [78.45994, 17.53172], [78.45828, 17.5307], [78.45815, 17.53056], [78.45901, 17.53047], [78.45986, 17.53021], [78.46074, 17.52983], [78.46098, 17.52973], [78.46115, 17.52957], [78.46154, 17.52953], [78.46169, 17.52961], [78.46204, 17.52959], [78.46219, 17.52968], [78.46276, 17.52971], [78.46285, 17.52974], [78.46289, 17.52973], [78.46353, 17.52964], [78.46481, 17.52924], [78.46448, 17.52808], [78.46483, 17.52703], [78.46514, 17.5268], [78.46489, 17.52618], [78.46492, 17.52302], [78.46659, 17.5224], [78.46584, 17.51902], [78.46574, 17.5186], [78.46559, 17.51844], [78.46549, 17.51821], [78.46538, 17.51769], [78.46505, 17.5166], [78.46496, 17.51622], [78.46498, 17.51602], [78.46491, 17.51586], [78.46501, 17.51578], [78.46519, 17.51579], [78.46533, 17.51561], [78.46532, 17.51553], [78.46518, 17.51529], [78.46538, 17.51469], [78.46536, 17.51436], [78.46541, 17.51421], [78.46552, 17.51414], [78.46557, 17.51397], [78.4655, 17.51357], [78.4654, 17.51336], [78.46532, 17.51322], [78.46524, 17.51304], [78.4652, 17.5128], [78.46511, 17.51254], [78.46509, 17.51254], [78.46496, 17.51226], [78.46491, 17.51182], [78.46491, 17.51163], [78.46507, 17.51151], [78.46523, 17.51143], [78.46549, 17.51131], [78.46554, 17.51128], [78.4655, 17.51092], [78.46555, 17.51073], [78.46565, 17.51063], [78.46577, 17.51039], [78.46622, 17.50956], [78.46645, 17.50923], [78.46657, 17.50894], [78.46667, 17.50883], [78.46679, 17.50867], [78.46688, 17.50854], [78.46697, 17.50836], [78.46685, 17.50777], [78.46672, 17.50759], [78.46673, 17.50753], [78.46682, 17.50738], [78.46699, 17.50717], [78.46717, 17.50696], [78.46729, 17.50673], [78.46732, 17.50666], [78.46746, 17.5064], [78.46767, 17.50611], [78.46787, 17.50587], [78.46798, 17.50578], [78.4681, 17.5057], [78.46815, 17.50566], [78.4682, 17.5056], [78.46823, 17.50556], [78.46824, 17.50549], [78.4682, 17.5054], [78.46816, 17.50528], [78.46804, 17.50522], [78.46796, 17.50516], [78.46791, 17.50511], [78.46786, 17.50504], [78.46783, 17.50499], [78.46776, 17.50494], [78.46767, 17.50492], [78.46764, 17.5049], [78.46746, 17.50544], [78.46729, 17.5057], [78.46672, 17.50632], [78.4648, 17.50761], [78.46455, 17.50767], [78.46173, 17.50775], [78.46007, 17.50774], [78.45961, 17.50766], [78.4588, 17.50911], [78.45564, 17.5118], [78.45556, 17.51189], [78.45551, 17.51201], [78.45523, 17.5117], [78.45489, 17.51153], [78.45504, 17.51124], [78.45506, 17.51106], [78.45473, 17.50931], [78.45301, 17.51051], [78.44995, 17.51179], [78.44948, 17.51174], [78.44923, 17.51171], [78.449, 17.51169], [78.44883, 17.51167], [78.44777, 17.51141], [78.44749, 17.51286], [78.44736, 17.51369], [78.44716, 17.5148], [78.44707, 17.51535], [78.44693, 17.51614], [78.44676, 17.51721], [78.44666, 17.5178], [78.44661, 17.51798], [78.44658, 17.51811], [78.44652, 17.51821], [78.44651, 17.51824], [78.44642, 17.5184], [78.44637, 17.51848], [78.44584, 17.5193], [78.44524, 17.52025], [78.44476, 17.52103], [78.44427, 17.52173], [78.44361, 17.5226], [78.44357, 17.52265], [78.44306, 17.52332], [78.44253, 17.52412], [78.44193, 17.52503], [78.44162, 17.52548], [78.44145, 17.52568], [78.44105, 17.52599], [78.44039, 17.52646], [78.43955, 17.52709], [78.43918, 17.52751], [78.43869, 17.5281], [78.43831, 17.52855], [78.43764, 17.52935], [78.43728, 17.52979], [78.43709, 17.53015], [78.43688, 17.53057], [78.43686, 17.53062], [78.43657, 17.53116], [78.43641, 17.53143], [78.4364, 17.53145], [78.43615, 17.53195], [78.43587, 17.53275], [78.4355, 17.53384], [78.43526, 17.53454], [78.43497, 17.53541], [78.43479, 17.53597], [78.43457, 17.53667], [78.43455, 17.53672], [78.43431, 17.53749], [78.43425, 17.53779], [78.43409, 17.5388], [78.43397, 17.53943], [78.43395, 17.53958], [78.43392, 17.53977], [78.43387, 17.54023], [78.43386, 17.54047], [78.43384, 17.54112], [78.43384, 17.54112], [78.43392, 17.54109], [78.43421, 17.54096], [78.43473, 17.54067], [78.43484, 17.54061], [78.43528, 17.54039], [78.43529, 17.54041], [78.43544, 17.54081], [78.43556, 17.54114], [78.43566, 17.54143], [78.43553, 17.54145], [78.43587, 17.5425], [78.43619, 17.54329], [78.43638, 17.54405], [78.4366, 17.54458], [78.43673, 17.54502], [78.4364, 17.54512], [78.43639, 17.54515], [78.43653, 17.54561], [78.43671, 17.54623], [78.4368, 17.54823], [78.43638, 17.54961], [78.43552, 17.55013], [78.43434, 17.55103], [78.43401, 17.55129], [78.43394, 17.55134], [78.43393, 17.5517], [78.43392, 17.55214], [78.43377, 17.55217], [78.4337, 17.55219], [78.4337, 17.55224], [78.43368, 17.5528], [78.4337, 17.55404], [78.43413, 17.55399], [78.44242, 17.553], [78.44353, 17.54688]]]}}, {"type": "Feature", "properties": {"name": "131-QUTHBULLAPUR", "hospital_count": 11, "circle": "25-QUTUBULLAPUR", "zone": "KUKATPALLY ZONE", "ward_no": 131}, "geometry": {"type": "Polygon", "coordinates": [[[78.45503, 17.50402], [78.45551, 17.50309], [78.45571, 17.5031], [78.45636, 17.50303], [78.45711, 17.50273], [78.45806, 17.50233], [78.45925, 17.50176], [78.45921, 17.50171], [78.4612, 17.50073], [78.46125, 17.50083], [78.4613, 17.50089], [78.4614, 17.50096], [78.46152, 17.50099], [78.46166, 17.50096], [78.46176, 17.50096], [78.46184, 17.50098], [78.46195, 17.50109], [78.46204, 17.50124], [78.46211, 17.50146], [78.46215, 17.50168], [78.46219, 17.50176], [78.46229, 17.50182], [78.46255, 17.50195], [78.46273, 17.50205], [78.46295, 17.50222], [78.46299, 17.50217], [78.46311, 17.50206], [78.46328, 17.50198], [78.4634, 17.50191], [78.46379, 17.50174], [78.46401, 17.50168], [78.46437, 17.50154], [78.46454, 17.50145], [78.46478, 17.50128], [78.46502, 17.50118], [78.46475, 17.5004], [78.4645, 17.50047], [78.46387, 17.4984], [78.46402, 17.49837], [78.46424, 17.49833], [78.46438, 17.49828], [78.46464, 17.4982], [78.46478, 17.49816], [78.4649, 17.49815], [78.4651, 17.49808], [78.46528, 17.49798], [78.46539, 17.4979], [78.46557, 17.4978], [78.46591, 17.49764], [78.46638, 17.49737], [78.46658, 17.49804], [78.46788, 17.49763], [78.46852, 17.49736], [78.46916, 17.49703], [78.46959, 17.49663], [78.4697, 17.49641], [78.46997, 17.49585], [78.46866, 17.49442], [78.4677, 17.49328], [78.46598, 17.49089], [78.46469, 17.48912], [78.46394, 17.48864], [78.46158, 17.48768], [78.46159, 17.48714], [78.46145, 17.48713], [78.46146, 17.48716], [78.46112, 17.48716], [78.46113, 17.48721], [78.46103, 17.4872], [78.46105, 17.48715], [78.46106, 17.48676], [78.46106, 17.48671], [78.46085, 17.48669], [78.46085, 17.48635], [78.46013, 17.48632], [78.46013, 17.48563], [78.45981, 17.48526], [78.45915, 17.48472], [78.45854, 17.48419], [78.45794, 17.48372], [78.45747, 17.48345], [78.45716, 17.48344], [78.45662, 17.48364], [78.4561, 17.48373], [78.45564, 17.48323], [78.45511, 17.48239], [78.455, 17.48266], [78.45342, 17.48272], [78.45193, 17.48334], [78.45004, 17.48346], [78.44984, 17.48347], [78.44982, 17.48345], [78.44952, 17.48324], [78.4494, 17.48315], [78.44945, 17.48345], [78.44949, 17.48368], [78.44964, 17.48447], [78.44971, 17.48485], [78.44976, 17.48512], [78.44979, 17.48526], [78.45004, 17.4868], [78.45029, 17.4879], [78.45031, 17.48797], [78.45066, 17.48918], [78.45089, 17.48996], [78.45104, 17.49054], [78.45162, 17.49284], [78.45206, 17.49453], [78.45213, 17.49481], [78.45213, 17.49484], [78.45222, 17.49537], [78.45225, 17.49564], [78.45225, 17.49598], [78.45222, 17.49616], [78.45195, 17.49823], [78.45184, 17.49884], [78.4516, 17.49956], [78.45129, 17.50037], [78.45103, 17.50112], [78.45088, 17.50156], [78.4507, 17.50207], [78.45021, 17.50346], [78.45004, 17.50393], [78.44988, 17.50437], [78.44941, 17.50567], [78.44868, 17.50771], [78.44864, 17.50782], [78.44854, 17.50815], [78.44818, 17.50916], [78.44804, 17.50954], [78.44797, 17.50976], [78.44794, 17.51003], [78.44789, 17.51067], [78.44788, 17.51075], [78.44778, 17.51136], [78.44777, 17.51141], [78.44883, 17.51167], [78.449, 17.51169], [78.44923, 17.51171], [78.44948, 17.51174], [78.44995, 17.51179], [78.45301, 17.51051], [78.45473, 17.50931], [78.45462, 17.50873], [78.45444, 17.50771], [78.45552, 17.50739], [78.45597, 17.50718], [78.45625, 17.50716], [78.45662, 17.50714], [78.45656, 17.50626], [78.45547, 17.50573], [78.45514, 17.50529], [78.45501, 17.50485], [78.45494, 17.50437], [78.45503, 17.50402]]]}}, {"type": "Feature", "properties": {"name": "121-KUKATPALLY", "hospital_count": 4, "circle": "24-KUKATPALLY", "zone": "KUKATPALLY ZONE", "ward_no": 121}, "geometry": {"type": "Polygon", "coordinates": [[[78.42697, 17.49906], [78.42696, 17.49905], [78.42697, 17.49904], [78.42696, 17.49889], [78.42764, 17.49866], [78.42777, 17.49887], [78.42798, 17.49878], [78.4281, 17.499], [78.42827, 17.49906], [78.42837, 17.499], [78.42844, 17.49919], [78.42874, 17.49911], [78.42895, 17.49904], [78.42898, 17.49903], [78.42899, 17.49902], [78.42927, 17.49891], [78.43033, 17.4984], [78.4327, 17.4973], [78.43271, 17.49729], [78.43274, 17.49728], [78.43223, 17.49606], [78.4322, 17.49597], [78.4314, 17.4943], [78.43057, 17.49462], [78.43041, 17.49425], [78.43025, 17.49387], [78.43021, 17.49382], [78.42929, 17.49422], [78.42841, 17.49459], [78.4283, 17.49444], [78.42827, 17.4944], [78.42819, 17.49428], [78.42797, 17.49422], [78.42753, 17.49406], [78.42675, 17.49342], [78.42678, 17.49318], [78.42663, 17.49285], [78.42668, 17.49279], [78.42607, 17.49124], [78.42606, 17.49112], [78.42605, 17.49096], [78.42607, 17.49087], [78.42607, 17.49076], [78.42607, 17.49071], [78.42605, 17.49062], [78.42605, 17.49051], [78.42607, 17.4903], [78.42607, 17.49007], [78.4261, 17.48981], [78.42608, 17.48969], [78.42608, 17.48964], [78.426, 17.48958], [78.42587, 17.48951], [78.42567, 17.48945], [78.42549, 17.48938], [78.42541, 17.48934], [78.42516, 17.48924], [78.42506, 17.48915], [78.42505, 17.48914], [78.42502, 17.48911], [78.42499, 17.48899], [78.425, 17.48888], [78.42498, 17.48873], [78.42496, 17.48855], [78.42496, 17.48841], [78.425, 17.48829], [78.4251, 17.48815], [78.4252, 17.48802], [78.42531, 17.48794], [78.42534, 17.48791], [78.42541, 17.48785], [78.42553, 17.48779], [78.42566, 17.48772], [78.42578, 17.48766], [78.42582, 17.48763], [78.42592, 17.48756], [78.42601, 17.48749], [78.42609, 17.48746], [78.42618, 17.48748], [78.42625, 17.48749], [78.42634, 17.48746], [78.42642, 17.48735], [78.42648, 17.48727], [78.42655, 17.48714], [78.42658, 17.48704], [78.42662, 17.48694], [78.42673, 17.48682], [78.42676, 17.48674], [78.42677, 17.48669], [78.42677, 17.48662], [78.42676, 17.48653], [78.42672, 17.48645], [78.42664, 17.48634], [78.42655, 17.48625], [78.42654, 17.48625], [78.42645, 17.48617], [78.42634, 17.4861], [78.42628, 17.48603], [78.42624, 17.48597], [78.4262, 17.48586], [78.42616, 17.48571], [78.42617, 17.48559], [78.42617, 17.48551], [78.42619, 17.48544], [78.42623, 17.4854], [78.42632, 17.48533], [78.42643, 17.48527], [78.42647, 17.48523], [78.42651, 17.48517], [78.42665, 17.485], [78.42673, 17.48491], [78.42679, 17.48484], [78.42686, 17.48473], [78.42689, 17.48466], [78.42694, 17.48455], [78.42696, 17.48451], [78.42701, 17.48449], [78.42705, 17.48448], [78.42712, 17.48448], [78.42719, 17.48445], [78.42728, 17.48439], [78.42729, 17.48437], [78.42744, 17.48425], [78.42754, 17.48409], [78.42757, 17.48399], [78.42758, 17.4839], [78.42757, 17.48382], [78.42753, 17.48374], [78.42746, 17.48365], [78.42744, 17.48356], [78.42746, 17.48343], [78.4275, 17.48327], [78.42751, 17.48324], [78.4276, 17.48308], [78.42766, 17.48291], [78.42771, 17.48279], [78.42774, 17.48272], [78.42776, 17.48266], [78.42774, 17.4826], [78.42775, 17.48253], [78.42772, 17.48248], [78.42764, 17.48237], [78.42763, 17.48236], [78.42752, 17.48222], [78.42742, 17.4821], [78.42741, 17.48201], [78.42743, 17.48193], [78.42747, 17.48179], [78.42755, 17.48164], [78.42755, 17.48156], [78.42755, 17.48147], [78.42753, 17.48134], [78.42755, 17.48124], [78.42761, 17.48115], [78.42771, 17.4811], [78.42778, 17.48109], [78.42786, 17.48111], [78.42799, 17.48109], [78.42808, 17.48107], [78.42828, 17.48099], [78.42855, 17.48095], [78.42867, 17.48092], [78.42871, 17.48087], [78.42874, 17.48079], [78.42877, 17.48063], [78.42883, 17.48043], [78.42885, 17.48035], [78.42885, 17.4801], [78.42882, 17.47986], [78.42882, 17.47966], [78.42877, 17.47943], [78.42873, 17.47932], [78.42866, 17.47916], [78.42856, 17.479], [78.42848, 17.47887], [78.42847, 17.4788], [78.42846, 17.47876], [78.42842, 17.47867], [78.42829, 17.47848], [78.42818, 17.4783], [78.42814, 17.47817], [78.4281, 17.47798], [78.42808, 17.47792], [78.42805, 17.47781], [78.42802, 17.47752], [78.42799, 17.47718], [78.42798, 17.47711], [78.42798, 17.47684], [78.42798, 17.47646], [78.42798, 17.47604], [78.42798, 17.47565], [78.42796, 17.47547], [78.4279, 17.47526], [78.42788, 17.47514], [78.42788, 17.47512], [78.42787, 17.47507], [78.42786, 17.4747], [78.42785, 17.47439], [78.42785, 17.47418], [78.42789, 17.47403], [78.42794, 17.47392], [78.42796, 17.47388], [78.42803, 17.47374], [78.42806, 17.47356], [78.42811, 17.47331], [78.42814, 17.4732], [78.42786, 17.47335], [78.4274, 17.47359], [78.4272, 17.47369], [78.42614, 17.47427], [78.42439, 17.47524], [78.42334, 17.47592], [78.42286, 17.47624], [78.42266, 17.47637], [78.42208, 17.47676], [78.42151, 17.47711], [78.42081, 17.47757], [78.42066, 17.47768], [78.41975, 17.47832], [78.41916, 17.47875], [78.41868, 17.47908], [78.41821, 17.47948], [78.41803, 17.47965], [78.41786, 17.47981], [78.41734, 17.48031], [78.41719, 17.48046], [78.41669, 17.48099], [78.41661, 17.48108], [78.41633, 17.48138], [78.41623, 17.48146], [78.41595, 17.48169], [78.41589, 17.48173], [78.41521, 17.48216], [78.41447, 17.4826], [78.41397, 17.48288], [78.4137, 17.48303], [78.4133, 17.48327], [78.41307, 17.48343], [78.41288, 17.48357], [78.41278, 17.48367], [78.41254, 17.4839], [78.41256, 17.48392], [78.4129, 17.48496], [78.41313, 17.48556], [78.41325, 17.486], [78.41324, 17.48609], [78.41325, 17.4862], [78.41327, 17.48709], [78.4133, 17.48712], [78.41332, 17.48715], [78.41333, 17.48716], [78.41339, 17.48725], [78.4135, 17.48735], [78.41363, 17.48747], [78.41373, 17.48764], [78.41382, 17.48784], [78.41387, 17.48803], [78.41411, 17.48895], [78.41415, 17.48926], [78.41417, 17.48951], [78.41417, 17.48971], [78.41416, 17.48979], [78.41413, 17.4899], [78.41409, 17.49002], [78.41401, 17.49011], [78.41391, 17.49025], [78.41386, 17.49037], [78.41381, 17.49065], [78.41372, 17.49097], [78.41371, 17.49111], [78.41374, 17.49128], [78.41378, 17.4915], [78.4138, 17.49156], [78.41384, 17.49168], [78.41389, 17.49184], [78.41419, 17.49262], [78.41432, 17.49293], [78.41454, 17.49343], [78.41476, 17.49393], [78.4149, 17.49428], [78.41497, 17.49448], [78.415, 17.4946], [78.41502, 17.49476], [78.41503, 17.49479], [78.41506, 17.49488], [78.4151, 17.49494], [78.41519, 17.495], [78.41522, 17.49502], [78.41592, 17.49533], [78.41637, 17.49556], [78.41669, 17.49572], [78.41689, 17.49581], [78.417, 17.4959], [78.41712, 17.49601], [78.4173, 17.49616], [78.41738, 17.49622], [78.41748, 17.49627], [78.41765, 17.49629], [78.41779, 17.49628], [78.4179, 17.49628], [78.41805, 17.49629], [78.4184, 17.49633], [78.4187, 17.49634], [78.41893, 17.49631], [78.41932, 17.49624], [78.42024, 17.49602], [78.42023, 17.49656], [78.42023, 17.49657], [78.4202, 17.49731], [78.42023, 17.4974], [78.42029, 17.4975], [78.42038, 17.49758], [78.42038, 17.49758], [78.42054, 17.49767], [78.42075, 17.49776], [78.4209, 17.49775], [78.421, 17.49774], [78.42144, 17.49769], [78.42148, 17.49768], [78.42167, 17.49766], [78.42176, 17.49765], [78.42206, 17.49796], [78.42249, 17.49831], [78.42273, 17.49851], [78.42316, 17.49882], [78.4234, 17.49898], [78.42355, 17.49908], [78.42377, 17.49919], [78.42405, 17.49925], [78.42409, 17.49925], [78.42419, 17.49927], [78.42427, 17.49929], [78.42428, 17.4993], [78.42432, 17.49934], [78.42438, 17.49933], [78.4249, 17.49921], [78.42582, 17.49887], [78.42579, 17.49876], [78.42633, 17.49859], [78.42648, 17.49913], [78.42649, 17.49912], [78.42684, 17.49901], [78.42687, 17.49906], [78.42688, 17.49908], [78.42697, 17.49906]]]}}, {"type": "Feature", "properties": {"name": "125-GAJULARAMARAM", "hospital_count": 6, "circle": "26-GAJULARAMARAM", "zone": "KUKATPALLY ZONE", "ward_no": 125}, "geometry": {"type": "Polygon", "coordinates": [[[78.40781, 17.54625], [78.40781, 17.54571], [78.4086, 17.54573], [78.40868, 17.54567], [78.40872, 17.54553], [78.40919, 17.54367], [78.40925, 17.54342], [78.40933, 17.54297], [78.40936, 17.54288], [78.4094, 17.54274], [78.40987, 17.54194], [78.41041, 17.54113], [78.41043, 17.5411], [78.41029, 17.54085], [78.41015, 17.54061], [78.41062, 17.54038], [78.41073, 17.54031], [78.4108, 17.54023], [78.41084, 17.54013], [78.41088, 17.53973], [78.41088, 17.53971], [78.41089, 17.53964], [78.41096, 17.53955], [78.41098, 17.53948], [78.41102, 17.53938], [78.41111, 17.53923], [78.4115, 17.53862], [78.41168, 17.53833], [78.41196, 17.53801], [78.41232, 17.53752], [78.4124, 17.53746], [78.41253, 17.53749], [78.41267, 17.53751], [78.41271, 17.5374], [78.41253, 17.53709], [78.41248, 17.53703], [78.41251, 17.53694], [78.41273, 17.53679], [78.41278, 17.53673], [78.41274, 17.53666], [78.41274, 17.53654], [78.41276, 17.53633], [78.41284, 17.53601], [78.41291, 17.53581], [78.41303, 17.53556], [78.41316, 17.53536], [78.41328, 17.53522], [78.41339, 17.53514], [78.41351, 17.53504], [78.41375, 17.53482], [78.41403, 17.53461], [78.41451, 17.53435], [78.41493, 17.53412], [78.41573, 17.53367], [78.41659, 17.53319], [78.41769, 17.53303], [78.41901, 17.53294], [78.42082, 17.53269], [78.42113, 17.53393], [78.42123, 17.53436], [78.42197, 17.53398], [78.42273, 17.53359], [78.42345, 17.53342], [78.4238, 17.53341], [78.42386, 17.53351], [78.42395, 17.53383], [78.42398, 17.53428], [78.42392, 17.53469], [78.4239, 17.53495], [78.42422, 17.53524], [78.4246, 17.53585], [78.42473, 17.53573], [78.42486, 17.5355], [78.4251, 17.53517], [78.4254, 17.53497], [78.42563, 17.53486], [78.42599, 17.5347], [78.42619, 17.53459], [78.42648, 17.53458], [78.42664, 17.5347], [78.42651, 17.53372], [78.42653, 17.53352], [78.42668, 17.53321], [78.42678, 17.53307], [78.4271, 17.53287], [78.42763, 17.53262], [78.4286, 17.53223], [78.42848, 17.53207], [78.42843, 17.53186], [78.42841, 17.53174], [78.42838, 17.53152], [78.42837, 17.53133], [78.42837, 17.53108], [78.42834, 17.53092], [78.42864, 17.53082], [78.42843, 17.52973], [78.42902, 17.52957], [78.42897, 17.52924], [78.42905, 17.52921], [78.4291, 17.52917], [78.42915, 17.52908], [78.42918, 17.52897], [78.42917, 17.52884], [78.42914, 17.52875], [78.4295, 17.5287], [78.42998, 17.52864], [78.43046, 17.52855], [78.43076, 17.52857], [78.43128, 17.5286], [78.43137, 17.52862], [78.4317, 17.52841], [78.43183, 17.52832], [78.43192, 17.52831], [78.43202, 17.52829], [78.4321, 17.52825], [78.4321, 17.52825], [78.43222, 17.52807], [78.43225, 17.52799], [78.43224, 17.5279], [78.4322, 17.52782], [78.4322, 17.52745], [78.43223, 17.5243], [78.43223, 17.5242], [78.43365, 17.52409], [78.43453, 17.52409], [78.43456, 17.52409], [78.43444, 17.52365], [78.43438, 17.5234], [78.43435, 17.52325], [78.43429, 17.52309], [78.43425, 17.52301], [78.43424, 17.523], [78.4348, 17.52269], [78.43532, 17.52246], [78.43533, 17.52246], [78.43534, 17.52241], [78.43534, 17.52237], [78.43517, 17.52212], [78.43515, 17.52209], [78.43583, 17.52174], [78.43597, 17.52165], [78.43605, 17.5216], [78.43609, 17.52157], [78.43634, 17.52152], [78.43637, 17.52151], [78.43617, 17.52106], [78.43601, 17.52075], [78.43591, 17.52052], [78.43584, 17.52043], [78.43533, 17.52], [78.43464, 17.51947], [78.43452, 17.51939], [78.43478, 17.51929], [78.43502, 17.51919], [78.43511, 17.51913], [78.43514, 17.5191], [78.4352, 17.51905], [78.43536, 17.51885], [78.43603, 17.51802], [78.43636, 17.51763], [78.43648, 17.5175], [78.43668, 17.51738], [78.43736, 17.51695], [78.43751, 17.51686], [78.43751, 17.51685], [78.4375, 17.51685], [78.43686, 17.51606], [78.43653, 17.51577], [78.43601, 17.51543], [78.43339, 17.51376], [78.43308, 17.51357], [78.43199, 17.51289], [78.43187, 17.51282], [78.43119, 17.51434], [78.43116, 17.51441], [78.43094, 17.51448], [78.4303, 17.51404], [78.42986, 17.51248], [78.42869, 17.5133], [78.42736, 17.5127], [78.42732, 17.51276], [78.4271, 17.51312], [78.42699, 17.51321], [78.42649, 17.51344], [78.42606, 17.51363], [78.42607, 17.51364], [78.42614, 17.5138], [78.4261, 17.51381], [78.42453, 17.51446], [78.42316, 17.51385], [78.42185, 17.51331], [78.42137, 17.51312], [78.42133, 17.51306], [78.42122, 17.51312], [78.42096, 17.51326], [78.42081, 17.51317], [78.42072, 17.51306], [78.4207, 17.51301], [78.4207, 17.51293], [78.4207, 17.51276], [78.42067, 17.51272], [78.42056, 17.51271], [78.42041, 17.51269], [78.42019, 17.51263], [78.42007, 17.51262], [78.41997, 17.51258], [78.41976, 17.5125], [78.4196, 17.51251], [78.41829, 17.51321], [78.41788, 17.51332], [78.4177, 17.51333], [78.41478, 17.51341], [78.41399, 17.51339], [78.40945, 17.51397], [78.40945, 17.51397], [78.40926, 17.51414], [78.40756, 17.51458], [78.40715, 17.51488], [78.40688, 17.51489], [78.40647, 17.51498], [78.40623, 17.51525], [78.40559, 17.51551], [78.40556, 17.51552], [78.40344, 17.5162], [78.40062, 17.51701], [78.4005, 17.51734], [78.39974, 17.5172], [78.39932, 17.51711], [78.39943, 17.51688], [78.39835, 17.51688], [78.39834, 17.51725], [78.39833, 17.51823], [78.39828, 17.51824], [78.3979, 17.51825], [78.39757, 17.51826], [78.39756, 17.51862], [78.39756, 17.51866], [78.39755, 17.5197], [78.39751, 17.5197], [78.39632, 17.51971], [78.3963, 17.51977], [78.3963, 17.52094], [78.39633, 17.5217], [78.39635, 17.52226], [78.39634, 17.52241], [78.39631, 17.52249], [78.39624, 17.52265], [78.39586, 17.52333], [78.39542, 17.52415], [78.39529, 17.52437], [78.39506, 17.52474], [78.39486, 17.52512], [78.39481, 17.52532], [78.39481, 17.52534], [78.39481, 17.5255], [78.39481, 17.5256], [78.3948, 17.52608], [78.39478, 17.52655], [78.39476, 17.52699], [78.3947, 17.52771], [78.39464, 17.52816], [78.39434, 17.52973], [78.39422, 17.53059], [78.39414, 17.53121], [78.39402, 17.53214], [78.39396, 17.53317], [78.39393, 17.53366], [78.3939, 17.53426], [78.39389, 17.53458], [78.39388, 17.53508], [78.39386, 17.5366], [78.39385, 17.53842], [78.39384, 17.53966], [78.39384, 17.54068], [78.39395, 17.54191], [78.39404, 17.54249], [78.3952, 17.54234], [78.39531, 17.54275], [78.39644, 17.54258], [78.39705, 17.54265], [78.40084, 17.54401], [78.40102, 17.54405], [78.4014, 17.5447], [78.40203, 17.54562], [78.40773, 17.54626], [78.40781, 17.54625]]]}}, {"type": "Feature", "properties": {"name": "124-ALLYWN COLONY", "hospital_count": 10, "circle": "24-KUKATPALLY", "zone": "KUKATPALLY ZONE", "ward_no": 124}, "geometry": {"type": "Polygon", "coordinates": [[[78.41362, 17.50872], [78.41484, 17.50843], [78.41526, 17.50846], [78.4165, 17.50828], [78.41646, 17.50761], [78.41719, 17.50753], [78.41699, 17.50662], [78.41721, 17.50661], [78.41716, 17.50571], [78.41691, 17.50422], [78.41749, 17.50402], [78.41783, 17.50398], [78.41853, 17.504], [78.4188, 17.50392], [78.41915, 17.50361], [78.41944, 17.50372], [78.41966, 17.50348], [78.41971, 17.50336], [78.4197, 17.50324], [78.41974, 17.50307], [78.41981, 17.50295], [78.41996, 17.50253], [78.41943, 17.5022], [78.41738, 17.50105], [78.41603, 17.50033], [78.41548, 17.50007], [78.41482, 17.49979], [78.41353, 17.49923], [78.41337, 17.49916], [78.41262, 17.49881], [78.41154, 17.4985], [78.41104, 17.49838], [78.40959, 17.49802], [78.40903, 17.49782], [78.40784, 17.4973], [78.40688, 17.49687], [78.40675, 17.49679], [78.40652, 17.49663], [78.40616, 17.49635], [78.40594, 17.49613], [78.40578, 17.49598], [78.40554, 17.49569], [78.40541, 17.49547], [78.40371, 17.4963], [78.40319, 17.49658], [78.40299, 17.4967], [78.40297, 17.4967], [78.40236, 17.4967], [78.40235, 17.49764], [78.40209, 17.49764], [78.40154, 17.49793], [78.40166, 17.49813], [78.40196, 17.49864], [78.40199, 17.49873], [78.40197, 17.49926], [78.40192, 17.49926], [78.4015, 17.49926], [78.40149, 17.4993], [78.40148, 17.49954], [78.40146, 17.49974], [78.40147, 17.50005], [78.40148, 17.50014], [78.40151, 17.50027], [78.40153, 17.50039], [78.40155, 17.50044], [78.40157, 17.50061], [78.40157, 17.50077], [78.40157, 17.50087], [78.40157, 17.50092], [78.40155, 17.50111], [78.40151, 17.50131], [78.40143, 17.50147], [78.40115, 17.50206], [78.40114, 17.50218], [78.40112, 17.50231], [78.4011, 17.50241], [78.40107, 17.50255], [78.40107, 17.50316], [78.40129, 17.50318], [78.4014, 17.50318], [78.4014, 17.50328], [78.4014, 17.50335], [78.4014, 17.50337], [78.40141, 17.50348], [78.40139, 17.50356], [78.40139, 17.50357], [78.40133, 17.50363], [78.40127, 17.50371], [78.40121, 17.50384], [78.40116, 17.50396], [78.40114, 17.50409], [78.4011, 17.50418], [78.40103, 17.50429], [78.40092, 17.5044], [78.40088, 17.50453], [78.40081, 17.50468], [78.40078, 17.50481], [78.40078, 17.50489], [78.40081, 17.50496], [78.40082, 17.50497], [78.40083, 17.50502], [78.40081, 17.50508], [78.40081, 17.50509], [78.40074, 17.50514], [78.40066, 17.50521], [78.40058, 17.50529], [78.40051, 17.50538], [78.40047, 17.50548], [78.40045, 17.50558], [78.40044, 17.50561], [78.40041, 17.50572], [78.40036, 17.50579], [78.40025, 17.50591], [78.40016, 17.506], [78.40016, 17.50601], [78.40015, 17.50601], [78.40009, 17.50613], [78.40006, 17.50628], [78.39997, 17.50664], [78.39995, 17.50686], [78.39985, 17.50707], [78.39982, 17.50714], [78.39963, 17.50753], [78.39983, 17.50748], [78.40044, 17.5073], [78.40046, 17.50732], [78.40093, 17.50797], [78.4011, 17.50831], [78.40123, 17.50874], [78.40152, 17.50971], [78.40171, 17.51029], [78.40197, 17.51078], [78.40293, 17.51218], [78.40331, 17.51359], [78.40437, 17.51375], [78.40561, 17.51394], [78.40666, 17.51431], [78.40945, 17.51397], [78.40945, 17.51397], [78.41399, 17.51339], [78.41408, 17.51301], [78.41392, 17.51256], [78.41381, 17.51228], [78.41243, 17.51072], [78.41228, 17.51023], [78.41238, 17.50951], [78.41253, 17.5092], [78.41338, 17.50879], [78.41362, 17.50872]]]}}, {"type": "Feature", "properties": {"name": "114-K.P.H.B.COLONY", "hospital_count": 30, "circle": "23-MOOSAPET", "zone": "KUKATPALLY ZONE", "ward_no": 114}, "geometry": {"type": "Polygon", "coordinates": [[[78.39378, 17.49673], [78.39427, 17.49656], [78.39471, 17.49645], [78.3948, 17.49643], [78.39553, 17.49625], [78.39582, 17.49617], [78.3966, 17.49597], [78.39725, 17.49578], [78.39707, 17.4955], [78.3968, 17.4947], [78.39673, 17.49456], [78.39656, 17.49422], [78.39615, 17.49343], [78.39583, 17.49279], [78.39494, 17.49324], [78.39464, 17.49273], [78.39535, 17.49237], [78.3935, 17.48843], [78.39527, 17.48749], [78.39298, 17.48308], [78.39407, 17.48263], [78.39425, 17.48255], [78.39506, 17.4803], [78.39572, 17.47794], [78.39514, 17.47667], [78.39451, 17.47506], [78.39398, 17.47388], [78.39248, 17.47128], [78.39153, 17.46953], [78.38927, 17.47057], [78.38851, 17.47096], [78.38764, 17.47138], [78.38692, 17.47169], [78.38665, 17.4714], [78.38509, 17.47037], [78.38501, 17.47034], [78.38449, 17.47155], [78.38447, 17.4716], [78.38367, 17.47294], [78.38102, 17.47516], [78.38088, 17.47525], [78.37943, 17.476], [78.37839, 17.4768], [78.3781, 17.47702], [78.37858, 17.478], [78.37901, 17.47935], [78.37933, 17.48017], [78.3795, 17.48052], [78.37959, 17.48085], [78.38003, 17.48205], [78.38065, 17.48374], [78.38108, 17.48491], [78.38156, 17.4862], [78.38229, 17.48811], [78.38305, 17.49024], [78.38305, 17.49024], [78.38246, 17.49086], [78.38235, 17.49099], [78.38189, 17.49151], [78.38121, 17.49184], [78.38118, 17.49185], [78.38093, 17.49198], [78.38011, 17.49239], [78.38005, 17.49241], [78.37928, 17.49123], [78.37895, 17.49071], [78.37881, 17.49047], [78.37835, 17.48971], [78.37821, 17.48947], [78.37798, 17.48909], [78.37765, 17.48855], [78.37711, 17.48764], [78.37694, 17.48758], [78.37689, 17.48756], [78.37688, 17.48708], [78.37688, 17.48698], [78.3769, 17.48625], [78.37693, 17.48528], [78.37694, 17.48482], [78.37694, 17.48437], [78.37679, 17.48361], [78.37669, 17.48324], [78.37657, 17.48282], [78.37647, 17.48245], [78.37632, 17.48179], [78.37594, 17.4804], [78.37575, 17.47979], [78.37569, 17.4796], [78.37561, 17.47935], [78.37557, 17.47922], [78.37553, 17.47909], [78.37552, 17.47909], [78.37477, 17.47977], [78.37441, 17.48009], [78.37422, 17.48025], [78.3736, 17.48077], [78.37295, 17.4812], [78.37246, 17.48146], [78.37192, 17.48168], [78.37134, 17.48185], [78.37069, 17.48198], [78.36961, 17.48206], [78.36859, 17.48214], [78.36598, 17.48233], [78.36597, 17.48249], [78.36605, 17.4836], [78.36611, 17.48441], [78.36724, 17.48439], [78.3683, 17.48678], [78.36972, 17.48991], [78.37108, 17.49264], [78.37137, 17.49318], [78.3716, 17.49359], [78.37183, 17.494], [78.3722, 17.49483], [78.37249, 17.49545], [78.37283, 17.49647], [78.373, 17.49647], [78.3732, 17.49647], [78.37333, 17.49647], [78.37371, 17.49647], [78.37405, 17.49647], [78.37414, 17.49647], [78.37439, 17.49653], [78.37498, 17.49672], [78.37516, 17.49678], [78.37562, 17.49693], [78.3761, 17.49702], [78.37679, 17.49713], [78.3772, 17.49724], [78.37787, 17.49752], [78.37857, 17.49786], [78.37932, 17.49824], [78.37992, 17.49854], [78.38042, 17.49877], [78.38087, 17.49896], [78.38151, 17.49919], [78.38191, 17.49932], [78.38224, 17.49938], [78.38258, 17.49942], [78.38309, 17.49939], [78.38393, 17.49928], [78.38508, 17.49912], [78.38677, 17.49889], [78.38768, 17.49878], [78.38839, 17.49869], [78.38943, 17.49855], [78.39006, 17.49846], [78.39065, 17.49838], [78.39083, 17.49836], [78.39101, 17.4983], [78.39109, 17.49828], [78.39136, 17.4982], [78.39146, 17.49817], [78.39173, 17.49804], [78.39209, 17.49782], [78.39278, 17.49735], [78.39301, 17.49719], [78.39335, 17.49697], [78.39378, 17.49673]]]}}, {"type": "Feature", "properties": {"name": "116-ALLAPUR", "hospital_count": 4, "circle": "23-MOOSAPET", "zone": "KUKATPALLY ZONE", "ward_no": 116}, "geometry": {"type": "Polygon", "coordinates": [[[78.38913, 17.46397], [78.39029, 17.46378], [78.39185, 17.46381], [78.3919, 17.4638], [78.39408, 17.46413], [78.39519, 17.46408], [78.39659, 17.46363], [78.39845, 17.46254], [78.40033, 17.46132], [78.40103, 17.46135], [78.4037, 17.46049], [78.4038, 17.46082], [78.40445, 17.46159], [78.40485, 17.46355], [78.41003, 17.46359], [78.41416, 17.46291], [78.41533, 17.46232], [78.41582, 17.46144], [78.41608, 17.4596], [78.41711, 17.45966], [78.41737, 17.45967], [78.41738, 17.45947], [78.41609, 17.45913], [78.41532, 17.45896], [78.41503, 17.45783], [78.41474, 17.45677], [78.41433, 17.45511], [78.41498, 17.45482], [78.41574, 17.45643], [78.41604, 17.45649], [78.4175, 17.45585], [78.41891, 17.45492], [78.41902, 17.45505], [78.41924, 17.45497], [78.41936, 17.45394], [78.41862, 17.45395], [78.41852, 17.45396], [78.41836, 17.45396], [78.41743, 17.454], [78.4167, 17.45406], [78.41606, 17.45417], [78.41547, 17.45434], [78.41465, 17.45467], [78.41404, 17.45495], [78.41369, 17.45512], [78.41365, 17.45514], [78.41364, 17.45514], [78.41342, 17.4552], [78.41301, 17.45527], [78.41286, 17.45531], [78.41259, 17.45537], [78.41227, 17.45538], [78.41216, 17.45539], [78.41182, 17.45543], [78.41131, 17.45552], [78.4107, 17.45569], [78.41068, 17.45572], [78.41062, 17.45574], [78.41048, 17.45577], [78.41042, 17.45565], [78.41036, 17.45543], [78.41019, 17.45505], [78.41008, 17.45478], [78.40983, 17.45414], [78.4095, 17.45425], [78.40933, 17.45376], [78.40858, 17.4531], [78.40719, 17.45205], [78.40641, 17.45142], [78.40535, 17.45059], [78.40505, 17.4506], [78.40504, 17.45059], [78.40504, 17.45059], [78.40453, 17.45061], [78.40426, 17.45065], [78.40267, 17.45131], [78.40257, 17.45135], [78.40225, 17.45149], [78.40222, 17.45152], [78.40191, 17.45166], [78.40178, 17.45172], [78.40112, 17.45249], [78.39946, 17.45382], [78.39827, 17.45397], [78.39806, 17.454], [78.39774, 17.45404], [78.39757, 17.45407], [78.39757, 17.45407], [78.39773, 17.45468], [78.3976, 17.45475], [78.39739, 17.45485], [78.39733, 17.45485], [78.39694, 17.45485], [78.3962, 17.45486], [78.39573, 17.45487], [78.39545, 17.45494], [78.39503, 17.45517], [78.39459, 17.45535], [78.39405, 17.4555], [78.39386, 17.45559], [78.39374, 17.45568], [78.39325, 17.45608], [78.39308, 17.45616], [78.39304, 17.45619], [78.39283, 17.45637], [78.39252, 17.45662], [78.39248, 17.45668], [78.3924, 17.45683], [78.39153, 17.45778], [78.39122, 17.45811], [78.39105, 17.4583], [78.39006, 17.45939], [78.38753, 17.46214], [78.38755, 17.46261], [78.38573, 17.4652], [78.38482, 17.4668], [78.38442, 17.46732], [78.38394, 17.46824], [78.38343, 17.46883], [78.38307, 17.46925], [78.3829, 17.46952], [78.38253, 17.46993], [78.38137, 17.47079], [78.38019, 17.47167], [78.37802, 17.47258], [78.37756, 17.47277], [78.37709, 17.47337], [78.37767, 17.47477], [78.37786, 17.47522], [78.37794, 17.47539], [78.37821, 17.47604], [78.37843, 17.47657], [78.37833, 17.47664], [78.37824, 17.4767], [78.37817, 17.47676], [78.37803, 17.47686], [78.3781, 17.47702], [78.37839, 17.4768], [78.37863, 17.47661], [78.37943, 17.476], [78.38088, 17.47525], [78.38102, 17.47516], [78.38367, 17.47294], [78.38447, 17.4716], [78.38449, 17.47155], [78.38501, 17.47034], [78.3863, 17.46731], [78.38745, 17.46515], [78.38821, 17.46451], [78.38913, 17.46397]]]}}, {"type": "Feature", "properties": {"name": "115-BALAJI NAGAR", "hospital_count": 62, "circle": "23-MOOSAPET", "zone": "KUKATPALLY ZONE", "ward_no": 115}, "geometry": {"type": "Polygon", "coordinates": [[[78.40366, 17.49291], [78.40399, 17.49276], [78.40498, 17.4923], [78.40575, 17.49191], [78.40631, 17.49166], [78.4066, 17.49151], [78.40689, 17.49133], [78.40717, 17.49109], [78.40765, 17.49052], [78.40803, 17.49002], [78.4086, 17.48933], [78.40913, 17.48866], [78.40964, 17.48802], [78.41012, 17.48729], [78.41045, 17.4868], [78.41058, 17.48659], [78.41092, 17.48609], [78.41092, 17.48609], [78.41143, 17.48542], [78.41204, 17.48458], [78.4122, 17.48436], [78.41235, 17.48415], [78.41252, 17.48392], [78.41252, 17.48392], [78.41278, 17.48367], [78.41288, 17.48357], [78.41307, 17.48343], [78.4133, 17.48327], [78.4137, 17.48303], [78.41397, 17.48288], [78.41447, 17.4826], [78.41521, 17.48216], [78.41589, 17.48173], [78.41595, 17.48169], [78.41623, 17.48146], [78.41633, 17.48138], [78.41661, 17.48108], [78.41669, 17.48099], [78.41719, 17.48046], [78.41734, 17.48031], [78.41786, 17.47981], [78.41803, 17.47965], [78.41821, 17.47948], [78.41868, 17.47908], [78.41916, 17.47875], [78.41975, 17.47832], [78.42081, 17.47757], [78.42151, 17.47711], [78.42208, 17.47676], [78.42266, 17.47637], [78.42286, 17.47624], [78.42334, 17.47592], [78.42338, 17.47584], [78.42347, 17.47565], [78.42351, 17.47558], [78.42357, 17.47549], [78.42379, 17.47517], [78.42393, 17.47497], [78.42417, 17.47463], [78.42459, 17.47402], [78.42484, 17.47364], [78.42484, 17.47363], [78.42496, 17.47346], [78.42499, 17.47341], [78.42507, 17.47329], [78.42534, 17.47289], [78.42574, 17.47233], [78.42578, 17.47226], [78.42715, 17.47029], [78.42748, 17.46967], [78.42761, 17.46968], [78.42755, 17.46961], [78.42754, 17.46961], [78.42641, 17.4696], [78.42514, 17.46956], [78.42473, 17.46978], [78.42433, 17.46997], [78.42397, 17.46995], [78.42366, 17.46985], [78.42348, 17.46961], [78.42331, 17.46935], [78.42313, 17.46929], [78.42143, 17.46938], [78.41914, 17.46942], [78.41911, 17.46896], [78.41843, 17.46895], [78.41833, 17.46888], [78.41822, 17.46877], [78.41808, 17.4686], [78.41798, 17.46848], [78.41804, 17.46842], [78.41811, 17.46834], [78.41813, 17.46823], [78.41808, 17.46783], [78.41723, 17.46631], [78.41654, 17.46593], [78.41659, 17.46571], [78.41657, 17.4655], [78.41667, 17.46519], [78.41676, 17.46496], [78.41678, 17.46472], [78.41685, 17.46454], [78.41692, 17.46438], [78.41704, 17.46408], [78.41716, 17.4637], [78.41717, 17.46325], [78.41719, 17.46307], [78.41721, 17.46282], [78.4172, 17.46251], [78.4173, 17.4622], [78.41733, 17.46172], [78.41734, 17.46106], [78.41732, 17.46088], [78.41723, 17.46075], [78.41724, 17.46044], [78.41723, 17.46003], [78.41711, 17.45972], [78.41711, 17.45966], [78.41608, 17.4596], [78.41582, 17.46144], [78.41533, 17.46232], [78.41416, 17.46291], [78.41003, 17.46359], [78.40485, 17.46355], [78.40445, 17.46159], [78.4038, 17.46082], [78.4037, 17.46049], [78.40103, 17.46135], [78.40033, 17.46132], [78.39845, 17.46254], [78.39659, 17.46363], [78.39519, 17.46408], [78.39408, 17.46413], [78.3919, 17.4638], [78.39185, 17.46381], [78.39029, 17.46378], [78.38913, 17.46397], [78.38821, 17.46451], [78.38745, 17.46515], [78.3863, 17.46731], [78.38501, 17.47034], [78.38509, 17.47037], [78.38665, 17.4714], [78.38692, 17.47169], [78.38764, 17.47138], [78.38851, 17.47096], [78.38927, 17.47057], [78.39153, 17.46953], [78.39248, 17.47128], [78.39398, 17.47388], [78.39451, 17.47506], [78.39514, 17.47667], [78.39572, 17.47794], [78.39506, 17.4803], [78.39425, 17.48255], [78.39407, 17.48263], [78.39298, 17.48308], [78.39527, 17.48749], [78.3935, 17.48843], [78.39535, 17.49237], [78.39464, 17.49273], [78.39494, 17.49324], [78.39583, 17.49279], [78.39615, 17.49343], [78.39656, 17.49422], [78.39673, 17.49456], [78.3968, 17.4947], [78.39707, 17.4955], [78.39725, 17.49578], [78.39741, 17.49574], [78.39765, 17.49566], [78.39848, 17.49528], [78.39935, 17.49488], [78.40036, 17.49441], [78.40136, 17.49396], [78.40251, 17.49346], [78.40366, 17.49291]]]}}, {"type": "Feature", "properties": {"name": "117-MOOSAPET", "hospital_count": 19, "circle": "23-MOOSAPET", "zone": "KUKATPALLY ZONE", "ward_no": 117}, "geometry": {"type": "Polygon", "coordinates": [[[78.42473, 17.46978], [78.42514, 17.46956], [78.42641, 17.4696], [78.42754, 17.46961], [78.42755, 17.46961], [78.42753, 17.46959], [78.42751, 17.46956], [78.42722, 17.46925], [78.4271, 17.46906], [78.42684, 17.4686], [78.42666, 17.46835], [78.42641, 17.46803], [78.42621, 17.46773], [78.42606, 17.46749], [78.4258, 17.46699], [78.42566, 17.46673], [78.42562, 17.46667], [78.42539, 17.46641], [78.42556, 17.46619], [78.42583, 17.46601], [78.42665, 17.46566], [78.42693, 17.46552], [78.42725, 17.46539], [78.42678, 17.46435], [78.42734, 17.4641], [78.42806, 17.46381], [78.42869, 17.4635], [78.42912, 17.46334], [78.42993, 17.4626], [78.43108, 17.46238], [78.43128, 17.46196], [78.42976, 17.46209], [78.42917, 17.46215], [78.42854, 17.46209], [78.4281, 17.46202], [78.42826, 17.46084], [78.42834, 17.46025], [78.42839, 17.45985], [78.42811, 17.45979], [78.42806, 17.45969], [78.4279, 17.45937], [78.42755, 17.45933], [78.4272, 17.45807], [78.42709, 17.45763], [78.42695, 17.45709], [78.42687, 17.45695], [78.42642, 17.45709], [78.42623, 17.45621], [78.42605, 17.45541], [78.42537, 17.45571], [78.42503, 17.45586], [78.42495, 17.4557], [78.42477, 17.4553], [78.42461, 17.45466], [78.4246, 17.45462], [78.42459, 17.45459], [78.42458, 17.45455], [78.42457, 17.45451], [78.42504, 17.45449], [78.42489, 17.45377], [78.42486, 17.45351], [78.42485, 17.45343], [78.42481, 17.45317], [78.42482, 17.45311], [78.42483, 17.45304], [78.42534, 17.453], [78.42602, 17.45295], [78.4265, 17.45289], [78.42659, 17.45288], [78.42654, 17.45208], [78.42654, 17.45206], [78.42651, 17.45154], [78.42642, 17.45073], [78.42641, 17.45059], [78.42638, 17.45028], [78.42625, 17.4503], [78.42597, 17.45043], [78.42558, 17.45051], [78.42532, 17.45049], [78.42501, 17.45051], [78.42467, 17.45058], [78.4243, 17.45063], [78.42432, 17.45101], [78.42433, 17.45111], [78.42433, 17.45112], [78.42434, 17.45131], [78.42435, 17.45175], [78.42357, 17.45189], [78.42317, 17.45193], [78.42316, 17.45213], [78.42319, 17.45221], [78.42321, 17.45253], [78.42324, 17.45282], [78.42337, 17.45432], [78.42291, 17.45425], [78.42201, 17.45407], [78.42144, 17.454], [78.42042, 17.45393], [78.41949, 17.45394], [78.41941, 17.45394], [78.41936, 17.45394], [78.41936, 17.45394], [78.41924, 17.45497], [78.41902, 17.45505], [78.41891, 17.45492], [78.4175, 17.45585], [78.41604, 17.45649], [78.41574, 17.45643], [78.41498, 17.45482], [78.41433, 17.45511], [78.41474, 17.45677], [78.41503, 17.45783], [78.41532, 17.45896], [78.41609, 17.45913], [78.41738, 17.45947], [78.41737, 17.45967], [78.41711, 17.45966], [78.41711, 17.45972], [78.41723, 17.46003], [78.41724, 17.46044], [78.41723, 17.46075], [78.41732, 17.46088], [78.41734, 17.46106], [78.41733, 17.46172], [78.4173, 17.4622], [78.4172, 17.46251], [78.41721, 17.46282], [78.41719, 17.46307], [78.41717, 17.46325], [78.41716, 17.4637], [78.41704, 17.46408], [78.41692, 17.46438], [78.41685, 17.46454], [78.41678, 17.46472], [78.41676, 17.46496], [78.41667, 17.46519], [78.41657, 17.4655], [78.41659, 17.46571], [78.41654, 17.46593], [78.41723, 17.46631], [78.41808, 17.46783], [78.41813, 17.46823], [78.41811, 17.46834], [78.41804, 17.46842], [78.41798, 17.46848], [78.41808, 17.4686], [78.41822, 17.46877], [78.41833, 17.46888], [78.41843, 17.46895], [78.41911, 17.46896], [78.41914, 17.46942], [78.42143, 17.46938], [78.42313, 17.46929], [78.42331, 17.46935], [78.42348, 17.46961], [78.42366, 17.46985], [78.42397, 17.46995], [78.42433, 17.46997], [78.42473, 17.46978]]]}}, {"type": "Feature", "properties": {"name": "105-GACHIBOWLI", "hospital_count": 23, "circle": "20-SERILINGAMPALLY", "zone": "SERILINGAMPALLY ZONE", "ward_no": 105}, "geometry": {"type": "Polygon", "coordinates": [[[78.3203, 17.47782], [78.32105, 17.47772], [78.32135, 17.47775], [78.32149, 17.47779], [78.32164, 17.47788], [78.32182, 17.47799], [78.32205, 17.47817], [78.32228, 17.47831], [78.32249, 17.47838], [78.32255, 17.47838], [78.32265, 17.4784], [78.32265, 17.4784], [78.32267, 17.4784], [78.32293, 17.47837], [78.32331, 17.47822], [78.32336, 17.4782], [78.32357, 17.47808], [78.32367, 17.478], [78.32383, 17.47786], [78.324, 17.47768], [78.32407, 17.47757], [78.32423, 17.47733], [78.32462, 17.47673], [78.32472, 17.47658], [78.32488, 17.47634], [78.3252, 17.47587], [78.32548, 17.47544], [78.32584, 17.47487], [78.32599, 17.47465], [78.32661, 17.47371], [78.32683, 17.47344], [78.32712, 17.47317], [78.32727, 17.47306], [78.3278, 17.47268], [78.32783, 17.47265], [78.32856, 17.47212], [78.32908, 17.47177], [78.32953, 17.47144], [78.32966, 17.47133], [78.3298, 17.47119], [78.32996, 17.47093], [78.33009, 17.47062], [78.33027, 17.47006], [78.33043, 17.46948], [78.33051, 17.46927], [78.33064, 17.469], [78.33081, 17.46872], [78.33115, 17.46827], [78.33189, 17.46735], [78.33195, 17.46727], [78.33215, 17.46704], [78.33276, 17.46632], [78.33325, 17.46572], [78.3337, 17.46518], [78.33391, 17.46491], [78.33425, 17.46436], [78.3345, 17.46395], [78.33473, 17.46358], [78.33504, 17.46297], [78.33536, 17.46231], [78.33538, 17.46227], [78.33545, 17.46214], [78.33553, 17.46204], [78.33561, 17.46193], [78.33575, 17.46179], [78.33602, 17.46151], [78.3362, 17.46133], [78.33663, 17.46093], [78.33691, 17.46065], [78.33714, 17.4604], [78.33738, 17.4601], [78.33753, 17.45988], [78.33849, 17.45859], [78.3393, 17.45743], [78.3397, 17.4569], [78.33971, 17.45688], [78.33991, 17.45668], [78.33995, 17.45663], [78.34013, 17.45646], [78.34093, 17.45567], [78.3415, 17.45512], [78.3419, 17.45472], [78.34208, 17.45454], [78.34229, 17.45426], [78.34291, 17.4535], [78.34358, 17.45268], [78.34385, 17.45232], [78.34414, 17.45204], [78.34459, 17.45168], [78.34511, 17.45132], [78.34574, 17.45105], [78.34616, 17.45085], [78.34647, 17.45072], [78.34677, 17.45058], [78.34695, 17.45047], [78.34741, 17.45013], [78.34829, 17.44934], [78.34891, 17.44871], [78.34932, 17.44831], [78.35055, 17.44712], [78.35067, 17.447], [78.3513, 17.44637], [78.35188, 17.44578], [78.35217, 17.44551], [78.35224, 17.44545], [78.35262, 17.44513], [78.35263, 17.44512], [78.35347, 17.44446], [78.35424, 17.44384], [78.3545, 17.44364], [78.35481, 17.44342], [78.35514, 17.44327], [78.35692, 17.44252], [78.35885, 17.4417], [78.35937, 17.44144], [78.35957, 17.44132], [78.35991, 17.44111], [78.36016, 17.44097], [78.36122, 17.44033], [78.36243, 17.43957], [78.36243, 17.43957], [78.36315, 17.43908], [78.36405, 17.43843], [78.36408, 17.4384], [78.36464, 17.438], [78.36468, 17.43797], [78.36544, 17.43734], [78.36623, 17.43668], [78.36694, 17.43603], [78.36694, 17.43603], [78.36737, 17.43564], [78.36785, 17.43518], [78.36847, 17.43455], [78.3687, 17.43431], [78.36929, 17.43368], [78.36942, 17.43356], [78.36985, 17.43311], [78.37008, 17.43287], [78.37026, 17.43267], [78.37044, 17.43249], [78.37061, 17.43235], [78.37064, 17.43233], [78.37122, 17.43188], [78.3723, 17.43104], [78.37244, 17.43094], [78.37349, 17.43008], [78.37384, 17.42977], [78.3741, 17.42949], [78.3747, 17.42878], [78.37559, 17.42755], [78.37579, 17.42735], [78.37581, 17.42734], [78.37611, 17.42713], [78.37614, 17.42711], [78.37634, 17.42697], [78.37711, 17.42644], [78.37774, 17.42599], [78.37785, 17.42591], [78.37834, 17.42556], [78.37885, 17.42516], [78.37888, 17.42513], [78.37894, 17.42508], [78.37938, 17.42468], [78.37956, 17.42454], [78.37981, 17.42433], [78.38, 17.42418], [78.38048, 17.42379], [78.38058, 17.4237], [78.38124, 17.42315], [78.3814, 17.42305], [78.38158, 17.42293], [78.38179, 17.42279], [78.38221, 17.42254], [78.3828, 17.42228], [78.3832, 17.42205], [78.3836, 17.4218], [78.38425, 17.42134], [78.38554, 17.42037], [78.38604, 17.41998], [78.38644, 17.41967], [78.38656, 17.41958], [78.3877, 17.41872], [78.38906, 17.41787], [78.39044, 17.41701], [78.39133, 17.41654], [78.39162, 17.41637], [78.39178, 17.41624], [78.39207, 17.41594], [78.39275, 17.41514], [78.39289, 17.415], [78.39331, 17.41472], [78.39372, 17.41445], [78.39415, 17.41412], [78.39434, 17.41397], [78.39442, 17.41386], [78.3946, 17.41346], [78.39471, 17.41322], [78.39479, 17.41311], [78.39485, 17.41304], [78.39495, 17.41291], [78.39501, 17.41285], [78.39515, 17.4127], [78.3951, 17.4127], [78.39503, 17.41269], [78.39494, 17.41268], [78.39482, 17.41266], [78.39484, 17.41187], [78.39487, 17.41078], [78.39486, 17.41078], [78.39486, 17.41073], [78.39434, 17.41073], [78.39405, 17.41073], [78.39386, 17.41074], [78.39325, 17.41075], [78.39285, 17.41074], [78.39271, 17.41075], [78.39259, 17.41073], [78.39243, 17.41069], [78.39223, 17.41064], [78.39188, 17.4107], [78.39119, 17.41085], [78.39109, 17.41071], [78.39096, 17.41057], [78.3908, 17.41042], [78.39071, 17.41016], [78.39056, 17.4098], [78.39055, 17.40978], [78.39053, 17.40979], [78.39021, 17.40991], [78.38943, 17.41016], [78.38933, 17.41019], [78.38917, 17.41023], [78.38904, 17.41024], [78.38879, 17.41022], [78.38878, 17.41021], [78.38851, 17.41027], [78.38822, 17.41038], [78.38799, 17.41047], [78.38782, 17.41061], [78.38774, 17.41079], [78.38773, 17.4108], [78.38771, 17.41096], [78.38776, 17.41126], [78.38776, 17.41147], [78.38771, 17.41169], [78.38765, 17.41184], [78.38764, 17.412], [78.38763, 17.41204], [78.38767, 17.41228], [78.38772, 17.41247], [78.3878, 17.4128], [78.38781, 17.41284], [78.38796, 17.41336], [78.38808, 17.41398], [78.38808, 17.41398], [78.38767, 17.41416], [78.38716, 17.41445], [78.38678, 17.41434], [78.38656, 17.41445], [78.38559, 17.41511], [78.38517, 17.41532], [78.38479, 17.41554], [78.38468, 17.41567], [78.38456, 17.41583], [78.38455, 17.41585], [78.38445, 17.41596], [78.38442, 17.41597], [78.38432, 17.41604], [78.38431, 17.41604], [78.3843, 17.41604], [78.3841, 17.41611], [78.38382, 17.41623], [78.38369, 17.4162], [78.38358, 17.41621], [78.38344, 17.41629], [78.38295, 17.4165], [78.38254, 17.4168], [78.38252, 17.41681], [78.38173, 17.4172], [78.38177, 17.41728], [78.38175, 17.4173], [78.38148, 17.4175], [78.38107, 17.41767], [78.38097, 17.41769], [78.3795, 17.41787], [78.37947, 17.41787], [78.37938, 17.41747], [78.3782, 17.41772], [78.37816, 17.41761], [78.37803, 17.41718], [78.37781, 17.4164], [78.37759, 17.4158], [78.37716, 17.41512], [78.37706, 17.41522], [78.37593, 17.41629], [78.37584, 17.41621], [78.37538, 17.41609], [78.37531, 17.41606], [78.37526, 17.41604], [78.37451, 17.41595], [78.37432, 17.41578], [78.37431, 17.41574], [78.37431, 17.41566], [78.3743, 17.41563], [78.37433, 17.41546], [78.37429, 17.41541], [78.37427, 17.41539], [78.37408, 17.41536], [78.37407, 17.41535], [78.374, 17.41523], [78.3742, 17.41508], [78.37428, 17.41492], [78.37428, 17.41486], [78.37427, 17.4148], [78.37426, 17.41473], [78.37426, 17.41471], [78.37425, 17.4146], [78.37423, 17.41457], [78.3742, 17.41453], [78.37418, 17.4145], [78.37412, 17.41444], [78.37392, 17.41431], [78.37353, 17.41409], [78.37326, 17.41396], [78.37324, 17.41394], [78.37322, 17.41391], [78.37321, 17.41389], [78.37306, 17.41374], [78.37283, 17.41321], [78.37275, 17.41309], [78.37261, 17.4129], [78.37246, 17.41273], [78.37231, 17.41259], [78.37215, 17.41245], [78.37181, 17.41221], [78.37097, 17.4121], [78.37061, 17.41221], [78.37004, 17.41251], [78.36997, 17.41256], [78.36983, 17.41267], [78.36949, 17.41297], [78.36905, 17.4132], [78.36891, 17.41319], [78.36866, 17.41297], [78.3686, 17.41292], [78.36813, 17.4132], [78.36794, 17.41337], [78.36782, 17.41353], [78.36769, 17.41371], [78.36753, 17.41372], [78.36751, 17.41362], [78.36753, 17.41352], [78.3676, 17.41312], [78.36752, 17.41311], [78.36742, 17.41311], [78.36713, 17.41319], [78.36682, 17.41324], [78.36607, 17.41318], [78.36604, 17.41317], [78.36605, 17.41282], [78.36608, 17.41263], [78.36606, 17.41251], [78.36605, 17.4125], [78.366, 17.41237], [78.36599, 17.41233], [78.36603, 17.41213], [78.36609, 17.41188], [78.36595, 17.41193], [78.3658, 17.41199], [78.36574, 17.41197], [78.3657, 17.41194], [78.36568, 17.41184], [78.36561, 17.41186], [78.36325, 17.41248], [78.36082, 17.4131], [78.36055, 17.41344], [78.35992, 17.41389], [78.35905, 17.41435], [78.35651, 17.41545], [78.3558, 17.41576], [78.35574, 17.41561], [78.3552, 17.41602], [78.35385, 17.41641], [78.35301, 17.41498], [78.3521, 17.41342], [78.35084, 17.41348], [78.3492, 17.41286], [78.34834, 17.41232], [78.3483, 17.41228], [78.34824, 17.41222], [78.34819, 17.41228], [78.34742, 17.41297], [78.3469, 17.41338], [78.34629, 17.41376], [78.34512, 17.41447], [78.34463, 17.41469], [78.34426, 17.41479], [78.34421, 17.4147], [78.34399, 17.41437], [78.3431, 17.4129], [78.34271, 17.4122], [78.34256, 17.41195], [78.34253, 17.41188], [78.3425, 17.41183], [78.34241, 17.41172], [78.34127, 17.41194], [78.34103, 17.41214], [78.3409, 17.41217], [78.34087, 17.41218], [78.33987, 17.41236], [78.33928, 17.41232], [78.33826, 17.4125], [78.33805, 17.41378], [78.33788, 17.414], [78.3376, 17.41437], [78.33702, 17.4148], [78.33665, 17.415], [78.33664, 17.41501], [78.33664, 17.41501], [78.33635, 17.41509], [78.33587, 17.41518], [78.33553, 17.41518], [78.33523, 17.41517], [78.33496, 17.4152], [78.33472, 17.41526], [78.33471, 17.41527], [78.33404, 17.41554], [78.33211, 17.41517], [78.33194, 17.41522], [78.32981, 17.41514], [78.32785, 17.41568], [78.32742, 17.41578], [78.31571, 17.4184], [78.31421, 17.42083], [78.29404, 17.43106], [78.29402, 17.43103], [78.29211, 17.42853], [78.29056, 17.42649], [78.28841, 17.42493], [78.2836, 17.42403], [78.28057, 17.42567], [78.27499, 17.4314], [78.27275, 17.43649], [78.27251, 17.44194], [78.27542, 17.44517], [78.28126, 17.45045], [78.28231, 17.45163], [78.28309, 17.45249], [78.28368, 17.45333], [78.28376, 17.45353], [78.28399, 17.45435], [78.28417, 17.45487], [78.28443, 17.45561], [78.28454, 17.45589], [78.28462, 17.45595], [78.28476, 17.45607], [78.28489, 17.45619], [78.28677, 17.45658], [78.28817, 17.45841], [78.28914, 17.46216], [78.29154, 17.46587], [78.29434, 17.47021], [78.29615, 17.47301], [78.29607, 17.47319], [78.29575, 17.47431], [78.29548, 17.47523], [78.29533, 17.47572], [78.29507, 17.47656], [78.29504, 17.47663], [78.29787, 17.4778], [78.29772, 17.47807], [78.29756, 17.47835], [78.29768, 17.47835], [78.29796, 17.47842], [78.29845, 17.47861], [78.29904, 17.47886], [78.29948, 17.47904], [78.30072, 17.47954], [78.3014, 17.47983], [78.30231, 17.48016], [78.30297, 17.48045], [78.30312, 17.48051], [78.30376, 17.48078], [78.30413, 17.48091], [78.30451, 17.48102], [78.30502, 17.48111], [78.30556, 17.48119], [78.30618, 17.48123], [78.3069, 17.48126], [78.30774, 17.48132], [78.30825, 17.48136], [78.30867, 17.48139], [78.30957, 17.48152], [78.30967, 17.48154], [78.30997, 17.48157], [78.31018, 17.48157], [78.31032, 17.48165], [78.31089, 17.48224], [78.31113, 17.48248], [78.31127, 17.48266], [78.31127, 17.48265], [78.31126, 17.48261], [78.3112, 17.48237], [78.31112, 17.48197], [78.31111, 17.48177], [78.3111, 17.48162], [78.3111, 17.48105], [78.3111, 17.4805], [78.3111, 17.48019], [78.31204, 17.48011], [78.31497, 17.47989], [78.31751, 17.47965], [78.31948, 17.4795], [78.31974, 17.47948], [78.31985, 17.47942], [78.31989, 17.47935], [78.31991, 17.47925], [78.31988, 17.47897], [78.31987, 17.47863], [78.3199, 17.47837], [78.32002, 17.47804], [78.32011, 17.47795], [78.32017, 17.47789], [78.3203, 17.47782]]]}}, {"type": "Feature", "properties": {"name": "110-CHANDANAGAR", "hospital_count": 22, "circle": "21-CHANDA NAGAR", "zone": "SERILINGAMPALLY ZONE", "ward_no": 110}, "geometry": {"type": "Polygon", "coordinates": [[[78.34045, 17.51803], [78.34123, 17.51791], [78.34173, 17.51805], [78.34173, 17.51804], [78.34203, 17.51808], [78.34239, 17.51806], [78.34281, 17.518], [78.34301, 17.51771], [78.34318, 17.51747], [78.34318, 17.51747], [78.34286, 17.51689], [78.34443, 17.51691], [78.34477, 17.51689], [78.34493, 17.51683], [78.34532, 17.51662], [78.34575, 17.51633], [78.34662, 17.51585], [78.34714, 17.51557], [78.34749, 17.51537], [78.34774, 17.51517], [78.34808, 17.51466], [78.34825, 17.51449], [78.34836, 17.51446], [78.34857, 17.51444], [78.34859, 17.51444], [78.34868, 17.51444], [78.3488, 17.51437], [78.34896, 17.51414], [78.34927, 17.51371], [78.34967, 17.51304], [78.34931, 17.51274], [78.34884, 17.51224], [78.34842, 17.51178], [78.34829, 17.51149], [78.34827, 17.51133], [78.34824, 17.51122], [78.34819, 17.51121], [78.34808, 17.51118], [78.348, 17.51117], [78.34795, 17.51115], [78.3478, 17.51097], [78.34758, 17.51074], [78.34728, 17.51049], [78.3472, 17.51046], [78.34717, 17.51045], [78.34702, 17.5104], [78.34695, 17.51038], [78.34689, 17.51034], [78.34686, 17.51029], [78.34683, 17.51016], [78.34682, 17.5101], [78.34679, 17.51001], [78.34664, 17.50981], [78.34613, 17.50909], [78.34597, 17.50886], [78.34537, 17.50818], [78.34456, 17.5072], [78.34389, 17.50636], [78.34357, 17.50596], [78.34338, 17.50563], [78.3432, 17.5053], [78.34305, 17.5051], [78.34274, 17.50475], [78.34246, 17.50427], [78.34232, 17.50392], [78.34229, 17.50368], [78.34227, 17.50347], [78.34238, 17.50252], [78.34241, 17.50225], [78.34242, 17.50197], [78.34242, 17.5007], [78.34239, 17.4991], [78.34348, 17.49911], [78.34546, 17.49905], [78.34546, 17.49877], [78.34604, 17.49873], [78.34607, 17.49887], [78.34889, 17.49833], [78.34887, 17.4982], [78.34885, 17.49813], [78.34864, 17.49721], [78.34862, 17.49711], [78.34838, 17.49603], [78.34834, 17.49572], [78.34801, 17.49443], [78.348, 17.49436], [78.34768, 17.49447], [78.34708, 17.4946], [78.34705, 17.49461], [78.34669, 17.49468], [78.34644, 17.49473], [78.34601, 17.49478], [78.34516, 17.4949], [78.34437, 17.49502], [78.34349, 17.49509], [78.3428, 17.49514], [78.34201, 17.49519], [78.34047, 17.49511], [78.33998, 17.49509], [78.33952, 17.49512], [78.33732, 17.49544], [78.33653, 17.49546], [78.33486, 17.49553], [78.33411, 17.49551], [78.333, 17.49531], [78.3317, 17.49505], [78.32943, 17.49491], [78.3285, 17.4949], [78.32676, 17.49497], [78.32672, 17.49468], [78.32668, 17.49438], [78.3266, 17.49382], [78.3266, 17.49382], [78.32621, 17.49386], [78.32509, 17.49397], [78.32462, 17.49166], [78.32453, 17.49123], [78.32452, 17.49117], [78.32561, 17.49101], [78.32683, 17.49084], [78.32691, 17.49083], [78.32731, 17.49077], [78.32774, 17.49071], [78.32776, 17.48887], [78.32776, 17.48872], [78.32777, 17.48825], [78.32777, 17.48796], [78.32778, 17.48765], [78.32779, 17.48683], [78.32746, 17.48686], [78.32701, 17.4869], [78.32685, 17.48692], [78.32627, 17.48692], [78.32592, 17.4869], [78.32559, 17.48683], [78.32537, 17.48677], [78.32537, 17.48677], [78.32532, 17.48676], [78.32505, 17.48665], [78.32492, 17.4866], [78.32433, 17.48635], [78.32355, 17.48599], [78.32321, 17.48584], [78.32266, 17.48558], [78.32237, 17.48544], [78.32203, 17.48527], [78.32153, 17.48506], [78.3213, 17.48495], [78.32092, 17.48477], [78.32089, 17.48476], [78.32048, 17.48494], [78.32035, 17.48503], [78.32023, 17.48514], [78.32015, 17.48527], [78.32012, 17.48541], [78.3201, 17.48562], [78.3201, 17.48576], [78.32009, 17.48597], [78.32009, 17.48606], [78.32009, 17.4861], [78.32011, 17.4864], [78.32011, 17.48641], [78.32015, 17.48669], [78.32021, 17.48705], [78.32022, 17.48713], [78.32029, 17.48741], [78.3203, 17.48767], [78.32028, 17.48787], [78.32026, 17.48801], [78.32024, 17.48806], [78.32017, 17.48827], [78.32014, 17.48834], [78.3201, 17.48843], [78.31999, 17.48861], [78.31985, 17.48881], [78.31956, 17.4892], [78.31943, 17.48938], [78.31929, 17.48958], [78.31914, 17.48984], [78.31905, 17.48991], [78.31885, 17.48999], [78.31854, 17.49013], [78.31833, 17.49023], [78.31804, 17.49035], [78.31777, 17.49042], [78.31756, 17.4905], [78.31721, 17.49072], [78.31691, 17.49096], [78.31673, 17.49115], [78.3166, 17.49137], [78.31653, 17.4915], [78.31652, 17.49151], [78.31652, 17.49152], [78.31643, 17.49164], [78.31636, 17.49175], [78.31631, 17.49188], [78.3163, 17.49189], [78.3163, 17.4919], [78.3162, 17.49228], [78.31617, 17.49246], [78.31613, 17.49269], [78.3161, 17.49292], [78.31624, 17.49297], [78.31639, 17.49301], [78.3165, 17.49305], [78.31667, 17.49312], [78.31687, 17.49339], [78.31689, 17.49348], [78.3169, 17.49359], [78.31693, 17.49378], [78.31694, 17.49391], [78.31696, 17.49407], [78.31696, 17.49415], [78.31699, 17.49419], [78.31707, 17.49444], [78.31708, 17.49453], [78.3171, 17.49456], [78.31716, 17.49463], [78.31744, 17.49493], [78.31755, 17.49527], [78.31763, 17.49532], [78.31765, 17.49554], [78.31758, 17.49586], [78.3174, 17.4962], [78.31726, 17.49639], [78.31724, 17.49643], [78.31721, 17.49649], [78.317, 17.49671], [78.31692, 17.49689], [78.317, 17.49714], [78.317, 17.49725], [78.31701, 17.49728], [78.31701, 17.49731], [78.31699, 17.4974], [78.31695, 17.49744], [78.31694, 17.49744], [78.31694, 17.49745], [78.31688, 17.4975], [78.31683, 17.49754], [78.31675, 17.49762], [78.31669, 17.49771], [78.31664, 17.49781], [78.31663, 17.49792], [78.31663, 17.49797], [78.31663, 17.49807], [78.31662, 17.49811], [78.31644, 17.49847], [78.31644, 17.49847], [78.31643, 17.49848], [78.3164, 17.49856], [78.31636, 17.49867], [78.31634, 17.4987], [78.31632, 17.49874], [78.31626, 17.49885], [78.31603, 17.49916], [78.31602, 17.49917], [78.31579, 17.49947], [78.31572, 17.49963], [78.31561, 17.49976], [78.3155, 17.49985], [78.31548, 17.49987], [78.31541, 17.49994], [78.3154, 17.49994], [78.3154, 17.49994], [78.31532, 17.50002], [78.31523, 17.50006], [78.31515, 17.50008], [78.31503, 17.50009], [78.31495, 17.5001], [78.31493, 17.5001], [78.31483, 17.50013], [78.31472, 17.50023], [78.31464, 17.5003], [78.3146, 17.50035], [78.3145, 17.50042], [78.31448, 17.50051], [78.31449, 17.50061], [78.31452, 17.50071], [78.31462, 17.50085], [78.31471, 17.50091], [78.31479, 17.50095], [78.31488, 17.50101], [78.31494, 17.50104], [78.31507, 17.50114], [78.31511, 17.50122], [78.31514, 17.50137], [78.31509, 17.50142], [78.31503, 17.50152], [78.31488, 17.50162], [78.31472, 17.50173], [78.31464, 17.50178], [78.31461, 17.50184], [78.31448, 17.50192], [78.31434, 17.50225], [78.3143, 17.50233], [78.31427, 17.50245], [78.31429, 17.5025], [78.31434, 17.50254], [78.31432, 17.50268], [78.31429, 17.50276], [78.31423, 17.50292], [78.31422, 17.50312], [78.31422, 17.50328], [78.31417, 17.50339], [78.31411, 17.50349], [78.31402, 17.50355], [78.31396, 17.50359], [78.31388, 17.50363], [78.31385, 17.50365], [78.31369, 17.50373], [78.31341, 17.50384], [78.31332, 17.50387], [78.31303, 17.504], [78.31298, 17.50402], [78.31279, 17.50411], [78.31266, 17.50415], [78.31256, 17.50421], [78.31241, 17.50432], [78.31215, 17.50445], [78.31211, 17.50447], [78.31195, 17.50457], [78.31186, 17.50466], [78.31181, 17.50471], [78.31176, 17.50485], [78.31167, 17.50492], [78.31156, 17.50496], [78.31146, 17.50501], [78.31142, 17.50501], [78.31138, 17.50501], [78.3113, 17.50501], [78.31118, 17.50502], [78.31109, 17.50504], [78.31091, 17.50511], [78.31091, 17.50511], [78.31091, 17.50511], [78.31088, 17.50512], [78.31088, 17.50512], [78.31088, 17.50512], [78.31071, 17.5052], [78.31051, 17.5053], [78.31039, 17.50539], [78.31034, 17.50546], [78.3103, 17.50556], [78.31014, 17.5059], [78.3101, 17.50601], [78.31005, 17.50609], [78.31004, 17.50612], [78.31, 17.5062], [78.30991, 17.50627], [78.3098, 17.50639], [78.30976, 17.50647], [78.30973, 17.50655], [78.30963, 17.50661], [78.30949, 17.50673], [78.30945, 17.50679], [78.30946, 17.50684], [78.30939, 17.50693], [78.30939, 17.50693], [78.30938, 17.50693], [78.30936, 17.50696], [78.30933, 17.50701], [78.30925, 17.5071], [78.30916, 17.50716], [78.30916, 17.50716], [78.30915, 17.50716], [78.30904, 17.50723], [78.30896, 17.50728], [78.30884, 17.50738], [78.30866, 17.50747], [78.3085, 17.50752], [78.30837, 17.50755], [78.30826, 17.50756], [78.30815, 17.50759], [78.30808, 17.50765], [78.30792, 17.50774], [78.30787, 17.50779], [78.30781, 17.50789], [78.30783, 17.50794], [78.30781, 17.50801], [78.30781, 17.50802], [78.31042, 17.50806], [78.31146, 17.50778], [78.31203, 17.50806], [78.31264, 17.50806], [78.31358, 17.50808], [78.31388, 17.50808], [78.31419, 17.50823], [78.31424, 17.50847], [78.31465, 17.50862], [78.3147, 17.50879], [78.31516, 17.50878], [78.31571, 17.50863], [78.31624, 17.50855], [78.31697, 17.50822], [78.31699, 17.50795], [78.31683, 17.50639], [78.31792, 17.5061], [78.32259, 17.50632], [78.32244, 17.50863], [78.32489, 17.50847], [78.32758, 17.50813], [78.32976, 17.50665], [78.33159, 17.50552], [78.33213, 17.50597], [78.33467, 17.50717], [78.33496, 17.50802], [78.33494, 17.50912], [78.33453, 17.50914], [78.33429, 17.51005], [78.33458, 17.51105], [78.33444, 17.51195], [78.33404, 17.5123], [78.33501, 17.5126], [78.3362, 17.51447], [78.33644, 17.5144], [78.33737, 17.516], [78.33578, 17.51577], [78.3356, 17.51626], [78.33464, 17.51623], [78.33454, 17.51652], [78.33404, 17.51645], [78.33389, 17.51727], [78.33558, 17.51724], [78.33572, 17.51768], [78.33683, 17.51756], [78.33677, 17.51809], [78.33674, 17.51838], [78.3391, 17.51811], [78.34045, 17.51803]]]}}, {"type": "Feature", "properties": {"name": "111-BHARATHI NAGAR", "hospital_count": 0, "circle": "22-RAMACHANDRAPURAM & PATANCHERUVU", "zone": "SERILINGAMPALLY ZONE", "ward_no": 111}, "geometry": {"type": "MultiPolygon", "coordinates": [[[[78.31235, 17.48473], [78.31177, 17.4837], [78.31163, 17.48346], [78.3115, 17.48318], [78.31146, 17.48311], [78.3113, 17.48269], [78.31126, 17.48261], [78.31127, 17.48265], [78.31127, 17.48266], [78.31113, 17.48248], [78.31089, 17.48224], [78.31032, 17.48165], [78.31018, 17.48157], [78.30997, 17.48157], [78.30967, 17.48154], [78.30957, 17.48152], [78.30867, 17.48139], [78.30825, 17.48136], [78.30774, 17.48132], [78.3069, 17.48126], [78.30618, 17.48123], [78.30556, 17.48119], [78.30502, 17.48111], [78.30451, 17.48102], [78.30413, 17.48091], [78.30376, 17.48078], [78.30312, 17.48051], [78.30297, 17.48045], [78.30231, 17.48016], [78.3014, 17.47983], [78.30072, 17.47954], [78.29948, 17.47904], [78.29904, 17.47886], [78.29845, 17.47861], [78.29796, 17.47842], [78.29768, 17.47835], [78.29756, 17.47835], [78.29756, 17.47838], [78.29755, 17.47837], [78.29744, 17.47841], [78.29703, 17.47853], [78.29671, 17.47855], [78.29638, 17.47859], [78.29607, 17.47877], [78.29587, 17.47878], [78.29577, 17.47949], [78.29562, 17.48055], [78.29522, 17.48433], [78.29772, 17.48453], [78.2978, 17.48453], [78.29804, 17.48457], [78.29805, 17.48441], [78.29806, 17.48441], [78.2981, 17.48446], [78.2989, 17.48449], [78.30018, 17.48461], [78.30108, 17.4847], [78.30389, 17.48496], [78.30459, 17.48503], [78.30547, 17.4851], [78.30676, 17.48522], [78.30788, 17.48532], [78.30885, 17.48541], [78.30929, 17.48546], [78.31016, 17.48554], [78.31107, 17.48564], [78.31158, 17.48568], [78.31179, 17.4857], [78.31204, 17.48571], [78.31224, 17.48571], [78.31226, 17.48571], [78.3123, 17.48571], [78.31231, 17.4857], [78.31257, 17.48566], [78.31258, 17.48565], [78.31263, 17.48563], [78.31279, 17.48554], [78.31235, 17.48473]]], [[[78.29173, 17.50228], [78.28542, 17.50213], [78.28531, 17.5067], [78.28202, 17.50757], [78.28202, 17.50797], [78.28231, 17.50962], [78.28278, 17.51158], [78.2831, 17.51245], [78.2831, 17.51235], [78.28311, 17.5087], [78.28645, 17.50803], [78.28701, 17.50792], [78.2889, 17.5075], [78.29042, 17.50706], [78.29081, 17.5061], [78.29123, 17.50506], [78.29162, 17.50404], [78.29166, 17.50383], [78.29171, 17.50307], [78.29173, 17.50228]]], [[[78.30142, 17.50698], [78.30333, 17.50687], [78.30363, 17.50681], [78.30364, 17.50681], [78.30378, 17.50681], [78.30386, 17.50684], [78.30394, 17.50691], [78.30404, 17.50698], [78.30585, 17.50595], [78.30626, 17.50572], [78.30634, 17.50567], [78.30701, 17.5053], [78.30734, 17.50511], [78.30728, 17.50494], [78.30734, 17.50377], [78.30736, 17.50336], [78.30736, 17.50318], [78.30735, 17.50267], [78.30736, 17.5024], [78.30737, 17.50233], [78.30662, 17.50165], [78.30626, 17.50173], [78.30562, 17.5025], [78.30576, 17.50283], [78.30364, 17.50375], [78.30347, 17.5035], [78.2989, 17.50541], [78.29966, 17.50691], [78.30028, 17.50688], [78.3006, 17.50699], [78.30094, 17.50702], [78.30142, 17.50698]]], [[[78.28405, 17.4839], [78.28924, 17.48034], [78.28966, 17.48005], [78.28968, 17.47996], [78.28966, 17.47996], [78.28969, 17.47992], [78.2897, 17.47896], [78.28917, 17.47895], [78.28865, 17.47895], [78.28804, 17.47893], [78.288, 17.47991], [78.28396, 17.47979], [78.28394, 17.48088], [78.28118, 17.48082], [78.28107, 17.48452], [78.28405, 17.4839]]], [[[78.28261, 17.49173], [78.28109, 17.49164], [78.28077, 17.49389], [78.28128, 17.49392], [78.2812, 17.49625], [78.28161, 17.49625], [78.28159, 17.49688], [78.28176, 17.49693], [78.28202, 17.49696], [78.28198, 17.4976], [78.28215, 17.49787], [78.2824, 17.49809], [78.28261, 17.49173]]]]}}, {"type": "Feature", "properties": {"name": "106-SERILINGAMPALLY", "hospital_count": 21, "circle": "20-SERILINGAMPALLY", "zone": "SERILINGAMPALLY ZONE", "ward_no": 106}, "geometry": {"type": "Polygon", "coordinates": [[[78.31606, 17.49316], [78.3161, 17.49292], [78.3161, 17.49292], [78.31613, 17.49269], [78.31617, 17.49246], [78.31617, 17.49246], [78.3162, 17.49228], [78.3163, 17.4919], [78.3163, 17.49189], [78.31631, 17.49188], [78.31636, 17.49175], [78.31643, 17.49164], [78.31652, 17.49152], [78.31652, 17.49151], [78.31653, 17.4915], [78.3166, 17.49137], [78.31673, 17.49115], [78.31691, 17.49096], [78.31721, 17.49072], [78.31756, 17.4905], [78.31777, 17.49042], [78.31804, 17.49035], [78.31833, 17.49023], [78.31854, 17.49013], [78.31885, 17.48999], [78.31905, 17.48991], [78.31914, 17.48984], [78.31929, 17.48958], [78.31943, 17.48938], [78.31956, 17.4892], [78.31985, 17.48881], [78.31999, 17.48861], [78.3201, 17.48843], [78.32014, 17.48834], [78.32017, 17.48827], [78.32024, 17.48806], [78.32026, 17.48801], [78.32028, 17.48787], [78.3203, 17.48767], [78.32029, 17.48741], [78.32022, 17.48713], [78.32021, 17.48705], [78.32015, 17.48669], [78.32011, 17.48641], [78.32011, 17.4864], [78.32009, 17.4861], [78.32009, 17.48606], [78.32009, 17.48597], [78.3201, 17.48576], [78.3201, 17.48562], [78.32012, 17.48541], [78.32015, 17.48527], [78.32023, 17.48514], [78.32035, 17.48503], [78.32048, 17.48494], [78.32089, 17.48476], [78.32092, 17.48477], [78.3213, 17.48495], [78.32153, 17.48506], [78.32203, 17.48527], [78.32237, 17.48544], [78.32266, 17.48558], [78.32321, 17.48584], [78.32355, 17.48599], [78.32433, 17.48635], [78.32492, 17.4866], [78.32505, 17.48665], [78.32532, 17.48676], [78.32537, 17.48677], [78.32537, 17.48677], [78.32559, 17.48683], [78.32592, 17.4869], [78.32627, 17.48692], [78.32685, 17.48692], [78.32701, 17.4869], [78.32746, 17.48686], [78.32779, 17.48683], [78.32787, 17.48682], [78.32858, 17.48673], [78.32889, 17.4867], [78.32904, 17.48669], [78.32942, 17.48666], [78.32987, 17.48664], [78.33037, 17.48666], [78.33055, 17.48668], [78.3308, 17.48671], [78.33082, 17.48671], [78.33125, 17.48681], [78.3318, 17.48697], [78.33225, 17.4871], [78.33232, 17.48712], [78.33282, 17.4873], [78.33535, 17.48805], [78.33628, 17.48833], [78.33632, 17.48833], [78.33693, 17.48852], [78.33708, 17.48857], [78.33777, 17.48871], [78.33813, 17.48874], [78.33844, 17.48875], [78.33876, 17.48874], [78.33903, 17.48871], [78.33918, 17.48868], [78.33949, 17.48862], [78.33973, 17.48855], [78.33989, 17.48851], [78.34027, 17.48833], [78.34056, 17.48818], [78.34076, 17.48807], [78.34106, 17.48787], [78.34152, 17.48751], [78.34204, 17.48706], [78.34273, 17.48646], [78.34332, 17.48595], [78.34397, 17.48535], [78.34454, 17.48486], [78.34509, 17.48439], [78.34522, 17.48428], [78.34559, 17.48397], [78.34591, 17.48371], [78.3463, 17.48344], [78.34664, 17.48326], [78.34697, 17.48312], [78.34744, 17.48296], [78.34808, 17.48279], [78.34836, 17.48274], [78.34885, 17.48267], [78.34948, 17.48265], [78.34968, 17.48265], [78.34964, 17.48178], [78.34968, 17.48044], [78.34969, 17.48008], [78.34964, 17.47929], [78.34964, 17.47858], [78.34964, 17.47853], [78.34965, 17.47836], [78.34965, 17.47833], [78.34967, 17.47826], [78.34967, 17.47824], [78.34972, 17.4781], [78.34973, 17.47802], [78.34972, 17.47774], [78.3497, 17.47744], [78.34966, 17.47715], [78.34961, 17.47691], [78.34955, 17.47671], [78.34947, 17.47648], [78.3494, 17.47625], [78.34934, 17.47601], [78.34932, 17.47582], [78.34931, 17.47554], [78.34928, 17.4748], [78.34916, 17.47176], [78.3491, 17.46968], [78.3491, 17.46846], [78.34909, 17.46814], [78.34897, 17.46781], [78.34873, 17.46721], [78.34847, 17.46647], [78.34801, 17.46521], [78.34772, 17.46448], [78.3475, 17.4639], [78.34729, 17.46343], [78.34859, 17.46297], [78.34951, 17.46264], [78.35061, 17.46223], [78.35104, 17.46205], [78.35165, 17.46175], [78.35243, 17.46138], [78.35304, 17.46104], [78.35403, 17.4605], [78.35464, 17.46017], [78.35553, 17.45974], [78.35565, 17.45968], [78.35586, 17.45959], [78.35701, 17.45903], [78.35801, 17.45851], [78.35891, 17.45799], [78.36001, 17.45734], [78.36125, 17.45669], [78.36227, 17.45621], [78.36278, 17.45603], [78.36311, 17.4559], [78.36324, 17.4558], [78.36327, 17.45577], [78.3636, 17.45559], [78.36383, 17.45545], [78.36395, 17.45538], [78.36401, 17.45535], [78.36396, 17.45525], [78.36391, 17.45514], [78.36387, 17.45501], [78.36385, 17.45457], [78.36372, 17.45281], [78.36369, 17.45178], [78.3637, 17.4516], [78.36371, 17.4509], [78.36374, 17.45077], [78.36376, 17.45063], [78.36379, 17.45047], [78.36388, 17.45025], [78.36391, 17.45011], [78.36394, 17.44999], [78.36393, 17.4497], [78.36387, 17.44934], [78.36371, 17.44868], [78.36365, 17.4485], [78.36364, 17.4485], [78.36364, 17.44848], [78.36358, 17.44769], [78.36352, 17.44688], [78.36349, 17.44663], [78.36343, 17.44641], [78.36313, 17.44491], [78.36283, 17.44337], [78.3628, 17.44325], [78.36271, 17.44255], [78.3627, 17.44234], [78.36266, 17.44185], [78.36266, 17.44151], [78.36267, 17.44148], [78.36269, 17.44136], [78.3627, 17.44133], [78.36271, 17.4413], [78.36277, 17.44116], [78.36289, 17.44097], [78.36305, 17.44074], [78.36315, 17.44061], [78.36319, 17.44056], [78.36331, 17.44036], [78.36352, 17.43986], [78.36352, 17.43985], [78.36379, 17.43925], [78.36385, 17.4391], [78.36399, 17.43879], [78.36403, 17.43869], [78.36409, 17.43854], [78.36411, 17.43851], [78.3641, 17.43848], [78.36408, 17.4384], [78.36405, 17.43843], [78.36315, 17.43908], [78.36243, 17.43957], [78.36243, 17.43957], [78.36122, 17.44033], [78.36016, 17.44097], [78.35991, 17.44111], [78.35957, 17.44132], [78.35937, 17.44144], [78.35885, 17.4417], [78.35692, 17.44252], [78.35514, 17.44327], [78.35481, 17.44342], [78.3545, 17.44364], [78.35424, 17.44384], [78.35347, 17.44446], [78.35263, 17.44512], [78.35262, 17.44513], [78.35224, 17.44545], [78.35217, 17.44551], [78.35188, 17.44578], [78.3513, 17.44637], [78.35067, 17.447], [78.35055, 17.44712], [78.34932, 17.44831], [78.34891, 17.44871], [78.34829, 17.44934], [78.34741, 17.45013], [78.34695, 17.45047], [78.34677, 17.45058], [78.34647, 17.45072], [78.34616, 17.45085], [78.34574, 17.45105], [78.34511, 17.45132], [78.34459, 17.45168], [78.34414, 17.45204], [78.34385, 17.45232], [78.34358, 17.45268], [78.34291, 17.4535], [78.34229, 17.45426], [78.34208, 17.45454], [78.3419, 17.45472], [78.3415, 17.45512], [78.34093, 17.45567], [78.34013, 17.45646], [78.33995, 17.45663], [78.33991, 17.45668], [78.33971, 17.45688], [78.3397, 17.4569], [78.3393, 17.45743], [78.33849, 17.45859], [78.33753, 17.45988], [78.33738, 17.4601], [78.33714, 17.4604], [78.33691, 17.46065], [78.33663, 17.46093], [78.3362, 17.46133], [78.33602, 17.46151], [78.33575, 17.46179], [78.33561, 17.46193], [78.33553, 17.46204], [78.33545, 17.46214], [78.33538, 17.46227], [78.33536, 17.46231], [78.33504, 17.46297], [78.33473, 17.46358], [78.3345, 17.46395], [78.33425, 17.46436], [78.33391, 17.46491], [78.3337, 17.46518], [78.33325, 17.46572], [78.33276, 17.46632], [78.33215, 17.46704], [78.33195, 17.46727], [78.33189, 17.46735], [78.33115, 17.46827], [78.33081, 17.46872], [78.33064, 17.469], [78.33051, 17.46927], [78.33043, 17.46948], [78.33027, 17.47006], [78.33009, 17.47062], [78.32996, 17.47093], [78.3298, 17.47119], [78.32966, 17.47133], [78.32953, 17.47144], [78.32908, 17.47177], [78.32856, 17.47212], [78.32783, 17.47265], [78.3278, 17.47268], [78.32727, 17.47306], [78.32712, 17.47317], [78.32683, 17.47344], [78.32661, 17.47371], [78.32599, 17.47465], [78.32584, 17.47487], [78.32548, 17.47544], [78.3252, 17.47587], [78.32488, 17.47634], [78.32472, 17.47658], [78.32462, 17.47673], [78.32423, 17.47733], [78.32407, 17.47757], [78.324, 17.47768], [78.32383, 17.47786], [78.32367, 17.478], [78.32357, 17.47808], [78.32336, 17.4782], [78.32331, 17.47822], [78.32293, 17.47837], [78.32267, 17.4784], [78.32265, 17.4784], [78.32265, 17.4784], [78.32255, 17.47838], [78.32249, 17.47838], [78.32228, 17.47831], [78.32205, 17.47817], [78.32182, 17.47799], [78.32164, 17.47788], [78.32149, 17.47779], [78.32135, 17.47775], [78.32105, 17.47772], [78.3203, 17.47782], [78.32017, 17.47789], [78.32011, 17.47795], [78.32002, 17.47804], [78.3199, 17.47837], [78.31987, 17.47863], [78.31988, 17.47897], [78.31991, 17.47925], [78.31989, 17.47935], [78.31985, 17.47942], [78.31974, 17.47948], [78.31948, 17.4795], [78.31751, 17.47965], [78.31497, 17.47989], [78.31204, 17.48011], [78.3111, 17.48019], [78.3111, 17.4805], [78.3111, 17.48105], [78.3111, 17.48162], [78.31111, 17.48177], [78.31112, 17.48197], [78.3112, 17.48237], [78.31126, 17.48261], [78.3113, 17.48269], [78.31146, 17.48311], [78.3115, 17.48318], [78.31163, 17.48346], [78.31177, 17.4837], [78.31235, 17.48473], [78.31279, 17.48554], [78.31279, 17.48555], [78.31285, 17.48567], [78.31308, 17.48611], [78.3131, 17.48616], [78.31328, 17.48661], [78.3136, 17.48803], [78.31382, 17.48911], [78.31389, 17.48941], [78.31411, 17.49026], [78.31422, 17.49067], [78.31445, 17.49141], [78.31481, 17.49225], [78.315, 17.49269], [78.31517, 17.4929], [78.31525, 17.49296], [78.31531, 17.49301], [78.31545, 17.49307], [78.31582, 17.49315], [78.31603, 17.4932], [78.31606, 17.49316]]]}}, {"type": "Feature", "properties": {"name": "104-KONDAPUR", "hospital_count": 40, "circle": "20-SERILINGAMPALLY", "zone": "SERILINGAMPALLY ZONE", "ward_no": 104}, "geometry": {"type": "Polygon", "coordinates": [[[78.35189, 17.48265], [78.35354, 17.48265], [78.35409, 17.48266], [78.35527, 17.48267], [78.35539, 17.48267], [78.35698, 17.48269], [78.35831, 17.4827], [78.35959, 17.48269], [78.35994, 17.4827], [78.36058, 17.48271], [78.36059, 17.48271], [78.3606, 17.48266], [78.36061, 17.48256], [78.36062, 17.4825], [78.36072, 17.48185], [78.36079, 17.48146], [78.36081, 17.48131], [78.36091, 17.48066], [78.361, 17.48027], [78.36101, 17.48022], [78.36113, 17.47968], [78.3612, 17.47945], [78.36137, 17.47913], [78.36145, 17.47898], [78.3621, 17.47803], [78.36225, 17.4778], [78.36276, 17.477], [78.3628, 17.47695], [78.36298, 17.47657], [78.3631, 17.47619], [78.36317, 17.47593], [78.3632, 17.47581], [78.36325, 17.47561], [78.36345, 17.47508], [78.36352, 17.47487], [78.36353, 17.47486], [78.36369, 17.47447], [78.3639, 17.47399], [78.36432, 17.47303], [78.36436, 17.47296], [78.36457, 17.47244], [78.36484, 17.47175], [78.3649, 17.47159], [78.3649, 17.47156], [78.36514, 17.47079], [78.36536, 17.47034], [78.36546, 17.47014], [78.36566, 17.46973], [78.36595, 17.46922], [78.3663, 17.46861], [78.36653, 17.46826], [78.36677, 17.46785], [78.36718, 17.467], [78.36732, 17.46648], [78.36737, 17.46628], [78.3674, 17.46619], [78.36744, 17.46604], [78.36745, 17.46594], [78.36744, 17.46556], [78.36734, 17.46482], [78.36717, 17.46396], [78.36715, 17.46373], [78.36715, 17.46347], [78.36715, 17.4634], [78.36713, 17.46259], [78.36712, 17.46238], [78.36712, 17.46196], [78.36712, 17.46189], [78.36709, 17.46164], [78.36704, 17.46141], [78.3668, 17.46093], [78.36661, 17.4606], [78.36646, 17.46021], [78.36626, 17.45954], [78.36621, 17.45937], [78.36617, 17.45926], [78.36611, 17.45907], [78.36609, 17.45901], [78.36612, 17.459], [78.36663, 17.45884], [78.36674, 17.45878], [78.36697, 17.45871], [78.36726, 17.45864], [78.36754, 17.45858], [78.36784, 17.45851], [78.36842, 17.45842], [78.36913, 17.45832], [78.36975, 17.45823], [78.37028, 17.45814], [78.37069, 17.45806], [78.37112, 17.45795], [78.37159, 17.45778], [78.3719, 17.45771], [78.37238, 17.45759], [78.37266, 17.45755], [78.37315, 17.45751], [78.37359, 17.4575], [78.37377, 17.45747], [78.37393, 17.45746], [78.37429, 17.45742], [78.37487, 17.45739], [78.37531, 17.45737], [78.37542, 17.45735], [78.37566, 17.45726], [78.37593, 17.45713], [78.37628, 17.4569], [78.37664, 17.45662], [78.37691, 17.45642], [78.3771, 17.45624], [78.37756, 17.45569], [78.37761, 17.45562], [78.37805, 17.45506], [78.3786, 17.45436], [78.37913, 17.45373], [78.37963, 17.45313], [78.38019, 17.45249], [78.38096, 17.45166], [78.38099, 17.45162], [78.3811, 17.45151], [78.38115, 17.45145], [78.38136, 17.45126], [78.38164, 17.45097], [78.38187, 17.45071], [78.38203, 17.45048], [78.3823, 17.45008], [78.38269, 17.44955], [78.38312, 17.44902], [78.38333, 17.44879], [78.38399, 17.44807], [78.3842, 17.44769], [78.38444, 17.44721], [78.38446, 17.44716], [78.38465, 17.44687], [78.38475, 17.44671], [78.38495, 17.44648], [78.38548, 17.44586], [78.38609, 17.44513], [78.38684, 17.44431], [78.38689, 17.44426], [78.3871, 17.44402], [78.38727, 17.44377], [78.38745, 17.44333], [78.38756, 17.44303], [78.38773, 17.44257], [78.38802, 17.44177], [78.38807, 17.44166], [78.38813, 17.44155], [78.38826, 17.44145], [78.38841, 17.4414], [78.38875, 17.44131], [78.38914, 17.4413], [78.3898, 17.44129], [78.38993, 17.44129], [78.39002, 17.4413], [78.39021, 17.44128], [78.39043, 17.44127], [78.39082, 17.44119], [78.39159, 17.441], [78.39217, 17.44094], [78.39267, 17.44087], [78.39306, 17.44079], [78.39357, 17.44061], [78.3938, 17.44054], [78.39408, 17.44044], [78.3943, 17.44037], [78.39469, 17.44025], [78.39508, 17.44014], [78.39521, 17.44011], [78.39559, 17.43992], [78.39582, 17.43975], [78.39593, 17.43966], [78.39624, 17.43938], [78.39622, 17.43937], [78.39615, 17.43926], [78.39607, 17.43913], [78.39598, 17.43896], [78.39579, 17.43852], [78.39515, 17.43713], [78.39662, 17.43648], [78.39717, 17.43622], [78.39733, 17.43604], [78.39753, 17.43582], [78.39772, 17.43561], [78.39777, 17.43556], [78.39777, 17.43556], [78.39778, 17.43556], [78.39779, 17.43556], [78.3979, 17.43538], [78.39803, 17.43516], [78.39819, 17.43492], [78.39829, 17.43479], [78.39824, 17.43475], [78.39791, 17.43455], [78.3979, 17.4345], [78.39721, 17.43385], [78.3972, 17.43384], [78.3977, 17.43357], [78.39789, 17.43347], [78.39823, 17.4333], [78.3984, 17.43321], [78.39846, 17.43316], [78.39889, 17.43284], [78.3988, 17.43267], [78.39855, 17.43216], [78.39861, 17.43192], [78.39861, 17.43175], [78.39849, 17.4311], [78.39848, 17.43107], [78.39802, 17.431], [78.39776, 17.43092], [78.39758, 17.43088], [78.39736, 17.43082], [78.39735, 17.43082], [78.39697, 17.43072], [78.39668, 17.43067], [78.39627, 17.43056], [78.39613, 17.43054], [78.39575, 17.43048], [78.39527, 17.43047], [78.39473, 17.43051], [78.39446, 17.43055], [78.39375, 17.4305], [78.39362, 17.43049], [78.39345, 17.43045], [78.39341, 17.43043], [78.39337, 17.4304], [78.39333, 17.43031], [78.39332, 17.43029], [78.39331, 17.43027], [78.39329, 17.43023], [78.39327, 17.43017], [78.39326, 17.43014], [78.39326, 17.43009], [78.39327, 17.43004], [78.39327, 17.43003], [78.39329, 17.42998], [78.39329, 17.42992], [78.39332, 17.42987], [78.39335, 17.42982], [78.39342, 17.42976], [78.3935, 17.4297], [78.39353, 17.42969], [78.39355, 17.42969], [78.39466, 17.42918], [78.3943, 17.42826], [78.39466, 17.428], [78.39481, 17.42785], [78.39485, 17.42764], [78.39485, 17.42739], [78.39477, 17.42723], [78.39469, 17.42699], [78.3946, 17.42695], [78.39468, 17.42682], [78.39559, 17.42653], [78.39636, 17.42623], [78.39698, 17.42581], [78.39722, 17.42568], [78.39743, 17.42522], [78.3976, 17.42488], [78.39792, 17.42365], [78.39773, 17.42314], [78.39788, 17.423], [78.39808, 17.42227], [78.39808, 17.42195], [78.39805, 17.42098], [78.39833, 17.42089], [78.39843, 17.42066], [78.39832, 17.42032], [78.39821, 17.41991], [78.39845, 17.41924], [78.39874, 17.41844], [78.39871, 17.41843], [78.39866, 17.41841], [78.39861, 17.41838], [78.39855, 17.41832], [78.39845, 17.41816], [78.39836, 17.41803], [78.39824, 17.41792], [78.39797, 17.41769], [78.39779, 17.41752], [78.39769, 17.41749], [78.39783, 17.41729], [78.39827, 17.41662], [78.39861, 17.4154], [78.39873, 17.41493], [78.39881, 17.41461], [78.39883, 17.41445], [78.39884, 17.41422], [78.39885, 17.41407], [78.39886, 17.41404], [78.39877, 17.41386], [78.39855, 17.41336], [78.39829, 17.4128], [78.39794, 17.41203], [78.39772, 17.41161], [78.39756, 17.41133], [78.39719, 17.41091], [78.39709, 17.411], [78.39652, 17.41146], [78.39629, 17.41164], [78.39591, 17.41197], [78.39588, 17.41199], [78.39568, 17.41217], [78.39564, 17.41221], [78.39515, 17.4127], [78.39501, 17.41285], [78.39495, 17.41291], [78.39485, 17.41304], [78.39479, 17.41311], [78.39471, 17.41322], [78.3946, 17.41346], [78.39442, 17.41386], [78.39434, 17.41397], [78.39415, 17.41412], [78.39372, 17.41445], [78.39331, 17.41472], [78.39289, 17.415], [78.39275, 17.41514], [78.39207, 17.41594], [78.39178, 17.41624], [78.39162, 17.41637], [78.39133, 17.41654], [78.39044, 17.41701], [78.38906, 17.41787], [78.3877, 17.41872], [78.38656, 17.41958], [78.38644, 17.41967], [78.38604, 17.41998], [78.38554, 17.42037], [78.38425, 17.42134], [78.3836, 17.4218], [78.3832, 17.42205], [78.3828, 17.42228], [78.38221, 17.42254], [78.38179, 17.42279], [78.38158, 17.42293], [78.3814, 17.42305], [78.38124, 17.42315], [78.38058, 17.4237], [78.38048, 17.42379], [78.38, 17.42418], [78.37981, 17.42433], [78.37956, 17.42454], [78.37938, 17.42468], [78.37894, 17.42508], [78.37888, 17.42513], [78.37885, 17.42516], [78.37834, 17.42556], [78.37785, 17.42591], [78.37774, 17.42599], [78.37711, 17.42644], [78.37634, 17.42697], [78.37614, 17.42711], [78.37611, 17.42713], [78.37581, 17.42734], [78.37579, 17.42735], [78.37559, 17.42755], [78.3747, 17.42878], [78.3741, 17.42949], [78.37384, 17.42977], [78.37349, 17.43008], [78.37244, 17.43094], [78.3723, 17.43104], [78.37122, 17.43188], [78.37064, 17.43233], [78.37061, 17.43235], [78.37044, 17.43249], [78.37026, 17.43267], [78.37008, 17.43287], [78.36985, 17.43311], [78.36942, 17.43356], [78.36929, 17.43368], [78.3687, 17.43431], [78.36847, 17.43455], [78.36785, 17.43518], [78.36737, 17.43564], [78.36694, 17.43603], [78.36694, 17.43603], [78.36623, 17.43668], [78.36544, 17.43734], [78.36468, 17.43797], [78.36464, 17.438], [78.36408, 17.4384], [78.3641, 17.43848], [78.36411, 17.43851], [78.36409, 17.43854], [78.36403, 17.43869], [78.36399, 17.43879], [78.36385, 17.4391], [78.36379, 17.43925], [78.36352, 17.43985], [78.36352, 17.43986], [78.36331, 17.44036], [78.36319, 17.44056], [78.36315, 17.44061], [78.36305, 17.44074], [78.36289, 17.44097], [78.36277, 17.44116], [78.36271, 17.4413], [78.3627, 17.44133], [78.36269, 17.44136], [78.36267, 17.44148], [78.36266, 17.44151], [78.36266, 17.44185], [78.3627, 17.44234], [78.36271, 17.44255], [78.3628, 17.44325], [78.36283, 17.44337], [78.36313, 17.44491], [78.36343, 17.44641], [78.36349, 17.44663], [78.36352, 17.44688], [78.36358, 17.44769], [78.36364, 17.44848], [78.36364, 17.4485], [78.36365, 17.4485], [78.36371, 17.44868], [78.36387, 17.44934], [78.36393, 17.4497], [78.36394, 17.44999], [78.36391, 17.45011], [78.36388, 17.45025], [78.36379, 17.45047], [78.36376, 17.45063], [78.36374, 17.45077], [78.36371, 17.4509], [78.3637, 17.4516], [78.36369, 17.45178], [78.36372, 17.45281], [78.36385, 17.45457], [78.36387, 17.45501], [78.36391, 17.45514], [78.36396, 17.45525], [78.36401, 17.45535], [78.36395, 17.45538], [78.36383, 17.45545], [78.3636, 17.45559], [78.36327, 17.45577], [78.36324, 17.4558], [78.36311, 17.4559], [78.36278, 17.45603], [78.36227, 17.45621], [78.36125, 17.45669], [78.36001, 17.45734], [78.35891, 17.45799], [78.35801, 17.45851], [78.35701, 17.45903], [78.35586, 17.45959], [78.35565, 17.45968], [78.35553, 17.45974], [78.35464, 17.46017], [78.35403, 17.4605], [78.35304, 17.46104], [78.35243, 17.46138], [78.35165, 17.46175], [78.35104, 17.46205], [78.35061, 17.46223], [78.34951, 17.46264], [78.34859, 17.46297], [78.34729, 17.46343], [78.3475, 17.4639], [78.34772, 17.46448], [78.34801, 17.46521], [78.34847, 17.46647], [78.34873, 17.46721], [78.34897, 17.46781], [78.34909, 17.46814], [78.3491, 17.46846], [78.3491, 17.46968], [78.34916, 17.47176], [78.34928, 17.4748], [78.34931, 17.47554], [78.34932, 17.47582], [78.34934, 17.47601], [78.3494, 17.47625], [78.34947, 17.47648], [78.34955, 17.47671], [78.34961, 17.47691], [78.34966, 17.47715], [78.3497, 17.47744], [78.34972, 17.47774], [78.34973, 17.47802], [78.34972, 17.4781], [78.34967, 17.47824], [78.34967, 17.47826], [78.34965, 17.47833], [78.34965, 17.47836], [78.34964, 17.47853], [78.34964, 17.47858], [78.34964, 17.47929], [78.34969, 17.48008], [78.34968, 17.48044], [78.34964, 17.48178], [78.34968, 17.48265], [78.35049, 17.48265], [78.35147, 17.48265], [78.35189, 17.48265]]]}}, {"type": "Feature", "properties": {"name": "109-HAFEEZPET", "hospital_count": 28, "circle": "21-CHANDA NAGAR", "zone": "SERILINGAMPALLY ZONE", "ward_no": 109}, "geometry": {"type": "Polygon", "coordinates": [[[78.35863, 17.49449], [78.35859, 17.49402], [78.3586, 17.49397], [78.35861, 17.49392], [78.35863, 17.49389], [78.35867, 17.49387], [78.35873, 17.49385], [78.35878, 17.49384], [78.35883, 17.49381], [78.35889, 17.49375], [78.35897, 17.49367], [78.35902, 17.49357], [78.35914, 17.49327], [78.35936, 17.49277], [78.35955, 17.49241], [78.35965, 17.49224], [78.35975, 17.49208], [78.35979, 17.49202], [78.35994, 17.4918], [78.35997, 17.4917], [78.36, 17.49154], [78.36003, 17.49129], [78.36003, 17.49111], [78.36003, 17.49097], [78.36002, 17.49085], [78.35999, 17.49069], [78.35992, 17.49049], [78.3597, 17.48997], [78.35958, 17.48952], [78.35955, 17.4894], [78.35955, 17.48932], [78.3596, 17.48922], [78.35964, 17.48919], [78.35968, 17.48915], [78.35973, 17.48911], [78.35973, 17.48911], [78.35993, 17.48902], [78.36064, 17.48876], [78.36108, 17.48866], [78.36112, 17.48865], [78.36097, 17.48795], [78.36096, 17.4879], [78.36117, 17.48781], [78.36133, 17.48772], [78.3614, 17.48754], [78.36144, 17.48718], [78.36152, 17.48703], [78.36186, 17.48679], [78.36188, 17.48675], [78.36188, 17.48673], [78.36191, 17.48669], [78.36193, 17.48664], [78.36209, 17.48657], [78.36233, 17.48657], [78.36252, 17.48649], [78.3626, 17.48643], [78.36262, 17.48641], [78.36269, 17.48633], [78.36296, 17.48591], [78.36328, 17.48581], [78.36328, 17.48585], [78.3633, 17.48591], [78.36346, 17.48591], [78.36346, 17.4858], [78.36339, 17.48349], [78.36339, 17.48345], [78.36134, 17.48379], [78.36105, 17.48387], [78.36063, 17.48405], [78.36039, 17.48409], [78.36034, 17.4841], [78.36038, 17.48388], [78.36049, 17.48336], [78.36058, 17.48271], [78.35994, 17.4827], [78.35959, 17.48269], [78.35831, 17.4827], [78.35698, 17.48269], [78.35539, 17.48267], [78.35527, 17.48267], [78.35409, 17.48266], [78.35354, 17.48265], [78.35189, 17.48265], [78.35147, 17.48265], [78.35049, 17.48265], [78.34968, 17.48265], [78.34948, 17.48265], [78.34885, 17.48267], [78.34836, 17.48274], [78.34808, 17.48279], [78.34744, 17.48296], [78.34697, 17.48312], [78.34664, 17.48326], [78.3463, 17.48344], [78.34591, 17.48371], [78.34559, 17.48397], [78.34522, 17.48428], [78.34509, 17.48439], [78.34454, 17.48486], [78.34397, 17.48535], [78.34332, 17.48595], [78.34273, 17.48646], [78.34204, 17.48706], [78.34152, 17.48751], [78.34106, 17.48787], [78.34076, 17.48807], [78.34056, 17.48818], [78.34027, 17.48833], [78.33989, 17.48851], [78.33973, 17.48855], [78.33949, 17.48862], [78.33918, 17.48868], [78.33903, 17.48871], [78.33876, 17.48874], [78.33844, 17.48875], [78.33813, 17.48874], [78.33777, 17.48871], [78.33708, 17.48857], [78.33693, 17.48852], [78.33628, 17.48833], [78.33535, 17.48805], [78.33282, 17.4873], [78.33232, 17.48712], [78.33225, 17.4871], [78.3318, 17.48697], [78.33125, 17.48681], [78.33082, 17.48671], [78.3308, 17.48671], [78.33055, 17.48668], [78.33037, 17.48666], [78.32987, 17.48664], [78.32942, 17.48666], [78.32904, 17.48669], [78.32889, 17.4867], [78.32858, 17.48673], [78.32787, 17.48682], [78.32779, 17.48683], [78.32778, 17.48765], [78.32777, 17.48796], [78.32777, 17.48825], [78.32776, 17.48872], [78.32776, 17.48887], [78.32774, 17.49071], [78.32731, 17.49077], [78.32691, 17.49083], [78.32683, 17.49084], [78.32561, 17.49101], [78.32452, 17.49117], [78.32453, 17.49123], [78.32462, 17.49166], [78.32509, 17.49397], [78.32621, 17.49386], [78.3266, 17.49382], [78.3266, 17.49382], [78.32668, 17.49438], [78.32672, 17.49468], [78.32676, 17.49497], [78.3285, 17.4949], [78.32943, 17.49491], [78.3317, 17.49505], [78.333, 17.49531], [78.33411, 17.49551], [78.33486, 17.49553], [78.33653, 17.49546], [78.33732, 17.49544], [78.33952, 17.49512], [78.33998, 17.49509], [78.34047, 17.49511], [78.34201, 17.49519], [78.3428, 17.49514], [78.34349, 17.49509], [78.34437, 17.49502], [78.34516, 17.4949], [78.34601, 17.49478], [78.34644, 17.49473], [78.34669, 17.49468], [78.34705, 17.49461], [78.34708, 17.4946], [78.34768, 17.49447], [78.348, 17.49436], [78.34857, 17.49416], [78.3491, 17.49403], [78.34952, 17.49398], [78.34981, 17.49396], [78.35039, 17.494], [78.35149, 17.49417], [78.35263, 17.49439], [78.35416, 17.49478], [78.35493, 17.49501], [78.35612, 17.49533], [78.35731, 17.49564], [78.35833, 17.49589], [78.35846, 17.49541], [78.35858, 17.49493], [78.35862, 17.49473], [78.35863, 17.49449]]]}}, {"type": "Feature", "properties": {"name": "118-FATEH NAGAR", "hospital_count": 13, "circle": "23-MOOSAPET", "zone": "KUKATPALLY ZONE", "ward_no": 118}, "geometry": {"type": "Polygon", "coordinates": [[[78.42814, 17.4732], [78.42838, 17.47307], [78.42922, 17.47276], [78.43086, 17.47219], [78.43201, 17.47184], [78.43332, 17.47142], [78.435, 17.47091], [78.43547, 17.47076], [78.43652, 17.47041], [78.4376, 17.47004], [78.43788, 17.46994], [78.43836, 17.46978], [78.43967, 17.46935], [78.441, 17.4689], [78.44206, 17.46851], [78.44298, 17.4682], [78.44347, 17.46803], [78.4442, 17.46772], [78.44511, 17.4673], [78.44514, 17.46729], [78.44648, 17.46665], [78.44653, 17.46662], [78.44791, 17.46597], [78.44889, 17.4655], [78.44983, 17.46506], [78.45116, 17.46444], [78.45204, 17.46401], [78.45253, 17.46377], [78.45275, 17.46369], [78.45304, 17.46364], [78.45345, 17.46356], [78.45375, 17.4635], [78.45398, 17.46346], [78.45448, 17.46347], [78.45531, 17.46356], [78.45616, 17.46363], [78.45713, 17.46375], [78.45813, 17.46385], [78.45833, 17.46385], [78.45858, 17.46383], [78.4589, 17.46376], [78.45959, 17.46356], [78.46061, 17.46317], [78.46086, 17.46309], [78.46094, 17.46306], [78.46108, 17.46301], [78.46158, 17.46284], [78.46123, 17.46175], [78.4607, 17.46013], [78.46034, 17.45919], [78.45987, 17.45778], [78.45953, 17.45788], [78.45902, 17.45805], [78.45866, 17.45824], [78.45817, 17.45858], [78.45785, 17.45885], [78.45757, 17.45901], [78.45731, 17.45913], [78.45677, 17.45936], [78.45668, 17.45939], [78.45608, 17.45965], [78.4554, 17.45995], [78.45506, 17.46006], [78.45487, 17.45995], [78.45474, 17.45979], [78.45467, 17.45971], [78.45457, 17.45957], [78.4545, 17.45906], [78.45453, 17.45849], [78.45459, 17.45827], [78.45463, 17.45819], [78.4548, 17.45786], [78.45489, 17.45763], [78.45496, 17.45743], [78.45497, 17.45736], [78.45497, 17.45704], [78.45494, 17.4568], [78.45468, 17.45635], [78.45403, 17.45551], [78.45371, 17.45511], [78.45357, 17.45479], [78.45354, 17.45464], [78.45354, 17.45448], [78.45356, 17.45432], [78.45361, 17.45409], [78.45372, 17.45387], [78.45385, 17.45368], [78.45385, 17.45368], [78.45395, 17.45209], [78.45395, 17.45139], [78.45391, 17.4509], [78.45386, 17.45068], [78.45377, 17.45049], [78.4536, 17.4502], [78.45353, 17.45009], [78.45348, 17.45003], [78.45335, 17.44995], [78.45333, 17.44993], [78.45314, 17.44987], [78.45289, 17.44973], [78.45272, 17.44948], [78.45258, 17.44921], [78.45246, 17.44877], [78.45242, 17.44845], [78.45238, 17.44812], [78.45235, 17.44764], [78.45195, 17.44735], [78.45175, 17.44721], [78.45169, 17.44753], [78.4514, 17.44906], [78.45124, 17.44998], [78.45111, 17.45068], [78.4508, 17.45236], [78.45056, 17.45364], [78.45044, 17.45428], [78.45018, 17.45569], [78.45001, 17.45663], [78.44982, 17.45763], [78.44964, 17.45822], [78.44963, 17.45825], [78.44962, 17.45827], [78.44952, 17.45853], [78.44937, 17.45882], [78.44912, 17.45922], [78.44876, 17.45965], [78.44831, 17.46006], [78.4478, 17.46041], [78.44738, 17.46059], [78.44714, 17.46069], [78.44671, 17.46083], [78.44628, 17.46091], [78.44603, 17.46094], [78.44562, 17.46099], [78.44459, 17.46106], [78.44427, 17.46108], [78.44373, 17.46111], [78.44265, 17.46117], [78.4424, 17.46118], [78.44017, 17.46131], [78.4384, 17.46145], [78.43687, 17.46158], [78.43575, 17.46164], [78.43345, 17.46183], [78.43133, 17.46196], [78.43128, 17.46196], [78.43108, 17.46238], [78.42993, 17.4626], [78.42912, 17.46334], [78.42869, 17.4635], [78.42806, 17.46381], [78.42734, 17.4641], [78.42678, 17.46435], [78.42725, 17.46539], [78.42693, 17.46552], [78.42665, 17.46566], [78.42583, 17.46601], [78.42556, 17.46619], [78.42539, 17.46641], [78.42562, 17.46667], [78.42566, 17.46673], [78.4258, 17.46699], [78.42606, 17.46749], [78.42621, 17.46773], [78.42641, 17.46803], [78.42666, 17.46835], [78.42684, 17.4686], [78.4271, 17.46906], [78.42722, 17.46925], [78.42751, 17.46956], [78.42753, 17.46959], [78.42755, 17.46961], [78.42761, 17.46968], [78.42748, 17.46967], [78.42715, 17.47029], [78.42578, 17.47226], [78.42574, 17.47233], [78.42534, 17.47289], [78.42507, 17.47329], [78.42499, 17.47341], [78.42496, 17.47346], [78.42484, 17.47363], [78.42484, 17.47364], [78.42459, 17.47402], [78.42417, 17.47463], [78.42393, 17.47497], [78.42379, 17.47517], [78.42357, 17.47549], [78.42351, 17.47558], [78.42347, 17.47565], [78.42338, 17.47584], [78.42334, 17.47592], [78.42439, 17.47524], [78.42614, 17.47427], [78.4272, 17.47369], [78.4274, 17.47359], [78.42786, 17.47335], [78.42814, 17.4732]]]}}, {"type": "Feature", "properties": {"name": "143-TARNAKA", "hospital_count": 9, "circle": "29-SECUNDERABAD", "zone": "SECUNDERABAD ZONE", "ward_no": 143}, "geometry": {"type": "MultiPolygon", "coordinates": [[[[78.54685, 17.44312], [78.54721, 17.44283], [78.54667, 17.4415], [78.54662, 17.44108], [78.5467, 17.44087], [78.54703, 17.44073], [78.54721, 17.44078], [78.54763, 17.44139], [78.54774, 17.44146], [78.54794, 17.44143], [78.54807, 17.44133], [78.54789, 17.44062], [78.54787, 17.44003], [78.54796, 17.43983], [78.54802, 17.43975], [78.54815, 17.43966], [78.54838, 17.43956], [78.54856, 17.43951], [78.54858, 17.43915], [78.54879, 17.43909], [78.54897, 17.43894], [78.54898, 17.43894], [78.54891, 17.43869], [78.5488, 17.43823], [78.54865, 17.43757], [78.54867, 17.43703], [78.54869, 17.43628], [78.5487, 17.436], [78.54872, 17.43582], [78.54872, 17.4358], [78.54873, 17.43557], [78.54872, 17.43557], [78.54814, 17.43456], [78.54805, 17.43459], [78.54796, 17.43461], [78.54773, 17.43466], [78.54764, 17.43466], [78.54762, 17.43462], [78.54759, 17.43455], [78.54756, 17.43452], [78.54744, 17.43451], [78.5473, 17.43451], [78.54721, 17.43446], [78.54713, 17.43437], [78.54707, 17.4343], [78.54704, 17.43424], [78.54704, 17.43413], [78.54704, 17.43386], [78.54703, 17.43375], [78.54701, 17.43362], [78.54699, 17.43349], [78.54698, 17.43335], [78.54702, 17.43326], [78.54708, 17.43316], [78.54709, 17.43308], [78.54706, 17.43297], [78.54705, 17.43284], [78.54708, 17.43269], [78.54711, 17.43258], [78.54709, 17.4325], [78.547, 17.43225], [78.54682, 17.43231], [78.54674, 17.43234], [78.54656, 17.4324], [78.5464, 17.43247], [78.54619, 17.43255], [78.54596, 17.43265], [78.54587, 17.43268], [78.54587, 17.43264], [78.54587, 17.43215], [78.54584, 17.43196], [78.54583, 17.4319], [78.54576, 17.43131], [78.54553, 17.43063], [78.54548, 17.43025], [78.5452, 17.42928], [78.54519, 17.4291], [78.54488, 17.42843], [78.54516, 17.42834], [78.54513, 17.42832], [78.54498, 17.42787], [78.54494, 17.42777], [78.5447, 17.42778], [78.54452, 17.42782], [78.5442, 17.42784], [78.544, 17.42771], [78.5434, 17.42703], [78.543, 17.42654], [78.54292, 17.42641], [78.54279, 17.42611], [78.54263, 17.4258], [78.54242, 17.42547], [78.54226, 17.42556], [78.54218, 17.4256], [78.54214, 17.42559], [78.542, 17.42541], [78.54195, 17.42534], [78.54188, 17.42522], [78.54166, 17.425], [78.54153, 17.42488], [78.54122, 17.42458], [78.54121, 17.42459], [78.54082, 17.42423], [78.54018, 17.42481], [78.53981, 17.42516], [78.53963, 17.42531], [78.53957, 17.42537], [78.53904, 17.42594], [78.53579, 17.42472], [78.5356, 17.42481], [78.53534, 17.42491], [78.53503, 17.42496], [78.53476, 17.42501], [78.53464, 17.42503], [78.53442, 17.42507], [78.53422, 17.4251], [78.53385, 17.42519], [78.53369, 17.42524], [78.53332, 17.42536], [78.5333, 17.42536], [78.53292, 17.4255], [78.53218, 17.42585], [78.53164, 17.42617], [78.53092, 17.42677], [78.53092, 17.42677], [78.53146, 17.42722], [78.53211, 17.42776], [78.53341, 17.42902], [78.53445, 17.43007], [78.53532, 17.43095], [78.53605, 17.43178], [78.53695, 17.43278], [78.5381, 17.43333], [78.53824, 17.43343], [78.53823, 17.43344], [78.53804, 17.43345], [78.53782, 17.43349], [78.53766, 17.43352], [78.5373, 17.43361], [78.53694, 17.43376], [78.53675, 17.43383], [78.53671, 17.43385], [78.5365, 17.43398], [78.53626, 17.43413], [78.53614, 17.4342], [78.53611, 17.43423], [78.53594, 17.4344], [78.53618, 17.43492], [78.53629, 17.43521], [78.5365, 17.43581], [78.53728, 17.43569], [78.53729, 17.43578], [78.53736, 17.43587], [78.53805, 17.43671], [78.53858, 17.43735], [78.53865, 17.43744], [78.53835, 17.43746], [78.53842, 17.43884], [78.53848, 17.43963], [78.53859, 17.44026], [78.53857, 17.44033], [78.53852, 17.44044], [78.53846, 17.44061], [78.53846, 17.44062], [78.53836, 17.44065], [78.53832, 17.44089], [78.5383, 17.44112], [78.53892, 17.44148], [78.53953, 17.44156], [78.54006, 17.44211], [78.54003, 17.44213], [78.54013, 17.44225], [78.54032, 17.44251], [78.54033, 17.44252], [78.541, 17.44238], [78.54104, 17.44257], [78.54113, 17.44289], [78.54116, 17.44306], [78.54118, 17.44326], [78.54121, 17.44342], [78.54174, 17.44328], [78.54208, 17.44318], [78.54234, 17.44311], [78.54294, 17.443], [78.54332, 17.44295], [78.5434, 17.44337], [78.54341, 17.4435], [78.54337, 17.44358], [78.54344, 17.44373], [78.54357, 17.44428], [78.54366, 17.44465], [78.54399, 17.44462], [78.54432, 17.44452], [78.54484, 17.44435], [78.54521, 17.44421], [78.54539, 17.44412], [78.54567, 17.44394], [78.54629, 17.4435], [78.54685, 17.44312]]], [[[78.52062, 17.4268], [78.52082, 17.4268], [78.5209, 17.4268], [78.52147, 17.42665], [78.52194, 17.42651], [78.52273, 17.42634], [78.52322, 17.42623], [78.52372, 17.42613], [78.52417, 17.42605], [78.52417, 17.42604], [78.52414, 17.42601], [78.52358, 17.42566], [78.52337, 17.42546], [78.5228, 17.42519], [78.5224, 17.42495], [78.52206, 17.4248], [78.52189, 17.42473], [78.52187, 17.4247], [78.52176, 17.42461], [78.52169, 17.42453], [78.52176, 17.42437], [78.52212, 17.42407], [78.52325, 17.4234], [78.52361, 17.42317], [78.52392, 17.42293], [78.52415, 17.42277], [78.5242, 17.42284], [78.52433, 17.42274], [78.52436, 17.42272], [78.52444, 17.42252], [78.52444, 17.42243], [78.52442, 17.42226], [78.52439, 17.42194], [78.52436, 17.42172], [78.52432, 17.42146], [78.52427, 17.42117], [78.52425, 17.42102], [78.52397, 17.42105], [78.52369, 17.42109], [78.52369, 17.42088], [78.52368, 17.42069], [78.52368, 17.42056], [78.52368, 17.42042], [78.52367, 17.42035], [78.52367, 17.42023], [78.52365, 17.41991], [78.52364, 17.41982], [78.52346, 17.41982], [78.52346, 17.41979], [78.52348, 17.41967], [78.52349, 17.41951], [78.52348, 17.4194], [78.52338, 17.4194], [78.52317, 17.41943], [78.52279, 17.41947], [78.52276, 17.41947], [78.52265, 17.41948], [78.52256, 17.41952], [78.5223, 17.41969], [78.52214, 17.41979], [78.52173, 17.42002], [78.52138, 17.42022], [78.52095, 17.42045], [78.52084, 17.42051], [78.52065, 17.42061], [78.52051, 17.42064], [78.52039, 17.42067], [78.52041, 17.42074], [78.52065, 17.42166], [78.52076, 17.42205], [78.521, 17.42302], [78.52111, 17.42363], [78.52117, 17.42404], [78.52118, 17.42469], [78.52118, 17.42505], [78.52107, 17.42557], [78.52102, 17.42584], [78.5209, 17.42616], [78.52074, 17.42655], [78.52062, 17.4268], [78.52062, 17.4268]]]]}}, {"type": "Feature", "properties": {"name": "8-HABSIGUDA", "hospital_count": 13, "circle": "2-UPPAL", "zone": "L.B.NAGAR ZONE", "ward_no": 8}, "geometry": {"type": "Polygon", "coordinates": [[[78.53579, 17.42472], [78.53592, 17.42465], [78.53623, 17.42442], [78.53659, 17.42409], [78.53711, 17.42354], [78.53752, 17.42304], [78.53807, 17.42244], [78.5384, 17.42218], [78.53878, 17.42189], [78.53923, 17.42157], [78.53962, 17.4213], [78.53991, 17.42105], [78.54026, 17.42066], [78.54041, 17.42046], [78.54082, 17.41992], [78.54092, 17.4198], [78.54117, 17.41943], [78.54137, 17.41921], [78.54166, 17.41892], [78.54194, 17.41868], [78.54269, 17.418], [78.54329, 17.41746], [78.54396, 17.41686], [78.54463, 17.41629], [78.54522, 17.41579], [78.54533, 17.4157], [78.5453, 17.41567], [78.5453, 17.41567], [78.54588, 17.41517], [78.5469, 17.41428], [78.54758, 17.41367], [78.54886, 17.41256], [78.55051, 17.41102], [78.55216, 17.40955], [78.55421, 17.40749], [78.55478, 17.40666], [78.55533, 17.40611], [78.5566, 17.40471], [78.55823, 17.40297], [78.55845, 17.40283], [78.56014, 17.40174], [78.56021, 17.40153], [78.55959, 17.40143], [78.55754, 17.40128], [78.55636, 17.40119], [78.55563, 17.40114], [78.55502, 17.40112], [78.55389, 17.40115], [78.55154, 17.40121], [78.54913, 17.40127], [78.54755, 17.4013], [78.54697, 17.40132], [78.54639, 17.40129], [78.54571, 17.40126], [78.54552, 17.40123], [78.54514, 17.40118], [78.54417, 17.40107], [78.54322, 17.40094], [78.54238, 17.40078], [78.5412, 17.40057], [78.54047, 17.40045], [78.53987, 17.4003], [78.53955, 17.4002], [78.53941, 17.40015], [78.53941, 17.40015], [78.5391, 17.40001], [78.5386, 17.39982], [78.53777, 17.39955], [78.53663, 17.3992], [78.53629, 17.39909], [78.53491, 17.39865], [78.53438, 17.39839], [78.53328, 17.39794], [78.53301, 17.39786], [78.53305, 17.39775], [78.53314, 17.39747], [78.53327, 17.39696], [78.53329, 17.39693], [78.53343, 17.3964], [78.53359, 17.39571], [78.5336, 17.39562], [78.53337, 17.39556], [78.53337, 17.39552], [78.53343, 17.39525], [78.53352, 17.39487], [78.5336, 17.39451], [78.53362, 17.39444], [78.53364, 17.3944], [78.53365, 17.39354], [78.5336, 17.39321], [78.53355, 17.39275], [78.53353, 17.39241], [78.53335, 17.39246], [78.53334, 17.39241], [78.53326, 17.39206], [78.53318, 17.39177], [78.53312, 17.39151], [78.53305, 17.39128], [78.53322, 17.39115], [78.53366, 17.39087], [78.53345, 17.39053], [78.53372, 17.39038], [78.53353, 17.39007], [78.53351, 17.39005], [78.53351, 17.38985], [78.53351, 17.38985], [78.53353, 17.38959], [78.53345, 17.38958], [78.53322, 17.38951], [78.5329, 17.38943], [78.5329, 17.38944], [78.5327, 17.38939], [78.53246, 17.38932], [78.53237, 17.38931], [78.5323, 17.38931], [78.53198, 17.38936], [78.53146, 17.38946], [78.53146, 17.38943], [78.5315, 17.38943], [78.53148, 17.38927], [78.53141, 17.38894], [78.53141, 17.38892], [78.53139, 17.38877], [78.53137, 17.38866], [78.53132, 17.38838], [78.53131, 17.38834], [78.53122, 17.38796], [78.53116, 17.38769], [78.53113, 17.3877], [78.53112, 17.38765], [78.53109, 17.38747], [78.53108, 17.38728], [78.53105, 17.38705], [78.53097, 17.38665], [78.53092, 17.38646], [78.53065, 17.38564], [78.53054, 17.38541], [78.53072, 17.38536], [78.53067, 17.38522], [78.53062, 17.38506], [78.53075, 17.38502], [78.53067, 17.38472], [78.53059, 17.3844], [78.53087, 17.38432], [78.53099, 17.3843], [78.53115, 17.38426], [78.53136, 17.38421], [78.53157, 17.38416], [78.53186, 17.38408], [78.53183, 17.38406], [78.5317, 17.38399], [78.53157, 17.38394], [78.53143, 17.38391], [78.53122, 17.38384], [78.53112, 17.38381], [78.53084, 17.38367], [78.53073, 17.38359], [78.53058, 17.38345], [78.53048, 17.38333], [78.53044, 17.38326], [78.53039, 17.38309], [78.53033, 17.3828], [78.53019, 17.38253], [78.53009, 17.38236], [78.52987, 17.38206], [78.52962, 17.38169], [78.52946, 17.38145], [78.5293, 17.38116], [78.52916, 17.38074], [78.52907, 17.38049], [78.52894, 17.38024], [78.5287, 17.38], [78.52839, 17.37988], [78.5279, 17.37986], [78.52744, 17.37991], [78.52708, 17.38001], [78.52694, 17.38008], [78.52685, 17.38021], [78.52678, 17.38034], [78.52667, 17.38045], [78.52656, 17.3805], [78.52656, 17.3805], [78.52649, 17.38052], [78.52658, 17.38074], [78.52662, 17.38073], [78.52685, 17.3806], [78.5273, 17.3804], [78.5278, 17.38026], [78.52795, 17.38026], [78.52802, 17.38034], [78.52808, 17.38056], [78.52808, 17.38061], [78.52811, 17.38073], [78.52814, 17.38095], [78.52827, 17.38159], [78.52826, 17.38166], [78.52826, 17.38174], [78.52825, 17.38216], [78.5281, 17.38265], [78.52799, 17.38295], [78.52795, 17.38325], [78.52801, 17.38341], [78.52799, 17.38344], [78.52802, 17.38355], [78.52797, 17.38359], [78.52742, 17.38378], [78.52749, 17.38393], [78.52719, 17.38407], [78.52723, 17.38436], [78.52727, 17.38467], [78.5269, 17.38477], [78.52695, 17.38495], [78.52702, 17.38565], [78.52707, 17.38621], [78.52721, 17.38648], [78.52695, 17.38651], [78.52718, 17.38745], [78.52739, 17.38831], [78.52741, 17.38843], [78.52747, 17.38872], [78.52752, 17.389], [78.52759, 17.38921], [78.52761, 17.38933], [78.52766, 17.38947], [78.52768, 17.38955], [78.52771, 17.38969], [78.52775, 17.38984], [78.52776, 17.38992], [78.52776, 17.38994], [78.52776, 17.38998], [78.52775, 17.39008], [78.52774, 17.39023], [78.52772, 17.3905], [78.52772, 17.39052], [78.52778, 17.39059], [78.52776, 17.39149], [78.52744, 17.39149], [78.52747, 17.39214], [78.52759, 17.39267], [78.52782, 17.39281], [78.52786, 17.39308], [78.52791, 17.39373], [78.52794, 17.39405], [78.52795, 17.3942], [78.52795, 17.39427], [78.52794, 17.39437], [78.52796, 17.39453], [78.52796, 17.39464], [78.52797, 17.39467], [78.52796, 17.39496], [78.52795, 17.3951], [78.52811, 17.39517], [78.52815, 17.39518], [78.52819, 17.39529], [78.52824, 17.39541], [78.52836, 17.39561], [78.52852, 17.3957], [78.52848, 17.39597], [78.52876, 17.39608], [78.5289, 17.39614], [78.52901, 17.39619], [78.52904, 17.39627], [78.52904, 17.39627], [78.5287, 17.39646], [78.52837, 17.39662], [78.52834, 17.39663], [78.52785, 17.39687], [78.52778, 17.3969], [78.52798, 17.39824], [78.529, 17.3988], [78.52993, 17.39937], [78.53039, 17.40025], [78.53069, 17.40084], [78.53155, 17.40144], [78.53199, 17.40202], [78.53215, 17.40224], [78.53266, 17.40386], [78.53294, 17.40465], [78.53297, 17.40544], [78.5331, 17.40663], [78.53305, 17.40864], [78.53312, 17.40877], [78.53316, 17.40895], [78.53316, 17.40929], [78.53322, 17.40945], [78.53334, 17.40973], [78.5334, 17.41003], [78.53349, 17.41094], [78.53363, 17.41221], [78.53374, 17.41338], [78.53378, 17.41387], [78.53385, 17.41473], [78.53465, 17.41471], [78.53502, 17.41469], [78.53505, 17.41487], [78.5352, 17.41557], [78.53523, 17.41607], [78.5352, 17.41646], [78.53515, 17.41728], [78.53507, 17.41832], [78.535, 17.41913], [78.53445, 17.42078], [78.53266, 17.42184], [78.53222, 17.42213], [78.53221, 17.42241], [78.53225, 17.42266], [78.53274, 17.42271], [78.533, 17.42279], [78.53312, 17.4229], [78.5332, 17.42302], [78.53327, 17.42325], [78.53334, 17.42349], [78.53336, 17.42378], [78.53335, 17.42414], [78.53329, 17.4244], [78.53318, 17.42472], [78.53292, 17.4255], [78.5333, 17.42536], [78.53332, 17.42536], [78.53369, 17.42524], [78.53385, 17.42519], [78.53422, 17.4251], [78.53442, 17.42507], [78.53464, 17.42503], [78.53476, 17.42501], [78.53503, 17.42496], [78.53534, 17.42491], [78.5356, 17.42481], [78.53579, 17.42472]]]}}, {"type": "Feature", "properties": {"name": "40-RIYASATNAGAR", "hospital_count": 0, "circle": "8-CHANDRAYANGUTTA", "zone": "CHARMINAR ZONE", "ward_no": 40}, "geometry": {"type": "Polygon", "coordinates": [[[78.49609, 17.35004], [78.497, 17.34915], [78.49713, 17.34906], [78.49723, 17.34906], [78.49778, 17.34905], [78.49787, 17.34903], [78.49822, 17.34895], [78.49875, 17.34859], [78.49875, 17.34859], [78.49877, 17.34857], [78.499, 17.34844], [78.4992, 17.34833], [78.49935, 17.34824], [78.49953, 17.34812], [78.4996, 17.34808], [78.49972, 17.34799], [78.49979, 17.34789], [78.49986, 17.34779], [78.50004, 17.34762], [78.50011, 17.34756], [78.50013, 17.34754], [78.50031, 17.34738], [78.5004, 17.3473], [78.50059, 17.34728], [78.50125, 17.34722], [78.5016, 17.34714], [78.50165, 17.34713], [78.50166, 17.34702], [78.50167, 17.34693], [78.50169, 17.34685], [78.50179, 17.3468], [78.50179, 17.3468], [78.50177, 17.34663], [78.50175, 17.34643], [78.50172, 17.34613], [78.502, 17.34602], [78.50224, 17.34574], [78.50244, 17.34538], [78.50246, 17.34429], [78.50245, 17.34426], [78.50243, 17.34414], [78.50239, 17.34396], [78.50226, 17.34402], [78.5021, 17.34405], [78.50193, 17.34409], [78.50187, 17.34399], [78.50176, 17.34378], [78.50138, 17.34377], [78.50077, 17.34371], [78.50064, 17.3429], [78.50096, 17.34275], [78.50094, 17.34231], [78.50133, 17.34201], [78.50125, 17.34163], [78.50109, 17.34163], [78.5011, 17.34144], [78.50092, 17.34126], [78.50094, 17.3409], [78.50083, 17.34078], [78.50081, 17.34063], [78.50083, 17.34051], [78.50101, 17.34029], [78.50121, 17.33998], [78.5012, 17.3399], [78.50101, 17.33976], [78.50089, 17.3397], [78.50052, 17.33945], [78.50024, 17.33927], [78.49952, 17.33886], [78.49937, 17.33878], [78.49911, 17.33861], [78.49869, 17.33834], [78.49855, 17.33826], [78.49822, 17.33803], [78.49789, 17.3378], [78.4974, 17.33749], [78.49719, 17.33734], [78.49677, 17.33706], [78.49656, 17.33692], [78.49601, 17.33654], [78.49591, 17.33647], [78.49553, 17.3362], [78.49539, 17.3361], [78.49512, 17.33587], [78.49505, 17.33581], [78.49493, 17.3357], [78.49422, 17.33511], [78.49407, 17.33498], [78.49375, 17.33473], [78.49356, 17.33456], [78.49326, 17.33431], [78.49305, 17.33411], [78.49305, 17.3341], [78.49273, 17.33442], [78.49236, 17.33468], [78.49219, 17.33497], [78.49213, 17.33526], [78.49218, 17.33557], [78.4923, 17.33585], [78.4923, 17.33608], [78.49225, 17.33638], [78.49212, 17.33673], [78.49186, 17.33728], [78.49172, 17.33752], [78.49138, 17.33783], [78.49129, 17.33804], [78.49112, 17.33843], [78.49098, 17.33883], [78.49079, 17.33938], [78.49079, 17.33938], [78.49129, 17.33943], [78.49171, 17.33946], [78.49178, 17.3399], [78.49167, 17.33991], [78.49163, 17.34013], [78.4918, 17.34013], [78.49178, 17.34034], [78.49173, 17.34042], [78.49161, 17.34122], [78.49138, 17.34128], [78.49135, 17.34138], [78.49119, 17.34153], [78.49114, 17.34182], [78.49161, 17.34205], [78.49197, 17.3421], [78.49236, 17.34214], [78.49264, 17.34215], [78.49296, 17.34216], [78.49328, 17.34225], [78.49357, 17.34232], [78.49362, 17.34232], [78.49391, 17.34243], [78.49419, 17.34256], [78.49418, 17.34265], [78.49413, 17.34315], [78.49412, 17.34417], [78.49418, 17.34522], [78.49484, 17.34517], [78.49493, 17.34577], [78.4947, 17.34577], [78.4947, 17.34612], [78.4949, 17.34614], [78.49495, 17.3469], [78.49503, 17.34753], [78.49513, 17.34753], [78.49514, 17.34795], [78.49521, 17.34828], [78.49526, 17.34856], [78.49531, 17.34857], [78.4954, 17.34861], [78.49555, 17.34884], [78.4957, 17.34917], [78.495, 17.34926], [78.49503, 17.34937], [78.49498, 17.34938], [78.49507, 17.34944], [78.49514, 17.34963], [78.49538, 17.34984], [78.49571, 17.34983], [78.49571, 17.35001], [78.49572, 17.3501], [78.49575, 17.35037], [78.49583, 17.3503], [78.49598, 17.35015], [78.49609, 17.35004]]]}}, {"type": "Feature", "properties": {"name": "36-LALITHABAGH", "hospital_count": 2, "circle": "8-CHANDRAYANGUTTA", "zone": "CHARMINAR ZONE", "ward_no": 36}, "geometry": {"type": "Polygon", "coordinates": [[[78.49571, 17.35001], [78.49571, 17.34983], [78.49538, 17.34984], [78.49514, 17.34963], [78.49507, 17.34944], [78.49498, 17.34938], [78.49503, 17.34937], [78.495, 17.34926], [78.4957, 17.34917], [78.49555, 17.34884], [78.4954, 17.34861], [78.49531, 17.34857], [78.49526, 17.34856], [78.49521, 17.34828], [78.49514, 17.34795], [78.49513, 17.34753], [78.49503, 17.34753], [78.49495, 17.3469], [78.4949, 17.34614], [78.4947, 17.34612], [78.4947, 17.34577], [78.49493, 17.34577], [78.49484, 17.34517], [78.49418, 17.34522], [78.49412, 17.34417], [78.49413, 17.34315], [78.49418, 17.34265], [78.49419, 17.34256], [78.49391, 17.34243], [78.49362, 17.34232], [78.49357, 17.34232], [78.49328, 17.34225], [78.49296, 17.34216], [78.49264, 17.34215], [78.49236, 17.34214], [78.49197, 17.3421], [78.49161, 17.34205], [78.49114, 17.34182], [78.49119, 17.34153], [78.49135, 17.34138], [78.49138, 17.34128], [78.49161, 17.34122], [78.49173, 17.34042], [78.49178, 17.34034], [78.4918, 17.34013], [78.49163, 17.34013], [78.49167, 17.33991], [78.49178, 17.3399], [78.49171, 17.33946], [78.49129, 17.33943], [78.49079, 17.33938], [78.49079, 17.33938], [78.49071, 17.33946], [78.4906, 17.3397], [78.49047, 17.34008], [78.49028, 17.34034], [78.49011, 17.34067], [78.48987, 17.34098], [78.48988, 17.34099], [78.48982, 17.34112], [78.48954, 17.34119], [78.48891, 17.34131], [78.48788, 17.34161], [78.4874, 17.34179], [78.48704, 17.3419], [78.48702, 17.34186], [78.48695, 17.34198], [78.48679, 17.3421], [78.48652, 17.34224], [78.48617, 17.34235], [78.48589, 17.34244], [78.48527, 17.34243], [78.48483, 17.34234], [78.48456, 17.34232], [78.48438, 17.3423], [78.48392, 17.34228], [78.48364, 17.34226], [78.48367, 17.34235], [78.48379, 17.34264], [78.48388, 17.34277], [78.48425, 17.3432], [78.48464, 17.34367], [78.48513, 17.34425], [78.48581, 17.34496], [78.48623, 17.34544], [78.48664, 17.34591], [78.48668, 17.34595], [78.48677, 17.34606], [78.4873, 17.34669], [78.48783, 17.3473], [78.48792, 17.34743], [78.488, 17.34753], [78.48837, 17.34798], [78.48869, 17.34838], [78.48901, 17.34884], [78.4893, 17.34936], [78.48945, 17.34963], [78.4895, 17.34973], [78.48978, 17.35036], [78.48982, 17.35049], [78.48994, 17.35087], [78.49002, 17.35126], [78.49008, 17.35153], [78.49016, 17.35192], [78.49028, 17.35259], [78.49036, 17.35302], [78.49059, 17.35428], [78.49095, 17.35415], [78.49128, 17.35406], [78.49159, 17.35404], [78.49194, 17.3538], [78.49196, 17.35379], [78.49233, 17.35358], [78.49286, 17.35328], [78.49304, 17.35316], [78.49335, 17.35296], [78.4937, 17.35258], [78.49409, 17.35209], [78.4946, 17.35156], [78.4948, 17.35135], [78.49516, 17.35097], [78.49538, 17.35072], [78.49575, 17.35037], [78.49572, 17.3501], [78.49571, 17.35001]]]}}, {"type": "Feature", "properties": {"name": "34-TALABCHANCHALAM", "hospital_count": 0, "circle": "7-SANTOSH NAGAR", "zone": "CHARMINAR ZONE", "ward_no": 34}, "geometry": {"type": "Polygon", "coordinates": [[[78.4887, 17.35441], [78.48916, 17.35428], [78.48934, 17.35429], [78.48935, 17.3543], [78.48935, 17.3543], [78.48956, 17.35434], [78.48976, 17.35437], [78.49, 17.35438], [78.49017, 17.35435], [78.49023, 17.35434], [78.49033, 17.35433], [78.49059, 17.35428], [78.49036, 17.35302], [78.49028, 17.35259], [78.49016, 17.35192], [78.49008, 17.35153], [78.49002, 17.35126], [78.48994, 17.35087], [78.48982, 17.35049], [78.48978, 17.35036], [78.4895, 17.34973], [78.48945, 17.34963], [78.4893, 17.34936], [78.48901, 17.34884], [78.48869, 17.34838], [78.48837, 17.34798], [78.488, 17.34753], [78.48792, 17.34743], [78.48783, 17.3473], [78.4873, 17.34669], [78.48677, 17.34606], [78.48668, 17.34595], [78.48604, 17.34642], [78.48584, 17.34664], [78.48574, 17.34677], [78.48562, 17.34693], [78.48545, 17.34726], [78.48536, 17.3474], [78.48526, 17.34752], [78.4851, 17.34762], [78.48489, 17.34774], [78.48454, 17.34787], [78.4839, 17.34805], [78.48379, 17.34806], [78.48379, 17.34853], [78.4838, 17.34896], [78.48382, 17.35013], [78.48382, 17.35019], [78.48379, 17.35062], [78.48379, 17.35068], [78.48379, 17.35071], [78.48379, 17.35072], [78.48379, 17.35073], [78.4838, 17.35077], [78.48381, 17.35083], [78.48382, 17.35089], [78.48383, 17.35094], [78.48382, 17.35098], [78.48381, 17.351], [78.48379, 17.35107], [78.48378, 17.35131], [78.48378, 17.35132], [78.48378, 17.35134], [78.48374, 17.35253], [78.4837, 17.35253], [78.48354, 17.35256], [78.48346, 17.35258], [78.48317, 17.35264], [78.48279, 17.35272], [78.48253, 17.35277], [78.48239, 17.3528], [78.4821, 17.35288], [78.48196, 17.3529], [78.48154, 17.35297], [78.48125, 17.35307], [78.48092, 17.35327], [78.48051, 17.35336], [78.48051, 17.35342], [78.48051, 17.35342], [78.48059, 17.35373], [78.4806, 17.3538], [78.48052, 17.35383], [78.48035, 17.35392], [78.48058, 17.35454], [78.48067, 17.35487], [78.48068, 17.35489], [78.48069, 17.35492], [78.48075, 17.35518], [78.48077, 17.35526], [78.48087, 17.35562], [78.48096, 17.3558], [78.48116, 17.35613], [78.48126, 17.35638], [78.48139, 17.35662], [78.4816, 17.357], [78.48164, 17.35698], [78.48186, 17.35683], [78.48194, 17.35678], [78.48369, 17.35556], [78.48402, 17.3554], [78.48438, 17.35532], [78.48658, 17.35498], [78.48691, 17.35491], [78.48718, 17.35485], [78.48769, 17.35471], [78.48821, 17.35456], [78.48846, 17.3545], [78.4887, 17.35441]]]}}, {"type": "Feature", "properties": {"name": "22-CHAITHANYAPURI", "hospital_count": 15, "circle": "5-SAROOR NAGAR", "zone": "L.B.NAGAR ZONE", "ward_no": 22}, "geometry": {"type": "Polygon", "coordinates": [[[78.52535, 17.37687], [78.52542, 17.37685], [78.52614, 17.37659], [78.52684, 17.37645], [78.52747, 17.37638], [78.52824, 17.37639], [78.5295, 17.37655], [78.53073, 17.37681], [78.53175, 17.37721], [78.53301, 17.37783], [78.53399, 17.37868], [78.53518, 17.37995], [78.53606, 17.38082], [78.53671, 17.38128], [78.53731, 17.38167], [78.53842, 17.38224], [78.53927, 17.38256], [78.5407, 17.38289], [78.54203, 17.38314], [78.5429, 17.38326], [78.54292, 17.38205], [78.54292, 17.38191], [78.5429, 17.38191], [78.5429, 17.38147], [78.54289, 17.38147], [78.54287, 17.38146], [78.54286, 17.38144], [78.54285, 17.38142], [78.54289, 17.38111], [78.54293, 17.38087], [78.54295, 17.38073], [78.54297, 17.38055], [78.54299, 17.3803], [78.54299, 17.37987], [78.54299, 17.37952], [78.54297, 17.3792], [78.54295, 17.37906], [78.54292, 17.37882], [78.54289, 17.37867], [78.54288, 17.37855], [78.54287, 17.37839], [78.54287, 17.37825], [78.54289, 17.37809], [78.5429, 17.37788], [78.54288, 17.37751], [78.54285, 17.37709], [78.54283, 17.37682], [78.5428, 17.37663], [78.54278, 17.37647], [78.54275, 17.37615], [78.54273, 17.37594], [78.54272, 17.37583], [78.54272, 17.37573], [78.54275, 17.37551], [78.54274, 17.37551], [78.54235, 17.3755], [78.54226, 17.37551], [78.54221, 17.37552], [78.54214, 17.37555], [78.54197, 17.37561], [78.54191, 17.37562], [78.54182, 17.37562], [78.54161, 17.37558], [78.54106, 17.37548], [78.54103, 17.37552], [78.54091, 17.37566], [78.54067, 17.37595], [78.5405, 17.37615], [78.54038, 17.37628], [78.54031, 17.37634], [78.54027, 17.37636], [78.54035, 17.37699], [78.54039, 17.37727], [78.54033, 17.37728], [78.5402, 17.3773], [78.54014, 17.37731], [78.54002, 17.37733], [78.53999, 17.37717], [78.53988, 17.37648], [78.53932, 17.37653], [78.53899, 17.37654], [78.53904, 17.37596], [78.53907, 17.37561], [78.53864, 17.37558], [78.53853, 17.37557], [78.53853, 17.37557], [78.53847, 17.37557], [78.53847, 17.37556], [78.53816, 17.37553], [78.53809, 17.37553], [78.53813, 17.37503], [78.53817, 17.37467], [78.53822, 17.37421], [78.53825, 17.37377], [78.53816, 17.37377], [78.53816, 17.37378], [78.53808, 17.37377], [78.53808, 17.37376], [78.538, 17.37375], [78.53765, 17.37371], [78.53765, 17.3737], [78.53773, 17.37306], [78.53778, 17.37258], [78.53793, 17.3725], [78.53796, 17.37243], [78.53824, 17.37244], [78.53826, 17.37224], [78.53833, 17.37168], [78.5384, 17.3712], [78.53873, 17.37127], [78.53916, 17.37139], [78.53945, 17.37148], [78.53983, 17.37157], [78.54011, 17.37131], [78.54039, 17.37138], [78.54092, 17.3715], [78.54091, 17.37146], [78.54086, 17.37111], [78.54086, 17.371], [78.54087, 17.37084], [78.54087, 17.37085], [78.5404, 17.37057], [78.5401, 17.37038], [78.53971, 17.36996], [78.53888, 17.369], [78.53818, 17.3681], [78.53813, 17.36811], [78.53798, 17.36815], [78.5378, 17.36818], [78.53761, 17.3682], [78.53743, 17.36822], [78.53727, 17.36824], [78.5371, 17.36826], [78.53676, 17.36828], [78.53634, 17.36829], [78.53591, 17.3683], [78.53514, 17.36832], [78.53416, 17.36834], [78.53323, 17.36835], [78.53254, 17.36837], [78.53235, 17.36838], [78.53192, 17.36839], [78.5315, 17.3684], [78.53079, 17.36842], [78.53026, 17.36843], [78.52964, 17.36844], [78.52909, 17.36845], [78.52855, 17.36847], [78.52807, 17.36848], [78.5277, 17.36849], [78.52749, 17.36849], [78.52718, 17.36849], [78.52718, 17.36849], [78.52544, 17.36851], [78.52462, 17.36857], [78.52468, 17.36874], [78.52478, 17.36918], [78.52486, 17.3697], [78.52485, 17.37034], [78.52428, 17.37034], [78.52433, 17.37006], [78.52436, 17.36991], [78.52435, 17.36991], [78.52435, 17.36991], [78.52409, 17.3699], [78.52407, 17.3699], [78.52391, 17.36989], [78.52356, 17.36986], [78.52366, 17.37021], [78.52406, 17.3716], [78.5241, 17.37172], [78.52435, 17.37283], [78.52466, 17.37428], [78.52489, 17.37548], [78.52535, 17.37687]]]}}, {"type": "Feature", "properties": {"name": "37-KURMAGUDA", "hospital_count": 2, "circle": "7-SANTOSH NAGAR", "zone": "CHARMINAR ZONE", "ward_no": 37}, "geometry": {"type": "Polygon", "coordinates": [[[78.504, 17.3622], [78.50418, 17.36145], [78.5045, 17.36041], [78.50482, 17.35932], [78.50503, 17.35862], [78.50524, 17.35796], [78.50537, 17.35725], [78.50555, 17.35651], [78.50557, 17.35628], [78.50584, 17.35539], [78.5063, 17.35419], [78.50639, 17.35365], [78.50667, 17.35234], [78.50604, 17.35217], [78.50547, 17.35194], [78.50491, 17.35164], [78.50402, 17.35118], [78.50358, 17.35086], [78.50276, 17.3504], [78.50269, 17.35036], [78.50249, 17.35025], [78.50237, 17.35019], [78.50245, 17.35068], [78.50233, 17.35119], [78.50215, 17.3516], [78.50209, 17.35179], [78.50205, 17.35205], [78.50205, 17.3521], [78.50205, 17.35236], [78.50204, 17.35241], [78.50204, 17.35262], [78.50203, 17.35276], [78.50204, 17.3528], [78.50172, 17.35279], [78.50159, 17.35279], [78.50143, 17.35278], [78.5013, 17.35278], [78.50118, 17.35277], [78.50094, 17.35276], [78.5009, 17.35276], [78.50091, 17.35267], [78.50091, 17.3526], [78.50088, 17.3526], [78.50083, 17.3526], [78.50079, 17.3526], [78.50076, 17.35275], [78.50071, 17.35274], [78.50049, 17.35273], [78.50033, 17.35272], [78.50016, 17.35273], [78.50009, 17.353], [78.49972, 17.35301], [78.49943, 17.35301], [78.49898, 17.353], [78.49895, 17.35414], [78.49895, 17.35479], [78.49895, 17.35497], [78.49895, 17.35502], [78.49895, 17.35502], [78.49854, 17.3549], [78.4974, 17.35484], [78.4964, 17.35481], [78.4955, 17.35501], [78.49506, 17.35507], [78.4949, 17.35509], [78.49486, 17.35486], [78.49459, 17.35444], [78.49438, 17.35424], [78.49398, 17.35399], [78.49373, 17.35384], [78.49342, 17.3536], [78.49312, 17.35323], [78.49304, 17.35316], [78.49286, 17.35328], [78.49233, 17.35358], [78.49196, 17.35379], [78.49197, 17.3538], [78.49203, 17.35388], [78.49211, 17.35408], [78.49211, 17.35414], [78.49211, 17.3542], [78.49201, 17.35469], [78.49195, 17.35502], [78.49183, 17.35529], [78.49171, 17.35547], [78.49176, 17.35551], [78.49182, 17.35549], [78.49207, 17.35543], [78.49215, 17.35543], [78.4924, 17.35544], [78.49272, 17.35545], [78.49298, 17.35548], [78.49336, 17.35552], [78.49343, 17.35554], [78.49368, 17.35561], [78.49379, 17.35565], [78.49398, 17.35571], [78.49446, 17.35579], [78.49481, 17.35586], [78.49545, 17.35601], [78.49543, 17.35664], [78.49555, 17.35666], [78.49564, 17.35668], [78.49574, 17.3567], [78.49585, 17.35675], [78.49593, 17.35673], [78.49593, 17.35673], [78.49602, 17.35675], [78.49606, 17.35675], [78.49604, 17.35683], [78.49601, 17.35706], [78.496, 17.35726], [78.49602, 17.35745], [78.49607, 17.35766], [78.4961, 17.35775], [78.49602, 17.35778], [78.49584, 17.358], [78.49586, 17.35808], [78.49601, 17.35853], [78.49626, 17.35957], [78.49629, 17.35956], [78.49635, 17.35955], [78.49667, 17.35951], [78.49683, 17.35947], [78.49706, 17.35941], [78.49706, 17.35943], [78.49718, 17.35981], [78.49736, 17.36045], [78.4975, 17.36073], [78.49761, 17.36123], [78.49756, 17.3615], [78.49905, 17.36166], [78.49983, 17.36171], [78.50047, 17.36179], [78.50053, 17.36177], [78.50053, 17.3618], [78.50067, 17.36182], [78.50113, 17.36187], [78.50223, 17.3619], [78.50278, 17.36201], [78.50317, 17.36209], [78.50375, 17.36221], [78.50392, 17.36223], [78.504, 17.3622]]]}}, {"type": "Feature", "properties": {"name": "31-REIN BAZAR", "hospital_count": 4, "circle": "7-SANTOSH NAGAR", "zone": "CHARMINAR ZONE", "ward_no": 31}, "geometry": {"type": "Polygon", "coordinates": [[[78.48847, 17.3617], [78.48867, 17.36169], [78.48913, 17.36169], [78.4898, 17.36164], [78.49003, 17.36163], [78.49032, 17.3616], [78.49072, 17.36156], [78.49115, 17.36152], [78.49122, 17.36151], [78.49128, 17.3612], [78.49128, 17.36114], [78.49137, 17.36099], [78.49152, 17.36082], [78.49202, 17.36086], [78.49234, 17.36091], [78.49252, 17.36092], [78.49264, 17.36092], [78.49283, 17.36071], [78.49306, 17.36046], [78.49308, 17.36045], [78.49336, 17.36012], [78.49346, 17.35999], [78.49382, 17.3597], [78.49412, 17.35956], [78.49482, 17.35899], [78.49586, 17.35808], [78.49584, 17.358], [78.49602, 17.35778], [78.4961, 17.35775], [78.49607, 17.35766], [78.49602, 17.35745], [78.496, 17.35726], [78.49601, 17.35706], [78.49604, 17.35683], [78.49606, 17.35675], [78.49602, 17.35675], [78.49593, 17.35673], [78.49593, 17.35673], [78.49585, 17.35675], [78.49574, 17.3567], [78.49564, 17.35668], [78.49555, 17.35666], [78.49543, 17.35664], [78.49545, 17.35601], [78.49481, 17.35586], [78.49446, 17.35579], [78.49398, 17.35571], [78.49379, 17.35565], [78.49368, 17.35561], [78.49343, 17.35554], [78.49336, 17.35552], [78.49298, 17.35548], [78.49272, 17.35545], [78.4924, 17.35544], [78.49215, 17.35543], [78.49207, 17.35543], [78.49182, 17.35549], [78.49176, 17.35551], [78.49171, 17.35547], [78.49183, 17.35529], [78.49195, 17.35502], [78.49201, 17.35469], [78.49211, 17.3542], [78.49211, 17.35414], [78.49211, 17.35408], [78.49203, 17.35388], [78.49197, 17.3538], [78.49196, 17.35379], [78.49194, 17.3538], [78.49159, 17.35404], [78.49128, 17.35406], [78.49095, 17.35415], [78.49059, 17.35428], [78.49033, 17.35433], [78.49023, 17.35434], [78.49017, 17.35435], [78.49, 17.35438], [78.48976, 17.35437], [78.48956, 17.35434], [78.48935, 17.3543], [78.48935, 17.3543], [78.48934, 17.35429], [78.48916, 17.35428], [78.4887, 17.35441], [78.48846, 17.3545], [78.48856, 17.3547], [78.489, 17.35554], [78.48906, 17.35566], [78.48923, 17.35605], [78.48955, 17.35657], [78.48966, 17.35678], [78.48963, 17.35681], [78.48934, 17.35698], [78.48879, 17.3573], [78.48842, 17.35743], [78.48792, 17.35771], [78.48729, 17.35806], [78.48673, 17.3583], [78.48648, 17.35833], [78.48621, 17.35836], [78.48592, 17.35842], [78.4858, 17.35844], [78.48536, 17.3585], [78.48497, 17.35856], [78.48488, 17.35859], [78.48466, 17.35864], [78.48445, 17.35889], [78.48427, 17.35878], [78.48404, 17.35883], [78.48398, 17.35885], [78.48385, 17.35888], [78.48375, 17.3589], [78.48327, 17.359], [78.48321, 17.35902], [78.48328, 17.35931], [78.48333, 17.3596], [78.48338, 17.35988], [78.4834, 17.3604], [78.48334, 17.36046], [78.48334, 17.36068], [78.48334, 17.36098], [78.48342, 17.36126], [78.48351, 17.36143], [78.48359, 17.36194], [78.4836, 17.362], [78.48391, 17.36194], [78.48425, 17.36187], [78.48449, 17.36185], [78.48463, 17.36184], [78.48515, 17.36179], [78.48615, 17.36176], [78.48641, 17.36175], [78.48657, 17.36174], [78.48699, 17.36172], [78.48804, 17.36173], [78.48847, 17.3617]]]}}, {"type": "Feature", "properties": {"name": "29-CHAWANI", "hospital_count": 2, "circle": "6-MALAKPET", "zone": "CHARMINAR ZONE", "ward_no": 29}, "geometry": {"type": "Polygon", "coordinates": [[[78.50167, 17.36728], [78.50159, 17.36624], [78.50134, 17.36515], [78.50124, 17.36441], [78.50125, 17.36436], [78.50257, 17.36372], [78.50371, 17.36308], [78.5038, 17.36299], [78.50373, 17.36299], [78.50373, 17.36291], [78.50387, 17.36254], [78.50392, 17.36223], [78.50375, 17.36221], [78.50317, 17.36209], [78.50278, 17.36201], [78.50223, 17.3619], [78.50113, 17.36187], [78.50067, 17.36182], [78.50053, 17.3618], [78.50053, 17.36177], [78.50047, 17.36179], [78.49983, 17.36171], [78.49905, 17.36166], [78.49756, 17.3615], [78.49761, 17.36123], [78.4975, 17.36073], [78.49736, 17.36045], [78.49718, 17.35981], [78.49706, 17.35943], [78.49706, 17.35941], [78.49683, 17.35947], [78.49667, 17.35951], [78.49635, 17.35955], [78.49629, 17.35956], [78.49626, 17.35957], [78.49601, 17.35853], [78.49586, 17.35808], [78.49482, 17.35899], [78.49412, 17.35956], [78.49382, 17.3597], [78.49346, 17.35999], [78.49336, 17.36012], [78.49308, 17.36045], [78.49306, 17.36046], [78.49283, 17.36071], [78.49264, 17.36092], [78.49252, 17.36092], [78.49234, 17.36091], [78.49241, 17.3611], [78.49247, 17.36136], [78.4925, 17.36151], [78.4925, 17.36165], [78.4925, 17.36198], [78.49251, 17.36233], [78.49244, 17.36254], [78.49236, 17.3628], [78.4923, 17.36296], [78.49206, 17.3633], [78.49182, 17.36373], [78.49131, 17.36468], [78.49085, 17.36553], [78.49059, 17.36605], [78.49042, 17.36637], [78.4902, 17.36677], [78.49018, 17.36691], [78.49017, 17.36692], [78.49042, 17.36691], [78.49085, 17.3669], [78.49114, 17.36697], [78.49136, 17.36703], [78.49198, 17.36702], [78.49203, 17.36702], [78.49204, 17.36709], [78.4922, 17.36703], [78.49285, 17.36695], [78.49331, 17.36689], [78.49341, 17.36694], [78.49362, 17.36709], [78.49378, 17.36713], [78.49402, 17.36726], [78.49418, 17.36734], [78.4944, 17.36737], [78.49468, 17.36738], [78.49504, 17.36743], [78.49515, 17.36746], [78.49533, 17.36747], [78.49547, 17.36749], [78.49564, 17.36754], [78.49578, 17.36761], [78.49598, 17.36764], [78.49617, 17.36769], [78.4964, 17.36778], [78.49664, 17.36785], [78.49691, 17.36799], [78.49714, 17.36813], [78.49746, 17.36843], [78.49771, 17.3687], [78.4979, 17.36902], [78.49804, 17.36933], [78.49821, 17.3697], [78.49837, 17.36992], [78.49853, 17.37008], [78.49861, 17.37012], [78.49876, 17.37026], [78.49883, 17.37035], [78.49886, 17.37043], [78.49888, 17.37061], [78.49891, 17.37072], [78.49893, 17.37079], [78.49895, 17.37089], [78.49897, 17.371], [78.49904, 17.37112], [78.49914, 17.37119], [78.49948, 17.37132], [78.49987, 17.37146], [78.50009, 17.37105], [78.50025, 17.37084], [78.50067, 17.3705], [78.50115, 17.37002], [78.50151, 17.36958], [78.5016, 17.36907], [78.50165, 17.36816], [78.50167, 17.36728]]]}}, {"type": "Feature", "properties": {"name": "38-I.S.SADAN", "hospital_count": 12, "circle": "7-SANTOSH NAGAR", "zone": "CHARMINAR ZONE", "ward_no": 38}, "geometry": {"type": "Polygon", "coordinates": [[[78.52595, 17.35842], [78.52622, 17.35829], [78.52642, 17.35819], [78.52652, 17.35814], [78.52665, 17.35807], [78.5269, 17.35792], [78.52722, 17.35775], [78.52752, 17.35758], [78.52764, 17.35752], [78.52782, 17.35745], [78.52796, 17.3574], [78.52817, 17.35734], [78.52871, 17.35716], [78.52879, 17.35714], [78.52898, 17.35709], [78.52903, 17.35706], [78.52906, 17.35705], [78.52921, 17.35699], [78.52946, 17.35691], [78.52949, 17.35689], [78.5297, 17.35682], [78.53001, 17.35667], [78.53014, 17.3566], [78.53016, 17.35659], [78.53029, 17.35648], [78.53033, 17.35643], [78.53035, 17.3564], [78.53035, 17.35639], [78.53041, 17.35627], [78.53045, 17.35617], [78.53048, 17.35607], [78.53052, 17.35599], [78.53057, 17.35589], [78.5306, 17.35583], [78.53065, 17.35572], [78.53072, 17.35562], [78.53076, 17.35557], [78.53082, 17.35553], [78.53084, 17.35551], [78.53087, 17.3555], [78.53099, 17.35545], [78.53101, 17.35544], [78.53094, 17.35542], [78.53085, 17.35537], [78.53089, 17.35523], [78.5309, 17.35513], [78.5309, 17.355], [78.53079, 17.35436], [78.53077, 17.35421], [78.53073, 17.35384], [78.53071, 17.35362], [78.53071, 17.35355], [78.53073, 17.35331], [78.53073, 17.3533], [78.53073, 17.35329], [78.5305, 17.35264], [78.5304, 17.35233], [78.53038, 17.35218], [78.5304, 17.35213], [78.53041, 17.3521], [78.53054, 17.35204], [78.53064, 17.35199], [78.53067, 17.35169], [78.53067, 17.35139], [78.53067, 17.35129], [78.53056, 17.35129], [78.53044, 17.35128], [78.53035, 17.35126], [78.53033, 17.35125], [78.53016, 17.35112], [78.5298, 17.35087], [78.5295, 17.35063], [78.52945, 17.35057], [78.52944, 17.35052], [78.52943, 17.35045], [78.5294, 17.35034], [78.52936, 17.35027], [78.5293, 17.35023], [78.52922, 17.35022], [78.52921, 17.35022], [78.52909, 17.35021], [78.52892, 17.3502], [78.52891, 17.3502], [78.52887, 17.35018], [78.52885, 17.35016], [78.52865, 17.34974], [78.52862, 17.3497], [78.52849, 17.34951], [78.52833, 17.34929], [78.52818, 17.34913], [78.52796, 17.34893], [78.52787, 17.34884], [78.52786, 17.34884], [78.52786, 17.34884], [78.52774, 17.34885], [78.52769, 17.34887], [78.52769, 17.34897], [78.52768, 17.34916], [78.52781, 17.34944], [78.52798, 17.34969], [78.52799, 17.34971], [78.52803, 17.34983], [78.52807, 17.34996], [78.52813, 17.35018], [78.52818, 17.35041], [78.52818, 17.35041], [78.52818, 17.3505], [78.52817, 17.35053], [78.52813, 17.35059], [78.52808, 17.35063], [78.52799, 17.35067], [78.52796, 17.3507], [78.52794, 17.35077], [78.52793, 17.35095], [78.52797, 17.35113], [78.52798, 17.35128], [78.52799, 17.35138], [78.52798, 17.35159], [78.52792, 17.35199], [78.52791, 17.35204], [78.52786, 17.35216], [78.52768, 17.3525], [78.52733, 17.35308], [78.52734, 17.35321], [78.52711, 17.35366], [78.52697, 17.35393], [78.52692, 17.35402], [78.52688, 17.35407], [78.52679, 17.35416], [78.5267, 17.35433], [78.52664, 17.35443], [78.5266, 17.35445], [78.52636, 17.35446], [78.52606, 17.35446], [78.52578, 17.35443], [78.52544, 17.35437], [78.52523, 17.35435], [78.52512, 17.35436], [78.52511, 17.35307], [78.52512, 17.35306], [78.52518, 17.35299], [78.52521, 17.35247], [78.52521, 17.35224], [78.52501, 17.35202], [78.52502, 17.35182], [78.52498, 17.3515], [78.52493, 17.35128], [78.5249, 17.35092], [78.52484, 17.35066], [78.52483, 17.35058], [78.52478, 17.35034], [78.52477, 17.35027], [78.52478, 17.35019], [78.52478, 17.35008], [78.52479, 17.34986], [78.5248, 17.34978], [78.52477, 17.3497], [78.52476, 17.34968], [78.52477, 17.34955], [78.52475, 17.34946], [78.52478, 17.34901], [78.52479, 17.3485], [78.52484, 17.34831], [78.52489, 17.34806], [78.52489, 17.34787], [78.52489, 17.34784], [78.52491, 17.34784], [78.52492, 17.34762], [78.525, 17.34762], [78.525, 17.34752], [78.525, 17.34738], [78.525, 17.34725], [78.52514, 17.34726], [78.52514, 17.34712], [78.52514, 17.34702], [78.52515, 17.34684], [78.52506, 17.34681], [78.52507, 17.3466], [78.52518, 17.34661], [78.52521, 17.3464], [78.52541, 17.34641], [78.5255, 17.34597], [78.5255, 17.34572], [78.52572, 17.34568], [78.52573, 17.34554], [78.52572, 17.34524], [78.52587, 17.34522], [78.52584, 17.3447], [78.52588, 17.34461], [78.52641, 17.34461], [78.52692, 17.34454], [78.52694, 17.34433], [78.52702, 17.3443], [78.52705, 17.3441], [78.52699, 17.34407], [78.52709, 17.34385], [78.52709, 17.34377], [78.52711, 17.34369], [78.52708, 17.34367], [78.5271, 17.34355], [78.52701, 17.34349], [78.52673, 17.34339], [78.52658, 17.34336], [78.52651, 17.34334], [78.52635, 17.34362], [78.52613, 17.34349], [78.52606, 17.34353], [78.52603, 17.34358], [78.52615, 17.34367], [78.52634, 17.34379], [78.52634, 17.34413], [78.52574, 17.3441], [78.52565, 17.34398], [78.5257, 17.34387], [78.52565, 17.3436], [78.52497, 17.34374], [78.52492, 17.34374], [78.52492, 17.34373], [78.5248, 17.34376], [78.52471, 17.34326], [78.52433, 17.34333], [78.52371, 17.34346], [78.52313, 17.3436], [78.52266, 17.34375], [78.5223, 17.3439], [78.52224, 17.34392], [78.52221, 17.34371], [78.52189, 17.34377], [78.52164, 17.34381], [78.52149, 17.34385], [78.52137, 17.34387], [78.52125, 17.34391], [78.5211, 17.34396], [78.52104, 17.34397], [78.52093, 17.3437], [78.5209, 17.34353], [78.52087, 17.34339], [78.52087, 17.34337], [78.52052, 17.34354], [78.52009, 17.34365], [78.52002, 17.34342], [78.51982, 17.34346], [78.51949, 17.34356], [78.5189, 17.34373], [78.51895, 17.34381], [78.51897, 17.34389], [78.51899, 17.34402], [78.51903, 17.34424], [78.51904, 17.34429], [78.51903, 17.34435], [78.51898, 17.34444], [78.51882, 17.34459], [78.51867, 17.34477], [78.51875, 17.34498], [78.5186, 17.34507], [78.5184, 17.34518], [78.51818, 17.34526], [78.51823, 17.34553], [78.51813, 17.34558], [78.51806, 17.34561], [78.51776, 17.34582], [78.51757, 17.346], [78.51734, 17.34619], [78.51705, 17.34635], [78.51675, 17.34659], [78.51689, 17.34763], [78.51698, 17.34799], [78.5166, 17.34814], [78.5168, 17.34875], [78.51706, 17.34963], [78.51711, 17.34971], [78.51718, 17.34996], [78.51726, 17.35018], [78.51731, 17.35033], [78.51722, 17.35037], [78.51729, 17.35054], [78.51709, 17.35061], [78.51717, 17.3508], [78.51691, 17.35091], [78.51678, 17.35064], [78.5166, 17.35073], [78.51641, 17.35079], [78.51636, 17.35071], [78.51614, 17.35077], [78.5161, 17.35069], [78.51589, 17.35077], [78.51552, 17.35094], [78.51543, 17.351], [78.5152, 17.35109], [78.51517, 17.35109], [78.51516, 17.3511], [78.51486, 17.35121], [78.51478, 17.35124], [78.51477, 17.35123], [78.51475, 17.35121], [78.51457, 17.3508], [78.51447, 17.35055], [78.51436, 17.35027], [78.51424, 17.34995], [78.51419, 17.34981], [78.5141, 17.3496], [78.51401, 17.34939], [78.51391, 17.34917], [78.51346, 17.34939], [78.51268, 17.34977], [78.51247, 17.34987], [78.51143, 17.35032], [78.51065, 17.35059], [78.51048, 17.35063], [78.51034, 17.35022], [78.51027, 17.35001], [78.51022, 17.34983], [78.51017, 17.34954], [78.50998, 17.34957], [78.5099, 17.34918], [78.50942, 17.3492], [78.50939, 17.349], [78.50921, 17.34902], [78.50896, 17.34903], [78.5089, 17.34903], [78.50857, 17.34902], [78.50856, 17.34901], [78.50827, 17.34954], [78.50725, 17.35127], [78.50674, 17.3522], [78.50667, 17.35234], [78.50639, 17.35365], [78.5063, 17.35419], [78.50584, 17.35539], [78.50557, 17.35628], [78.50555, 17.35651], [78.50571, 17.35658], [78.50615, 17.35677], [78.50742, 17.35694], [78.50848, 17.35709], [78.50944, 17.35722], [78.50972, 17.35725], [78.51025, 17.35734], [78.51106, 17.35739], [78.51251, 17.35747], [78.5128, 17.35749], [78.51334, 17.35752], [78.51463, 17.35775], [78.51563, 17.35792], [78.51596, 17.35797], [78.51664, 17.35793], [78.51786, 17.3578], [78.51829, 17.35776], [78.51895, 17.35778], [78.51901, 17.35802], [78.51913, 17.3583], [78.51927, 17.35825], [78.51944, 17.35823], [78.51987, 17.35829], [78.52036, 17.35839], [78.52105, 17.35846], [78.5219, 17.35867], [78.52298, 17.35899], [78.52357, 17.3592], [78.52388, 17.35931], [78.52404, 17.35939], [78.52437, 17.35928], [78.5244, 17.35927], [78.52448, 17.3592], [78.52453, 17.35916], [78.5246, 17.35911], [78.52478, 17.359], [78.52487, 17.35894], [78.52524, 17.35876], [78.52531, 17.35874], [78.52562, 17.35864], [78.52575, 17.35859], [78.52592, 17.35844], [78.52594, 17.35843], [78.52595, 17.35842]]]}}, {"type": "Feature", "properties": {"name": "18-LINGOJIGUDA", "hospital_count": 13, "circle": "4-LB. NAGAR", "zone": "L.B.NAGAR ZONE", "ward_no": 18}, "geometry": {"type": "Polygon", "coordinates": [[[78.53836, 17.35147], [78.5387, 17.35135], [78.53918, 17.35116], [78.53972, 17.35095], [78.54012, 17.35079], [78.54026, 17.35073], [78.54066, 17.35053], [78.54098, 17.35038], [78.5411, 17.35032], [78.54126, 17.35063], [78.54149, 17.3511], [78.54149, 17.35109], [78.54155, 17.35121], [78.54136, 17.35129], [78.54147, 17.35165], [78.54178, 17.35267], [78.54201, 17.35295], [78.5431, 17.35339], [78.545, 17.35304], [78.54575, 17.35299], [78.54589, 17.35298], [78.54621, 17.35296], [78.54626, 17.35297], [78.54651, 17.35207], [78.5466, 17.35183], [78.54667, 17.35166], [78.54668, 17.35163], [78.54709, 17.35096], [78.54728, 17.35106], [78.54738, 17.35109], [78.54754, 17.35111], [78.54774, 17.35113], [78.54868, 17.35123], [78.54971, 17.35134], [78.54991, 17.35137], [78.55012, 17.35138], [78.55076, 17.35139], [78.55075, 17.35162], [78.55073, 17.35223], [78.55071, 17.35249], [78.5511, 17.35252], [78.55148, 17.35254], [78.55153, 17.35255], [78.55168, 17.35217], [78.55191, 17.35166], [78.55205, 17.35138], [78.55207, 17.35142], [78.55209, 17.3515], [78.55277, 17.35135], [78.55359, 17.35117], [78.55416, 17.35104], [78.55424, 17.35101], [78.55439, 17.35092], [78.55424, 17.35072], [78.55401, 17.35044], [78.55364, 17.34995], [78.55301, 17.34914], [78.55259, 17.34859], [78.5521, 17.34797], [78.55179, 17.34756], [78.55152, 17.3472], [78.55123, 17.34682], [78.55096, 17.34648], [78.55087, 17.34646], [78.55087, 17.34644], [78.55089, 17.34642], [78.5509, 17.34641], [78.55026, 17.34579], [78.5499, 17.34543], [78.54905, 17.34457], [78.54817, 17.34368], [78.54769, 17.34321], [78.54715, 17.34269], [78.54684, 17.34236], [78.54667, 17.34216], [78.54666, 17.34215], [78.54655, 17.34219], [78.54646, 17.34223], [78.54631, 17.34231], [78.54619, 17.34237], [78.54605, 17.34246], [78.54586, 17.34256], [78.54574, 17.34263], [78.54565, 17.34267], [78.54552, 17.34272], [78.54538, 17.34277], [78.54518, 17.34283], [78.54496, 17.3429], [78.54476, 17.34295], [78.54463, 17.34298], [78.54449, 17.343], [78.54432, 17.34302], [78.54417, 17.34302], [78.54399, 17.34303], [78.54379, 17.34304], [78.54347, 17.34303], [78.54338, 17.34303], [78.54328, 17.34304], [78.54313, 17.34305], [78.54298, 17.34306], [78.54273, 17.34307], [78.54258, 17.34308], [78.54236, 17.34308], [78.54213, 17.34308], [78.54174, 17.34306], [78.54121, 17.34302], [78.541, 17.34301], [78.54075, 17.34302], [78.54037, 17.34307], [78.53953, 17.34317], [78.53885, 17.34326], [78.53844, 17.34331], [78.53718, 17.34352], [78.53643, 17.34363], [78.53569, 17.34374], [78.53485, 17.34388], [78.53289, 17.34419], [78.53221, 17.34431], [78.53142, 17.34443], [78.53086, 17.34452], [78.53029, 17.3446], [78.52966, 17.34469], [78.52906, 17.34478], [78.5282, 17.34491], [78.52739, 17.34502], [78.52634, 17.34516], [78.52593, 17.34521], [78.52587, 17.34522], [78.52572, 17.34524], [78.52573, 17.34554], [78.52572, 17.34568], [78.5255, 17.34572], [78.5255, 17.34597], [78.52541, 17.34641], [78.52521, 17.3464], [78.52518, 17.34661], [78.52507, 17.3466], [78.52506, 17.34681], [78.52515, 17.34684], [78.52514, 17.34702], [78.52514, 17.34712], [78.52514, 17.34726], [78.525, 17.34725], [78.525, 17.34738], [78.525, 17.34752], [78.525, 17.34762], [78.52492, 17.34762], [78.52491, 17.34784], [78.52489, 17.34784], [78.52489, 17.34787], [78.52489, 17.34806], [78.52484, 17.34831], [78.52479, 17.3485], [78.52478, 17.34901], [78.52475, 17.34946], [78.52477, 17.34955], [78.52476, 17.34968], [78.52477, 17.3497], [78.5248, 17.34978], [78.52479, 17.34986], [78.52478, 17.35008], [78.52478, 17.35019], [78.52477, 17.35027], [78.52478, 17.35034], [78.52483, 17.35058], [78.52484, 17.35066], [78.5249, 17.35092], [78.52493, 17.35128], [78.52498, 17.3515], [78.52502, 17.35182], [78.52501, 17.35202], [78.52521, 17.35224], [78.52521, 17.35247], [78.52518, 17.35299], [78.52512, 17.35306], [78.52511, 17.35307], [78.52512, 17.35436], [78.52523, 17.35435], [78.52544, 17.35437], [78.52578, 17.35443], [78.52606, 17.35446], [78.52636, 17.35446], [78.5266, 17.35445], [78.52664, 17.35443], [78.5267, 17.35433], [78.52679, 17.35416], [78.52688, 17.35407], [78.52692, 17.35402], [78.52697, 17.35393], [78.52711, 17.35366], [78.52734, 17.35321], [78.52733, 17.35308], [78.52768, 17.3525], [78.52786, 17.35216], [78.52791, 17.35204], [78.52792, 17.35199], [78.52798, 17.35159], [78.52799, 17.35138], [78.52798, 17.35128], [78.52797, 17.35113], [78.52793, 17.35095], [78.52794, 17.35077], [78.52796, 17.3507], [78.52799, 17.35067], [78.52808, 17.35063], [78.52813, 17.35059], [78.52817, 17.35053], [78.52818, 17.3505], [78.52818, 17.35041], [78.52818, 17.35041], [78.52813, 17.35018], [78.52807, 17.34996], [78.52803, 17.34983], [78.52799, 17.34971], [78.52798, 17.34969], [78.52781, 17.34944], [78.52768, 17.34916], [78.52769, 17.34897], [78.52769, 17.34887], [78.52774, 17.34885], [78.52786, 17.34884], [78.52786, 17.34884], [78.52787, 17.34884], [78.52796, 17.34893], [78.52818, 17.34913], [78.52833, 17.34929], [78.52849, 17.34951], [78.52862, 17.3497], [78.52865, 17.34974], [78.52885, 17.35016], [78.52887, 17.35018], [78.52891, 17.3502], [78.52892, 17.3502], [78.52909, 17.35021], [78.52921, 17.35022], [78.52922, 17.35022], [78.5293, 17.35023], [78.52936, 17.35027], [78.5294, 17.35034], [78.52943, 17.35045], [78.52944, 17.35052], [78.52945, 17.35057], [78.5295, 17.35063], [78.5298, 17.35087], [78.53016, 17.35112], [78.53033, 17.35125], [78.53035, 17.35126], [78.53044, 17.35128], [78.53056, 17.35129], [78.53067, 17.35129], [78.53067, 17.35139], [78.53067, 17.35169], [78.53064, 17.35199], [78.53054, 17.35204], [78.53041, 17.3521], [78.5304, 17.35213], [78.53038, 17.35218], [78.5304, 17.35233], [78.5305, 17.35264], [78.53073, 17.35329], [78.53073, 17.3533], [78.53073, 17.35331], [78.53071, 17.35355], [78.53071, 17.35362], [78.53073, 17.35384], [78.53077, 17.35421], [78.53079, 17.35436], [78.5309, 17.355], [78.5309, 17.35513], [78.53089, 17.35523], [78.53085, 17.35537], [78.53094, 17.35542], [78.53101, 17.35544], [78.53123, 17.35535], [78.53142, 17.35524], [78.5316, 17.35513], [78.53173, 17.35502], [78.53184, 17.35492], [78.53199, 17.35475], [78.5321, 17.35462], [78.53225, 17.3545], [78.53241, 17.35435], [78.53254, 17.35424], [78.53266, 17.35415], [78.53276, 17.35408], [78.5328, 17.35407], [78.53324, 17.3539], [78.53367, 17.35374], [78.53401, 17.35361], [78.53431, 17.3535], [78.53445, 17.35344], [78.53466, 17.35335], [78.53484, 17.35326], [78.53513, 17.35311], [78.53537, 17.35298], [78.53558, 17.35287], [78.53582, 17.35274], [78.53614, 17.35255], [78.5365, 17.35233], [78.53674, 17.3522], [78.53723, 17.35193], [78.53741, 17.35184], [78.53758, 17.35177], [78.53777, 17.3517], [78.53803, 17.3516], [78.53823, 17.35152], [78.53836, 17.35147]]]}}, {"type": "Feature", "properties": {"name": "16-HASTHINAPURAM", "hospital_count": 6, "circle": "4-LB. NAGAR", "zone": "L.B.NAGAR ZONE", "ward_no": 16}, "geometry": {"type": "MultiPolygon", "coordinates": [[[[78.55199, 17.33507], [78.55214, 17.33464], [78.5522, 17.33444], [78.55227, 17.33421], [78.55234, 17.33398], [78.55242, 17.33374], [78.55248, 17.33354], [78.55255, 17.33335], [78.55265, 17.33305], [78.55272, 17.33282], [78.55278, 17.3326], [78.55284, 17.33239], [78.55288, 17.33223], [78.5529, 17.3321], [78.55292, 17.33194], [78.55295, 17.33172], [78.55296, 17.33159], [78.55298, 17.33137], [78.55299, 17.33117], [78.553, 17.33104], [78.55302, 17.33087], [78.55304, 17.33072], [78.55305, 17.33062], [78.55308, 17.33051], [78.55311, 17.33039], [78.55315, 17.33031], [78.5532, 17.3302], [78.55329, 17.33004], [78.55338, 17.32992], [78.55346, 17.32982], [78.55357, 17.3297], [78.55369, 17.32958], [78.5539, 17.32942], [78.55409, 17.32926], [78.55434, 17.32904], [78.55471, 17.3287], [78.55494, 17.32849], [78.55506, 17.32837], [78.5552, 17.32823], [78.5554, 17.32801], [78.55582, 17.32752], [78.55601, 17.32728], [78.55621, 17.32704], [78.55637, 17.32683], [78.55649, 17.32669], [78.55659, 17.32656], [78.55668, 17.32643], [78.55677, 17.3263], [78.55683, 17.3262], [78.55689, 17.32609], [78.55693, 17.32601], [78.557, 17.32586], [78.55704, 17.32576], [78.55717, 17.32546], [78.55727, 17.32521], [78.55729, 17.32516], [78.55735, 17.325], [78.55745, 17.32477], [78.55752, 17.32462], [78.5576, 17.32446], [78.55767, 17.32432], [78.55776, 17.32417], [78.55793, 17.32392], [78.55801, 17.32382], [78.55815, 17.32366], [78.55821, 17.32359], [78.55828, 17.32352], [78.55835, 17.32345], [78.55841, 17.3234], [78.55851, 17.3233], [78.55804, 17.32262], [78.55795, 17.32266], [78.55766, 17.32271], [78.55762, 17.32272], [78.55756, 17.32273], [78.55733, 17.3228], [78.55732, 17.32281], [78.55729, 17.32282], [78.55706, 17.3229], [78.55693, 17.32296], [78.55691, 17.32297], [78.55669, 17.32306], [78.55661, 17.3231], [78.55637, 17.3232], [78.55619, 17.32327], [78.55603, 17.32333], [78.55569, 17.32344], [78.55516, 17.32202], [78.55514, 17.32198], [78.55497, 17.32165], [78.55485, 17.32143], [78.55478, 17.32132], [78.55476, 17.32128], [78.55461, 17.32093], [78.55451, 17.32074], [78.55438, 17.32052], [78.55423, 17.32019], [78.55362, 17.32052], [78.5534, 17.32019], [78.55329, 17.32003], [78.55319, 17.31992], [78.55209, 17.32065], [78.55163, 17.31997], [78.55128, 17.31945], [78.55041, 17.31817], [78.54926, 17.31647], [78.5458, 17.31863], [78.54453, 17.31966], [78.5444, 17.31977], [78.54378, 17.32027], [78.54249, 17.32109], [78.54174, 17.3215], [78.54132, 17.32155], [78.54105, 17.32165], [78.54025, 17.32199], [78.5395, 17.32218], [78.53927, 17.32231], [78.53877, 17.32272], [78.53849, 17.32282], [78.53851, 17.32304], [78.53836, 17.32306], [78.53831, 17.32356], [78.538, 17.32355], [78.53798, 17.3238], [78.53709, 17.32382], [78.5371, 17.3245], [78.53699, 17.325], [78.53679, 17.32504], [78.53674, 17.32526], [78.53666, 17.3255], [78.53668, 17.32579], [78.53663, 17.3258], [78.53622, 17.32573], [78.5356, 17.32573], [78.53556, 17.32548], [78.53556, 17.32527], [78.53537, 17.32487], [78.53556, 17.32486], [78.53556, 17.32476], [78.5355, 17.32421], [78.53504, 17.32419], [78.53434, 17.32417], [78.53429, 17.32394], [78.53418, 17.32391], [78.53322, 17.32413], [78.53333, 17.32461], [78.53347, 17.3253], [78.53361, 17.32597], [78.53366, 17.32626], [78.53385, 17.32666], [78.53417, 17.32652], [78.53458, 17.32637], [78.53492, 17.32624], [78.53502, 17.32643], [78.53504, 17.32656], [78.53502, 17.32734], [78.535, 17.32814], [78.53493, 17.32905], [78.53429, 17.32905], [78.53428, 17.32984], [78.53481, 17.32986], [78.53521, 17.32988], [78.53518, 17.33109], [78.53506, 17.33115], [78.53499, 17.33181], [78.53499, 17.33195], [78.53547, 17.33199], [78.53546, 17.33226], [78.53545, 17.33253], [78.53529, 17.33262], [78.53529, 17.33291], [78.53437, 17.33332], [78.53449, 17.33365], [78.53462, 17.334], [78.53469, 17.33399], [78.53497, 17.33455], [78.53533, 17.33458], [78.53536, 17.33472], [78.53561, 17.33479], [78.53578, 17.33479], [78.53597, 17.3348], [78.53605, 17.33478], [78.53611, 17.33479], [78.53618, 17.33477], [78.53631, 17.33477], [78.53639, 17.33477], [78.53652, 17.33478], [78.53656, 17.33472], [78.53664, 17.33477], [78.53672, 17.33482], [78.53683, 17.33481], [78.53709, 17.33481], [78.53728, 17.33482], [78.53736, 17.33479], [78.53725, 17.335], [78.53698, 17.33541], [78.53655, 17.33613], [78.53638, 17.33644], [78.53626, 17.3367], [78.53618, 17.33704], [78.53614, 17.33734], [78.53613, 17.33751], [78.53622, 17.33753], [78.53693, 17.33766], [78.5371, 17.3377], [78.53722, 17.33772], [78.53737, 17.33773], [78.53756, 17.33774], [78.53788, 17.33776], [78.53823, 17.33778], [78.53865, 17.3378], [78.53906, 17.33782], [78.53946, 17.33784], [78.53974, 17.33785], [78.53992, 17.33786], [78.54002, 17.33786], [78.54012, 17.33787], [78.54027, 17.33789], [78.54041, 17.33791], [78.54068, 17.33796], [78.54102, 17.33803], [78.54135, 17.33813], [78.54159, 17.3382], [78.54159, 17.33821], [78.54206, 17.3384], [78.54241, 17.33857], [78.54331, 17.33919], [78.54356, 17.3394], [78.54375, 17.33958], [78.54395, 17.33976], [78.54412, 17.33993], [78.54427, 17.34005], [78.54444, 17.34021], [78.54458, 17.34032], [78.54496, 17.34067], [78.54516, 17.34085], [78.54537, 17.34103], [78.54573, 17.34134], [78.54612, 17.34167], [78.54639, 17.34191], [78.54666, 17.34215], [78.54685, 17.3421], [78.54706, 17.34203], [78.54735, 17.34192], [78.54742, 17.34189], [78.54752, 17.34182], [78.54761, 17.34175], [78.54766, 17.34169], [78.54768, 17.34166], [78.5477, 17.34163], [78.54772, 17.34158], [78.54779, 17.34141], [78.54787, 17.34118], [78.54798, 17.34088], [78.54806, 17.34064], [78.54813, 17.34043], [78.5482, 17.34024], [78.54827, 17.34004], [78.54835, 17.3398], [78.54842, 17.3396], [78.54847, 17.33946], [78.54853, 17.3393], [78.54857, 17.33919], [78.54862, 17.33906], [78.54867, 17.33894], [78.54873, 17.33882], [78.54879, 17.33871], [78.54884, 17.33863], [78.5489, 17.33854], [78.54898, 17.33843], [78.54905, 17.33833], [78.54911, 17.33826], [78.54928, 17.33808], [78.54946, 17.33788], [78.54963, 17.3377], [78.54977, 17.33755], [78.54991, 17.3374], [78.55004, 17.33728], [78.55021, 17.33711], [78.55033, 17.337], [78.55047, 17.33688], [78.55078, 17.33662], [78.55105, 17.33639], [78.55126, 17.33622], [78.5514, 17.33609], [78.55153, 17.33597], [78.55159, 17.3359], [78.55167, 17.33579], [78.55174, 17.33568], [78.55178, 17.3356], [78.55183, 17.33552], [78.55188, 17.3354], [78.55192, 17.33529], [78.55199, 17.33507]]], [[[78.51624, 17.33144], [78.51613, 17.33119], [78.51577, 17.33034], [78.51559, 17.32986], [78.51546, 17.32972], [78.51515, 17.32905], [78.51526, 17.329], [78.51556, 17.32892], [78.51573, 17.32887], [78.51565, 17.3284], [78.51634, 17.32827], [78.51662, 17.32821], [78.51678, 17.32815], [78.51766, 17.32775], [78.51828, 17.32766], [78.51828, 17.32746], [78.5186, 17.32742], [78.51852, 17.32646], [78.51822, 17.3265], [78.51819, 17.3263], [78.51647, 17.32662], [78.51568, 17.32663], [78.51484, 17.32665], [78.51373, 17.32666], [78.51277, 17.32683], [78.51275, 17.32697], [78.5128, 17.32714], [78.51285, 17.32729], [78.51289, 17.32759], [78.5129, 17.32795], [78.51282, 17.32841], [78.51275, 17.32894], [78.51266, 17.32949], [78.51259, 17.32973], [78.51243, 17.32996], [78.51247, 17.33001], [78.51254, 17.33018], [78.51268, 17.33036], [78.51279, 17.33055], [78.5129, 17.33066], [78.51307, 17.33076], [78.51314, 17.33078], [78.51343, 17.33082], [78.51367, 17.33079], [78.51399, 17.3308], [78.51422, 17.33078], [78.51455, 17.33075], [78.51462, 17.33082], [78.51496, 17.33125], [78.51527, 17.33132], [78.5157, 17.33119], [78.51587, 17.33156], [78.51624, 17.33144]]], [[[78.51053, 17.31274], [78.5105, 17.31188], [78.51059, 17.3114], [78.50993, 17.31133], [78.50983, 17.31128], [78.50976, 17.31069], [78.50974, 17.30945], [78.50847, 17.30935], [78.50771, 17.30937], [78.50635, 17.30947], [78.50641, 17.3116], [78.50642, 17.3123], [78.50639, 17.31257], [78.50651, 17.31259], [78.50679, 17.3126], [78.50715, 17.31263], [78.50751, 17.31261], [78.50789, 17.31245], [78.50852, 17.31253], [78.50873, 17.31274], [78.50888, 17.31303], [78.50904, 17.31351], [78.50906, 17.31386], [78.509, 17.31422], [78.51044, 17.31451], [78.51053, 17.31381], [78.51056, 17.31324], [78.51053, 17.31274]]], [[[78.52311, 17.33916], [78.52278, 17.33822], [78.52275, 17.33813], [78.52289, 17.33806], [78.52265, 17.3377], [78.52253, 17.33742], [78.52205, 17.33757], [78.52172, 17.33768], [78.5213, 17.33782], [78.52122, 17.33753], [78.52113, 17.33742], [78.52084, 17.33747], [78.52079, 17.33731], [78.52071, 17.33729], [78.52038, 17.33737], [78.52024, 17.33696], [78.5185, 17.33723], [78.51839, 17.33718], [78.51808, 17.33771], [78.5178, 17.33817], [78.51777, 17.33829], [78.51789, 17.33869], [78.51803, 17.33932], [78.51809, 17.33942], [78.51821, 17.33944], [78.51847, 17.33938], [78.51872, 17.33933], [78.51902, 17.33917], [78.51933, 17.33906], [78.52047, 17.33872], [78.5212, 17.33854], [78.52144, 17.33851], [78.52154, 17.33854], [78.52164, 17.33861], [78.52168, 17.33866], [78.52162, 17.33871], [78.52151, 17.33882], [78.5213, 17.33906], [78.52105, 17.33933], [78.5208, 17.33961], [78.52062, 17.33985], [78.52023, 17.34029], [78.51998, 17.34054], [78.51961, 17.34091], [78.51934, 17.34108], [78.51929, 17.34114], [78.51929, 17.34125], [78.51921, 17.34133], [78.51997, 17.34107], [78.5204, 17.3409], [78.52069, 17.3408], [78.52142, 17.34054], [78.52183, 17.3404], [78.52218, 17.34028], [78.52258, 17.34014], [78.52294, 17.34002], [78.52333, 17.33989], [78.52332, 17.33986], [78.52311, 17.33916]]], [[[78.52673, 17.33513], [78.52702, 17.33503], [78.52712, 17.3349], [78.52719, 17.33483], [78.52741, 17.33479], [78.52748, 17.33473], [78.52747, 17.33465], [78.52781, 17.33449], [78.52793, 17.33442], [78.52792, 17.33435], [78.5281, 17.33425], [78.52795, 17.33368], [78.52896, 17.33348], [78.52868, 17.33227], [78.52847, 17.33185], [78.52836, 17.33182], [78.52807, 17.33181], [78.52781, 17.33188], [78.52766, 17.33204], [78.52763, 17.33252], [78.52709, 17.33257], [78.527, 17.33181], [78.52589, 17.33178], [78.52604, 17.33408], [78.52615, 17.33483], [78.52647, 17.33479], [78.5265, 17.33508], [78.52672, 17.33506], [78.52673, 17.33513]]], [[[78.49668, 17.31969], [78.49673, 17.31839], [78.49678, 17.31704], [78.49678, 17.31699], [78.49605, 17.31728], [78.49556, 17.31747], [78.49469, 17.3178], [78.49473, 17.31773], [78.4948, 17.31753], [78.4949, 17.31723], [78.49491, 17.3172], [78.49499, 17.31656], [78.49499, 17.31637], [78.49458, 17.31679], [78.4948, 17.31706], [78.49449, 17.31723], [78.4946, 17.31745], [78.49412, 17.31776], [78.49425, 17.31802], [78.49399, 17.31811], [78.49401, 17.3182], [78.49407, 17.31841], [78.49399, 17.31845], [78.49392, 17.3183], [78.49363, 17.31847], [78.49382, 17.31878], [78.49402, 17.31876], [78.49407, 17.31878], [78.49389, 17.31896], [78.49413, 17.31905], [78.49468, 17.31922], [78.49572, 17.31949], [78.49631, 17.31959], [78.4966, 17.31967], [78.49668, 17.31969]]], [[[78.51944, 17.33169], [78.51944, 17.33154], [78.5193, 17.3316], [78.51868, 17.33166], [78.51835, 17.33165], [78.51818, 17.33146], [78.51792, 17.33124], [78.51761, 17.33122], [78.51687, 17.33127], [78.51681, 17.3314], [78.51692, 17.33177], [78.51706, 17.33247], [78.51707, 17.33264], [78.51708, 17.33311], [78.51723, 17.33366], [78.51754, 17.33387], [78.51902, 17.334], [78.51904, 17.33373], [78.51902, 17.3331], [78.51904, 17.33283], [78.51914, 17.3328], [78.51929, 17.33274], [78.51936, 17.3324], [78.51938, 17.33213], [78.51944, 17.33169]]], [[[78.50782, 17.31645], [78.50717, 17.31634], [78.507, 17.31636], [78.50695, 17.31637], [78.50689, 17.31635], [78.50599, 17.31647], [78.50574, 17.31707], [78.50566, 17.31743], [78.50549, 17.31837], [78.50563, 17.31852], [78.50592, 17.31863], [78.50612, 17.31862], [78.5065, 17.31858], [78.50669, 17.31855], [78.50729, 17.31841], [78.50762, 17.31832], [78.50803, 17.31805], [78.50806, 17.31717], [78.50807, 17.31681], [78.50805, 17.31667], [78.50782, 17.31645]]], [[[78.52645, 17.33755], [78.52646, 17.33732], [78.52642, 17.33705], [78.52687, 17.33691], [78.52682, 17.33676], [78.52749, 17.33669], [78.52754, 17.33689], [78.52769, 17.33711], [78.52796, 17.33708], [78.52792, 17.33683], [78.52778, 17.33652], [78.52734, 17.33658], [78.52721, 17.33604], [78.52674, 17.33602], [78.52639, 17.33602], [78.52626, 17.33601], [78.52618, 17.33603], [78.52592, 17.33626], [78.52561, 17.33646], [78.52524, 17.33663], [78.52464, 17.33704], [78.5249, 17.33752], [78.52513, 17.33743], [78.52545, 17.33811], [78.52581, 17.33818], [78.52612, 17.33824], [78.52634, 17.33817], [78.52647, 17.33805], [78.5264, 17.33769], [78.52645, 17.33755]]], [[[78.50987, 17.34253], [78.50966, 17.34214], [78.50889, 17.34236], [78.50802, 17.34265], [78.50707, 17.34297], [78.50654, 17.3432], [78.5065, 17.34326], [78.50699, 17.34358], [78.50713, 17.34356], [78.50766, 17.34347], [78.50784, 17.34343], [78.50913, 17.34323], [78.51008, 17.34307], [78.51007, 17.34301], [78.51003, 17.3429], [78.50993, 17.34267], [78.50987, 17.34253]]], [[[78.50599, 17.31336], [78.50552, 17.31332], [78.50501, 17.31333], [78.505, 17.31367], [78.50557, 17.31369], [78.5058, 17.31367], [78.50591, 17.3136], [78.50599, 17.31336]]]]}}, {"type": "Feature", "properties": {"name": "20-R.K.PURAM", "hospital_count": 11, "circle": "5-SAROOR NAGAR", "zone": "L.B.NAGAR ZONE", "ward_no": 20}, "geometry": {"type": "Polygon", "coordinates": [[[78.55163, 17.37157], [78.55177, 17.37145], [78.55189, 17.37157], [78.55216, 17.37156], [78.55218, 17.37127], [78.55218, 17.37126], [78.55221, 17.37124], [78.55236, 17.37114], [78.55238, 17.37113], [78.55252, 17.37101], [78.55265, 17.37085], [78.553, 17.37054], [78.55342, 17.3702], [78.55372, 17.36994], [78.55416, 17.3696], [78.55429, 17.3695], [78.55449, 17.36932], [78.55452, 17.3693], [78.55447, 17.36925], [78.55467, 17.36909], [78.55467, 17.36909], [78.55465, 17.36903], [78.55459, 17.3689], [78.55472, 17.36877], [78.55495, 17.36851], [78.55513, 17.36836], [78.55517, 17.36829], [78.55528, 17.3682], [78.55529, 17.36812], [78.5555, 17.36793], [78.55551, 17.36785], [78.55562, 17.36775], [78.55555, 17.36762], [78.55535, 17.36741], [78.55583, 17.36641], [78.55592, 17.36618], [78.55596, 17.36601], [78.55595, 17.36587], [78.55612, 17.36586], [78.55615, 17.36591], [78.55638, 17.36595], [78.55637, 17.36587], [78.55635, 17.36567], [78.55631, 17.36508], [78.55657, 17.36507], [78.55673, 17.36503], [78.55676, 17.36457], [78.5568, 17.36415], [78.5568, 17.36414], [78.55689, 17.36411], [78.55693, 17.36408], [78.55698, 17.36317], [78.55704, 17.36221], [78.55667, 17.36222], [78.55667, 17.36111], [78.55682, 17.3611], [78.55676, 17.36084], [78.55668, 17.36049], [78.55664, 17.36024], [78.55656, 17.36003], [78.55651, 17.35979], [78.55638, 17.35946], [78.55622, 17.35909], [78.55609, 17.35883], [78.55577, 17.35832], [78.55549, 17.35783], [78.55536, 17.3576], [78.55536, 17.3576], [78.55536, 17.35759], [78.55527, 17.35744], [78.55506, 17.35711], [78.55496, 17.35693], [78.55464, 17.35626], [78.55446, 17.35586], [78.55403, 17.35501], [78.55395, 17.35495], [78.55383, 17.35474], [78.55351, 17.3542], [78.55325, 17.35373], [78.55332, 17.35361], [78.55361, 17.35315], [78.55384, 17.35274], [78.55308, 17.35267], [78.55211, 17.35259], [78.55153, 17.35255], [78.55148, 17.35254], [78.5511, 17.35252], [78.55071, 17.35249], [78.55073, 17.35223], [78.55075, 17.35162], [78.55076, 17.35139], [78.55012, 17.35138], [78.54991, 17.35137], [78.54971, 17.35134], [78.54868, 17.35123], [78.54774, 17.35113], [78.54754, 17.35111], [78.54738, 17.35109], [78.54728, 17.35106], [78.54709, 17.35096], [78.54668, 17.35163], [78.54667, 17.35166], [78.5466, 17.35183], [78.54651, 17.35207], [78.54626, 17.35297], [78.54553, 17.35574], [78.54494, 17.35808], [78.54494, 17.35808], [78.54493, 17.35811], [78.54453, 17.35966], [78.54348, 17.36368], [78.54314, 17.3644], [78.54276, 17.36509], [78.54261, 17.36531], [78.54267, 17.36534], [78.54307, 17.3657], [78.54348, 17.36604], [78.54381, 17.36631], [78.54392, 17.36639], [78.54402, 17.36645], [78.54414, 17.3665], [78.5443, 17.36657], [78.54451, 17.36665], [78.5448, 17.36675], [78.54511, 17.36685], [78.54518, 17.36688], [78.54525, 17.36762], [78.54578, 17.36754], [78.54586, 17.36817], [78.54589, 17.36845], [78.54591, 17.36867], [78.54599, 17.36866], [78.54603, 17.36904], [78.54608, 17.36942], [78.54616, 17.37007], [78.54624, 17.37056], [78.54622, 17.37056], [78.54628, 17.37103], [78.54634, 17.37152], [78.5464, 17.37209], [78.54647, 17.37267], [78.54686, 17.37282], [78.5474, 17.37299], [78.5485, 17.37336], [78.54904, 17.37356], [78.54923, 17.37362], [78.5494, 17.37315], [78.54953, 17.37278], [78.54955, 17.37269], [78.54954, 17.37262], [78.54953, 17.37257], [78.54949, 17.37249], [78.54944, 17.37241], [78.54997, 17.37234], [78.5503, 17.3723], [78.55053, 17.37222], [78.55069, 17.37208], [78.55125, 17.37176], [78.55147, 17.37171], [78.55163, 17.37157]]]}}, {"type": "Feature", "properties": {"name": "19-SAROORNAGAR", "hospital_count": 10, "circle": "5-SAROOR NAGAR", "zone": "L.B.NAGAR ZONE", "ward_no": 19}, "geometry": {"type": "Polygon", "coordinates": [[[78.54589, 17.35298], [78.54575, 17.35299], [78.545, 17.35304], [78.5431, 17.35339], [78.54201, 17.35295], [78.54178, 17.35267], [78.54147, 17.35165], [78.54136, 17.35129], [78.54155, 17.35121], [78.54149, 17.35109], [78.54149, 17.3511], [78.54126, 17.35063], [78.5411, 17.35032], [78.54098, 17.35038], [78.54066, 17.35053], [78.54026, 17.35073], [78.54012, 17.35079], [78.53972, 17.35095], [78.53918, 17.35116], [78.5387, 17.35135], [78.53836, 17.35147], [78.53823, 17.35152], [78.53803, 17.3516], [78.53777, 17.3517], [78.53758, 17.35177], [78.53741, 17.35184], [78.53723, 17.35193], [78.53674, 17.3522], [78.5365, 17.35233], [78.53614, 17.35255], [78.53582, 17.35274], [78.53558, 17.35287], [78.53537, 17.35298], [78.53513, 17.35311], [78.53484, 17.35326], [78.53466, 17.35335], [78.53445, 17.35344], [78.53431, 17.3535], [78.53401, 17.35361], [78.53367, 17.35374], [78.53324, 17.3539], [78.5328, 17.35407], [78.53276, 17.35408], [78.53266, 17.35415], [78.53254, 17.35424], [78.53241, 17.35435], [78.53225, 17.3545], [78.5321, 17.35462], [78.53199, 17.35475], [78.53184, 17.35492], [78.53173, 17.35502], [78.5316, 17.35513], [78.53142, 17.35524], [78.53123, 17.35535], [78.53101, 17.35544], [78.53099, 17.35545], [78.53087, 17.3555], [78.53084, 17.35551], [78.53082, 17.35553], [78.53076, 17.35557], [78.53072, 17.35562], [78.53065, 17.35572], [78.5306, 17.35583], [78.53057, 17.35589], [78.53052, 17.35599], [78.53048, 17.35607], [78.53045, 17.35617], [78.53041, 17.35627], [78.53035, 17.35639], [78.53035, 17.3564], [78.53033, 17.35643], [78.53029, 17.35648], [78.53016, 17.35659], [78.53014, 17.3566], [78.5305, 17.35693], [78.53073, 17.35724], [78.53083, 17.35742], [78.53082, 17.35752], [78.53084, 17.35765], [78.53087, 17.35787], [78.53089, 17.35804], [78.5309, 17.35804], [78.53094, 17.35827], [78.53096, 17.35851], [78.53099, 17.3586], [78.53102, 17.35886], [78.53104, 17.3589], [78.53106, 17.35905], [78.53105, 17.35906], [78.53113, 17.35934], [78.5313, 17.35926], [78.53133, 17.35927], [78.53137, 17.35927], [78.53143, 17.35927], [78.53154, 17.35926], [78.5321, 17.3592], [78.5321, 17.35921], [78.53218, 17.35919], [78.53228, 17.35918], [78.53236, 17.35914], [78.53243, 17.35911], [78.53252, 17.35908], [78.53259, 17.35904], [78.53266, 17.35901], [78.53275, 17.35898], [78.53293, 17.35894], [78.53293, 17.35894], [78.53305, 17.3594], [78.53314, 17.35981], [78.53324, 17.36027], [78.53328, 17.36056], [78.53331, 17.36066], [78.53338, 17.36094], [78.53345, 17.36119], [78.53353, 17.36147], [78.53366, 17.36183], [78.5337, 17.36194], [78.53377, 17.36205], [78.53383, 17.36216], [78.53388, 17.36222], [78.53395, 17.36231], [78.53403, 17.36239], [78.53414, 17.36252], [78.53421, 17.36261], [78.53427, 17.36271], [78.5344, 17.36302], [78.53443, 17.36309], [78.53533, 17.36272], [78.53531, 17.36269], [78.53578, 17.36258], [78.53595, 17.36251], [78.53605, 17.3625], [78.53606, 17.36287], [78.53605, 17.36326], [78.53609, 17.36329], [78.5361, 17.36328], [78.5361, 17.36328], [78.53611, 17.36328], [78.53612, 17.36329], [78.53612, 17.36329], [78.53613, 17.3633], [78.53617, 17.36359], [78.53618, 17.36378], [78.53617, 17.36394], [78.53615, 17.36443], [78.53626, 17.36484], [78.53656, 17.36482], [78.53659, 17.3649], [78.53672, 17.36486], [78.53675, 17.36496], [78.5368, 17.36507], [78.5369, 17.36533], [78.53707, 17.36571], [78.53718, 17.36597], [78.53719, 17.36597], [78.53745, 17.36664], [78.5375, 17.36663], [78.53751, 17.36667], [78.53753, 17.36679], [78.53782, 17.36734], [78.53823, 17.3681], [78.53818, 17.3681], [78.53888, 17.369], [78.53971, 17.36996], [78.5401, 17.37038], [78.5404, 17.37057], [78.54087, 17.37085], [78.54087, 17.37084], [78.5414, 17.37115], [78.54182, 17.37139], [78.54218, 17.37158], [78.54249, 17.37172], [78.54302, 17.37195], [78.54341, 17.37214], [78.54368, 17.37224], [78.5438, 17.37227], [78.54396, 17.37231], [78.54414, 17.37234], [78.54429, 17.37235], [78.54463, 17.37239], [78.54525, 17.37247], [78.54574, 17.37253], [78.54613, 17.37257], [78.54623, 17.37259], [78.54639, 17.37264], [78.54647, 17.37267], [78.5464, 17.37209], [78.54634, 17.37152], [78.54628, 17.37103], [78.54622, 17.37056], [78.54624, 17.37056], [78.54616, 17.37007], [78.54608, 17.36942], [78.54603, 17.36904], [78.54599, 17.36866], [78.54591, 17.36867], [78.54589, 17.36845], [78.54586, 17.36817], [78.54578, 17.36754], [78.54525, 17.36762], [78.54518, 17.36688], [78.54511, 17.36685], [78.5448, 17.36675], [78.54451, 17.36665], [78.5443, 17.36657], [78.54414, 17.3665], [78.54402, 17.36645], [78.54392, 17.36639], [78.54381, 17.36631], [78.54348, 17.36604], [78.54307, 17.3657], [78.54267, 17.36534], [78.54261, 17.36531], [78.54276, 17.36509], [78.54314, 17.3644], [78.54348, 17.36368], [78.54453, 17.35966], [78.54493, 17.35811], [78.54494, 17.35808], [78.54553, 17.35574], [78.54626, 17.35297], [78.54621, 17.35296], [78.54589, 17.35298]]]}}, {"type": "Feature", "properties": {"name": "14-B.N.REDDY NAGAR", "hospital_count": 8, "circle": "3-HAYAT NAGAR", "zone": "L.B.NAGAR ZONE", "ward_no": 14}, "geometry": {"type": "Polygon", "coordinates": [[[78.55163, 17.31997], [78.55209, 17.32065], [78.55319, 17.31992], [78.55329, 17.32003], [78.5534, 17.32019], [78.55362, 17.32052], [78.55423, 17.32019], [78.55438, 17.32052], [78.55451, 17.32074], [78.55461, 17.32093], [78.55476, 17.32128], [78.55478, 17.32132], [78.55485, 17.32143], [78.55497, 17.32165], [78.55514, 17.32198], [78.55516, 17.32202], [78.55569, 17.32344], [78.55603, 17.32333], [78.55619, 17.32327], [78.55637, 17.3232], [78.55661, 17.3231], [78.55669, 17.32306], [78.55691, 17.32297], [78.55693, 17.32296], [78.55706, 17.3229], [78.55729, 17.32282], [78.55733, 17.3228], [78.55756, 17.32273], [78.55762, 17.32272], [78.55766, 17.32271], [78.55795, 17.32266], [78.55804, 17.32262], [78.55851, 17.3233], [78.55841, 17.3234], [78.55835, 17.32345], [78.55828, 17.32352], [78.55821, 17.32359], [78.55815, 17.32366], [78.55801, 17.32382], [78.55793, 17.32392], [78.55776, 17.32417], [78.55767, 17.32432], [78.5576, 17.32446], [78.55752, 17.32462], [78.55745, 17.32477], [78.55735, 17.325], [78.55729, 17.32516], [78.55729, 17.32516], [78.55733, 17.32516], [78.55755, 17.32518], [78.5578, 17.32518], [78.5581, 17.32518], [78.55846, 17.32516], [78.55851, 17.32517], [78.55861, 17.32519], [78.5588, 17.32519], [78.55919, 17.3252], [78.55934, 17.32521], [78.55962, 17.32521], [78.55994, 17.32522], [78.5603, 17.32524], [78.56042, 17.32524], [78.56045, 17.32526], [78.56047, 17.32553], [78.56061, 17.32553], [78.5609, 17.32552], [78.56102, 17.32552], [78.56129, 17.3255], [78.56157, 17.32548], [78.56158, 17.32548], [78.56173, 17.32591], [78.56185, 17.32625], [78.56202, 17.32674], [78.56217, 17.32718], [78.56229, 17.32752], [78.56255, 17.32824], [78.5628, 17.32896], [78.56301, 17.32958], [78.56314, 17.32955], [78.56338, 17.32947], [78.56352, 17.32943], [78.56354, 17.3295], [78.56356, 17.32955], [78.56405, 17.32947], [78.56428, 17.32944], [78.56476, 17.3294], [78.56478, 17.3294], [78.56528, 17.32936], [78.56741, 17.3292], [78.56799, 17.32915], [78.5694, 17.32904], [78.57007, 17.32898], [78.57172, 17.32886], [78.57232, 17.3288], [78.57313, 17.32874], [78.57394, 17.32867], [78.57504, 17.32859], [78.57536, 17.32856], [78.57533, 17.3283], [78.57531, 17.3282], [78.57526, 17.32808], [78.57522, 17.32796], [78.57505, 17.32768], [78.5749, 17.32742], [78.57467, 17.32694], [78.57455, 17.32672], [78.57454, 17.3267], [78.57459, 17.32641], [78.57462, 17.32618], [78.57529, 17.32621], [78.57566, 17.32579], [78.57595, 17.3252], [78.57761, 17.32522], [78.5777, 17.32449], [78.5784, 17.32455], [78.57948, 17.32459], [78.57967, 17.32268], [78.57997, 17.32254], [78.57999, 17.32254], [78.58, 17.32256], [78.58003, 17.32255], [78.58025, 17.32251], [78.58062, 17.32242], [78.58087, 17.32238], [78.58102, 17.32236], [78.58112, 17.32233], [78.58118, 17.32232], [78.58126, 17.32233], [78.58141, 17.32238], [78.58153, 17.32245], [78.58159, 17.32246], [78.58166, 17.32246], [78.58173, 17.32244], [78.58182, 17.3224], [78.58191, 17.32234], [78.58212, 17.32219], [78.58231, 17.32206], [78.58239, 17.32201], [78.58246, 17.32199], [78.58259, 17.32198], [78.58283, 17.32199], [78.58327, 17.322], [78.58364, 17.32202], [78.58398, 17.32207], [78.58416, 17.32209], [78.58435, 17.32209], [78.58467, 17.32208], [78.58493, 17.32207], [78.58519, 17.32207], [78.58572, 17.32211], [78.58657, 17.32218], [78.58691, 17.32221], [78.5872, 17.32222], [78.58749, 17.3222], [78.58794, 17.32215], [78.58837, 17.32211], [78.58856, 17.32211], [78.58881, 17.3221], [78.5887, 17.32168], [78.58871, 17.32045], [78.59011, 17.31651], [78.59147, 17.31123], [78.59303, 17.30668], [78.59298, 17.30476], [78.59305, 17.30238], [78.59241, 17.30226], [78.59211, 17.30219], [78.58741, 17.30227], [78.58254, 17.30235], [78.5801, 17.30239], [78.5763, 17.30234], [78.57615, 17.30235], [78.57598, 17.30237], [78.57577, 17.30242], [78.5757, 17.30244], [78.57537, 17.30255], [78.57507, 17.30265], [78.57457, 17.30282], [78.57414, 17.30297], [78.57367, 17.30312], [78.5732, 17.30328], [78.57274, 17.30344], [78.5723, 17.30359], [78.57176, 17.30379], [78.57161, 17.30386], [78.57152, 17.30391], [78.57143, 17.30397], [78.57132, 17.30404], [78.57123, 17.30412], [78.57112, 17.30421], [78.571, 17.30432], [78.57076, 17.30455], [78.57058, 17.30473], [78.56977, 17.30552], [78.56903, 17.30624], [78.56853, 17.30674], [78.56808, 17.30717], [78.56766, 17.3076], [78.56749, 17.30777], [78.56741, 17.30786], [78.56733, 17.30795], [78.56713, 17.30818], [78.56683, 17.30852], [78.56657, 17.30882], [78.56622, 17.30923], [78.56596, 17.30953], [78.56565, 17.30988], [78.56536, 17.31022], [78.56514, 17.31048], [78.56346, 17.31015], [78.56067, 17.31046], [78.56025, 17.31057], [78.55949, 17.31048], [78.55757, 17.31047], [78.55754, 17.31087], [78.55762, 17.31121], [78.55772, 17.31158], [78.55786, 17.31183], [78.55792, 17.3119], [78.55807, 17.31231], [78.55826, 17.31291], [78.55812, 17.31293], [78.5575, 17.31311], [78.55689, 17.31329], [78.55631, 17.31346], [78.55586, 17.31355], [78.55519, 17.31373], [78.5542, 17.31392], [78.55399, 17.31397], [78.55363, 17.31403], [78.55335, 17.31408], [78.55315, 17.31417], [78.55297, 17.31431], [78.55285, 17.31441], [78.55246, 17.31471], [78.55238, 17.31459], [78.55158, 17.31499], [78.55049, 17.31567], [78.54926, 17.31647], [78.55128, 17.31945], [78.55163, 17.31997]]]}}, {"type": "Feature", "properties": {"name": "12-MANSOORABAD", "hospital_count": 10, "circle": "3-HAYAT NAGAR", "zone": "L.B.NAGAR ZONE", "ward_no": 12}, "geometry": {"type": "Polygon", "coordinates": [[[78.56692, 17.35512], [78.56686, 17.35486], [78.5668, 17.35488], [78.56675, 17.35467], [78.56672, 17.3545], [78.56662, 17.35452], [78.56657, 17.35409], [78.56665, 17.35392], [78.56668, 17.35383], [78.56668, 17.35382], [78.56668, 17.35382], [78.56669, 17.35358], [78.5666, 17.3531], [78.56654, 17.35277], [78.5664, 17.35207], [78.56628, 17.3515], [78.56627, 17.35139], [78.56651, 17.35136], [78.56642, 17.35038], [78.5667, 17.35035], [78.56712, 17.35031], [78.56755, 17.35026], [78.56796, 17.35022], [78.56818, 17.35021], [78.56863, 17.35016], [78.56924, 17.35008], [78.56946, 17.35006], [78.56968, 17.35006], [78.56989, 17.35007], [78.57072, 17.35014], [78.57132, 17.35019], [78.57158, 17.3502], [78.57169, 17.35018], [78.57182, 17.35016], [78.57202, 17.35009], [78.57247, 17.34993], [78.57305, 17.34972], [78.57378, 17.34949], [78.57408, 17.34939], [78.57433, 17.34932], [78.57442, 17.34929], [78.57463, 17.3492], [78.57494, 17.34906], [78.57518, 17.34897], [78.57544, 17.34888], [78.57558, 17.34885], [78.57584, 17.34878], [78.576, 17.34874], [78.57617, 17.34873], [78.57638, 17.34874], [78.57673, 17.34879], [78.57708, 17.34892], [78.5773, 17.34898], [78.57743, 17.34901], [78.57771, 17.34907], [78.57799, 17.34912], [78.57838, 17.34916], [78.57885, 17.34921], [78.57947, 17.34927], [78.58042, 17.34933], [78.58054, 17.34933], [78.58061, 17.34934], [78.58074, 17.34938], [78.58101, 17.34945], [78.58117, 17.34945], [78.58161, 17.3495], [78.58186, 17.34952], [78.58199, 17.34953], [78.58208, 17.34954], [78.58243, 17.3496], [78.58255, 17.34964], [78.58287, 17.34976], [78.58328, 17.34995], [78.58346, 17.35003], [78.58388, 17.35019], [78.58415, 17.35026], [78.58453, 17.3503], [78.58492, 17.35035], [78.58504, 17.35037], [78.58542, 17.35041], [78.58611, 17.35054], [78.58614, 17.34759], [78.58763, 17.3476], [78.59044, 17.3473], [78.59356, 17.34665], [78.59681, 17.34599], [78.59771, 17.3458], [78.59826, 17.34569], [78.60106, 17.34605], [78.60286, 17.34711], [78.61065, 17.34721], [78.6107, 17.34719], [78.61299, 17.34605], [78.61601, 17.34455], [78.61783, 17.34333], [78.62103, 17.3412], [78.62163, 17.3398], [78.62171, 17.33958], [78.62155, 17.33865], [78.62138, 17.33867], [78.6208, 17.33853], [78.62022, 17.33833], [78.61935, 17.33801], [78.61846, 17.33758], [78.61771, 17.33714], [78.61715, 17.33691], [78.61668, 17.33677], [78.61529, 17.33643], [78.61449, 17.33622], [78.61394, 17.33564], [78.61311, 17.33475], [78.61199, 17.33349], [78.61133, 17.33284], [78.61065, 17.33251], [78.6097, 17.33206], [78.60903, 17.33179], [78.60847, 17.33148], [78.60821, 17.33117], [78.60739, 17.33036], [78.60842, 17.32968], [78.60842, 17.32968], [78.60958, 17.3292], [78.61091, 17.32865], [78.61143, 17.32843], [78.61192, 17.32823], [78.61189, 17.3282], [78.61124, 17.32751], [78.6106, 17.32684], [78.61011, 17.32632], [78.6098, 17.32595], [78.60964, 17.32575], [78.60953, 17.3256], [78.60929, 17.32525], [78.60888, 17.32469], [78.60814, 17.32524], [78.60758, 17.32566], [78.60749, 17.32573], [78.60738, 17.32581], [78.60733, 17.32589], [78.60733, 17.32589], [78.60691, 17.32618], [78.60677, 17.32629], [78.6066, 17.32641], [78.6064, 17.32652], [78.60623, 17.32662], [78.60608, 17.32669], [78.60594, 17.32675], [78.60571, 17.32681], [78.60548, 17.32687], [78.60521, 17.32692], [78.60494, 17.32698], [78.60452, 17.32704], [78.60411, 17.32712], [78.60373, 17.32719], [78.60334, 17.32726], [78.60295, 17.32733], [78.60253, 17.3274], [78.60213, 17.32747], [78.60181, 17.32754], [78.60158, 17.32759], [78.60137, 17.32764], [78.60114, 17.32771], [78.60077, 17.32783], [78.60033, 17.32798], [78.59993, 17.3281], [78.59917, 17.32834], [78.59836, 17.3286], [78.59762, 17.32883], [78.59694, 17.32905], [78.59635, 17.32924], [78.59602, 17.32934], [78.59565, 17.32946], [78.59531, 17.32957], [78.59513, 17.32963], [78.59494, 17.32969], [78.59475, 17.32977], [78.59473, 17.32977], [78.59442, 17.3299], [78.59401, 17.33008], [78.59396, 17.33011], [78.59396, 17.33011], [78.59376, 17.3302], [78.59345, 17.33034], [78.59309, 17.33051], [78.59299, 17.33056], [78.59281, 17.33066], [78.59257, 17.3308], [78.59172, 17.33132], [78.59092, 17.33181], [78.59043, 17.3321], [78.59016, 17.33225], [78.58976, 17.33249], [78.58929, 17.33276], [78.58887, 17.33302], [78.58859, 17.33318], [78.58837, 17.33331], [78.5882, 17.33341], [78.58809, 17.33347], [78.58791, 17.33357], [78.58764, 17.3337], [78.58717, 17.33392], [78.58669, 17.33414], [78.58607, 17.33443], [78.58518, 17.33485], [78.58492, 17.33497], [78.58449, 17.33518], [78.58425, 17.33528], [78.58409, 17.33534], [78.58393, 17.3354], [78.58377, 17.33544], [78.58362, 17.33548], [78.58349, 17.3355], [78.58332, 17.33553], [78.5829, 17.33559], [78.58202, 17.33571], [78.58083, 17.33587], [78.58072, 17.33589], [78.58023, 17.33595], [78.5795, 17.33603], [78.57869, 17.33612], [78.57769, 17.33623], [78.57699, 17.33632], [78.5762, 17.33642], [78.5755, 17.3365], [78.57476, 17.33659], [78.57413, 17.33667], [78.57387, 17.3367], [78.57387, 17.3367], [78.57382, 17.33671], [78.57364, 17.33674], [78.57346, 17.33677], [78.5733, 17.33681], [78.57314, 17.33685], [78.57286, 17.33694], [78.57256, 17.33703], [78.57221, 17.33715], [78.57167, 17.33732], [78.57114, 17.33748], [78.57016, 17.33779], [78.56986, 17.33788], [78.56955, 17.33799], [78.56935, 17.33805], [78.56907, 17.33814], [78.56858, 17.3383], [78.56835, 17.33838], [78.56819, 17.33843], [78.56793, 17.33854], [78.56784, 17.33858], [78.56774, 17.33863], [78.5676, 17.3387], [78.56752, 17.33874], [78.56743, 17.33879], [78.56733, 17.33885], [78.56723, 17.3389], [78.56715, 17.33895], [78.56698, 17.33905], [78.56661, 17.33927], [78.56634, 17.33942], [78.56605, 17.33957], [78.56578, 17.33971], [78.5655, 17.33985], [78.56527, 17.33996], [78.565, 17.3401], [78.56481, 17.34019], [78.56458, 17.34029], [78.56443, 17.34035], [78.56431, 17.3404], [78.56419, 17.34044], [78.56403, 17.34048], [78.56385, 17.34053], [78.5637, 17.34055], [78.56348, 17.34059], [78.56324, 17.34062], [78.56267, 17.34069], [78.5621, 17.34077], [78.56165, 17.34084], [78.56074, 17.34097], [78.56017, 17.34106], [78.55983, 17.34111], [78.55943, 17.34118], [78.5592, 17.34123], [78.55891, 17.3413], [78.55869, 17.34136], [78.55857, 17.3414], [78.55841, 17.34146], [78.55827, 17.34152], [78.55814, 17.34159], [78.55798, 17.34169], [78.55774, 17.34184], [78.55758, 17.34195], [78.55724, 17.34218], [78.55693, 17.3424], [78.5565, 17.34271], [78.55604, 17.34304], [78.55556, 17.34339], [78.5552, 17.34365], [78.55495, 17.34383], [78.55387, 17.34454], [78.55299, 17.34512], [78.55244, 17.34549], [78.55146, 17.34614], [78.55096, 17.34648], [78.55123, 17.34682], [78.55152, 17.3472], [78.55179, 17.34756], [78.5521, 17.34797], [78.55259, 17.34859], [78.55301, 17.34914], [78.55364, 17.34995], [78.55401, 17.35044], [78.55424, 17.35072], [78.55439, 17.35092], [78.55448, 17.35104], [78.55486, 17.35152], [78.5551, 17.35185], [78.55523, 17.35206], [78.55539, 17.35234], [78.55557, 17.3527], [78.55565, 17.3529], [78.5557, 17.35303], [78.55596, 17.35297], [78.55608, 17.35298], [78.55629, 17.35301], [78.557, 17.35315], [78.55791, 17.35335], [78.55836, 17.35343], [78.5584, 17.3534], [78.55867, 17.35345], [78.559, 17.35346], [78.55918, 17.35337], [78.5595, 17.35306], [78.55976, 17.35279], [78.55985, 17.35274], [78.55996, 17.3527], [78.5602, 17.35266], [78.5607, 17.35265], [78.56093, 17.35264], [78.56094, 17.35265], [78.56094, 17.35265], [78.56113, 17.35265], [78.56171, 17.35267], [78.5618, 17.35288], [78.56183, 17.35295], [78.56192, 17.3531], [78.56196, 17.35322], [78.56199, 17.35342], [78.56207, 17.35356], [78.56213, 17.35368], [78.56214, 17.35378], [78.56217, 17.3539], [78.56229, 17.3542], [78.56232, 17.35429], [78.56238, 17.3545], [78.5625, 17.35445], [78.56253, 17.35446], [78.56258, 17.35458], [78.56268, 17.3546], [78.56272, 17.35472], [78.56289, 17.35469], [78.56336, 17.35462], [78.56336, 17.35461], [78.56358, 17.35477], [78.56376, 17.35486], [78.56388, 17.3549], [78.56415, 17.355], [78.56443, 17.35509], [78.56468, 17.35516], [78.56504, 17.35528], [78.56529, 17.35539], [78.56552, 17.35563], [78.56578, 17.35593], [78.56612, 17.35585], [78.56645, 17.35582], [78.56672, 17.35578], [78.56681, 17.35577], [78.56683, 17.35576], [78.56688, 17.35576], [78.56709, 17.35573], [78.56701, 17.35543], [78.56698, 17.35533], [78.56692, 17.35512]]]}}, {"type": "Feature", "properties": {"name": "21-KOTHAPET", "hospital_count": 9, "circle": "5-SAROOR NAGAR", "zone": "L.B.NAGAR ZONE", "ward_no": 21}, "geometry": {"type": "Polygon", "coordinates": [[[78.55827, 17.38292], [78.55819, 17.38183], [78.55818, 17.38137], [78.55815, 17.38092], [78.55812, 17.38037], [78.55807, 17.37961], [78.55801, 17.37876], [78.55796, 17.37812], [78.55794, 17.37777], [78.55791, 17.37733], [78.55789, 17.37701], [78.55786, 17.37659], [78.55782, 17.3761], [78.5578, 17.3757], [78.55776, 17.3752], [78.55771, 17.3745], [78.55769, 17.37423], [78.55766, 17.3737], [78.55762, 17.37322], [78.55758, 17.37268], [78.55756, 17.37234], [78.55751, 17.37176], [78.55745, 17.37094], [78.55744, 17.37081], [78.55741, 17.37036], [78.55735, 17.36959], [78.55731, 17.36892], [78.55727, 17.36833], [78.55724, 17.36791], [78.5572, 17.36725], [78.55716, 17.36672], [78.55714, 17.36636], [78.55712, 17.36617], [78.5571, 17.36574], [78.55709, 17.36557], [78.5571, 17.36537], [78.5571, 17.36516], [78.55711, 17.365], [78.55713, 17.36459], [78.55717, 17.36415], [78.55745, 17.36256], [78.55749, 17.36231], [78.55757, 17.36187], [78.55763, 17.36153], [78.55768, 17.36125], [78.55771, 17.36101], [78.55773, 17.36071], [78.55774, 17.36051], [78.55773, 17.3603], [78.5577, 17.36004], [78.55766, 17.35976], [78.55762, 17.3595], [78.55758, 17.35933], [78.55755, 17.35918], [78.55745, 17.35885], [78.55725, 17.3582], [78.55693, 17.35711], [78.55672, 17.35641], [78.55653, 17.35576], [78.55631, 17.35504], [78.55604, 17.35413], [78.55586, 17.35352], [78.55574, 17.35313], [78.5557, 17.35303], [78.55565, 17.3529], [78.55557, 17.3527], [78.55539, 17.35234], [78.55523, 17.35206], [78.5551, 17.35185], [78.55486, 17.35152], [78.55448, 17.35104], [78.55439, 17.35092], [78.55424, 17.35101], [78.55416, 17.35104], [78.55359, 17.35117], [78.55277, 17.35135], [78.55209, 17.3515], [78.55207, 17.35142], [78.55205, 17.35138], [78.55191, 17.35166], [78.55168, 17.35217], [78.55153, 17.35255], [78.55211, 17.35259], [78.55308, 17.35267], [78.55384, 17.35274], [78.55361, 17.35315], [78.55332, 17.35361], [78.55325, 17.35373], [78.55351, 17.3542], [78.55383, 17.35474], [78.55395, 17.35495], [78.55403, 17.35501], [78.55446, 17.35586], [78.55464, 17.35626], [78.55496, 17.35693], [78.55506, 17.35711], [78.55527, 17.35744], [78.55536, 17.35759], [78.55536, 17.3576], [78.55536, 17.3576], [78.55549, 17.35783], [78.55577, 17.35832], [78.55609, 17.35883], [78.55622, 17.35909], [78.55638, 17.35946], [78.55651, 17.35979], [78.55656, 17.36003], [78.55664, 17.36024], [78.55668, 17.36049], [78.55676, 17.36084], [78.55682, 17.3611], [78.55667, 17.36111], [78.55667, 17.36222], [78.55704, 17.36221], [78.55698, 17.36317], [78.55693, 17.36408], [78.55689, 17.36411], [78.5568, 17.36414], [78.5568, 17.36415], [78.55676, 17.36457], [78.55673, 17.36503], [78.55657, 17.36507], [78.55631, 17.36508], [78.55635, 17.36567], [78.55637, 17.36587], [78.55638, 17.36595], [78.55615, 17.36591], [78.55612, 17.36586], [78.55595, 17.36587], [78.55596, 17.36601], [78.55592, 17.36618], [78.55583, 17.36641], [78.55535, 17.36741], [78.55555, 17.36762], [78.55562, 17.36775], [78.55551, 17.36785], [78.5555, 17.36793], [78.55529, 17.36812], [78.55528, 17.3682], [78.55517, 17.36829], [78.55513, 17.36836], [78.55495, 17.36851], [78.55472, 17.36877], [78.55459, 17.3689], [78.55465, 17.36903], [78.55467, 17.36909], [78.55467, 17.36909], [78.55447, 17.36925], [78.55452, 17.3693], [78.55449, 17.36932], [78.55429, 17.3695], [78.55416, 17.3696], [78.55372, 17.36994], [78.55342, 17.3702], [78.553, 17.37054], [78.55265, 17.37085], [78.55252, 17.37101], [78.55238, 17.37113], [78.55236, 17.37114], [78.55221, 17.37124], [78.55218, 17.37126], [78.55218, 17.37127], [78.55216, 17.37156], [78.55189, 17.37157], [78.55177, 17.37145], [78.55163, 17.37157], [78.55147, 17.37171], [78.55125, 17.37176], [78.55069, 17.37208], [78.55053, 17.37222], [78.5503, 17.3723], [78.54997, 17.37234], [78.54944, 17.37241], [78.54949, 17.37249], [78.54953, 17.37257], [78.54954, 17.37262], [78.54955, 17.37269], [78.54953, 17.37278], [78.5494, 17.37315], [78.54923, 17.37362], [78.54904, 17.37356], [78.5485, 17.37336], [78.5474, 17.37299], [78.54686, 17.37282], [78.54647, 17.37267], [78.54639, 17.37264], [78.54623, 17.37259], [78.54613, 17.37257], [78.54574, 17.37253], [78.54525, 17.37247], [78.54463, 17.37239], [78.54429, 17.37235], [78.54414, 17.37234], [78.54396, 17.37231], [78.5438, 17.37227], [78.54368, 17.37224], [78.54341, 17.37214], [78.54302, 17.37195], [78.54249, 17.37172], [78.54218, 17.37158], [78.54182, 17.37139], [78.5414, 17.37115], [78.54087, 17.37084], [78.54086, 17.371], [78.54086, 17.37111], [78.54091, 17.37146], [78.54092, 17.3715], [78.54039, 17.37138], [78.54011, 17.37131], [78.53983, 17.37157], [78.53945, 17.37148], [78.53916, 17.37139], [78.53873, 17.37127], [78.5384, 17.3712], [78.53833, 17.37168], [78.53826, 17.37224], [78.53824, 17.37244], [78.53796, 17.37243], [78.53793, 17.3725], [78.53778, 17.37258], [78.53773, 17.37306], [78.53765, 17.3737], [78.53765, 17.37371], [78.538, 17.37375], [78.53808, 17.37376], [78.53808, 17.37377], [78.53816, 17.37378], [78.53816, 17.37377], [78.53825, 17.37377], [78.53822, 17.37421], [78.53817, 17.37467], [78.53813, 17.37503], [78.53809, 17.37553], [78.53816, 17.37553], [78.53847, 17.37556], [78.53847, 17.37557], [78.53853, 17.37557], [78.53853, 17.37557], [78.53864, 17.37558], [78.53907, 17.37561], [78.53904, 17.37596], [78.53899, 17.37654], [78.53932, 17.37653], [78.53988, 17.37648], [78.53999, 17.37717], [78.54002, 17.37733], [78.54014, 17.37731], [78.5402, 17.3773], [78.54033, 17.37728], [78.54039, 17.37727], [78.54035, 17.37699], [78.54027, 17.37636], [78.54031, 17.37634], [78.54038, 17.37628], [78.5405, 17.37615], [78.54067, 17.37595], [78.54091, 17.37566], [78.54103, 17.37552], [78.54106, 17.37548], [78.54161, 17.37558], [78.54182, 17.37562], [78.54191, 17.37562], [78.54197, 17.37561], [78.54214, 17.37555], [78.54221, 17.37552], [78.54226, 17.37551], [78.54235, 17.3755], [78.54274, 17.37551], [78.54275, 17.37551], [78.54272, 17.37573], [78.54272, 17.37583], [78.54273, 17.37594], [78.54275, 17.37615], [78.54278, 17.37647], [78.5428, 17.37663], [78.54283, 17.37682], [78.54285, 17.37709], [78.54288, 17.37751], [78.5429, 17.37788], [78.54289, 17.37809], [78.54287, 17.37825], [78.54287, 17.37839], [78.54288, 17.37855], [78.54289, 17.37867], [78.54292, 17.37882], [78.54295, 17.37906], [78.54297, 17.3792], [78.54299, 17.37952], [78.54299, 17.37987], [78.54299, 17.3803], [78.54297, 17.38055], [78.54295, 17.38073], [78.54293, 17.38087], [78.54289, 17.38111], [78.54285, 17.38142], [78.54286, 17.38144], [78.54287, 17.38146], [78.54289, 17.38147], [78.5429, 17.38147], [78.5429, 17.38191], [78.54292, 17.38191], [78.54292, 17.38205], [78.5429, 17.38326], [78.54351, 17.38334], [78.54431, 17.38336], [78.54534, 17.38314], [78.54624, 17.38276], [78.54734, 17.38211], [78.54761, 17.38181], [78.54823, 17.38114], [78.54916, 17.38058], [78.54966, 17.38039], [78.55029, 17.38029], [78.55101, 17.38023], [78.55203, 17.38035], [78.55309, 17.38055], [78.55336, 17.3806], [78.5547, 17.38111], [78.55644, 17.38196], [78.55827, 17.38292]]]}}, {"type": "Feature", "properties": {"name": "11-NAGOLE", "hospital_count": 8, "circle": "3-HAYAT NAGAR", "zone": "L.B.NAGAR ZONE", "ward_no": 11}, "geometry": {"type": "Polygon", "coordinates": [[[78.58857, 17.38762], [78.58844, 17.38718], [78.58858, 17.3868], [78.58867, 17.38657], [78.58868, 17.38652], [78.58882, 17.38629], [78.58886, 17.38619], [78.58892, 17.38576], [78.58891, 17.38571], [78.58894, 17.38569], [78.58895, 17.38551], [78.5885, 17.38454], [78.58594, 17.38399], [78.58335, 17.38342], [78.58178, 17.38308], [78.58179, 17.38186], [78.58182, 17.37949], [78.58182, 17.37933], [78.58331, 17.37868], [78.58378, 17.37849], [78.58488, 17.37802], [78.58647, 17.37734], [78.58597, 17.37623], [78.58503, 17.37418], [78.58475, 17.37357], [78.58389, 17.37298], [78.58274, 17.37223], [78.58223, 17.37189], [78.58166, 17.37044], [78.58116, 17.37046], [78.58074, 17.37058], [78.58074, 17.37055], [78.58064, 17.37035], [78.58057, 17.37015], [78.58046, 17.36991], [78.5804, 17.36981], [78.58028, 17.36972], [78.58015, 17.36961], [78.58077, 17.36867], [78.58164, 17.36761], [78.58144, 17.36647], [78.5782, 17.36679], [78.57774, 17.3656], [78.57776, 17.36556], [78.57791, 17.36531], [78.57799, 17.36516], [78.57824, 17.36472], [78.57865, 17.364], [78.57893, 17.36351], [78.57922, 17.363], [78.57967, 17.36224], [78.57966, 17.36224], [78.5798, 17.36198], [78.58038, 17.36096], [78.58064, 17.36052], [78.58149, 17.36006], [78.58278, 17.35937], [78.58314, 17.35917], [78.58467, 17.35795], [78.58566, 17.35716], [78.58569, 17.35704], [78.58578, 17.35656], [78.58591, 17.35586], [78.58603, 17.35524], [78.58605, 17.35509], [78.5861, 17.35134], [78.58611, 17.35054], [78.58542, 17.35041], [78.58504, 17.35037], [78.58492, 17.35035], [78.58453, 17.3503], [78.58415, 17.35026], [78.58388, 17.35019], [78.58346, 17.35003], [78.58328, 17.34995], [78.58287, 17.34976], [78.58255, 17.34964], [78.58243, 17.3496], [78.58208, 17.34954], [78.58199, 17.34953], [78.58186, 17.34952], [78.58161, 17.3495], [78.58117, 17.34945], [78.58101, 17.34945], [78.58074, 17.34938], [78.58061, 17.34934], [78.58054, 17.34933], [78.58042, 17.34933], [78.57947, 17.34927], [78.57885, 17.34921], [78.57838, 17.34916], [78.57799, 17.34912], [78.57771, 17.34907], [78.57743, 17.34901], [78.5773, 17.34898], [78.57708, 17.34892], [78.57673, 17.34879], [78.57638, 17.34874], [78.57617, 17.34873], [78.576, 17.34874], [78.57584, 17.34878], [78.57558, 17.34885], [78.57544, 17.34888], [78.57518, 17.34897], [78.57494, 17.34906], [78.57463, 17.3492], [78.57442, 17.34929], [78.57433, 17.34932], [78.57408, 17.34939], [78.57378, 17.34949], [78.57305, 17.34972], [78.57247, 17.34993], [78.57202, 17.35009], [78.57182, 17.35016], [78.57169, 17.35018], [78.57158, 17.3502], [78.57132, 17.35019], [78.57072, 17.35014], [78.56989, 17.35007], [78.56968, 17.35006], [78.56946, 17.35006], [78.56924, 17.35008], [78.56863, 17.35016], [78.56818, 17.35021], [78.56796, 17.35022], [78.56755, 17.35026], [78.56712, 17.35031], [78.5667, 17.35035], [78.56642, 17.35038], [78.56651, 17.35136], [78.56627, 17.35139], [78.56628, 17.3515], [78.5664, 17.35207], [78.56654, 17.35277], [78.5666, 17.3531], [78.56669, 17.35358], [78.56668, 17.35382], [78.56668, 17.35382], [78.56668, 17.35383], [78.56665, 17.35392], [78.56657, 17.35409], [78.56662, 17.35452], [78.56672, 17.3545], [78.56675, 17.35467], [78.5668, 17.35488], [78.56686, 17.35486], [78.56692, 17.35512], [78.56698, 17.35533], [78.56701, 17.35543], [78.56709, 17.35573], [78.56688, 17.35576], [78.56683, 17.35576], [78.56681, 17.35577], [78.56672, 17.35578], [78.56645, 17.35582], [78.56612, 17.35585], [78.56578, 17.35593], [78.56552, 17.35563], [78.56529, 17.35539], [78.56504, 17.35528], [78.56468, 17.35516], [78.56443, 17.35509], [78.56415, 17.355], [78.56388, 17.3549], [78.56376, 17.35486], [78.56358, 17.35477], [78.56336, 17.35461], [78.56336, 17.35462], [78.56289, 17.35469], [78.56272, 17.35472], [78.56268, 17.3546], [78.56258, 17.35458], [78.56253, 17.35446], [78.5625, 17.35445], [78.56238, 17.3545], [78.56232, 17.35429], [78.56229, 17.3542], [78.56217, 17.3539], [78.56214, 17.35378], [78.56213, 17.35368], [78.56207, 17.35356], [78.56199, 17.35342], [78.56196, 17.35322], [78.56192, 17.3531], [78.56183, 17.35295], [78.5618, 17.35288], [78.56171, 17.35267], [78.56113, 17.35265], [78.56094, 17.35265], [78.56094, 17.35265], [78.56093, 17.35264], [78.5607, 17.35265], [78.5602, 17.35266], [78.55996, 17.3527], [78.55985, 17.35274], [78.55976, 17.35279], [78.5595, 17.35306], [78.55918, 17.35337], [78.559, 17.35346], [78.55867, 17.35345], [78.5584, 17.3534], [78.55836, 17.35343], [78.55791, 17.35335], [78.557, 17.35315], [78.55629, 17.35301], [78.55608, 17.35298], [78.55596, 17.35297], [78.5557, 17.35303], [78.55574, 17.35313], [78.55586, 17.35352], [78.55604, 17.35413], [78.55631, 17.35504], [78.55653, 17.35576], [78.55672, 17.35641], [78.55693, 17.35711], [78.55725, 17.3582], [78.55745, 17.35885], [78.55755, 17.35918], [78.55758, 17.35933], [78.55762, 17.3595], [78.55766, 17.35976], [78.5577, 17.36004], [78.55773, 17.3603], [78.55774, 17.36051], [78.55773, 17.36071], [78.55771, 17.36101], [78.55768, 17.36125], [78.55763, 17.36153], [78.55757, 17.36187], [78.55749, 17.36231], [78.55745, 17.36256], [78.55717, 17.36415], [78.55713, 17.36459], [78.55711, 17.365], [78.5571, 17.36516], [78.5571, 17.36537], [78.55709, 17.36557], [78.5571, 17.36574], [78.55712, 17.36617], [78.55714, 17.36636], [78.55716, 17.36672], [78.5572, 17.36725], [78.55724, 17.36791], [78.55727, 17.36833], [78.55731, 17.36892], [78.55735, 17.36959], [78.55741, 17.37036], [78.55744, 17.37081], [78.55745, 17.37094], [78.55751, 17.37176], [78.55756, 17.37234], [78.55758, 17.37268], [78.55762, 17.37322], [78.55766, 17.3737], [78.55769, 17.37423], [78.55771, 17.3745], [78.55776, 17.3752], [78.5578, 17.3757], [78.55782, 17.3761], [78.55786, 17.37659], [78.55789, 17.37701], [78.55791, 17.37733], [78.55794, 17.37777], [78.55796, 17.37812], [78.55801, 17.37876], [78.55807, 17.37961], [78.55812, 17.38037], [78.55815, 17.38092], [78.55818, 17.38137], [78.55819, 17.38183], [78.55827, 17.38292], [78.55974, 17.38404], [78.56056, 17.38479], [78.56143, 17.38538], [78.56197, 17.38561], [78.5629, 17.38601], [78.56345, 17.38609], [78.56425, 17.38606], [78.56501, 17.38596], [78.5658, 17.38595], [78.56678, 17.38619], [78.56925, 17.38698], [78.56928, 17.38698], [78.57106, 17.38745], [78.57213, 17.38773], [78.57414, 17.38829], [78.57517, 17.38862], [78.57677, 17.3892], [78.57761, 17.38942], [78.57836, 17.38958], [78.57934, 17.38967], [78.58027, 17.38964], [78.58249, 17.38917], [78.58457, 17.38846], [78.58582, 17.38807], [78.58857, 17.38762]]]}}, {"type": "Feature", "properties": {"name": "10-UPPAL", "hospital_count": 15, "circle": "2-UPPAL", "zone": "L.B.NAGAR ZONE", "ward_no": 10}, "geometry": {"type": "Polygon", "coordinates": [[[78.56488, 17.41296], [78.56654, 17.41285], [78.56693, 17.41289], [78.5673, 17.41281], [78.56742, 17.41278], [78.56743, 17.41286], [78.56752, 17.41285], [78.56851, 17.41153], [78.57647, 17.40687], [78.58263, 17.40545], [78.58076, 17.39532], [78.58248, 17.38973], [78.58249, 17.38917], [78.58027, 17.38964], [78.57934, 17.38967], [78.57836, 17.38958], [78.57761, 17.38942], [78.57677, 17.3892], [78.57517, 17.38862], [78.57414, 17.38829], [78.57213, 17.38773], [78.57106, 17.38745], [78.56928, 17.38698], [78.56925, 17.38698], [78.56678, 17.38619], [78.5658, 17.38595], [78.56501, 17.38596], [78.56425, 17.38606], [78.56345, 17.38609], [78.5629, 17.38601], [78.56197, 17.38561], [78.56143, 17.38538], [78.56056, 17.38479], [78.55974, 17.38404], [78.55827, 17.38292], [78.55644, 17.38196], [78.5547, 17.38111], [78.55336, 17.3806], [78.55309, 17.38055], [78.55203, 17.38035], [78.55101, 17.38023], [78.55029, 17.38029], [78.54966, 17.38039], [78.54916, 17.38058], [78.54823, 17.38114], [78.54761, 17.38181], [78.54734, 17.38211], [78.54624, 17.38276], [78.54534, 17.38314], [78.54452, 17.38332], [78.54447, 17.38382], [78.5445, 17.38381], [78.54445, 17.38383], [78.54444, 17.38386], [78.54444, 17.38386], [78.54415, 17.38451], [78.54409, 17.38506], [78.54392, 17.38565], [78.54373, 17.38609], [78.54376, 17.38616], [78.54379, 17.38616], [78.54381, 17.3862], [78.54368, 17.38646], [78.54373, 17.38655], [78.5437, 17.38658], [78.54376, 17.3867], [78.54369, 17.38673], [78.54373, 17.38681], [78.54365, 17.38688], [78.54371, 17.38708], [78.54368, 17.38742], [78.54367, 17.38775], [78.54364, 17.38776], [78.54356, 17.3878], [78.54356, 17.38781], [78.54332, 17.38792], [78.54321, 17.388], [78.54315, 17.38805], [78.54313, 17.3881], [78.54288, 17.38842], [78.54285, 17.38845], [78.54286, 17.38846], [78.54271, 17.38851], [78.54274, 17.38885], [78.54276, 17.38912], [78.5428, 17.38963], [78.54283, 17.39007], [78.54287, 17.39053], [78.54291, 17.39094], [78.54292, 17.39124], [78.54294, 17.39142], [78.54307, 17.3914], [78.54336, 17.39138], [78.54364, 17.39136], [78.54392, 17.39132], [78.54434, 17.39122], [78.54524, 17.39097], [78.54578, 17.39082], [78.54617, 17.39073], [78.54621, 17.39074], [78.54626, 17.39074], [78.54629, 17.39075], [78.5462, 17.39114], [78.54607, 17.39175], [78.54596, 17.39216], [78.54578, 17.39264], [78.54563, 17.39307], [78.54539, 17.39375], [78.54529, 17.39401], [78.54524, 17.39421], [78.54521, 17.39442], [78.5452, 17.39466], [78.5452, 17.39506], [78.54519, 17.39576], [78.54517, 17.3963], [78.54516, 17.39663], [78.54514, 17.39708], [78.54512, 17.39749], [78.54512, 17.39758], [78.54513, 17.39767], [78.54514, 17.39786], [78.54523, 17.39844], [78.54531, 17.39908], [78.5454, 17.39994], [78.54547, 17.40075], [78.54552, 17.40123], [78.54571, 17.40126], [78.54639, 17.40129], [78.54697, 17.40132], [78.54755, 17.4013], [78.54913, 17.40127], [78.55154, 17.40121], [78.55389, 17.40115], [78.55502, 17.40112], [78.55563, 17.40114], [78.55636, 17.40119], [78.55754, 17.40128], [78.55959, 17.40143], [78.56021, 17.40153], [78.56075, 17.4015], [78.56165, 17.40146], [78.56242, 17.40145], [78.56237, 17.40181], [78.56231, 17.4021], [78.56228, 17.40221], [78.56221, 17.40238], [78.56215, 17.40249], [78.56234, 17.40252], [78.56243, 17.40255], [78.56246, 17.40256], [78.56247, 17.40258], [78.56253, 17.40267], [78.56262, 17.40288], [78.56271, 17.40302], [78.56281, 17.40313], [78.56289, 17.40322], [78.56293, 17.4033], [78.56299, 17.40346], [78.56303, 17.40358], [78.56307, 17.40369], [78.56315, 17.40399], [78.56322, 17.40424], [78.56326, 17.40442], [78.56338, 17.40481], [78.56343, 17.40499], [78.56348, 17.40516], [78.56351, 17.40525], [78.56356, 17.40536], [78.56372, 17.40563], [78.56388, 17.4059], [78.56391, 17.4059], [78.56394, 17.40607], [78.56402, 17.40636], [78.56409, 17.40663], [78.56415, 17.40685], [78.56424, 17.40729], [78.56432, 17.40761], [78.56439, 17.40798], [78.56442, 17.40806], [78.56438, 17.40815], [78.56432, 17.40832], [78.56428, 17.40845], [78.56425, 17.40864], [78.56425, 17.40871], [78.56427, 17.4088], [78.56427, 17.40893], [78.56426, 17.40922], [78.56424, 17.40969], [78.56425, 17.41004], [78.56427, 17.41026], [78.56433, 17.41061], [78.56438, 17.41082], [78.56443, 17.41094], [78.56449, 17.41105], [78.56455, 17.41118], [78.56459, 17.41128], [78.56461, 17.41146], [78.56464, 17.41162], [78.56469, 17.41197], [78.56472, 17.41217], [78.56476, 17.41239], [78.5648, 17.4126], [78.56482, 17.4128], [78.56484, 17.41296], [78.56488, 17.41296]], [[78.57119, 17.40968], [78.57104, 17.40926], [78.57005, 17.40953], [78.56996, 17.40959], [78.5696, 17.40825], [78.56887, 17.40836], [78.56829, 17.40849], [78.56815, 17.40796], [78.56805, 17.40798], [78.56771, 17.40653], [78.5676, 17.40619], [78.568, 17.40613], [78.56845, 17.40605], [78.56839, 17.40524], [78.56854, 17.40523], [78.56866, 17.4052], [78.56873, 17.40522], [78.56879, 17.40523], [78.56887, 17.40522], [78.56894, 17.4052], [78.56909, 17.40514], [78.56918, 17.40551], [78.56943, 17.40665], [78.5696, 17.40664], [78.56986, 17.40669], [78.57008, 17.40668], [78.5705, 17.40667], [78.57076, 17.40669], [78.571, 17.40684], [78.57131, 17.40691], [78.57166, 17.40684], [78.5721, 17.40674], [78.5722, 17.40672], [78.57259, 17.40791], [78.57226, 17.40804], [78.5717, 17.40831], [78.57186, 17.40869], [78.57127, 17.40897], [78.57155, 17.40955], [78.57119, 17.40968]]]}}, {"type": "Feature", "properties": {"name": "13-HAYATHNAGAR", "hospital_count": 13, "circle": "3-HAYAT NAGAR", "zone": "L.B.NAGAR ZONE", "ward_no": 13}, "geometry": {"type": "Polygon", "coordinates": [[[78.61726, 17.33053], [78.61715, 17.32837], [78.61699, 17.32567], [78.61698, 17.32544], [78.617, 17.32538], [78.61773, 17.32423], [78.61912, 17.32397], [78.61917, 17.32392], [78.61917, 17.32384], [78.61903, 17.32326], [78.61903, 17.32318], [78.61906, 17.32313], [78.61909, 17.3231], [78.61918, 17.32307], [78.61944, 17.32302], [78.61968, 17.32301], [78.61948, 17.32197], [78.61933, 17.32121], [78.61927, 17.32096], [78.61921, 17.32063], [78.61913, 17.32015], [78.61912, 17.31991], [78.61987, 17.32005], [78.62086, 17.31764], [78.62121, 17.3168], [78.62171, 17.31556], [78.62107, 17.31427], [78.62127, 17.31399], [78.62127, 17.31369], [78.62121, 17.31256], [78.62113, 17.31155], [78.62086, 17.3114], [78.62027, 17.31134], [78.61947, 17.31132], [78.61756, 17.31153], [78.61495, 17.30989], [78.61368, 17.30907], [78.613, 17.30865], [78.61292, 17.30861], [78.61006, 17.30778], [78.60692, 17.30687], [78.60563, 17.30651], [78.60548, 17.30645], [78.60352, 17.30521], [78.60214, 17.30434], [78.60162, 17.30402], [78.60092, 17.30389], [78.59811, 17.30335], [78.59439, 17.30264], [78.59338, 17.30245], [78.59305, 17.30238], [78.59298, 17.30476], [78.59303, 17.30668], [78.59147, 17.31123], [78.59011, 17.31651], [78.58871, 17.32045], [78.5887, 17.32168], [78.58881, 17.3221], [78.58856, 17.32211], [78.58837, 17.32211], [78.58794, 17.32215], [78.58749, 17.3222], [78.5872, 17.32222], [78.58691, 17.32221], [78.58657, 17.32218], [78.58572, 17.32211], [78.58519, 17.32207], [78.58493, 17.32207], [78.58467, 17.32208], [78.58435, 17.32209], [78.58416, 17.32209], [78.58398, 17.32207], [78.58364, 17.32202], [78.58327, 17.322], [78.58283, 17.32199], [78.58259, 17.32198], [78.58246, 17.32199], [78.58239, 17.32201], [78.58231, 17.32206], [78.58212, 17.32219], [78.58191, 17.32234], [78.58182, 17.3224], [78.58173, 17.32244], [78.58166, 17.32246], [78.58159, 17.32246], [78.58153, 17.32245], [78.58141, 17.32238], [78.58126, 17.32233], [78.58118, 17.32232], [78.58112, 17.32233], [78.58102, 17.32236], [78.58087, 17.32238], [78.58062, 17.32242], [78.58025, 17.32251], [78.58003, 17.32255], [78.58, 17.32256], [78.57999, 17.32254], [78.57997, 17.32254], [78.57967, 17.32268], [78.57948, 17.32459], [78.5784, 17.32455], [78.5777, 17.32449], [78.57761, 17.32522], [78.57595, 17.3252], [78.57566, 17.32579], [78.57529, 17.32621], [78.57462, 17.32618], [78.57459, 17.32641], [78.57454, 17.3267], [78.57455, 17.32672], [78.57467, 17.32694], [78.5749, 17.32742], [78.57505, 17.32768], [78.57522, 17.32796], [78.57526, 17.32808], [78.57531, 17.3282], [78.57533, 17.3283], [78.57536, 17.32856], [78.57538, 17.32868], [78.57539, 17.32876], [78.57539, 17.32876], [78.57545, 17.32944], [78.57552, 17.33003], [78.57552, 17.33011], [78.57553, 17.3302], [78.57554, 17.33027], [78.57553, 17.33036], [78.57552, 17.33044], [78.57552, 17.33045], [78.57544, 17.33127], [78.57531, 17.33201], [78.57525, 17.33228], [78.57519, 17.33271], [78.57515, 17.33309], [78.57512, 17.33334], [78.57509, 17.33354], [78.57506, 17.33368], [78.57501, 17.33386], [78.575, 17.33394], [78.57493, 17.33408], [78.57476, 17.33443], [78.57452, 17.33495], [78.57422, 17.33561], [78.57409, 17.3359], [78.57395, 17.33625], [78.57392, 17.33633], [78.57387, 17.3367], [78.57387, 17.3367], [78.57413, 17.33667], [78.57476, 17.33659], [78.5755, 17.3365], [78.5762, 17.33642], [78.57699, 17.33632], [78.57769, 17.33623], [78.57869, 17.33612], [78.5795, 17.33603], [78.58023, 17.33595], [78.58072, 17.33589], [78.58083, 17.33587], [78.58202, 17.33571], [78.5829, 17.33559], [78.58332, 17.33553], [78.58349, 17.3355], [78.58362, 17.33548], [78.58377, 17.33544], [78.58393, 17.3354], [78.58409, 17.33534], [78.58425, 17.33528], [78.58449, 17.33518], [78.58492, 17.33497], [78.58518, 17.33485], [78.58607, 17.33443], [78.58669, 17.33414], [78.58717, 17.33392], [78.58764, 17.3337], [78.58791, 17.33357], [78.58809, 17.33347], [78.5882, 17.33341], [78.58837, 17.33331], [78.58859, 17.33318], [78.58887, 17.33302], [78.58929, 17.33276], [78.58976, 17.33249], [78.59016, 17.33225], [78.59043, 17.3321], [78.59092, 17.33181], [78.59172, 17.33132], [78.59257, 17.3308], [78.59281, 17.33066], [78.59299, 17.33056], [78.59309, 17.33051], [78.59345, 17.33034], [78.59376, 17.3302], [78.59396, 17.33011], [78.59396, 17.33011], [78.59401, 17.33008], [78.59442, 17.3299], [78.59473, 17.32977], [78.59475, 17.32977], [78.59494, 17.32969], [78.59513, 17.32963], [78.59531, 17.32957], [78.59565, 17.32946], [78.59602, 17.32934], [78.59635, 17.32924], [78.59694, 17.32905], [78.59762, 17.32883], [78.59836, 17.3286], [78.59917, 17.32834], [78.59993, 17.3281], [78.60033, 17.32798], [78.60077, 17.32783], [78.60114, 17.32771], [78.60137, 17.32764], [78.60158, 17.32759], [78.60181, 17.32754], [78.60213, 17.32747], [78.60253, 17.3274], [78.60295, 17.32733], [78.60334, 17.32726], [78.60373, 17.32719], [78.60411, 17.32712], [78.60452, 17.32704], [78.60494, 17.32698], [78.60521, 17.32692], [78.60548, 17.32687], [78.60571, 17.32681], [78.60594, 17.32675], [78.60608, 17.32669], [78.60623, 17.32662], [78.6064, 17.32652], [78.6066, 17.32641], [78.60677, 17.32629], [78.60691, 17.32618], [78.60733, 17.32589], [78.60733, 17.32589], [78.60738, 17.32581], [78.60749, 17.32573], [78.60758, 17.32566], [78.60814, 17.32524], [78.60888, 17.32469], [78.60929, 17.32525], [78.60953, 17.3256], [78.60964, 17.32575], [78.6098, 17.32595], [78.61011, 17.32632], [78.6106, 17.32684], [78.61124, 17.32751], [78.61189, 17.3282], [78.61192, 17.32823], [78.61143, 17.32843], [78.61091, 17.32865], [78.60958, 17.3292], [78.60842, 17.32968], [78.60842, 17.32968], [78.60739, 17.33036], [78.60821, 17.33117], [78.60847, 17.33148], [78.60903, 17.33179], [78.6097, 17.33206], [78.61065, 17.33251], [78.61133, 17.33284], [78.61199, 17.33349], [78.61311, 17.33475], [78.61394, 17.33564], [78.61449, 17.33622], [78.61529, 17.33643], [78.61668, 17.33677], [78.61715, 17.33691], [78.61771, 17.33714], [78.61846, 17.33758], [78.61935, 17.33801], [78.62022, 17.33833], [78.6208, 17.33853], [78.62138, 17.33867], [78.62155, 17.33865], [78.62137, 17.33762], [78.62117, 17.33645], [78.62109, 17.33605], [78.6206, 17.33479], [78.6204, 17.33433], [78.62034, 17.33426], [78.6194, 17.33312], [78.61793, 17.33135], [78.61726, 17.33053]], [[78.59211, 17.3256], [78.59215, 17.32581], [78.59219, 17.32621], [78.59153, 17.32629], [78.59101, 17.32636], [78.5908, 17.32633], [78.59071, 17.3264], [78.59083, 17.32767], [78.59001, 17.32777], [78.59009, 17.32859], [78.59014, 17.32918], [78.58982, 17.32922], [78.58982, 17.32922], [78.58958, 17.32925], [78.58891, 17.32934], [78.58852, 17.32939], [78.58837, 17.32943], [78.58819, 17.32952], [78.58777, 17.32966], [78.58758, 17.32971], [78.58756, 17.32968], [78.58756, 17.32919], [78.58754, 17.32808], [78.58709, 17.32811], [78.58709, 17.32747], [78.58699, 17.32678], [78.58694, 17.32642], [78.58735, 17.32637], [78.58734, 17.32623], [78.58734, 17.32616], [78.58736, 17.32609], [78.58734, 17.32578], [78.58725, 17.32533], [78.58722, 17.32516], [78.58733, 17.32511], [78.58771, 17.32506], [78.58785, 17.32502], [78.58808, 17.32475], [78.58842, 17.32429], [78.58869, 17.3239], [78.58896, 17.32343], [78.58904, 17.32318], [78.58914, 17.32263], [78.58924, 17.32222], [78.58929, 17.32216], [78.58946, 17.32215], [78.59033, 17.32214], [78.59103, 17.32211], [78.59157, 17.32206], [78.59186, 17.32204], [78.59196, 17.32206], [78.59225, 17.32468], [78.59235, 17.32496], [78.59215, 17.32508], [78.59209, 17.32535], [78.59211, 17.3256]]]}}, {"type": "Feature", "properties": {"name": "15-VANASTHALIPURAM", "hospital_count": 22, "circle": "4-LB. NAGAR", "zone": "L.B.NAGAR ZONE", "ward_no": 15}, "geometry": {"type": "Polygon", "coordinates": [[[78.57552, 17.33003], [78.57545, 17.32944], [78.57539, 17.32876], [78.57539, 17.32876], [78.57538, 17.32868], [78.57536, 17.32856], [78.57504, 17.32859], [78.57394, 17.32867], [78.57313, 17.32874], [78.57232, 17.3288], [78.57172, 17.32886], [78.57007, 17.32898], [78.5694, 17.32904], [78.56799, 17.32915], [78.56741, 17.3292], [78.56528, 17.32936], [78.56478, 17.3294], [78.56476, 17.3294], [78.56428, 17.32944], [78.56405, 17.32947], [78.56356, 17.32955], [78.56354, 17.3295], [78.56352, 17.32943], [78.56338, 17.32947], [78.56314, 17.32955], [78.56301, 17.32958], [78.5628, 17.32896], [78.56255, 17.32824], [78.56229, 17.32752], [78.56217, 17.32718], [78.56202, 17.32674], [78.56185, 17.32625], [78.56173, 17.32591], [78.56158, 17.32548], [78.56157, 17.32548], [78.56129, 17.3255], [78.56102, 17.32552], [78.5609, 17.32552], [78.56061, 17.32553], [78.56047, 17.32553], [78.56045, 17.32526], [78.56042, 17.32524], [78.5603, 17.32524], [78.55994, 17.32522], [78.55962, 17.32521], [78.55934, 17.32521], [78.55919, 17.3252], [78.5588, 17.32519], [78.55861, 17.32519], [78.55851, 17.32517], [78.55846, 17.32516], [78.5581, 17.32518], [78.5578, 17.32518], [78.55755, 17.32518], [78.55733, 17.32516], [78.55729, 17.32516], [78.55729, 17.32516], [78.55727, 17.32521], [78.55717, 17.32546], [78.55704, 17.32576], [78.557, 17.32586], [78.55693, 17.32601], [78.55689, 17.32609], [78.55683, 17.3262], [78.55677, 17.3263], [78.55668, 17.32643], [78.55659, 17.32656], [78.55649, 17.32669], [78.55637, 17.32683], [78.55621, 17.32704], [78.55601, 17.32728], [78.55582, 17.32752], [78.5554, 17.32801], [78.5552, 17.32823], [78.55506, 17.32837], [78.55494, 17.32849], [78.55471, 17.3287], [78.55434, 17.32904], [78.55409, 17.32926], [78.5539, 17.32942], [78.55369, 17.32958], [78.55357, 17.3297], [78.55346, 17.32982], [78.55338, 17.32992], [78.55329, 17.33004], [78.5532, 17.3302], [78.55315, 17.33031], [78.55311, 17.33039], [78.55308, 17.33051], [78.55305, 17.33062], [78.55304, 17.33072], [78.55302, 17.33087], [78.553, 17.33104], [78.55299, 17.33117], [78.55298, 17.33137], [78.55296, 17.33159], [78.55295, 17.33172], [78.55292, 17.33194], [78.5529, 17.3321], [78.55288, 17.33223], [78.55284, 17.33239], [78.55278, 17.3326], [78.55272, 17.33282], [78.55265, 17.33305], [78.55255, 17.33335], [78.55248, 17.33354], [78.55242, 17.33374], [78.55234, 17.33398], [78.55227, 17.33421], [78.5522, 17.33444], [78.55214, 17.33464], [78.55199, 17.33507], [78.55192, 17.33529], [78.55188, 17.3354], [78.55183, 17.33552], [78.55178, 17.3356], [78.55174, 17.33568], [78.55167, 17.33579], [78.55159, 17.3359], [78.55153, 17.33597], [78.5514, 17.33609], [78.55126, 17.33622], [78.55105, 17.33639], [78.55078, 17.33662], [78.55047, 17.33688], [78.55033, 17.337], [78.55021, 17.33711], [78.55004, 17.33728], [78.54991, 17.3374], [78.54977, 17.33755], [78.54963, 17.3377], [78.54946, 17.33788], [78.54928, 17.33808], [78.54911, 17.33826], [78.54905, 17.33833], [78.54898, 17.33843], [78.5489, 17.33854], [78.54884, 17.33863], [78.54879, 17.33871], [78.54873, 17.33882], [78.54867, 17.33894], [78.54862, 17.33906], [78.54857, 17.33919], [78.54853, 17.3393], [78.54847, 17.33946], [78.54842, 17.3396], [78.54835, 17.3398], [78.54827, 17.34004], [78.5482, 17.34024], [78.54813, 17.34043], [78.54806, 17.34064], [78.54798, 17.34088], [78.54787, 17.34118], [78.54779, 17.34141], [78.54772, 17.34158], [78.5477, 17.34163], [78.54768, 17.34166], [78.54766, 17.34169], [78.54761, 17.34175], [78.54752, 17.34182], [78.54742, 17.34189], [78.54735, 17.34192], [78.54706, 17.34203], [78.54685, 17.3421], [78.54666, 17.34215], [78.54667, 17.34216], [78.54684, 17.34236], [78.54715, 17.34269], [78.54769, 17.34321], [78.54817, 17.34368], [78.54905, 17.34457], [78.5499, 17.34543], [78.55026, 17.34579], [78.5509, 17.34641], [78.55089, 17.34642], [78.55087, 17.34644], [78.55087, 17.34646], [78.55096, 17.34648], [78.55146, 17.34614], [78.55244, 17.34549], [78.55299, 17.34512], [78.55387, 17.34454], [78.55495, 17.34383], [78.5552, 17.34365], [78.55556, 17.34339], [78.55604, 17.34304], [78.5565, 17.34271], [78.55693, 17.3424], [78.55724, 17.34218], [78.55758, 17.34195], [78.55774, 17.34184], [78.55798, 17.34169], [78.55814, 17.34159], [78.55827, 17.34152], [78.55841, 17.34146], [78.55857, 17.3414], [78.55869, 17.34136], [78.55891, 17.3413], [78.5592, 17.34123], [78.55943, 17.34118], [78.55983, 17.34111], [78.56017, 17.34106], [78.56074, 17.34097], [78.56165, 17.34084], [78.5621, 17.34077], [78.56267, 17.34069], [78.56324, 17.34062], [78.56348, 17.34059], [78.5637, 17.34055], [78.56385, 17.34053], [78.56403, 17.34048], [78.56419, 17.34044], [78.56431, 17.3404], [78.56443, 17.34035], [78.56458, 17.34029], [78.56481, 17.34019], [78.565, 17.3401], [78.56527, 17.33996], [78.5655, 17.33985], [78.56578, 17.33971], [78.56605, 17.33957], [78.56634, 17.33942], [78.56661, 17.33927], [78.56698, 17.33905], [78.56715, 17.33895], [78.56723, 17.3389], [78.56733, 17.33885], [78.56743, 17.33879], [78.56752, 17.33874], [78.5676, 17.3387], [78.56774, 17.33863], [78.56784, 17.33858], [78.56793, 17.33854], [78.56819, 17.33843], [78.56835, 17.33838], [78.56858, 17.3383], [78.56907, 17.33814], [78.56935, 17.33805], [78.56955, 17.33799], [78.56986, 17.33788], [78.57016, 17.33779], [78.57114, 17.33748], [78.57167, 17.33732], [78.57221, 17.33715], [78.57256, 17.33703], [78.57286, 17.33694], [78.57314, 17.33685], [78.5733, 17.33681], [78.57346, 17.33677], [78.57364, 17.33674], [78.57382, 17.33671], [78.57387, 17.3367], [78.57392, 17.33633], [78.57395, 17.33625], [78.57409, 17.3359], [78.57422, 17.33561], [78.57452, 17.33495], [78.57476, 17.33443], [78.57493, 17.33408], [78.575, 17.33394], [78.57501, 17.33386], [78.57506, 17.33368], [78.57509, 17.33354], [78.57512, 17.33334], [78.57515, 17.33309], [78.57519, 17.33271], [78.57525, 17.33228], [78.57531, 17.33201], [78.57544, 17.33127], [78.57552, 17.33045], [78.57552, 17.33044], [78.57553, 17.33036], [78.57554, 17.33027], [78.57553, 17.3302], [78.57552, 17.33011], [78.57552, 17.33003]]]}}, {"type": "Feature", "properties": {"name": "26-OLD MALAKPET", "hospital_count": 4, "circle": "6-MALAKPET", "zone": "CHARMINAR ZONE", "ward_no": 26}, "geometry": {"type": "MultiPolygon", "coordinates": [[[[78.49806, 17.37543], [78.49772, 17.3755], [78.49744, 17.37555], [78.49722, 17.37557], [78.49674, 17.37573], [78.49645, 17.37596], [78.49616, 17.37636], [78.49592, 17.37686], [78.49514, 17.37711], [78.49513, 17.37779], [78.49501, 17.37864], [78.49501, 17.37915], [78.495, 17.37977], [78.49497, 17.38062], [78.49496, 17.38078], [78.49532, 17.38095], [78.49691, 17.3822], [78.49857, 17.38347], [78.49983, 17.38459], [78.50121, 17.38531], [78.50233, 17.38577], [78.50317, 17.38602], [78.50385, 17.38609], [78.50517, 17.38604], [78.50651, 17.38592], [78.50797, 17.38585], [78.5094, 17.38586], [78.51053, 17.38574], [78.51123, 17.38551], [78.51181, 17.38516], [78.51228, 17.38475], [78.51398, 17.38269], [78.51539, 17.3811], [78.51687, 17.37983], [78.51602, 17.37871], [78.51444, 17.37967], [78.51361, 17.38017], [78.51303, 17.38085], [78.51285, 17.3808], [78.51165, 17.37993], [78.5111, 17.37973], [78.5111, 17.37954], [78.51129, 17.37894], [78.51132, 17.37846], [78.51132, 17.37803], [78.51106, 17.37751], [78.51064, 17.37688], [78.51027, 17.37656], [78.50985, 17.37634], [78.50945, 17.37631], [78.50913, 17.37633], [78.50878, 17.37623], [78.50839, 17.37601], [78.50831, 17.37594], [78.50809, 17.37563], [78.50793, 17.375], [78.50771, 17.37436], [78.5074, 17.37344], [78.50719, 17.37284], [78.50613, 17.37299], [78.5061, 17.373], [78.50606, 17.373], [78.50503, 17.37316], [78.50372, 17.37332], [78.50317, 17.37342], [78.5027, 17.37347], [78.50194, 17.3736], [78.5007, 17.37382], [78.50014, 17.37405], [78.49944, 17.37442], [78.499, 17.37474], [78.49863, 17.37508], [78.49829, 17.37533], [78.49806, 17.37543]]], [[[78.49806, 17.37543], [78.49801, 17.3753], [78.49801, 17.37529], [78.49806, 17.37543]]]]}}, {"type": "Feature", "properties": {"name": "17-CHAMPAPET", "hospital_count": 11, "circle": "4-LB. NAGAR", "zone": "L.B.NAGAR ZONE", "ward_no": 17}, "geometry": {"type": "Polygon", "coordinates": [[[78.51589, 17.35077], [78.5161, 17.35069], [78.51614, 17.35077], [78.51636, 17.35071], [78.51641, 17.35079], [78.5166, 17.35073], [78.51678, 17.35064], [78.51691, 17.35091], [78.51717, 17.3508], [78.51709, 17.35061], [78.51729, 17.35054], [78.51722, 17.35037], [78.51731, 17.35033], [78.51726, 17.35018], [78.51718, 17.34996], [78.51711, 17.34971], [78.51706, 17.34963], [78.5168, 17.34875], [78.5166, 17.34814], [78.51698, 17.34799], [78.51689, 17.34763], [78.51675, 17.34659], [78.51705, 17.34635], [78.51734, 17.34619], [78.51757, 17.346], [78.51776, 17.34582], [78.51806, 17.34561], [78.51813, 17.34558], [78.51823, 17.34553], [78.51818, 17.34526], [78.5184, 17.34518], [78.5186, 17.34507], [78.51875, 17.34498], [78.51867, 17.34477], [78.51882, 17.34459], [78.51898, 17.34444], [78.51903, 17.34435], [78.51904, 17.34429], [78.51903, 17.34424], [78.51899, 17.34402], [78.51897, 17.34389], [78.51895, 17.34381], [78.5189, 17.34373], [78.51949, 17.34356], [78.51982, 17.34346], [78.52002, 17.34342], [78.52009, 17.34365], [78.52052, 17.34354], [78.52087, 17.34337], [78.52087, 17.34339], [78.5209, 17.34353], [78.52093, 17.3437], [78.52104, 17.34397], [78.5211, 17.34396], [78.52125, 17.34391], [78.52137, 17.34387], [78.52149, 17.34385], [78.52164, 17.34381], [78.52189, 17.34377], [78.52221, 17.34371], [78.52224, 17.34392], [78.5223, 17.3439], [78.52266, 17.34375], [78.52313, 17.3436], [78.52371, 17.34346], [78.52433, 17.34333], [78.52471, 17.34326], [78.5248, 17.34376], [78.52492, 17.34373], [78.52492, 17.34374], [78.52497, 17.34374], [78.52565, 17.3436], [78.5257, 17.34387], [78.52565, 17.34398], [78.52574, 17.3441], [78.52634, 17.34413], [78.52634, 17.34379], [78.52615, 17.34367], [78.52603, 17.34358], [78.52606, 17.34353], [78.52613, 17.34349], [78.52635, 17.34362], [78.52651, 17.34334], [78.52658, 17.34336], [78.52673, 17.34339], [78.52701, 17.34349], [78.5271, 17.34355], [78.52708, 17.34367], [78.52711, 17.34369], [78.52709, 17.34377], [78.52709, 17.34385], [78.52699, 17.34407], [78.52705, 17.3441], [78.52702, 17.3443], [78.52694, 17.34433], [78.52692, 17.34454], [78.52641, 17.34461], [78.52588, 17.34461], [78.52584, 17.3447], [78.52587, 17.34522], [78.52593, 17.34521], [78.52634, 17.34516], [78.52739, 17.34502], [78.5282, 17.34491], [78.52906, 17.34478], [78.52966, 17.34469], [78.53029, 17.3446], [78.53086, 17.34452], [78.53142, 17.34443], [78.53221, 17.34431], [78.53289, 17.34419], [78.53485, 17.34388], [78.53569, 17.34374], [78.53643, 17.34363], [78.53718, 17.34352], [78.53844, 17.34331], [78.53885, 17.34326], [78.53953, 17.34317], [78.54037, 17.34307], [78.54075, 17.34302], [78.541, 17.34301], [78.54121, 17.34302], [78.54174, 17.34306], [78.54213, 17.34308], [78.54236, 17.34308], [78.54258, 17.34308], [78.54273, 17.34307], [78.54298, 17.34306], [78.54313, 17.34305], [78.54328, 17.34304], [78.54338, 17.34303], [78.54347, 17.34303], [78.54379, 17.34304], [78.54399, 17.34303], [78.54417, 17.34302], [78.54432, 17.34302], [78.54449, 17.343], [78.54463, 17.34298], [78.54476, 17.34295], [78.54496, 17.3429], [78.54518, 17.34283], [78.54538, 17.34277], [78.54552, 17.34272], [78.54565, 17.34267], [78.54574, 17.34263], [78.54586, 17.34256], [78.54605, 17.34246], [78.54619, 17.34237], [78.54631, 17.34231], [78.54646, 17.34223], [78.54655, 17.34219], [78.54666, 17.34215], [78.54639, 17.34191], [78.54612, 17.34167], [78.54573, 17.34134], [78.54537, 17.34103], [78.54516, 17.34085], [78.54496, 17.34067], [78.54458, 17.34032], [78.54444, 17.34021], [78.54427, 17.34005], [78.54412, 17.33993], [78.54395, 17.33976], [78.54375, 17.33958], [78.54356, 17.3394], [78.54331, 17.33919], [78.54241, 17.33857], [78.54206, 17.3384], [78.54159, 17.33821], [78.54159, 17.3382], [78.54135, 17.33813], [78.54102, 17.33803], [78.54068, 17.33796], [78.54041, 17.33791], [78.54027, 17.33789], [78.54012, 17.33787], [78.54002, 17.33786], [78.53992, 17.33786], [78.53974, 17.33785], [78.53946, 17.33784], [78.53906, 17.33782], [78.53865, 17.3378], [78.53823, 17.33778], [78.53788, 17.33776], [78.53756, 17.33774], [78.53737, 17.33773], [78.53722, 17.33772], [78.5371, 17.3377], [78.53693, 17.33766], [78.53622, 17.33753], [78.53613, 17.33751], [78.53612, 17.33754], [78.53596, 17.33768], [78.53576, 17.33785], [78.53551, 17.3381], [78.53531, 17.33833], [78.53517, 17.33842], [78.53507, 17.33854], [78.53486, 17.33901], [78.53479, 17.33914], [78.53459, 17.33917], [78.53436, 17.33922], [78.53429, 17.33921], [78.53412, 17.33925], [78.53403, 17.33926], [78.53376, 17.33913], [78.53363, 17.339], [78.53354, 17.33888], [78.53326, 17.33894], [78.53302, 17.33896], [78.53284, 17.33901], [78.53279, 17.33905], [78.53254, 17.33913], [78.53225, 17.3392], [78.53228, 17.33931], [78.53225, 17.33947], [78.53213, 17.33972], [78.53207, 17.33998], [78.53184, 17.34004], [78.53171, 17.34008], [78.53134, 17.34007], [78.5311, 17.34007], [78.53102, 17.34006], [78.53091, 17.34002], [78.53079, 17.33996], [78.53096, 17.33858], [78.5311, 17.33821], [78.53103, 17.33762], [78.53064, 17.33772], [78.53064, 17.33808], [78.53062, 17.33978], [78.53045, 17.33979], [78.52942, 17.33988], [78.52894, 17.33995], [78.52883, 17.33921], [78.52883, 17.3392], [78.52862, 17.33824], [78.5286, 17.33814], [78.52776, 17.33832], [78.52688, 17.33861], [78.52507, 17.33926], [78.52504, 17.33927], [78.52515, 17.34003], [78.52544, 17.34087], [78.5251, 17.34091], [78.52472, 17.34092], [78.52468, 17.34073], [78.52459, 17.34066], [78.52456, 17.34071], [78.5245, 17.34075], [78.52422, 17.34085], [78.52385, 17.34095], [78.52367, 17.34059], [78.52349, 17.34029], [78.52333, 17.33989], [78.52294, 17.34002], [78.52258, 17.34014], [78.52218, 17.34028], [78.52183, 17.3404], [78.52142, 17.34054], [78.52069, 17.3408], [78.5204, 17.3409], [78.51997, 17.34107], [78.51921, 17.34133], [78.51892, 17.34147], [78.51728, 17.34208], [78.5168, 17.3422], [78.51657, 17.34222], [78.51636, 17.34225], [78.51594, 17.34229], [78.51503, 17.34239], [78.5143, 17.34248], [78.51428, 17.34249], [78.51315, 17.34261], [78.51204, 17.34276], [78.51108, 17.3429], [78.51072, 17.34296], [78.5101, 17.34307], [78.51008, 17.34307], [78.50913, 17.34323], [78.50784, 17.34343], [78.50766, 17.34347], [78.50699, 17.34358], [78.50705, 17.34362], [78.50722, 17.34377], [78.50728, 17.34382], [78.50735, 17.34389], [78.50751, 17.34403], [78.50756, 17.3441], [78.50773, 17.34439], [78.50781, 17.34472], [78.50803, 17.34566], [78.50813, 17.3461], [78.50829, 17.34682], [78.50846, 17.34765], [78.50857, 17.34817], [78.50859, 17.3487], [78.50856, 17.34901], [78.50857, 17.34902], [78.5089, 17.34903], [78.50896, 17.34903], [78.50921, 17.34902], [78.50939, 17.349], [78.50942, 17.3492], [78.5099, 17.34918], [78.50998, 17.34957], [78.51017, 17.34954], [78.51022, 17.34983], [78.51027, 17.35001], [78.51034, 17.35022], [78.51048, 17.35063], [78.51065, 17.35059], [78.51143, 17.35032], [78.51247, 17.34987], [78.51268, 17.34977], [78.51346, 17.34939], [78.51391, 17.34917], [78.51401, 17.34939], [78.5141, 17.3496], [78.51419, 17.34981], [78.51424, 17.34995], [78.51436, 17.35027], [78.51447, 17.35055], [78.51457, 17.3508], [78.51475, 17.35121], [78.51477, 17.35123], [78.51478, 17.35124], [78.51486, 17.35121], [78.51516, 17.3511], [78.51517, 17.35109], [78.5152, 17.35109], [78.51543, 17.351], [78.51552, 17.35094], [78.51589, 17.35077]]]}}, {"type": "Feature", "properties": {"name": "39-SANTOSH NAGAR", "hospital_count": 1, "circle": "7-SANTOSH NAGAR", "zone": "CHARMINAR ZONE", "ward_no": 39}, "geometry": {"type": "Polygon", "coordinates": [[[78.50249, 17.35025], [78.50276, 17.3504], [78.50358, 17.35086], [78.50402, 17.35118], [78.50491, 17.35164], [78.50547, 17.35194], [78.50604, 17.35217], [78.50667, 17.35234], [78.50674, 17.3522], [78.50725, 17.35127], [78.50827, 17.34954], [78.50856, 17.34901], [78.50859, 17.3487], [78.50857, 17.34817], [78.50846, 17.34765], [78.50829, 17.34682], [78.50813, 17.3461], [78.50803, 17.34566], [78.50781, 17.34472], [78.50773, 17.34439], [78.50756, 17.3441], [78.50751, 17.34403], [78.50735, 17.34389], [78.50728, 17.34382], [78.50722, 17.34377], [78.50705, 17.34362], [78.50699, 17.34358], [78.5065, 17.34326], [78.50625, 17.3431], [78.50493, 17.3422], [78.50487, 17.34225], [78.50473, 17.34229], [78.50468, 17.34231], [78.50454, 17.34236], [78.50422, 17.34248], [78.50415, 17.34256], [78.50407, 17.34289], [78.50396, 17.34324], [78.50391, 17.3433], [78.5038, 17.34336], [78.50366, 17.3434], [78.50344, 17.34339], [78.50331, 17.34341], [78.50322, 17.34346], [78.50302, 17.34347], [78.50293, 17.3435], [78.50283, 17.34359], [78.50271, 17.34369], [78.50269, 17.34371], [78.50247, 17.34389], [78.50239, 17.34396], [78.50243, 17.34414], [78.50245, 17.34426], [78.50246, 17.34429], [78.50244, 17.34538], [78.50224, 17.34574], [78.502, 17.34602], [78.50172, 17.34613], [78.50175, 17.34643], [78.50177, 17.34663], [78.50179, 17.3468], [78.50179, 17.3468], [78.50169, 17.34685], [78.50167, 17.34693], [78.50166, 17.34702], [78.50165, 17.34713], [78.5016, 17.34714], [78.50125, 17.34722], [78.50059, 17.34728], [78.5004, 17.3473], [78.50031, 17.34738], [78.50013, 17.34754], [78.50011, 17.34756], [78.50004, 17.34762], [78.49986, 17.34779], [78.49979, 17.34789], [78.49972, 17.34799], [78.4996, 17.34808], [78.49953, 17.34812], [78.49935, 17.34824], [78.4992, 17.34833], [78.499, 17.34844], [78.49877, 17.34857], [78.49875, 17.34859], [78.49875, 17.34859], [78.49822, 17.34895], [78.49787, 17.34903], [78.49778, 17.34905], [78.49723, 17.34906], [78.49713, 17.34906], [78.497, 17.34915], [78.49609, 17.35004], [78.49598, 17.35015], [78.49583, 17.3503], [78.49575, 17.35037], [78.49538, 17.35072], [78.49516, 17.35097], [78.4948, 17.35135], [78.4946, 17.35156], [78.49409, 17.35209], [78.4937, 17.35258], [78.49335, 17.35296], [78.49304, 17.35316], [78.49312, 17.35323], [78.49342, 17.3536], [78.49373, 17.35384], [78.49398, 17.35399], [78.49438, 17.35424], [78.49459, 17.35444], [78.49486, 17.35486], [78.4949, 17.35509], [78.49506, 17.35507], [78.4955, 17.35501], [78.4964, 17.35481], [78.4974, 17.35484], [78.49854, 17.3549], [78.49895, 17.35502], [78.49895, 17.35502], [78.49895, 17.35497], [78.49895, 17.35479], [78.49895, 17.35414], [78.49898, 17.353], [78.49943, 17.35301], [78.49972, 17.35301], [78.50009, 17.353], [78.50016, 17.35273], [78.50033, 17.35272], [78.50049, 17.35273], [78.50071, 17.35274], [78.50076, 17.35275], [78.50079, 17.3526], [78.50083, 17.3526], [78.50088, 17.3526], [78.50091, 17.3526], [78.50091, 17.35267], [78.5009, 17.35276], [78.50094, 17.35276], [78.50118, 17.35277], [78.5013, 17.35278], [78.50143, 17.35278], [78.50159, 17.35279], [78.50172, 17.35279], [78.50204, 17.3528], [78.50203, 17.35276], [78.50204, 17.35262], [78.50204, 17.35241], [78.50205, 17.35236], [78.50205, 17.3521], [78.50205, 17.35205], [78.50209, 17.35179], [78.50215, 17.3516], [78.50233, 17.35119], [78.50245, 17.35068], [78.50237, 17.35019], [78.50249, 17.35025]]]}}, {"type": "Feature", "properties": {"name": "66-LUNGER HOUSE", "hospital_count": 7, "circle": "13-KARWAN", "zone": "KHAIRATHABAD ZONE", "ward_no": 66}, "geometry": {"type": "Polygon", "coordinates": [[[78.3832, 17.38803], [78.38349, 17.38747], [78.38377, 17.38688], [78.38401, 17.38629], [78.3842, 17.38614], [78.38453, 17.38596], [78.38524, 17.386], [78.38592, 17.38609], [78.38663, 17.38623], [78.38715, 17.38655], [78.38754, 17.38705], [78.38797, 17.38755], [78.3884, 17.3881], [78.38893, 17.38856], [78.38945, 17.38896], [78.39003, 17.38933], [78.3903, 17.38943], [78.39095, 17.38971], [78.39127, 17.38988], [78.39157, 17.39001], [78.3916, 17.39029], [78.3922, 17.39032], [78.39246, 17.39047], [78.3928, 17.39084], [78.3929, 17.39097], [78.39299, 17.39142], [78.39307, 17.39185], [78.39312, 17.39216], [78.39314, 17.39231], [78.39316, 17.39258], [78.39319, 17.39268], [78.3932, 17.39271], [78.39344, 17.39263], [78.39353, 17.39262], [78.39404, 17.39252], [78.39431, 17.39251], [78.39456, 17.39249], [78.39475, 17.39251], [78.3948, 17.39251], [78.39534, 17.39256], [78.39542, 17.39256], [78.39558, 17.39257], [78.3958, 17.39258], [78.39624, 17.39254], [78.39628, 17.39254], [78.39682, 17.3925], [78.39688, 17.39249], [78.39723, 17.39246], [78.39799, 17.3924], [78.39858, 17.39235], [78.39881, 17.39232], [78.39901, 17.39231], [78.3998, 17.39228], [78.39979, 17.39225], [78.39983, 17.39203], [78.39993, 17.3919], [78.40007, 17.3919], [78.40014, 17.39184], [78.40014, 17.39181], [78.39801, 17.39107], [78.39749, 17.39108], [78.39694, 17.39056], [78.39672, 17.39037], [78.39625, 17.3901], [78.3961, 17.38978], [78.39607, 17.38957], [78.39615, 17.3894], [78.39598, 17.3888], [78.39592, 17.38818], [78.39606, 17.38802], [78.39634, 17.38786], [78.39661, 17.38788], [78.3969, 17.38795], [78.39718, 17.38816], [78.39736, 17.3882], [78.39768, 17.38817], [78.39812, 17.38804], [78.39878, 17.38784], [78.39898, 17.38824], [78.39907, 17.38821], [78.39905, 17.38813], [78.39905, 17.38813], [78.39986, 17.38778], [78.40012, 17.38759], [78.40075, 17.3872], [78.40099, 17.38699], [78.40137, 17.38633], [78.40185, 17.38581], [78.40237, 17.38522], [78.40288, 17.38479], [78.40314, 17.38462], [78.40326, 17.38453], [78.40327, 17.38394], [78.40338, 17.38375], [78.40346, 17.38376], [78.40473, 17.38318], [78.40553, 17.38283], [78.40674, 17.38218], [78.40853, 17.3813], [78.40972, 17.38057], [78.41039, 17.38019], [78.41208, 17.37943], [78.41212, 17.37941], [78.41213, 17.37943], [78.41212, 17.37945], [78.41215, 17.37949], [78.41219, 17.37947], [78.41225, 17.37944], [78.41238, 17.37934], [78.41242, 17.37929], [78.41244, 17.37926], [78.41247, 17.37925], [78.41251, 17.37925], [78.41259, 17.37924], [78.41269, 17.37927], [78.41275, 17.37928], [78.41279, 17.37926], [78.41282, 17.37923], [78.41284, 17.37919], [78.41289, 17.37918], [78.41292, 17.37919], [78.41298, 17.37923], [78.41308, 17.37927], [78.41343, 17.37927], [78.41392, 17.37927], [78.41437, 17.37925], [78.41497, 17.37933], [78.41558, 17.3794], [78.4159, 17.37938], [78.41606, 17.37933], [78.4171, 17.37882], [78.41735, 17.37872], [78.41759, 17.37863], [78.41788, 17.37854], [78.41848, 17.37846], [78.41928, 17.37835], [78.4207, 17.3782], [78.42069, 17.3782], [78.42093, 17.37817], [78.4246, 17.3775], [78.42583, 17.3773], [78.42593, 17.37729], [78.42598, 17.3765], [78.42602, 17.37582], [78.42616, 17.3758], [78.4263, 17.37577], [78.42634, 17.37571], [78.42638, 17.37548], [78.42639, 17.37531], [78.42642, 17.37522], [78.42649, 17.37511], [78.4265, 17.37501], [78.42653, 17.37468], [78.42725, 17.37464], [78.42723, 17.37422], [78.42717, 17.37418], [78.42719, 17.37414], [78.42721, 17.37415], [78.42728, 17.37409], [78.42734, 17.37397], [78.42742, 17.3736], [78.42742, 17.37324], [78.42758, 17.37252], [78.42622, 17.37214], [78.4256, 17.37197], [78.42433, 17.37185], [78.42361, 17.37179], [78.42142, 17.37171], [78.42126, 17.3717], [78.42036, 17.37162], [78.41945, 17.37154], [78.41859, 17.37147], [78.41785, 17.37135], [78.41681, 17.37119], [78.41478, 17.37079], [78.41478, 17.37079], [78.41473, 17.37078], [78.41446, 17.37075], [78.41427, 17.37096], [78.41427, 17.37126], [78.41414, 17.37127], [78.41402, 17.37132], [78.41382, 17.37134], [78.41369, 17.37135], [78.4135, 17.37136], [78.41333, 17.37139], [78.41313, 17.37147], [78.4129, 17.37154], [78.41265, 17.37167], [78.4124, 17.37179], [78.41223, 17.37189], [78.41202, 17.37199], [78.41189, 17.37211], [78.41179, 17.3722], [78.4117, 17.37233], [78.41147, 17.37236], [78.41127, 17.37236], [78.4111, 17.3724], [78.41094, 17.37247], [78.41076, 17.37251], [78.41062, 17.37247], [78.41043, 17.37244], [78.41015, 17.37237], [78.40989, 17.37235], [78.40972, 17.37233], [78.40954, 17.37233], [78.40929, 17.37236], [78.40899, 17.37235], [78.40873, 17.37229], [78.40867, 17.37227], [78.40799, 17.37217], [78.40737, 17.37213], [78.40665, 17.37213], [78.40589, 17.37227], [78.40527, 17.37245], [78.40517, 17.37246], [78.40508, 17.37251], [78.40461, 17.3726], [78.40398, 17.37278], [78.40331, 17.37283], [78.4026, 17.37283], [78.40193, 17.37288], [78.40121, 17.37298], [78.40059, 17.37289], [78.39998, 17.37271], [78.39936, 17.37247], [78.39868, 17.37225], [78.39802, 17.37211], [78.39769, 17.37212], [78.3973, 17.37212], [78.39707, 17.37212], [78.39664, 17.37212], [78.39617, 17.37212], [78.39592, 17.37212], [78.39535, 17.37217], [78.39525, 17.37222], [78.39354, 17.37222], [78.39326, 17.37222], [78.39301, 17.37222], [78.39287, 17.37222], [78.3922, 17.37227], [78.39153, 17.37232], [78.39091, 17.37228], [78.39025, 17.37228], [78.38958, 17.37223], [78.38882, 17.37229], [78.3882, 17.37238], [78.38753, 17.37256], [78.38686, 17.3727], [78.38615, 17.37279], [78.38538, 17.37289], [78.38472, 17.37303], [78.38405, 17.37322], [78.38344, 17.37344], [78.38277, 17.37363], [78.3821, 17.37368], [78.38138, 17.37378], [78.38077, 17.37396], [78.38015, 17.37414], [78.37958, 17.37442], [78.37901, 17.37469], [78.37838, 17.37502], [78.37772, 17.37521], [78.3771, 17.37544], [78.37653, 17.37576], [78.37587, 17.37599], [78.3752, 17.37622], [78.37429, 17.37655], [78.37434, 17.37664], [78.37439, 17.37673], [78.37458, 17.37723], [78.37491, 17.3776], [78.37506, 17.37773], [78.37568, 17.37778], [78.3763, 17.3781], [78.37688, 17.37842], [78.3773, 17.37897], [78.3774, 17.37961], [78.37745, 17.38025], [78.37745, 17.3809], [78.37784, 17.38144], [78.37837, 17.38185], [78.37865, 17.38203], [78.37894, 17.38226], [78.37918, 17.38285], [78.37871, 17.38332], [78.37823, 17.38377], [78.37847, 17.38437], [78.37904, 17.38469], [78.37943, 17.38519], [78.37957, 17.38579], [78.37948, 17.38643], [78.37934, 17.38707], [78.3792, 17.38768], [78.37921, 17.3885], [78.37977, 17.38817], [78.38034, 17.38785], [78.38101, 17.38775], [78.38116, 17.38835], [78.38125, 17.389], [78.3814, 17.38963], [78.38154, 17.39034], [78.38182, 17.39105], [78.38203, 17.39156], [78.38222, 17.3922], [78.38236, 17.39284], [78.38266, 17.39422], [78.3829, 17.39485], [78.38333, 17.39435], [78.38351, 17.39376], [78.38366, 17.39311], [78.38366, 17.39247], [78.38355, 17.39183], [78.38336, 17.39119], [78.38321, 17.39054], [78.38307, 17.38995], [78.38292, 17.38931], [78.38301, 17.38862], [78.3832, 17.38803]]]}}, {"type": "Feature", "properties": {"name": "112-RAMACHANDRAPURAM", "hospital_count": 14, "circle": "22-RAMACHANDRAPURAM & PATANCHERUVU", "zone": "SERILINGAMPALLY ZONE", "ward_no": 112}, "geometry": {"type": "Polygon", "coordinates": [[[78.29193, 17.51407], [78.29214, 17.51402], [78.29231, 17.51403], [78.2924, 17.51408], [78.29288, 17.51422], [78.2929, 17.51422], [78.2929, 17.51423], [78.29297, 17.51424], [78.29326, 17.5143], [78.29332, 17.51429], [78.29334, 17.51425], [78.29336, 17.51423], [78.29335, 17.51416], [78.29333, 17.51408], [78.29332, 17.51403], [78.29326, 17.51389], [78.29328, 17.51379], [78.29335, 17.51371], [78.29354, 17.51361], [78.29375, 17.51357], [78.29385, 17.51358], [78.29396, 17.5136], [78.29406, 17.51358], [78.29415, 17.51355], [78.29419, 17.51351], [78.2943, 17.51333], [78.29432, 17.51325], [78.29435, 17.51318], [78.29436, 17.51313], [78.29437, 17.51307], [78.29445, 17.51299], [78.29459, 17.51295], [78.29482, 17.51298], [78.29493, 17.51299], [78.29494, 17.51299], [78.29494, 17.51299], [78.29508, 17.51302], [78.2952, 17.51303], [78.29531, 17.51302], [78.2954, 17.51299], [78.29552, 17.51292], [78.29575, 17.51281], [78.29581, 17.5128], [78.29596, 17.51277], [78.2961, 17.51275], [78.29622, 17.51273], [78.29628, 17.51272], [78.29672, 17.51273], [78.29699, 17.51278], [78.29723, 17.5128], [78.29744, 17.51277], [78.29757, 17.51273], [78.29757, 17.51273], [78.29759, 17.51272], [78.29759, 17.51272], [78.29771, 17.51269], [78.29779, 17.51269], [78.29779, 17.51269], [78.2978, 17.51269], [78.2978, 17.51269], [78.29792, 17.5127], [78.29813, 17.51278], [78.29818, 17.5128], [78.29836, 17.51294], [78.29847, 17.51297], [78.29855, 17.51302], [78.29866, 17.51304], [78.29889, 17.51302], [78.29917, 17.51293], [78.29934, 17.51289], [78.29945, 17.51285], [78.29951, 17.51283], [78.29962, 17.51281], [78.29969, 17.51279], [78.29983, 17.51274], [78.30007, 17.51269], [78.30033, 17.51262], [78.30044, 17.51258], [78.30058, 17.5125], [78.30071, 17.51243], [78.3008, 17.51235], [78.30086, 17.51228], [78.30098, 17.51217], [78.30111, 17.51204], [78.30113, 17.512], [78.3013, 17.51169], [78.3013, 17.51158], [78.30138, 17.51147], [78.30139, 17.51144], [78.3014, 17.51144], [78.30149, 17.51134], [78.30152, 17.51131], [78.30164, 17.5112], [78.30184, 17.51106], [78.30194, 17.51097], [78.30197, 17.51091], [78.30203, 17.51087], [78.3021, 17.51082], [78.30222, 17.51073], [78.30242, 17.51062], [78.30255, 17.51055], [78.30265, 17.51051], [78.30278, 17.51045], [78.30289, 17.51037], [78.30307, 17.51026], [78.30313, 17.51021], [78.30326, 17.51019], [78.30355, 17.51022], [78.30371, 17.51027], [78.30394, 17.51035], [78.30416, 17.51049], [78.30439, 17.51069], [78.30454, 17.5108], [78.30482, 17.51088], [78.30494, 17.51088], [78.30498, 17.51088], [78.30513, 17.51089], [78.30538, 17.51079], [78.30559, 17.51079], [78.30584, 17.51082], [78.30606, 17.51082], [78.30608, 17.51082], [78.30625, 17.51082], [78.30637, 17.51081], [78.30653, 17.5107], [78.30684, 17.51049], [78.30715, 17.5102], [78.30736, 17.51002], [78.30751, 17.50969], [78.30758, 17.5094], [78.30759, 17.50938], [78.30768, 17.50898], [78.30774, 17.50853], [78.30777, 17.50842], [78.30779, 17.5083], [78.30782, 17.50814], [78.30782, 17.50808], [78.30781, 17.50802], [78.30781, 17.50801], [78.30782, 17.50794], [78.30781, 17.50789], [78.30787, 17.50778], [78.30792, 17.50774], [78.30808, 17.50765], [78.30815, 17.50759], [78.30826, 17.50756], [78.30836, 17.50755], [78.3085, 17.50752], [78.30866, 17.50747], [78.30884, 17.50737], [78.30896, 17.50728], [78.30904, 17.50723], [78.30915, 17.50716], [78.30916, 17.50716], [78.30916, 17.50716], [78.30925, 17.5071], [78.30933, 17.50701], [78.30936, 17.50696], [78.30938, 17.50693], [78.30939, 17.50693], [78.30939, 17.50693], [78.30946, 17.50684], [78.30945, 17.50679], [78.30949, 17.50673], [78.30963, 17.50661], [78.30973, 17.50655], [78.30976, 17.50647], [78.3098, 17.50639], [78.30991, 17.50627], [78.31, 17.5062], [78.31004, 17.50612], [78.31005, 17.50609], [78.3101, 17.50601], [78.31014, 17.5059], [78.3103, 17.50556], [78.31034, 17.50546], [78.31039, 17.50539], [78.31051, 17.5053], [78.31071, 17.5052], [78.31088, 17.50512], [78.31088, 17.50512], [78.31088, 17.50512], [78.31091, 17.50511], [78.31091, 17.50511], [78.31091, 17.50511], [78.31109, 17.50504], [78.31117, 17.50502], [78.3113, 17.50501], [78.31138, 17.50501], [78.31142, 17.50501], [78.31146, 17.50501], [78.31156, 17.50496], [78.31167, 17.50492], [78.31176, 17.50485], [78.31181, 17.50471], [78.31186, 17.50466], [78.31195, 17.50457], [78.31211, 17.50447], [78.31214, 17.50445], [78.31241, 17.50432], [78.31256, 17.50421], [78.31266, 17.50415], [78.31279, 17.50411], [78.31298, 17.50402], [78.31303, 17.504], [78.31332, 17.50387], [78.31341, 17.50384], [78.31369, 17.50373], [78.31385, 17.50365], [78.31388, 17.50363], [78.31396, 17.50359], [78.31402, 17.50355], [78.31411, 17.50349], [78.31417, 17.50339], [78.31422, 17.50328], [78.31422, 17.50312], [78.31423, 17.50292], [78.31429, 17.50276], [78.31432, 17.50268], [78.31434, 17.50254], [78.31429, 17.5025], [78.31429, 17.5025], [78.31427, 17.50245], [78.3143, 17.50233], [78.31434, 17.50225], [78.31448, 17.50192], [78.31461, 17.50184], [78.31464, 17.50178], [78.31472, 17.50173], [78.31488, 17.50162], [78.31503, 17.50152], [78.31509, 17.50142], [78.31514, 17.50137], [78.31511, 17.50122], [78.31507, 17.50114], [78.31494, 17.50104], [78.31488, 17.50101], [78.31479, 17.50095], [78.31471, 17.50091], [78.31462, 17.50085], [78.31462, 17.50085], [78.31462, 17.50085], [78.31452, 17.50071], [78.31449, 17.50061], [78.31448, 17.50051], [78.3145, 17.50042], [78.3146, 17.50035], [78.31464, 17.5003], [78.31472, 17.50023], [78.31483, 17.50013], [78.31493, 17.5001], [78.31495, 17.5001], [78.31503, 17.50009], [78.31515, 17.50008], [78.31523, 17.50006], [78.31532, 17.50002], [78.3154, 17.49994], [78.3154, 17.49994], [78.3154, 17.49994], [78.31548, 17.49987], [78.3155, 17.49985], [78.31561, 17.49976], [78.31572, 17.49963], [78.31579, 17.49947], [78.31602, 17.49917], [78.31603, 17.49916], [78.31626, 17.49885], [78.31632, 17.49874], [78.31634, 17.4987], [78.31636, 17.49867], [78.3164, 17.49856], [78.31643, 17.49848], [78.31644, 17.49847], [78.31644, 17.49847], [78.31662, 17.49811], [78.31663, 17.49807], [78.31663, 17.49797], [78.31663, 17.49792], [78.31664, 17.49781], [78.31669, 17.49771], [78.31675, 17.49762], [78.31683, 17.49754], [78.31688, 17.4975], [78.31694, 17.49745], [78.31694, 17.49744], [78.31695, 17.49744], [78.31699, 17.4974], [78.31701, 17.49731], [78.31701, 17.49727], [78.317, 17.49725], [78.317, 17.49714], [78.31692, 17.49689], [78.317, 17.49671], [78.31721, 17.49649], [78.31724, 17.49643], [78.31726, 17.49639], [78.3174, 17.4962], [78.31758, 17.49586], [78.31765, 17.49554], [78.31763, 17.49532], [78.31755, 17.49527], [78.31755, 17.49527], [78.31755, 17.49527], [78.31744, 17.49493], [78.31716, 17.49463], [78.3171, 17.49456], [78.31708, 17.49453], [78.31707, 17.49444], [78.31699, 17.49419], [78.31696, 17.49415], [78.31696, 17.49407], [78.31694, 17.49391], [78.31693, 17.49378], [78.3169, 17.49359], [78.31689, 17.49348], [78.31687, 17.49339], [78.31667, 17.49312], [78.3165, 17.49305], [78.31639, 17.49301], [78.31624, 17.49297], [78.3161, 17.49292], [78.3161, 17.49295], [78.31606, 17.49316], [78.31603, 17.4932], [78.31582, 17.49315], [78.31545, 17.49307], [78.31531, 17.49301], [78.31525, 17.49296], [78.31518, 17.49302], [78.31527, 17.49328], [78.31531, 17.49356], [78.31549, 17.49491], [78.31615, 17.4955], [78.31566, 17.49581], [78.31517, 17.4962], [78.31493, 17.49651], [78.31465, 17.49702], [78.31424, 17.49785], [78.31385, 17.49865], [78.31373, 17.49887], [78.31333, 17.49956], [78.31275, 17.50056], [78.31265, 17.50073], [78.31207, 17.50179], [78.31182, 17.50218], [78.31174, 17.5023], [78.31157, 17.50251], [78.31144, 17.50265], [78.31115, 17.50291], [78.31096, 17.50305], [78.31079, 17.50317], [78.31065, 17.50326], [78.3106, 17.50329], [78.31049, 17.50336], [78.31006, 17.5036], [78.30951, 17.50389], [78.30899, 17.50418], [78.30878, 17.5043], [78.30837, 17.50452], [78.30786, 17.50481], [78.30769, 17.50492], [78.30757, 17.50498], [78.30743, 17.50506], [78.30734, 17.50511], [78.30702, 17.50529], [78.30634, 17.50567], [78.30626, 17.50572], [78.30585, 17.50595], [78.30404, 17.50698], [78.30394, 17.50691], [78.30386, 17.50684], [78.30378, 17.50681], [78.30364, 17.50681], [78.30333, 17.50687], [78.30142, 17.50698], [78.30094, 17.50702], [78.3006, 17.50699], [78.30028, 17.50688], [78.29966, 17.50691], [78.29981, 17.50721], [78.29882, 17.50719], [78.29875, 17.50724], [78.29872, 17.50724], [78.29866, 17.50727], [78.29863, 17.50728], [78.29854, 17.50732], [78.29839, 17.50737], [78.2982, 17.50746], [78.29809, 17.50754], [78.29787, 17.50762], [78.29772, 17.50767], [78.29764, 17.50771], [78.29753, 17.50776], [78.29737, 17.50783], [78.29706, 17.50804], [78.29701, 17.50808], [78.29701, 17.50808], [78.29669, 17.50829], [78.29652, 17.50843], [78.29652, 17.50843], [78.29633, 17.50858], [78.29576, 17.509], [78.29537, 17.50926], [78.29496, 17.50953], [78.29451, 17.50983], [78.29424, 17.51001], [78.29372, 17.51024], [78.29327, 17.51045], [78.29292, 17.51056], [78.29261, 17.51057], [78.29222, 17.51053], [78.29182, 17.51044], [78.29163, 17.51044], [78.29136, 17.51041], [78.29119, 17.51037], [78.29093, 17.51035], [78.29093, 17.51035], [78.29067, 17.51034], [78.29043, 17.51042], [78.28987, 17.51054], [78.28961, 17.51056], [78.28881, 17.51008], [78.28898, 17.50984], [78.28906, 17.50972], [78.28926, 17.50943], [78.28929, 17.50939], [78.28931, 17.50936], [78.28939, 17.50922], [78.28942, 17.50916], [78.28945, 17.50911], [78.28949, 17.50905], [78.28962, 17.50887], [78.28964, 17.50885], [78.28975, 17.50868], [78.2899, 17.50839], [78.28992, 17.50833], [78.28997, 17.50822], [78.29006, 17.508], [78.29016, 17.50774], [78.29021, 17.50758], [78.29027, 17.50742], [78.29033, 17.50729], [78.29039, 17.50713], [78.29042, 17.50706], [78.2889, 17.5075], [78.28701, 17.50792], [78.28645, 17.50803], [78.28311, 17.5087], [78.2831, 17.51235], [78.2831, 17.51245], [78.28315, 17.51256], [78.28326, 17.51285], [78.2834, 17.51308], [78.28372, 17.51357], [78.28292, 17.51423], [78.28235, 17.51424], [78.28235, 17.51425], [78.28241, 17.51502], [78.28242, 17.51513], [78.28247, 17.5158], [78.28254, 17.5161], [78.2847, 17.51926], [78.28434, 17.51952], [78.28759, 17.52315], [78.28835, 17.52305], [78.28862, 17.52302], [78.28863, 17.52302], [78.28867, 17.52261], [78.28864, 17.52205], [78.28895, 17.52182], [78.28919, 17.52091], [78.28918, 17.52062], [78.28946, 17.52032], [78.28947, 17.51953], [78.29012, 17.51953], [78.29025, 17.51952], [78.29041, 17.51948], [78.29074, 17.51917], [78.29088, 17.51882], [78.29084, 17.51796], [78.29108, 17.51785], [78.29134, 17.51766], [78.29131, 17.51754], [78.29132, 17.51705], [78.2914, 17.51678], [78.2914, 17.51649], [78.29133, 17.51612], [78.29117, 17.51595], [78.29104, 17.51562], [78.29104, 17.51524], [78.29105, 17.51499], [78.29108, 17.51486], [78.29132, 17.51462], [78.29132, 17.5146], [78.29137, 17.51456], [78.29142, 17.51444], [78.29157, 17.51427], [78.2918, 17.51412], [78.29193, 17.51407]]]}}, {"type": "Feature", "properties": {"name": "128-CHINTAL", "hospital_count": 6, "circle": "26-GAJULARAMARAM", "zone": "KUKATPALLY ZONE", "ward_no": 128}, "geometry": {"type": "Polygon", "coordinates": [[[78.45195, 17.49823], [78.45222, 17.49616], [78.45225, 17.49598], [78.45225, 17.49564], [78.45222, 17.49537], [78.45213, 17.49484], [78.45213, 17.49481], [78.45206, 17.49453], [78.45162, 17.49284], [78.45104, 17.49054], [78.45089, 17.48996], [78.45066, 17.48918], [78.45031, 17.48797], [78.44762, 17.48849], [78.44605, 17.48879], [78.4456, 17.49299], [78.44586, 17.49301], [78.44582, 17.49341], [78.44579, 17.49381], [78.44583, 17.4939], [78.44483, 17.49511], [78.44469, 17.49526], [78.44442, 17.49473], [78.44356, 17.49514], [78.44306, 17.49538], [78.443, 17.49541], [78.44186, 17.49595], [78.44166, 17.4961], [78.43999, 17.49604], [78.4398, 17.49621], [78.4376, 17.49697], [78.43543, 17.49626], [78.43425, 17.49714], [78.4341, 17.49734], [78.43384, 17.49748], [78.43351, 17.49761], [78.4329, 17.49765], [78.43312, 17.49818], [78.433, 17.49824], [78.43277, 17.49835], [78.43281, 17.49857], [78.4329, 17.49902], [78.43279, 17.49935], [78.43278, 17.49936], [78.43234, 17.50002], [78.43231, 17.50006], [78.43124, 17.50169], [78.43107, 17.50197], [78.43004, 17.50364], [78.43001, 17.50372], [78.43022, 17.50419], [78.43083, 17.50557], [78.43082, 17.50559], [78.43073, 17.50568], [78.43144, 17.50732], [78.43148, 17.50742], [78.43174, 17.50804], [78.43126, 17.50819], [78.43133, 17.50837], [78.43101, 17.50847], [78.43137, 17.50933], [78.43128, 17.5094], [78.43121, 17.50945], [78.43138, 17.50975], [78.4317, 17.51035], [78.43156, 17.51039], [78.4318, 17.51107], [78.43181, 17.51108], [78.43184, 17.51149], [78.43207, 17.51191], [78.4322, 17.51203], [78.43226, 17.51209], [78.43199, 17.51289], [78.43308, 17.51357], [78.43339, 17.51376], [78.43601, 17.51543], [78.43653, 17.51577], [78.43686, 17.51606], [78.4375, 17.51685], [78.43751, 17.51686], [78.43751, 17.51685], [78.43786, 17.51659], [78.43935, 17.51547], [78.44032, 17.51487], [78.44077, 17.51465], [78.44141, 17.51441], [78.44144, 17.5144], [78.44144, 17.5144], [78.44156, 17.51432], [78.44201, 17.51396], [78.44215, 17.51385], [78.44218, 17.51377], [78.44217, 17.51367], [78.44216, 17.51362], [78.44214, 17.5134], [78.44217, 17.51325], [78.44226, 17.51308], [78.44276, 17.51288], [78.44556, 17.51176], [78.44574, 17.51168], [78.44674, 17.51124], [78.44781, 17.51078], [78.44788, 17.51075], [78.44789, 17.51067], [78.44794, 17.51003], [78.44797, 17.50976], [78.44804, 17.50954], [78.44818, 17.50916], [78.44854, 17.50815], [78.44864, 17.50782], [78.44868, 17.50771], [78.44941, 17.50567], [78.44988, 17.50437], [78.45004, 17.50393], [78.45021, 17.50346], [78.4507, 17.50207], [78.45088, 17.50156], [78.45103, 17.50112], [78.45129, 17.50037], [78.4516, 17.49956], [78.45184, 17.49884], [78.45195, 17.49823]]]}}, {"type": "Feature", "properties": {"name": "126-JAGADGIRI GUTTA", "hospital_count": 6, "circle": "26-GAJULARAMARAM", "zone": "KUKATPALLY ZONE", "ward_no": 126}, "geometry": {"type": "Polygon", "coordinates": [[[78.43199, 17.51289], [78.43226, 17.51209], [78.4322, 17.51203], [78.43207, 17.51191], [78.43184, 17.51149], [78.43181, 17.51108], [78.4318, 17.51107], [78.43156, 17.51039], [78.4317, 17.51035], [78.43138, 17.50975], [78.43121, 17.50945], [78.43128, 17.5094], [78.43137, 17.50933], [78.43101, 17.50847], [78.43133, 17.50837], [78.43126, 17.50819], [78.43174, 17.50804], [78.43148, 17.50742], [78.43144, 17.50732], [78.43073, 17.50568], [78.43082, 17.50559], [78.43083, 17.50557], [78.43022, 17.50419], [78.43001, 17.50372], [78.43004, 17.50364], [78.43107, 17.50197], [78.43124, 17.50169], [78.43231, 17.50006], [78.43234, 17.50002], [78.43278, 17.49936], [78.43279, 17.49935], [78.4329, 17.49902], [78.43281, 17.49857], [78.43277, 17.49835], [78.433, 17.49824], [78.43312, 17.49818], [78.4329, 17.49765], [78.43272, 17.4973], [78.4327, 17.4973], [78.43033, 17.4984], [78.42927, 17.49891], [78.42899, 17.49902], [78.42898, 17.49903], [78.42895, 17.49904], [78.42874, 17.49911], [78.42844, 17.49919], [78.42837, 17.499], [78.42827, 17.49906], [78.4281, 17.499], [78.42798, 17.49878], [78.42777, 17.49887], [78.42764, 17.49866], [78.42696, 17.49889], [78.42697, 17.49904], [78.42697, 17.49906], [78.42696, 17.50058], [78.42675, 17.50064], [78.42654, 17.50069], [78.42669, 17.50136], [78.42666, 17.50138], [78.42633, 17.50146], [78.42335, 17.50214], [78.42335, 17.50214], [78.42266, 17.5023], [78.42034, 17.50275], [78.41996, 17.50253], [78.41981, 17.50295], [78.41974, 17.50307], [78.4197, 17.50324], [78.41971, 17.50336], [78.41966, 17.50348], [78.41944, 17.50372], [78.41915, 17.50361], [78.4188, 17.50392], [78.41853, 17.504], [78.41783, 17.50398], [78.41749, 17.50402], [78.41691, 17.50422], [78.41716, 17.50571], [78.41721, 17.50661], [78.41699, 17.50662], [78.41719, 17.50753], [78.41646, 17.50761], [78.4165, 17.50828], [78.41526, 17.50846], [78.41484, 17.50843], [78.41362, 17.50872], [78.41338, 17.50879], [78.41253, 17.5092], [78.41238, 17.50951], [78.41228, 17.51023], [78.41243, 17.51072], [78.41381, 17.51228], [78.41408, 17.51301], [78.41399, 17.51339], [78.41478, 17.51341], [78.4177, 17.51333], [78.41788, 17.51332], [78.41829, 17.51321], [78.4196, 17.51251], [78.41976, 17.5125], [78.41997, 17.51258], [78.42007, 17.51262], [78.42019, 17.51263], [78.42041, 17.51269], [78.42056, 17.51271], [78.42067, 17.51272], [78.4207, 17.51276], [78.4207, 17.51293], [78.4207, 17.51301], [78.42072, 17.51306], [78.42081, 17.51317], [78.42096, 17.51326], [78.42122, 17.51312], [78.42133, 17.51306], [78.42137, 17.51312], [78.42185, 17.51331], [78.42316, 17.51385], [78.42453, 17.51446], [78.4261, 17.51381], [78.42614, 17.5138], [78.42607, 17.51364], [78.42606, 17.51363], [78.42649, 17.51344], [78.42699, 17.51321], [78.4271, 17.51312], [78.42732, 17.51276], [78.42736, 17.5127], [78.42869, 17.5133], [78.42986, 17.51248], [78.4303, 17.51404], [78.43094, 17.51448], [78.43116, 17.51441], [78.43119, 17.51434], [78.43187, 17.51282], [78.43199, 17.51289]]]}}, {"type": "Feature", "properties": {"name": "129-SURARAM", "hospital_count": 23, "circle": "26-GAJULARAMARAM", "zone": "KUKATPALLY ZONE", "ward_no": 129}, "geometry": {"type": "Polygon", "coordinates": [[[78.44777, 17.51141], [78.44778, 17.51136], [78.44788, 17.51075], [78.44781, 17.51078], [78.44674, 17.51124], [78.44574, 17.51168], [78.44556, 17.51176], [78.44276, 17.51288], [78.44226, 17.51308], [78.44217, 17.51325], [78.44214, 17.5134], [78.44216, 17.51362], [78.44217, 17.51367], [78.44218, 17.51377], [78.44215, 17.51385], [78.44201, 17.51396], [78.44156, 17.51432], [78.44144, 17.5144], [78.44144, 17.5144], [78.44141, 17.51441], [78.44077, 17.51465], [78.44032, 17.51487], [78.43935, 17.51547], [78.43786, 17.51659], [78.43751, 17.51685], [78.43751, 17.51686], [78.43736, 17.51695], [78.43668, 17.51738], [78.43648, 17.5175], [78.43636, 17.51763], [78.43603, 17.51802], [78.43536, 17.51885], [78.4352, 17.51905], [78.43514, 17.5191], [78.43511, 17.51913], [78.43502, 17.51919], [78.43478, 17.51929], [78.43452, 17.51939], [78.43464, 17.51947], [78.43533, 17.52], [78.43584, 17.52043], [78.43591, 17.52052], [78.43601, 17.52075], [78.43617, 17.52106], [78.43637, 17.52151], [78.43634, 17.52152], [78.43609, 17.52157], [78.43605, 17.5216], [78.43597, 17.52165], [78.43583, 17.52174], [78.43515, 17.52209], [78.43517, 17.52212], [78.43534, 17.52237], [78.43534, 17.52241], [78.43533, 17.52246], [78.43532, 17.52246], [78.4348, 17.52269], [78.43424, 17.523], [78.43425, 17.52301], [78.43429, 17.52309], [78.43435, 17.52325], [78.43438, 17.5234], [78.43444, 17.52365], [78.43456, 17.52409], [78.43453, 17.52409], [78.43365, 17.52409], [78.43223, 17.5242], [78.43223, 17.5243], [78.4322, 17.52745], [78.4322, 17.52782], [78.43224, 17.5279], [78.43225, 17.52799], [78.43222, 17.52807], [78.4321, 17.52825], [78.4321, 17.52825], [78.43202, 17.52829], [78.43192, 17.52831], [78.43183, 17.52832], [78.4317, 17.52841], [78.43137, 17.52862], [78.43128, 17.5286], [78.43076, 17.52857], [78.43046, 17.52855], [78.42998, 17.52864], [78.4295, 17.5287], [78.42914, 17.52875], [78.42917, 17.52884], [78.42918, 17.52897], [78.42915, 17.52908], [78.4291, 17.52917], [78.42905, 17.52921], [78.42897, 17.52924], [78.42902, 17.52957], [78.42843, 17.52973], [78.42864, 17.53082], [78.42834, 17.53092], [78.42837, 17.53108], [78.42837, 17.53133], [78.42838, 17.53152], [78.42841, 17.53174], [78.42843, 17.53186], [78.42848, 17.53207], [78.4286, 17.53223], [78.42763, 17.53262], [78.4271, 17.53287], [78.42678, 17.53307], [78.42668, 17.53321], [78.42653, 17.53352], [78.42651, 17.53372], [78.42664, 17.5347], [78.42648, 17.53458], [78.42619, 17.53459], [78.42599, 17.5347], [78.42563, 17.53486], [78.4254, 17.53497], [78.4251, 17.53517], [78.42486, 17.5355], [78.42473, 17.53573], [78.4246, 17.53585], [78.42422, 17.53524], [78.4239, 17.53495], [78.42392, 17.53469], [78.42398, 17.53428], [78.42395, 17.53383], [78.42386, 17.53351], [78.4238, 17.53341], [78.42345, 17.53342], [78.42273, 17.53359], [78.42197, 17.53398], [78.42123, 17.53436], [78.42113, 17.53393], [78.42082, 17.53269], [78.41901, 17.53294], [78.41769, 17.53303], [78.41659, 17.53319], [78.41573, 17.53367], [78.41493, 17.53412], [78.41451, 17.53435], [78.41403, 17.53461], [78.41375, 17.53482], [78.41351, 17.53504], [78.41339, 17.53514], [78.41328, 17.53522], [78.41316, 17.53536], [78.41303, 17.53556], [78.41291, 17.53581], [78.41284, 17.53601], [78.41276, 17.53633], [78.41274, 17.53654], [78.41274, 17.53666], [78.41278, 17.53673], [78.41273, 17.53679], [78.41251, 17.53694], [78.41248, 17.53703], [78.41253, 17.53709], [78.41271, 17.5374], [78.41267, 17.53751], [78.41253, 17.53749], [78.4124, 17.53746], [78.41232, 17.53752], [78.41196, 17.53801], [78.41168, 17.53833], [78.4115, 17.53862], [78.41111, 17.53923], [78.41102, 17.53938], [78.41098, 17.53948], [78.41096, 17.53955], [78.41089, 17.53964], [78.41088, 17.53971], [78.41088, 17.53973], [78.41084, 17.54013], [78.4108, 17.54023], [78.41073, 17.54031], [78.41062, 17.54038], [78.41015, 17.54061], [78.41029, 17.54085], [78.41043, 17.5411], [78.41041, 17.54113], [78.40987, 17.54194], [78.4094, 17.54274], [78.40936, 17.54288], [78.40933, 17.54297], [78.40925, 17.54342], [78.40919, 17.54367], [78.40872, 17.54553], [78.40868, 17.54567], [78.4086, 17.54573], [78.40781, 17.54571], [78.40781, 17.54625], [78.40788, 17.54625], [78.40809, 17.54638], [78.4094, 17.54671], [78.41291, 17.54971], [78.41407, 17.55228], [78.41463, 17.55501], [78.41615, 17.55913], [78.41701, 17.55977], [78.41772, 17.56041], [78.41852, 17.56082], [78.41982, 17.561], [78.4208, 17.56094], [78.42186, 17.5603], [78.42283, 17.55964], [78.42389, 17.55912], [78.42499, 17.5587], [78.42585, 17.55827], [78.42666, 17.55786], [78.42826, 17.55633], [78.42964, 17.55588], [78.43031, 17.55567], [78.43208, 17.55424], [78.43361, 17.55405], [78.4337, 17.55404], [78.43368, 17.5528], [78.4337, 17.55224], [78.4337, 17.55219], [78.43377, 17.55217], [78.43392, 17.55214], [78.43393, 17.5517], [78.43394, 17.55134], [78.43401, 17.55129], [78.43434, 17.55103], [78.43552, 17.55013], [78.43638, 17.54961], [78.4368, 17.54823], [78.43671, 17.54623], [78.43653, 17.54561], [78.43639, 17.54515], [78.4364, 17.54512], [78.43673, 17.54502], [78.4366, 17.54458], [78.43638, 17.54405], [78.43619, 17.54329], [78.43587, 17.5425], [78.43553, 17.54145], [78.43566, 17.54143], [78.43556, 17.54114], [78.43544, 17.54081], [78.43529, 17.54041], [78.43528, 17.54039], [78.43484, 17.54061], [78.43473, 17.54067], [78.43421, 17.54096], [78.43392, 17.54109], [78.43384, 17.54112], [78.43384, 17.54112], [78.43386, 17.54047], [78.43387, 17.54023], [78.43392, 17.53977], [78.43395, 17.53958], [78.43397, 17.53943], [78.43409, 17.5388], [78.43425, 17.53779], [78.43431, 17.53749], [78.43455, 17.53672], [78.43457, 17.53667], [78.43479, 17.53597], [78.43497, 17.53541], [78.43526, 17.53454], [78.4355, 17.53384], [78.43587, 17.53275], [78.43615, 17.53195], [78.4364, 17.53145], [78.43641, 17.53143], [78.43657, 17.53116], [78.43686, 17.53062], [78.43688, 17.53057], [78.43709, 17.53015], [78.43728, 17.52979], [78.43764, 17.52935], [78.43831, 17.52855], [78.43869, 17.5281], [78.43918, 17.52751], [78.43955, 17.52709], [78.44039, 17.52646], [78.44105, 17.52599], [78.44145, 17.52568], [78.44162, 17.52548], [78.44193, 17.52503], [78.44253, 17.52412], [78.44306, 17.52332], [78.44357, 17.52265], [78.44361, 17.5226], [78.44427, 17.52173], [78.44476, 17.52103], [78.44524, 17.52025], [78.44584, 17.5193], [78.44637, 17.51848], [78.44642, 17.5184], [78.44651, 17.51824], [78.44652, 17.51821], [78.44658, 17.51811], [78.44661, 17.51798], [78.44666, 17.5178], [78.44676, 17.51721], [78.44693, 17.51614], [78.44707, 17.51535], [78.44716, 17.5148], [78.44736, 17.51369], [78.44749, 17.51286], [78.44777, 17.51141]]]}}, {"type": "Feature", "properties": {"name": "133-MACHABOLARUM", "hospital_count": 2, "circle": "27-ALWAL", "zone": "KUKATPALLY ZONE", "ward_no": 133}, "geometry": {"type": "MultiPolygon", "coordinates": [[[[78.50397, 17.53376], [78.50484, 17.53486], [78.50595, 17.53738], [78.50589, 17.53882], [78.50604, 17.53947], [78.50615, 17.53987], [78.50635, 17.54403], [78.50597, 17.54703], [78.50895, 17.5465], [78.50993, 17.54627], [78.51224, 17.54552], [78.51297, 17.54501], [78.51307, 17.54516], [78.51391, 17.54509], [78.515, 17.54499], [78.51518, 17.54582], [78.51576, 17.54558], [78.51647, 17.54525], [78.51689, 17.54498], [78.51722, 17.54492], [78.51787, 17.54441], [78.51784, 17.54435], [78.51781, 17.54424], [78.51759, 17.54375], [78.5175, 17.54346], [78.51747, 17.54335], [78.51746, 17.54329], [78.5175, 17.54329], [78.51743, 17.54297], [78.51747, 17.54283], [78.51743, 17.54267], [78.51742, 17.54255], [78.51744, 17.54252], [78.51748, 17.54249], [78.51773, 17.54242], [78.51803, 17.54234], [78.51803, 17.54218], [78.51818, 17.54215], [78.51817, 17.54202], [78.51804, 17.54203], [78.51801, 17.54182], [78.518, 17.54176], [78.51771, 17.54159], [78.51734, 17.5417], [78.51733, 17.5417], [78.51729, 17.54158], [78.51706, 17.54163], [78.51687, 17.54168], [78.51678, 17.54141], [78.51674, 17.54135], [78.5167, 17.5413], [78.51662, 17.54127], [78.51649, 17.54126], [78.51633, 17.54126], [78.5163, 17.54125], [78.51626, 17.54109], [78.5162, 17.54067], [78.5162, 17.54052], [78.51619, 17.54047], [78.5163, 17.54022], [78.51643, 17.53989], [78.51657, 17.53951], [78.51662, 17.53942], [78.51666, 17.53937], [78.51721, 17.53907], [78.51725, 17.53905], [78.51728, 17.539], [78.51728, 17.53897], [78.51729, 17.53896], [78.51719, 17.53824], [78.51714, 17.53786], [78.51715, 17.53781], [78.51719, 17.53776], [78.51723, 17.53773], [78.51773, 17.53778], [78.51777, 17.53781], [78.51779, 17.53786], [78.51779, 17.53788], [78.51779, 17.53797], [78.51779, 17.53804], [78.51783, 17.53808], [78.51787, 17.53809], [78.51848, 17.53808], [78.51896, 17.53804], [78.51898, 17.53801], [78.51899, 17.53797], [78.519, 17.53797], [78.51902, 17.53772], [78.5195, 17.53773], [78.51994, 17.53781], [78.52032, 17.5379], [78.52054, 17.53791], [78.52088, 17.5379], [78.52117, 17.53789], [78.52144, 17.53787], [78.5216, 17.53782], [78.5218, 17.53767], [78.52241, 17.53688], [78.52222, 17.53606], [78.52203, 17.53566], [78.52191, 17.5354], [78.5218, 17.53504], [78.52173, 17.53485], [78.52149, 17.5346], [78.52109, 17.53421], [78.52043, 17.5336], [78.52008, 17.53327], [78.51979, 17.53304], [78.51969, 17.533], [78.51969, 17.533], [78.51966, 17.53301], [78.51963, 17.53279], [78.5195, 17.53237], [78.51927, 17.53193], [78.51898, 17.53139], [78.5189, 17.53127], [78.51882, 17.53116], [78.51871, 17.53089], [78.51847, 17.53099], [78.51837, 17.53079], [78.51792, 17.52989], [78.51775, 17.52941], [78.5177, 17.52942], [78.51762, 17.52944], [78.51739, 17.52885], [78.51722, 17.52831], [78.51717, 17.52833], [78.5171, 17.52834], [78.51699, 17.52791], [78.51652, 17.52798], [78.51641, 17.52798], [78.51627, 17.52707], [78.516, 17.52709], [78.51547, 17.52724], [78.51492, 17.52739], [78.51378, 17.52762], [78.51376, 17.52754], [78.51367, 17.52715], [78.51361, 17.52668], [78.51358, 17.5262], [78.51358, 17.52574], [78.51361, 17.52525], [78.51368, 17.52478], [78.51377, 17.52426], [78.51403, 17.52333], [78.5142, 17.52275], [78.51443, 17.52201], [78.51474, 17.521], [78.51499, 17.52021], [78.51531, 17.51918], [78.51563, 17.51816], [78.51594, 17.51714], [78.51611, 17.51658], [78.51624, 17.51593], [78.51628, 17.51558], [78.51635, 17.51512], [78.51636, 17.5144], [78.51628, 17.51356], [78.51606, 17.5125], [78.51558, 17.51113], [78.51515, 17.50986], [78.51475, 17.50875], [78.51456, 17.50879], [78.51439, 17.50882], [78.51426, 17.50883], [78.5142, 17.50886], [78.51415, 17.50889], [78.51409, 17.50889], [78.51403, 17.50884], [78.51377, 17.50845], [78.51371, 17.50843], [78.51359, 17.50844], [78.51348, 17.50847], [78.51336, 17.50851], [78.51326, 17.50857], [78.51315, 17.50862], [78.51297, 17.50867], [78.5129, 17.50868], [78.51284, 17.5087], [78.51276, 17.50873], [78.51275, 17.50874], [78.51266, 17.5088], [78.51261, 17.50893], [78.51254, 17.50898], [78.51248, 17.509], [78.51233, 17.50898], [78.51219, 17.50894], [78.51201, 17.50893], [78.51187, 17.50898], [78.51172, 17.50902], [78.5116, 17.50903], [78.51154, 17.50904], [78.51144, 17.50907], [78.51133, 17.5091], [78.51115, 17.50913], [78.51113, 17.50913], [78.5111, 17.50914], [78.51103, 17.50915], [78.51089, 17.50916], [78.51083, 17.50916], [78.51072, 17.50927], [78.51064, 17.50937], [78.51057, 17.50945], [78.51047, 17.50953], [78.51041, 17.50955], [78.51031, 17.50954], [78.51022, 17.50943], [78.51014, 17.50932], [78.50996, 17.50929], [78.50944, 17.50925], [78.50918, 17.50923], [78.50918, 17.50923], [78.50918, 17.50923], [78.50914, 17.50973], [78.50907, 17.51013], [78.50875, 17.51019], [78.50875, 17.51019], [78.50757, 17.51042], [78.50737, 17.50974], [78.5073, 17.50948], [78.5062, 17.50946], [78.50594, 17.50945], [78.50595, 17.50939], [78.50596, 17.50911], [78.50581, 17.50906], [78.50504, 17.50889], [78.50449, 17.50879], [78.50372, 17.50868], [78.50323, 17.50865], [78.5025, 17.50849], [78.502, 17.50832], [78.50188, 17.50824], [78.50139, 17.50788], [78.50067, 17.50747], [78.49998, 17.5072], [78.49879, 17.50679], [78.49783, 17.50654], [78.4975, 17.50647], [78.49735, 17.50645], [78.49722, 17.50645], [78.49432, 17.50653], [78.49314, 17.50652], [78.49259, 17.5064], [78.49142, 17.50607], [78.48958, 17.50558], [78.48813, 17.50503], [78.48715, 17.50455], [78.48626, 17.50386], [78.4851, 17.50298], [78.48499, 17.5029], [78.48402, 17.50237], [78.48344, 17.50214], [78.4821, 17.50158], [78.48203, 17.50156], [78.48205, 17.50172], [78.48266, 17.50284], [78.48328, 17.50464], [78.48364, 17.5058], [78.48392, 17.50647], [78.48426, 17.50757], [78.48447, 17.50834], [78.48501, 17.50972], [78.48517, 17.51021], [78.48522, 17.5104], [78.48522, 17.51087], [78.48511, 17.51157], [78.48508, 17.51182], [78.48478, 17.51344], [78.48497, 17.51436], [78.4851, 17.51491], [78.4851, 17.51491], [78.48474, 17.51499], [78.48481, 17.51541], [78.48492, 17.51583], [78.48488, 17.51587], [78.48485, 17.51592], [78.48482, 17.51619], [78.48476, 17.51666], [78.48478, 17.51674], [78.48483, 17.51695], [78.48482, 17.51699], [78.48477, 17.51702], [78.48463, 17.51702], [78.48474, 17.51734], [78.48465, 17.51738], [78.4848, 17.5178], [78.485, 17.51833], [78.48507, 17.51853], [78.48507, 17.5186], [78.48505, 17.51882], [78.48528, 17.51929], [78.48534, 17.51933], [78.48542, 17.51979], [78.48543, 17.51978], [78.48542, 17.51979], [78.48555, 17.52035], [78.4857, 17.5209], [78.48624, 17.52085], [78.48666, 17.52083], [78.48699, 17.52092], [78.48767, 17.52112], [78.48881, 17.52154], [78.48964, 17.52185], [78.4902, 17.52202], [78.49063, 17.5221], [78.49102, 17.52211], [78.49147, 17.52219], [78.4922, 17.52214], [78.49299, 17.52207], [78.49345, 17.52201], [78.49374, 17.52194], [78.49381, 17.52197], [78.49398, 17.52229], [78.49398, 17.52229], [78.49398, 17.52231], [78.49412, 17.52254], [78.49463, 17.5234], [78.4949, 17.52365], [78.49523, 17.52372], [78.49564, 17.5236], [78.49591, 17.52342], [78.49613, 17.52328], [78.49635, 17.52312], [78.49662, 17.52317], [78.49687, 17.52315], [78.49745, 17.5231], [78.49747, 17.52309], [78.4976, 17.52364], [78.49796, 17.52355], [78.4986, 17.52342], [78.49925, 17.52334], [78.49975, 17.52325], [78.50012, 17.52316], [78.50051, 17.52307], [78.50067, 17.52302], [78.5007, 17.52301], [78.5013, 17.52285], [78.50133, 17.52327], [78.50141, 17.52367], [78.50164, 17.52434], [78.50173, 17.52466], [78.50184, 17.52527], [78.50187, 17.52546], [78.50194, 17.52584], [78.50214, 17.52677], [78.50198, 17.52687], [78.50186, 17.52695], [78.5011, 17.52747], [78.50104, 17.52751], [78.50073, 17.52772], [78.50044, 17.52793], [78.50035, 17.52823], [78.50043, 17.52821], [78.50061, 17.52825], [78.50078, 17.52832], [78.50086, 17.52839], [78.501, 17.52856], [78.5012, 17.52876], [78.50133, 17.52899], [78.50148, 17.5291], [78.50159, 17.52926], [78.50171, 17.5294], [78.50171, 17.5294], [78.50215, 17.53035], [78.50261, 17.53131], [78.50335, 17.53299], [78.50397, 17.53376]]], [[[78.54254, 17.51928], [78.54193, 17.51926], [78.54077, 17.51949], [78.54058, 17.51895], [78.54035, 17.5182], [78.54024, 17.51767], [78.54019, 17.5174], [78.54017, 17.51719], [78.54016, 17.51693], [78.54013, 17.51644], [78.54009, 17.51613], [78.54, 17.51611], [78.53952, 17.51609], [78.5383, 17.51606], [78.53833, 17.51628], [78.5385, 17.51743], [78.53843, 17.51754], [78.53844, 17.51774], [78.53822, 17.51779], [78.53824, 17.51793], [78.53682, 17.51794], [78.53657, 17.51794], [78.53783, 17.52443], [78.53733, 17.52416], [78.53662, 17.52413], [78.5365, 17.52383], [78.53628, 17.52388], [78.53623, 17.52354], [78.53592, 17.52353], [78.53552, 17.52383], [78.53505, 17.52432], [78.53432, 17.52477], [78.53393, 17.52507], [78.53321, 17.5256], [78.53275, 17.5282], [78.53219, 17.53221], [78.53202, 17.5339], [78.53226, 17.53567], [78.53258, 17.53768], [78.53285, 17.53836], [78.53653, 17.53908], [78.53918, 17.53791], [78.54104, 17.53738], [78.5426, 17.53671], [78.54268, 17.53672], [78.54368, 17.53636], [78.54369, 17.53637], [78.54368, 17.53635], [78.54402, 17.5365], [78.54529, 17.53667], [78.54832, 17.54172], [78.54994, 17.54241], [78.55266, 17.54002], [78.54741, 17.53453], [78.54739, 17.53187], [78.54817, 17.53149], [78.54842, 17.53068], [78.54958, 17.53022], [78.55015, 17.53008], [78.55017, 17.52985], [78.54947, 17.52869], [78.54873, 17.52761], [78.54743, 17.52734], [78.54752, 17.52405], [78.54581, 17.52208], [78.546, 17.52166], [78.54356, 17.51909], [78.54339, 17.51907], [78.54325, 17.5191], [78.54302, 17.51917], [78.54286, 17.51919], [78.54254, 17.51928]]]]}}, {"type": "Feature", "properties": {"name": "138-MOULA-ALI", "hospital_count": 15, "circle": "28-MALKAJGIRI", "zone": "SECUNDERABAD ZONE", "ward_no": 138}, "geometry": {"type": "Polygon", "coordinates": [[[78.55424, 17.48112], [78.55401, 17.48056], [78.55357, 17.47958], [78.55403, 17.47939], [78.55372, 17.47865], [78.55351, 17.47818], [78.55403, 17.47796], [78.55468, 17.47768], [78.55443, 17.47717], [78.55577, 17.47556], [78.55622, 17.47513], [78.5566, 17.47474], [78.55703, 17.47434], [78.55709, 17.47429], [78.55725, 17.47418], [78.55776, 17.47395], [78.55764, 17.47368], [78.55782, 17.47358], [78.55805, 17.47348], [78.55834, 17.47334], [78.55866, 17.47319], [78.55934, 17.47286], [78.55968, 17.47269], [78.55988, 17.47261], [78.55998, 17.47289], [78.56011, 17.47319], [78.56018, 17.47336], [78.56026, 17.47347], [78.5603, 17.4735], [78.56037, 17.4735], [78.56074, 17.47342], [78.56136, 17.47327], [78.56243, 17.47306], [78.56239, 17.47298], [78.5625, 17.47292], [78.56306, 17.47259], [78.56369, 17.47222], [78.56421, 17.47194], [78.56468, 17.47168], [78.56462, 17.47159], [78.56507, 17.47134], [78.56502, 17.47126], [78.56501, 17.47124], [78.56524, 17.47112], [78.5656, 17.47092], [78.56592, 17.47073], [78.56636, 17.47047], [78.56653, 17.47035], [78.56619, 17.46998], [78.56609, 17.4699], [78.56577, 17.46951], [78.56509, 17.4685], [78.56523, 17.46839], [78.56541, 17.46829], [78.5656, 17.46822], [78.56546, 17.46738], [78.56541, 17.46714], [78.56539, 17.46699], [78.56522, 17.46626], [78.56511, 17.46611], [78.56481, 17.46598], [78.56477, 17.46564], [78.56477, 17.46559], [78.56414, 17.46563], [78.56408, 17.46561], [78.56404, 17.46559], [78.56404, 17.46559], [78.56398, 17.46539], [78.56396, 17.46523], [78.56391, 17.46484], [78.5639, 17.46432], [78.56382, 17.46371], [78.56378, 17.46328], [78.56371, 17.4628], [78.56346, 17.46286], [78.56342, 17.46279], [78.56328, 17.46221], [78.56313, 17.46166], [78.56287, 17.46177], [78.56106, 17.4626], [78.56084, 17.4628], [78.56026, 17.46244], [78.55973, 17.46203], [78.55976, 17.46195], [78.55946, 17.46165], [78.55915, 17.46127], [78.55894, 17.4613], [78.55841, 17.46147], [78.55829, 17.46131], [78.55842, 17.46127], [78.55847, 17.46127], [78.55844, 17.46121], [78.55869, 17.46104], [78.55936, 17.46082], [78.55989, 17.46061], [78.56017, 17.46051], [78.56007, 17.46032], [78.5598, 17.45959], [78.55961, 17.45941], [78.55904, 17.45884], [78.55875, 17.45894], [78.55846, 17.45816], [78.55703, 17.4587], [78.55688, 17.4584], [78.55637, 17.45859], [78.55598, 17.45871], [78.55559, 17.45884], [78.55545, 17.45895], [78.5554, 17.45901], [78.55529, 17.45911], [78.55512, 17.45913], [78.55495, 17.45922], [78.55443, 17.45947], [78.55395, 17.45965], [78.55364, 17.45976], [78.55336, 17.45986], [78.55298, 17.45998], [78.55263, 17.46001], [78.55239, 17.46], [78.55222, 17.46001], [78.55212, 17.46003], [78.55203, 17.45994], [78.55196, 17.45983], [78.5513, 17.46019], [78.5513, 17.46019], [78.55131, 17.4603], [78.55132, 17.46038], [78.55083, 17.46046], [78.5507, 17.46046], [78.55063, 17.46045], [78.55028, 17.46046], [78.55011, 17.46048], [78.54967, 17.46059], [78.54955, 17.46062], [78.54951, 17.4606], [78.54951, 17.4606], [78.54948, 17.46061], [78.54942, 17.46063], [78.54937, 17.46063], [78.54915, 17.46065], [78.54911, 17.46068], [78.5491, 17.46072], [78.54908, 17.46082], [78.54904, 17.46095], [78.5489, 17.46099], [78.54865, 17.46102], [78.54816, 17.46106], [78.54787, 17.46114], [78.5476, 17.46124], [78.54738, 17.46138], [78.54712, 17.46152], [78.54703, 17.46156], [78.54696, 17.46173], [78.54687, 17.46202], [78.5468, 17.46227], [78.5468, 17.46237], [78.5468, 17.46241], [78.54684, 17.46245], [78.54701, 17.46242], [78.54728, 17.46235], [78.54735, 17.46235], [78.54741, 17.46238], [78.5475, 17.46253], [78.54759, 17.46265], [78.54762, 17.46268], [78.54768, 17.46268], [78.54773, 17.46268], [78.54793, 17.46267], [78.54818, 17.46264], [78.54831, 17.46264], [78.54837, 17.46267], [78.54844, 17.46274], [78.54847, 17.46283], [78.54849, 17.46295], [78.54846, 17.46317], [78.54839, 17.46359], [78.54827, 17.4637], [78.54819, 17.46379], [78.54819, 17.46379], [78.5479, 17.46389], [78.54735, 17.46404], [78.54706, 17.46416], [78.54683, 17.46423], [78.5466, 17.46431], [78.54654, 17.46424], [78.54623, 17.46436], [78.54551, 17.46458], [78.54519, 17.46463], [78.5454, 17.46532], [78.54395, 17.46585], [78.5436, 17.46597], [78.54279, 17.46632], [78.54271, 17.46611], [78.54249, 17.46618], [78.5426, 17.46633], [78.54259, 17.4664], [78.54277, 17.46675], [78.54287, 17.46682], [78.54303, 17.46702], [78.54304, 17.46721], [78.54317, 17.46789], [78.54353, 17.46781], [78.54357, 17.46784], [78.54371, 17.46875], [78.54387, 17.46867], [78.5444, 17.46867], [78.54537, 17.46865], [78.54548, 17.46901], [78.54587, 17.46999], [78.54603, 17.47042], [78.54583, 17.47052], [78.54611, 17.47115], [78.54652, 17.4722], [78.54653, 17.47235], [78.5465, 17.47253], [78.54662, 17.47282], [78.54678, 17.47325], [78.54695, 17.47372], [78.54702, 17.47415], [78.54713, 17.47485], [78.54723, 17.47557], [78.54727, 17.4759], [78.54728, 17.47664], [78.54729, 17.47718], [78.54726, 17.47733], [78.54732, 17.47737], [78.54726, 17.47771], [78.54715, 17.47823], [78.5477, 17.47836], [78.54847, 17.47876], [78.54903, 17.47905], [78.54867, 17.47975], [78.54855, 17.48004], [78.54854, 17.48018], [78.5489, 17.48027], [78.5491, 17.48042], [78.54925, 17.48045], [78.54941, 17.48046], [78.54958, 17.48052], [78.54984, 17.48056], [78.54984, 17.4806], [78.54994, 17.48062], [78.55, 17.48054], [78.55022, 17.48056], [78.5502, 17.48134], [78.55013, 17.48263], [78.55011, 17.48323], [78.54986, 17.48362], [78.55073, 17.48311], [78.55073, 17.4831], [78.5518, 17.48258], [78.55182, 17.48252], [78.55178, 17.4821], [78.55298, 17.48164], [78.55424, 17.48112]]]}}, {"type": "Feature", "properties": {"name": "107-MADHAPUR", "hospital_count": 29, "circle": "21-CHANDA NAGAR", "zone": "SERILINGAMPALLY ZONE", "ward_no": 107}, "geometry": {"type": "Polygon", "coordinates": [[[78.36467, 17.49647], [78.36607, 17.49648], [78.36719, 17.49653], [78.36869, 17.49652], [78.36951, 17.4965], [78.37128, 17.49649], [78.37283, 17.49647], [78.37249, 17.49545], [78.3722, 17.49483], [78.37183, 17.494], [78.3716, 17.49359], [78.37137, 17.49318], [78.37108, 17.49264], [78.36972, 17.48991], [78.3683, 17.48678], [78.36724, 17.48439], [78.36611, 17.48441], [78.36605, 17.4836], [78.36597, 17.48249], [78.36598, 17.48233], [78.36859, 17.48214], [78.36961, 17.48206], [78.37069, 17.48198], [78.37134, 17.48185], [78.37192, 17.48168], [78.37246, 17.48146], [78.37295, 17.4812], [78.3736, 17.48077], [78.37422, 17.48025], [78.37441, 17.48009], [78.37477, 17.47977], [78.37552, 17.47909], [78.37553, 17.47909], [78.37557, 17.47922], [78.37561, 17.47935], [78.37569, 17.4796], [78.37575, 17.47979], [78.37594, 17.4804], [78.37632, 17.48179], [78.37647, 17.48245], [78.37657, 17.48282], [78.37669, 17.48324], [78.37679, 17.48361], [78.37694, 17.48437], [78.37694, 17.48482], [78.37693, 17.48528], [78.3769, 17.48625], [78.37688, 17.48698], [78.37688, 17.48708], [78.37689, 17.48756], [78.37694, 17.48758], [78.37711, 17.48764], [78.37765, 17.48855], [78.37798, 17.48909], [78.37821, 17.48947], [78.37835, 17.48971], [78.37881, 17.49047], [78.37895, 17.49071], [78.37928, 17.49123], [78.38005, 17.49241], [78.38011, 17.49239], [78.38093, 17.49198], [78.38118, 17.49185], [78.38121, 17.49184], [78.38189, 17.49151], [78.38235, 17.49099], [78.38246, 17.49086], [78.38305, 17.49024], [78.38305, 17.49024], [78.38229, 17.48811], [78.38156, 17.4862], [78.38108, 17.48491], [78.38065, 17.48374], [78.38003, 17.48205], [78.37959, 17.48085], [78.3795, 17.48052], [78.37933, 17.48017], [78.37901, 17.47935], [78.37858, 17.478], [78.3781, 17.47702], [78.37803, 17.47686], [78.37817, 17.47676], [78.37824, 17.4767], [78.37833, 17.47664], [78.37843, 17.47657], [78.37786, 17.47522], [78.37767, 17.47477], [78.37709, 17.47337], [78.37756, 17.47277], [78.37802, 17.47258], [78.38019, 17.47167], [78.38137, 17.47079], [78.38253, 17.46993], [78.38307, 17.46925], [78.38343, 17.46883], [78.38394, 17.46824], [78.38442, 17.46732], [78.38482, 17.4668], [78.38573, 17.4652], [78.38755, 17.46261], [78.38753, 17.46214], [78.39153, 17.45778], [78.3924, 17.45683], [78.39248, 17.45668], [78.39252, 17.45662], [78.39283, 17.45637], [78.39297, 17.45621], [78.39304, 17.45619], [78.39308, 17.45616], [78.39325, 17.45608], [78.39374, 17.45568], [78.39386, 17.45559], [78.39405, 17.4555], [78.39459, 17.45535], [78.39503, 17.45517], [78.39545, 17.45494], [78.39573, 17.45487], [78.3962, 17.45486], [78.39694, 17.45485], [78.39733, 17.45485], [78.39739, 17.45485], [78.3976, 17.45475], [78.39773, 17.45468], [78.39757, 17.45407], [78.39757, 17.45407], [78.39806, 17.454], [78.39827, 17.45397], [78.39946, 17.45382], [78.40112, 17.45249], [78.40178, 17.45172], [78.40191, 17.45166], [78.40222, 17.45152], [78.40225, 17.45149], [78.40257, 17.45135], [78.40267, 17.45131], [78.40426, 17.45065], [78.40453, 17.45061], [78.40504, 17.45059], [78.40504, 17.45059], [78.40484, 17.45007], [78.40482, 17.45005], [78.40427, 17.44922], [78.40414, 17.44902], [78.40396, 17.44861], [78.40421, 17.44851], [78.4045, 17.44845], [78.40473, 17.44841], [78.40473, 17.44845], [78.40525, 17.44839], [78.40538, 17.44838], [78.40538, 17.44835], [78.40529, 17.44814], [78.40509, 17.44808], [78.40526, 17.44733], [78.40536, 17.44692], [78.40547, 17.44671], [78.40553, 17.44653], [78.40565, 17.44623], [78.40588, 17.44547], [78.40637, 17.44423], [78.40647, 17.44398], [78.4067, 17.44244], [78.40665, 17.44229], [78.40648, 17.44225], [78.40525, 17.44206], [78.40435, 17.44176], [78.40361, 17.44159], [78.40313, 17.44158], [78.40286, 17.44161], [78.40194, 17.44111], [78.40156, 17.44085], [78.40098, 17.44057], [78.4008, 17.44046], [78.40062, 17.44032], [78.40056, 17.4403], [78.40028, 17.44013], [78.39993, 17.43985], [78.39982, 17.43979], [78.39928, 17.43943], [78.39894, 17.43919], [78.39895, 17.43917], [78.39903, 17.43908], [78.39915, 17.43896], [78.39924, 17.43886], [78.39926, 17.43883], [78.39882, 17.43852], [78.39867, 17.43841], [78.39838, 17.43843], [78.3978, 17.43861], [78.39692, 17.4389], [78.39649, 17.43912], [78.3963, 17.43928], [78.39622, 17.43937], [78.39624, 17.43938], [78.39593, 17.43966], [78.39582, 17.43975], [78.39559, 17.43992], [78.39521, 17.44011], [78.39508, 17.44014], [78.39469, 17.44025], [78.3943, 17.44037], [78.39408, 17.44044], [78.3938, 17.44054], [78.39357, 17.44061], [78.39306, 17.44079], [78.39267, 17.44087], [78.39217, 17.44094], [78.39159, 17.441], [78.39082, 17.44119], [78.39043, 17.44127], [78.39021, 17.44128], [78.39002, 17.4413], [78.38993, 17.44129], [78.3898, 17.44129], [78.38914, 17.4413], [78.38875, 17.44131], [78.38841, 17.4414], [78.38826, 17.44145], [78.38813, 17.44155], [78.38807, 17.44166], [78.38802, 17.44177], [78.38773, 17.44257], [78.38756, 17.44303], [78.38745, 17.44333], [78.38727, 17.44377], [78.3871, 17.44402], [78.38689, 17.44426], [78.38684, 17.44431], [78.38609, 17.44513], [78.38548, 17.44586], [78.38495, 17.44648], [78.38475, 17.44671], [78.38465, 17.44687], [78.38446, 17.44716], [78.38444, 17.44721], [78.3842, 17.44769], [78.38399, 17.44807], [78.38333, 17.44879], [78.38312, 17.44902], [78.38269, 17.44955], [78.3823, 17.45008], [78.38203, 17.45048], [78.38187, 17.45071], [78.38164, 17.45097], [78.38136, 17.45126], [78.38115, 17.45145], [78.3811, 17.45151], [78.38099, 17.45162], [78.38096, 17.45166], [78.38019, 17.45249], [78.37963, 17.45313], [78.37913, 17.45373], [78.3786, 17.45436], [78.37805, 17.45506], [78.37761, 17.45562], [78.37756, 17.45569], [78.3771, 17.45624], [78.37691, 17.45642], [78.37664, 17.45662], [78.37628, 17.4569], [78.37593, 17.45713], [78.37566, 17.45726], [78.37542, 17.45735], [78.37531, 17.45737], [78.37487, 17.45739], [78.37429, 17.45742], [78.37393, 17.45746], [78.37377, 17.45747], [78.37359, 17.4575], [78.37315, 17.45751], [78.37266, 17.45755], [78.37238, 17.45759], [78.3719, 17.45771], [78.37159, 17.45778], [78.37112, 17.45795], [78.37069, 17.45806], [78.37028, 17.45814], [78.36975, 17.45823], [78.36913, 17.45832], [78.36842, 17.45842], [78.36784, 17.45851], [78.36754, 17.45858], [78.36726, 17.45864], [78.36697, 17.45871], [78.36674, 17.45878], [78.36663, 17.45884], [78.36612, 17.459], [78.36609, 17.45901], [78.36611, 17.45907], [78.36617, 17.45926], [78.36621, 17.45937], [78.36626, 17.45954], [78.36646, 17.46021], [78.36661, 17.4606], [78.3668, 17.46093], [78.36704, 17.46141], [78.36709, 17.46164], [78.36712, 17.46189], [78.36712, 17.46196], [78.36712, 17.46238], [78.36713, 17.46259], [78.36715, 17.4634], [78.36715, 17.46347], [78.36715, 17.46373], [78.36717, 17.46396], [78.36734, 17.46482], [78.36744, 17.46556], [78.36745, 17.46594], [78.36744, 17.46604], [78.3674, 17.46619], [78.36737, 17.46628], [78.36732, 17.46648], [78.36718, 17.467], [78.36677, 17.46785], [78.36653, 17.46826], [78.3663, 17.46861], [78.36595, 17.46922], [78.36566, 17.46973], [78.36546, 17.47014], [78.36536, 17.47034], [78.36514, 17.47079], [78.3649, 17.47156], [78.3649, 17.47159], [78.36484, 17.47175], [78.36457, 17.47244], [78.36436, 17.47296], [78.36432, 17.47303], [78.3639, 17.47399], [78.36369, 17.47447], [78.36353, 17.47486], [78.36352, 17.47487], [78.36345, 17.47508], [78.36325, 17.47561], [78.3632, 17.47581], [78.36317, 17.47593], [78.3631, 17.47619], [78.36298, 17.47657], [78.3628, 17.47695], [78.36276, 17.477], [78.36225, 17.4778], [78.3621, 17.47803], [78.36145, 17.47898], [78.36137, 17.47913], [78.3612, 17.47945], [78.36113, 17.47968], [78.36101, 17.48022], [78.361, 17.48027], [78.36091, 17.48066], [78.36081, 17.48131], [78.36079, 17.48146], [78.36072, 17.48185], [78.36066, 17.48241], [78.36065, 17.4825], [78.36062, 17.4825], [78.36061, 17.48256], [78.3606, 17.48266], [78.36059, 17.48271], [78.36058, 17.48271], [78.36049, 17.48336], [78.36038, 17.48388], [78.36034, 17.4841], [78.36039, 17.48409], [78.36063, 17.48405], [78.36105, 17.48387], [78.36134, 17.48379], [78.36339, 17.48345], [78.36339, 17.48349], [78.36346, 17.4858], [78.36346, 17.48591], [78.3633, 17.48591], [78.36328, 17.48585], [78.36328, 17.48581], [78.36296, 17.48591], [78.36269, 17.48633], [78.36262, 17.48641], [78.3626, 17.48643], [78.36252, 17.48649], [78.36233, 17.48657], [78.36209, 17.48657], [78.36193, 17.48664], [78.36191, 17.48669], [78.36188, 17.48673], [78.36188, 17.48675], [78.36186, 17.48679], [78.36152, 17.48703], [78.36144, 17.48718], [78.3614, 17.48754], [78.36133, 17.48772], [78.36117, 17.48781], [78.36096, 17.4879], [78.36097, 17.48795], [78.36112, 17.48865], [78.36108, 17.48866], [78.36064, 17.48876], [78.35993, 17.48902], [78.35973, 17.48911], [78.35973, 17.48911], [78.35968, 17.48915], [78.35964, 17.48919], [78.3596, 17.48922], [78.35955, 17.48932], [78.35955, 17.4894], [78.35958, 17.48952], [78.3597, 17.48997], [78.35992, 17.49049], [78.35999, 17.49069], [78.36002, 17.49085], [78.36003, 17.49097], [78.36003, 17.49111], [78.36003, 17.49129], [78.36, 17.49154], [78.35997, 17.4917], [78.35994, 17.4918], [78.35979, 17.49202], [78.35975, 17.49208], [78.35965, 17.49224], [78.35955, 17.49241], [78.35936, 17.49277], [78.35914, 17.49327], [78.35902, 17.49357], [78.35897, 17.49367], [78.35889, 17.49375], [78.35883, 17.49381], [78.35878, 17.49384], [78.35873, 17.49385], [78.35867, 17.49387], [78.35863, 17.49389], [78.35861, 17.49392], [78.3586, 17.49397], [78.35859, 17.49402], [78.35863, 17.49449], [78.35862, 17.49473], [78.35858, 17.49493], [78.35846, 17.49541], [78.35833, 17.49589], [78.35833, 17.4959], [78.35844, 17.49592], [78.35997, 17.49632], [78.36123, 17.4966], [78.36177, 17.49665], [78.36299, 17.49658], [78.36467, 17.49647]]]}}, {"type": "Feature", "properties": {"name": "149-BEGUMPET", "hospital_count": 18, "circle": "30-BEGUMPET", "zone": "SECUNDERABAD ZONE", "ward_no": 149}, "geometry": {"type": "Polygon", "coordinates": [[[78.4682, 17.45001], [78.4682, 17.44937], [78.46825, 17.44872], [78.4683, 17.44804], [78.46836, 17.44742], [78.46837, 17.44735], [78.46887, 17.44732], [78.46971, 17.4472], [78.46985, 17.44718], [78.46989, 17.44706], [78.47007, 17.44648], [78.47026, 17.44582], [78.47034, 17.44537], [78.47043, 17.44493], [78.47054, 17.44429], [78.47055, 17.44423], [78.4717, 17.44422], [78.47266, 17.44424], [78.47293, 17.44421], [78.47352, 17.444], [78.47447, 17.44378], [78.47538, 17.44364], [78.47685, 17.44355], [78.47973, 17.44343], [78.48276, 17.44339], [78.48413, 17.44336], [78.4861, 17.44332], [78.48941, 17.4433], [78.48968, 17.44329], [78.49248, 17.44325], [78.49496, 17.44319], [78.49505, 17.44319], [78.49645, 17.44318], [78.4978, 17.44315], [78.49839, 17.4431], [78.49842, 17.44296], [78.49846, 17.44281], [78.49849, 17.44264], [78.49864, 17.44187], [78.49864, 17.44171], [78.49854, 17.44155], [78.49795, 17.44121], [78.49735, 17.44084], [78.49674, 17.44048], [78.49622, 17.44032], [78.49569, 17.4403], [78.49532, 17.44038], [78.49481, 17.44045], [78.4939, 17.44071], [78.4933, 17.44093], [78.49326, 17.44078], [78.49317, 17.44035], [78.49309, 17.43999], [78.49307, 17.43985], [78.49302, 17.43967], [78.49295, 17.43955], [78.49291, 17.43951], [78.49286, 17.43941], [78.49277, 17.43929], [78.49265, 17.4392], [78.49254, 17.43911], [78.49243, 17.43898], [78.49232, 17.43884], [78.49219, 17.43871], [78.4921, 17.43863], [78.492, 17.43866], [78.49188, 17.4387], [78.49159, 17.43876], [78.49147, 17.43879], [78.49132, 17.43885], [78.4911, 17.43896], [78.49093, 17.43905], [78.49076, 17.43914], [78.49061, 17.43926], [78.49044, 17.43936], [78.49031, 17.43939], [78.49007, 17.43941], [78.48975, 17.43938], [78.48952, 17.43937], [78.48922, 17.43926], [78.48848, 17.43902], [78.48803, 17.44018], [78.48769, 17.44134], [78.4876, 17.44155], [78.48748, 17.44137], [78.48733, 17.44117], [78.48716, 17.44094], [78.48695, 17.44072], [78.48662, 17.44053], [78.48624, 17.44033], [78.48576, 17.44014], [78.48519, 17.43998], [78.48487, 17.43992], [78.48446, 17.43988], [78.48399, 17.43988], [78.48351, 17.43986], [78.48323, 17.43988], [78.48284, 17.44002], [78.48228, 17.44022], [78.48204, 17.44029], [78.48164, 17.44036], [78.48129, 17.44041], [78.48094, 17.44043], [78.48033, 17.4404], [78.47934, 17.44039], [78.4796, 17.43999], [78.48031, 17.43896], [78.48128, 17.43781], [78.48266, 17.43624], [78.48396, 17.4348], [78.48439, 17.43434], [78.48463, 17.43412], [78.48523, 17.43372], [78.48527, 17.4337], [78.48516, 17.4334], [78.48464, 17.43356], [78.48408, 17.43371], [78.48403, 17.43379], [78.48391, 17.43383], [78.48388, 17.43384], [78.48388, 17.43384], [78.48368, 17.43392], [78.48363, 17.43394], [78.4836, 17.43395], [78.4835, 17.43398], [78.48344, 17.43401], [78.48335, 17.43404], [78.4832, 17.43409], [78.48293, 17.43419], [78.48251, 17.43345], [78.48235, 17.4335], [78.48118, 17.43384], [78.48089, 17.43393], [78.47947, 17.43435], [78.4794, 17.43437], [78.47877, 17.43454], [78.47866, 17.43454], [78.47857, 17.43446], [78.47843, 17.43434], [78.47843, 17.43433], [78.47824, 17.43411], [78.47821, 17.43408], [78.4782, 17.43406], [78.47815, 17.434], [78.47807, 17.4339], [78.47798, 17.43377], [78.47798, 17.43377], [78.47796, 17.43374], [78.47795, 17.43372], [78.4779, 17.43362], [78.47784, 17.43351], [78.47782, 17.43343], [78.47782, 17.4333], [78.47783, 17.4332], [78.47789, 17.43309], [78.47819, 17.43269], [78.47824, 17.43263], [78.47834, 17.43252], [78.47847, 17.43236], [78.47851, 17.43228], [78.47853, 17.43224], [78.47859, 17.43211], [78.4786, 17.43203], [78.47861, 17.43195], [78.47858, 17.43184], [78.47852, 17.43173], [78.47844, 17.43159], [78.47818, 17.43141], [78.47781, 17.43115], [78.47751, 17.43096], [78.4775, 17.43096], [78.47741, 17.43089], [78.47737, 17.43085], [78.47737, 17.43085], [78.47731, 17.43078], [78.47729, 17.43072], [78.47729, 17.43065], [78.47736, 17.43053], [78.47738, 17.43041], [78.47738, 17.43033], [78.47734, 17.43028], [78.47694, 17.43002], [78.47669, 17.4299], [78.47653, 17.42982], [78.47607, 17.42961], [78.47537, 17.42928], [78.47509, 17.42915], [78.47499, 17.4291], [78.47491, 17.42907], [78.47487, 17.42905], [78.47421, 17.42878], [78.474, 17.4287], [78.47386, 17.42867], [78.47372, 17.42865], [78.47357, 17.42867], [78.47336, 17.42872], [78.47307, 17.42882], [78.47289, 17.42889], [78.47277, 17.429], [78.4727, 17.42907], [78.47266, 17.42912], [78.47261, 17.4292], [78.47259, 17.42946], [78.47259, 17.42997], [78.47263, 17.4301], [78.4727, 17.43018], [78.47273, 17.43029], [78.47272, 17.4305], [78.47263, 17.43092], [78.47261, 17.43113], [78.4726, 17.4312], [78.47278, 17.43146], [78.47308, 17.43184], [78.47317, 17.43195], [78.47348, 17.43236], [78.47353, 17.43242], [78.47377, 17.43273], [78.47382, 17.43284], [78.47383, 17.43291], [78.47376, 17.43301], [78.47358, 17.43316], [78.47335, 17.43336], [78.47322, 17.43348], [78.47307, 17.43365], [78.47305, 17.43367], [78.473, 17.43381], [78.47297, 17.434], [78.47297, 17.4342], [78.473, 17.43438], [78.47304, 17.4345], [78.47318, 17.43464], [78.47383, 17.43524], [78.47427, 17.43575], [78.47419, 17.43581], [78.47414, 17.43585], [78.4738, 17.43612], [78.47336, 17.43645], [78.47291, 17.43674], [78.47259, 17.43694], [78.47222, 17.4371], [78.47192, 17.43721], [78.47156, 17.43732], [78.47144, 17.43737], [78.47125, 17.43745], [78.47119, 17.43748], [78.47111, 17.43752], [78.47104, 17.43754], [78.47101, 17.43755], [78.47093, 17.43757], [78.47092, 17.43757], [78.4707, 17.43757], [78.47052, 17.43754], [78.4703, 17.4375], [78.46965, 17.43739], [78.46871, 17.43719], [78.4682, 17.43709], [78.46802, 17.43703], [78.46784, 17.43696], [78.46772, 17.43692], [78.46748, 17.4368], [78.46729, 17.4367], [78.46709, 17.43658], [78.46685, 17.43636], [78.46668, 17.43618], [78.46656, 17.43605], [78.46651, 17.43598], [78.46627, 17.43566], [78.46603, 17.43529], [78.46566, 17.43467], [78.46544, 17.43428], [78.46529, 17.43406], [78.46511, 17.43385], [78.46502, 17.43372], [78.46474, 17.43329], [78.46451, 17.43293], [78.4645, 17.43292], [78.46434, 17.43268], [78.46433, 17.43267], [78.46436, 17.43369], [78.46442, 17.43395], [78.46444, 17.43437], [78.46436, 17.43484], [78.46428, 17.43511], [78.46418, 17.43542], [78.46393, 17.43588], [78.4638, 17.4361], [78.46327, 17.43671], [78.46285, 17.43706], [78.46231, 17.43737], [78.46115, 17.43791], [78.46054, 17.43812], [78.45908, 17.43839], [78.45744, 17.43869], [78.45669, 17.43899], [78.45607, 17.43935], [78.45529, 17.43994], [78.45457, 17.44074], [78.45414, 17.44145], [78.4519, 17.44669], [78.45176, 17.44716], [78.45175, 17.44721], [78.45195, 17.44735], [78.45235, 17.44764], [78.45236, 17.44776], [78.45238, 17.44812], [78.45242, 17.44845], [78.45246, 17.44877], [78.45258, 17.44921], [78.45272, 17.44948], [78.45289, 17.44973], [78.45314, 17.44987], [78.45333, 17.44993], [78.45335, 17.44995], [78.45348, 17.45003], [78.45353, 17.45009], [78.4536, 17.4502], [78.45377, 17.45049], [78.45386, 17.45068], [78.45391, 17.4509], [78.45395, 17.45139], [78.45395, 17.45209], [78.45385, 17.45368], [78.45385, 17.45368], [78.45372, 17.45387], [78.45361, 17.45409], [78.45356, 17.45432], [78.45354, 17.45448], [78.45354, 17.45464], [78.45357, 17.45479], [78.45371, 17.45511], [78.45403, 17.45551], [78.45468, 17.45635], [78.45494, 17.4568], [78.45497, 17.45704], [78.45497, 17.45736], [78.45496, 17.45743], [78.45489, 17.45763], [78.4548, 17.45786], [78.45463, 17.45819], [78.45459, 17.45827], [78.45453, 17.45849], [78.4545, 17.45906], [78.45457, 17.45957], [78.45467, 17.45971], [78.45474, 17.45979], [78.45487, 17.45995], [78.45506, 17.46006], [78.4554, 17.45995], [78.45608, 17.45965], [78.45668, 17.45939], [78.45677, 17.45936], [78.45731, 17.45913], [78.45757, 17.45901], [78.45785, 17.45885], [78.45817, 17.45858], [78.45866, 17.45824], [78.45901, 17.45805], [78.45902, 17.45805], [78.45953, 17.45788], [78.45987, 17.45778], [78.45997, 17.45775], [78.46028, 17.45765], [78.46074, 17.45745], [78.46128, 17.4571], [78.46235, 17.45643], [78.46307, 17.45602], [78.46382, 17.45559], [78.46445, 17.45524], [78.46587, 17.45448], [78.46599, 17.45441], [78.46631, 17.45396], [78.4667, 17.45345], [78.46712, 17.4529], [78.4675, 17.45239], [78.46789, 17.45189], [78.46817, 17.45134], [78.46821, 17.4507], [78.4682, 17.45001]]]}}, {"type": "Feature", "properties": {"name": "135-VENKATAPURAM", "hospital_count": 1, "circle": "27-ALWAL", "zone": "KUKATPALLY ZONE", "ward_no": 135}, "geometry": {"type": "Polygon", "coordinates": [[[78.50278, 17.48482], [78.50259, 17.48482], [78.50214, 17.48487], [78.50189, 17.48489], [78.50178, 17.48487], [78.50165, 17.48483], [78.50146, 17.48468], [78.50142, 17.48462], [78.50129, 17.48446], [78.50115, 17.48438], [78.50097, 17.48433], [78.50076, 17.48423], [78.50052, 17.48403], [78.49961, 17.48316], [78.49961, 17.48316], [78.49986, 17.483], [78.49993, 17.48295], [78.49968, 17.48265], [78.49956, 17.48255], [78.49933, 17.48243], [78.49903, 17.48224], [78.49875, 17.48225], [78.49852, 17.48212], [78.49836, 17.48193], [78.49906, 17.48053], [78.499, 17.48038], [78.49841, 17.48036], [78.49824, 17.47986], [78.49811, 17.47955], [78.49767, 17.47952], [78.49757, 17.47894], [78.49739, 17.4779], [78.49739, 17.4779], [78.49756, 17.4779], [78.49757, 17.47789], [78.49767, 17.47789], [78.49748, 17.47717], [78.49785, 17.47712], [78.49805, 17.47709], [78.49811, 17.47708], [78.49823, 17.47706], [78.4983, 17.47705], [78.49849, 17.47703], [78.49845, 17.47662], [78.49842, 17.47623], [78.49845, 17.47589], [78.49847, 17.47575], [78.49852, 17.47559], [78.49861, 17.47535], [78.49871, 17.47515], [78.49878, 17.47492], [78.49879, 17.47489], [78.49887, 17.47468], [78.49891, 17.47448], [78.49895, 17.4742], [78.49903, 17.47396], [78.49923, 17.47359], [78.49947, 17.47324], [78.49964, 17.47303], [78.49998, 17.47275], [78.50015, 17.47256], [78.50032, 17.47236], [78.5004, 17.47221], [78.50033, 17.4721], [78.50018, 17.47209], [78.49983, 17.47231], [78.49964, 17.47237], [78.49951, 17.47226], [78.49916, 17.47238], [78.49906, 17.4724], [78.49899, 17.47224], [78.49772, 17.47251], [78.49785, 17.47295], [78.49735, 17.47319], [78.49709, 17.4734], [78.49675, 17.47362], [78.49663, 17.4737], [78.49646, 17.47379], [78.49581, 17.47403], [78.49564, 17.4744], [78.49536, 17.47486], [78.49528, 17.47528], [78.49536, 17.47558], [78.49563, 17.47641], [78.49593, 17.47686], [78.49636, 17.47829], [78.49658, 17.47822], [78.4966, 17.4783], [78.49666, 17.47874], [78.49673, 17.47919], [78.49681, 17.47959], [78.49702, 17.47974], [78.49714, 17.48034], [78.49739, 17.48241], [78.49732, 17.4829], [78.49697, 17.48332], [78.4964, 17.48245], [78.49605, 17.48242], [78.49592, 17.48249], [78.49582, 17.48267], [78.49602, 17.48299], [78.49533, 17.48311], [78.49533, 17.48312], [78.49543, 17.48347], [78.49559, 17.48433], [78.49501, 17.48445], [78.4947, 17.48354], [78.49455, 17.48345], [78.4943, 17.48346], [78.49388, 17.48252], [78.49416, 17.48238], [78.49401, 17.48222], [78.49364, 17.48045], [78.49229, 17.48081], [78.49162, 17.48011], [78.49136, 17.48004], [78.4908, 17.48015], [78.49077, 17.48016], [78.491, 17.48132], [78.49173, 17.48134], [78.49243, 17.48131], [78.49268, 17.48265], [78.49164, 17.48279], [78.49031, 17.48286], [78.48906, 17.48295], [78.48867, 17.483], [78.48848, 17.4823], [78.48824, 17.48152], [78.48789, 17.4815], [78.48789, 17.4815], [78.48694, 17.48199], [78.48686, 17.48203], [78.48663, 17.48215], [78.48574, 17.48266], [78.48559, 17.48283], [78.48535, 17.48378], [78.48498, 17.48448], [78.48475, 17.48499], [78.48472, 17.48523], [78.4847, 17.48691], [78.48486, 17.48758], [78.485, 17.48762], [78.48559, 17.48746], [78.48631, 17.48716], [78.48665, 17.48785], [78.48695, 17.48763], [78.48785, 17.48715], [78.48884, 17.4867], [78.48981, 17.4863], [78.49049, 17.48606], [78.4905, 17.4869], [78.49054, 17.48829], [78.49073, 17.48968], [78.49092, 17.4906], [78.49127, 17.4916], [78.49163, 17.4922], [78.49201, 17.49283], [78.49227, 17.49323], [78.49252, 17.49318], [78.49254, 17.49313], [78.49265, 17.49314], [78.4929, 17.49307], [78.49329, 17.49306], [78.49324, 17.4922], [78.49308, 17.49188], [78.49303, 17.49169], [78.49335, 17.49153], [78.49391, 17.49121], [78.49446, 17.49099], [78.49501, 17.49066], [78.49521, 17.49054], [78.49564, 17.49026], [78.49582, 17.49067], [78.49608, 17.49127], [78.49633, 17.49132], [78.49646, 17.4919], [78.49694, 17.4931], [78.49714, 17.49356], [78.49717, 17.49363], [78.49753, 17.49451], [78.49773, 17.49506], [78.49741, 17.49553], [78.49624, 17.49723], [78.4962, 17.49729], [78.49647, 17.49775], [78.49645, 17.49835], [78.49643, 17.49866], [78.49645, 17.49887], [78.49645, 17.49902], [78.49646, 17.49922], [78.49645, 17.49937], [78.49643, 17.49948], [78.49637, 17.49966], [78.49633, 17.49982], [78.49628, 17.5], [78.49629, 17.5], [78.49628, 17.50001], [78.49623, 17.50027], [78.49617, 17.50056], [78.49617, 17.50063], [78.49622, 17.50066], [78.49655, 17.50084], [78.49671, 17.50088], [78.4969, 17.50091], [78.4969, 17.5009], [78.49693, 17.5009], [78.4975, 17.49972], [78.49759, 17.49975], [78.49775, 17.49969], [78.4982, 17.49957], [78.4982, 17.49957], [78.4982, 17.49957], [78.49845, 17.49951], [78.49942, 17.49925], [78.49948, 17.49923], [78.49948, 17.49923], [78.49948, 17.49923], [78.49998, 17.49905], [78.50054, 17.49886], [78.50065, 17.49914], [78.50084, 17.49967], [78.50085, 17.49967], [78.50093, 17.49986], [78.50147, 17.5012], [78.50173, 17.50171], [78.50203, 17.50159], [78.50188, 17.5012], [78.50216, 17.50102], [78.50206, 17.50074], [78.50329, 17.5003], [78.50336, 17.50035], [78.50347, 17.50027], [78.50438, 17.50006], [78.50448, 17.50031], [78.50571, 17.5003], [78.50571, 17.50028], [78.50591, 17.50024], [78.50583, 17.49967], [78.50578, 17.4992], [78.50574, 17.4982], [78.50622, 17.49814], [78.50677, 17.4981], [78.50671, 17.49761], [78.50663, 17.49742], [78.50641, 17.49747], [78.50627, 17.49715], [78.50615, 17.49688], [78.50583, 17.49703], [78.5056, 17.49706], [78.50507, 17.49726], [78.50484, 17.49735], [78.50483, 17.49735], [78.50472, 17.49691], [78.5046, 17.49628], [78.50489, 17.49616], [78.5056, 17.49586], [78.50556, 17.49561], [78.50565, 17.49557], [78.50636, 17.49524], [78.50619, 17.4949], [78.50598, 17.49453], [78.50577, 17.49412], [78.50562, 17.49384], [78.5055, 17.49372], [78.506, 17.49359], [78.506, 17.49359], [78.50607, 17.49359], [78.50645, 17.49351], [78.50745, 17.49329], [78.50736, 17.49289], [78.50734, 17.49282], [78.50726, 17.49249], [78.50717, 17.49214], [78.50714, 17.49175], [78.50852, 17.49159], [78.50919, 17.4915], [78.50985, 17.49141], [78.50997, 17.49139], [78.50977, 17.49093], [78.50882, 17.48942], [78.50824, 17.48948], [78.50776, 17.49016], [78.50721, 17.48983], [78.50699, 17.48974], [78.50693, 17.48982], [78.50655, 17.48961], [78.50563, 17.48903], [78.50515, 17.48874], [78.50487, 17.48842], [78.50421, 17.48737], [78.50463, 17.48707], [78.50469, 17.48704], [78.50446, 17.48665], [78.50413, 17.48616], [78.50373, 17.48598], [78.50281, 17.48556], [78.50278, 17.48482]]]}}, {"type": "Feature", "properties": {"name": "123-HYDER NAGAR", "hospital_count": 24, "circle": "24-KUKATPALLY", "zone": "KUKATPALLY ZONE", "ward_no": 123}, "geometry": {"type": "Polygon", "coordinates": [[[78.38891, 17.5118], [78.38901, 17.51174], [78.38918, 17.51192], [78.38964, 17.51156], [78.39006, 17.51121], [78.39072, 17.51068], [78.39105, 17.51044], [78.39156, 17.50995], [78.39307, 17.50894], [78.39454, 17.50864], [78.3962, 17.50831], [78.39686, 17.50818], [78.39783, 17.50797], [78.39894, 17.50774], [78.3996, 17.50754], [78.39963, 17.50753], [78.39963, 17.50753], [78.39982, 17.50714], [78.39985, 17.50707], [78.39995, 17.50686], [78.39997, 17.50664], [78.40006, 17.50628], [78.40009, 17.50613], [78.40015, 17.50601], [78.40016, 17.50601], [78.40016, 17.506], [78.40025, 17.50591], [78.40036, 17.50579], [78.40041, 17.50572], [78.40044, 17.50561], [78.40045, 17.50558], [78.40047, 17.50548], [78.40051, 17.50538], [78.40058, 17.50529], [78.40066, 17.50521], [78.40074, 17.50514], [78.40081, 17.50509], [78.40081, 17.50508], [78.40083, 17.50502], [78.40082, 17.50497], [78.40081, 17.50496], [78.40078, 17.50489], [78.40078, 17.50481], [78.40081, 17.50468], [78.40088, 17.50453], [78.40092, 17.5044], [78.40103, 17.50429], [78.4011, 17.50418], [78.40114, 17.50409], [78.40116, 17.50396], [78.40121, 17.50384], [78.40127, 17.50371], [78.40133, 17.50363], [78.40139, 17.50357], [78.40139, 17.50356], [78.40141, 17.50348], [78.4014, 17.50337], [78.4014, 17.50335], [78.4014, 17.50328], [78.4014, 17.50318], [78.40129, 17.50318], [78.40107, 17.50316], [78.40107, 17.50255], [78.4011, 17.50241], [78.40112, 17.50231], [78.40114, 17.50218], [78.40115, 17.50206], [78.40143, 17.50147], [78.40151, 17.50131], [78.40155, 17.50111], [78.40157, 17.50092], [78.40157, 17.50087], [78.40157, 17.50077], [78.40157, 17.50061], [78.40155, 17.50044], [78.40153, 17.50039], [78.40151, 17.50027], [78.40148, 17.50014], [78.40147, 17.50005], [78.40146, 17.49974], [78.40148, 17.49954], [78.40149, 17.4993], [78.4015, 17.49926], [78.40192, 17.49926], [78.40197, 17.49926], [78.40199, 17.49873], [78.40196, 17.49864], [78.40166, 17.49813], [78.40154, 17.49793], [78.40209, 17.49764], [78.40235, 17.49764], [78.40236, 17.4967], [78.40297, 17.4967], [78.40299, 17.4967], [78.40319, 17.49658], [78.40371, 17.4963], [78.40541, 17.49547], [78.40533, 17.49534], [78.40497, 17.49464], [78.40481, 17.49433], [78.40454, 17.49381], [78.40437, 17.49348], [78.40428, 17.49331], [78.40399, 17.49276], [78.40366, 17.49291], [78.40251, 17.49346], [78.40136, 17.49396], [78.40036, 17.49441], [78.39935, 17.49488], [78.39848, 17.49528], [78.39765, 17.49566], [78.39741, 17.49574], [78.39725, 17.49578], [78.3966, 17.49597], [78.39582, 17.49617], [78.39553, 17.49625], [78.3948, 17.49643], [78.39471, 17.49645], [78.39427, 17.49656], [78.39378, 17.49673], [78.39335, 17.49697], [78.39301, 17.49719], [78.39278, 17.49735], [78.39209, 17.49782], [78.39173, 17.49804], [78.39146, 17.49817], [78.39136, 17.4982], [78.39109, 17.49828], [78.39101, 17.4983], [78.39083, 17.49836], [78.39065, 17.49838], [78.39006, 17.49846], [78.38943, 17.49855], [78.38839, 17.49869], [78.38768, 17.49878], [78.38677, 17.49889], [78.38508, 17.49912], [78.38393, 17.49928], [78.38309, 17.49939], [78.38258, 17.49942], [78.38224, 17.49938], [78.38191, 17.49932], [78.38151, 17.49919], [78.38087, 17.49896], [78.38042, 17.49877], [78.37992, 17.49854], [78.37932, 17.49824], [78.37857, 17.49786], [78.37787, 17.49752], [78.3772, 17.49724], [78.37679, 17.49713], [78.3761, 17.49702], [78.37562, 17.49693], [78.37516, 17.49678], [78.37498, 17.49672], [78.37439, 17.49653], [78.37414, 17.49647], [78.37405, 17.49647], [78.37371, 17.49647], [78.37333, 17.49647], [78.37394, 17.49648], [78.37404, 17.49648], [78.37405, 17.49653], [78.37433, 17.49932], [78.37444, 17.50011], [78.37467, 17.50166], [78.37484, 17.50428], [78.37538, 17.50593], [78.37545, 17.50614], [78.37573, 17.507], [78.37639, 17.50695], [78.37694, 17.50803], [78.37913, 17.50786], [78.37917, 17.50975], [78.3801, 17.50947], [78.38544, 17.50786], [78.38566, 17.50788], [78.38555, 17.5082], [78.38552, 17.50827], [78.38558, 17.50831], [78.38691, 17.50884], [78.38683, 17.50899], [78.38709, 17.51037], [78.38724, 17.51072], [78.3878, 17.51051], [78.38791, 17.51084], [78.38827, 17.51096], [78.3879, 17.51201], [78.38836, 17.51215], [78.38891, 17.5118]]]}}, {"type": "Feature", "properties": {"name": "122-VIVEKANANDA NAGAR COLONY", "hospital_count": 8, "circle": "24-KUKATPALLY", "zone": "KUKATPALLY ZONE", "ward_no": 122}, "geometry": {"type": "Polygon", "coordinates": [[[78.42696, 17.50058], [78.42697, 17.49906], [78.42688, 17.49908], [78.42687, 17.49906], [78.42684, 17.49901], [78.42649, 17.49912], [78.42648, 17.49913], [78.42633, 17.49859], [78.42579, 17.49876], [78.42582, 17.49887], [78.4249, 17.49921], [78.42438, 17.49933], [78.42432, 17.49934], [78.42428, 17.4993], [78.42427, 17.49929], [78.42419, 17.49927], [78.42409, 17.49925], [78.42405, 17.49925], [78.42377, 17.49919], [78.42355, 17.49908], [78.4234, 17.49898], [78.42316, 17.49882], [78.42273, 17.49851], [78.42249, 17.49831], [78.42206, 17.49796], [78.42176, 17.49765], [78.42167, 17.49766], [78.42148, 17.49768], [78.42144, 17.49769], [78.421, 17.49774], [78.4209, 17.49775], [78.42075, 17.49776], [78.42054, 17.49767], [78.42038, 17.49758], [78.42038, 17.49758], [78.42029, 17.4975], [78.42023, 17.4974], [78.4202, 17.49731], [78.42023, 17.49657], [78.42023, 17.49656], [78.42024, 17.49602], [78.41932, 17.49624], [78.41893, 17.49631], [78.4187, 17.49634], [78.4184, 17.49633], [78.41805, 17.49629], [78.4179, 17.49628], [78.41779, 17.49628], [78.41765, 17.49629], [78.41748, 17.49627], [78.41738, 17.49622], [78.4173, 17.49616], [78.41712, 17.49601], [78.417, 17.4959], [78.41689, 17.49581], [78.41669, 17.49572], [78.41637, 17.49556], [78.41592, 17.49533], [78.41522, 17.49502], [78.41519, 17.495], [78.4151, 17.49494], [78.41506, 17.49488], [78.41503, 17.49479], [78.41502, 17.49476], [78.415, 17.4946], [78.41497, 17.49448], [78.4149, 17.49428], [78.41476, 17.49393], [78.41454, 17.49343], [78.41432, 17.49293], [78.41419, 17.49262], [78.41389, 17.49184], [78.41384, 17.49168], [78.4138, 17.49156], [78.41378, 17.4915], [78.41374, 17.49128], [78.41371, 17.49111], [78.41372, 17.49097], [78.41381, 17.49065], [78.41386, 17.49037], [78.41391, 17.49025], [78.41401, 17.49011], [78.41409, 17.49002], [78.41413, 17.4899], [78.41416, 17.48979], [78.41417, 17.48971], [78.41417, 17.48951], [78.41415, 17.48926], [78.41411, 17.48895], [78.41387, 17.48803], [78.41382, 17.48784], [78.41373, 17.48764], [78.41363, 17.48747], [78.4135, 17.48735], [78.41339, 17.48725], [78.41333, 17.48716], [78.41332, 17.48715], [78.4133, 17.48712], [78.41327, 17.48709], [78.41325, 17.4862], [78.41324, 17.48609], [78.41325, 17.486], [78.41313, 17.48556], [78.4129, 17.48496], [78.41256, 17.48392], [78.41251, 17.48393], [78.41252, 17.48392], [78.41235, 17.48415], [78.4122, 17.48436], [78.41204, 17.48458], [78.41143, 17.48542], [78.41092, 17.48609], [78.41092, 17.48609], [78.41058, 17.48659], [78.41045, 17.4868], [78.41012, 17.48729], [78.40964, 17.48802], [78.40913, 17.48866], [78.4086, 17.48933], [78.40803, 17.49002], [78.40765, 17.49052], [78.40717, 17.49109], [78.40689, 17.49133], [78.4066, 17.49151], [78.40631, 17.49166], [78.40575, 17.49191], [78.40498, 17.4923], [78.40399, 17.49276], [78.40428, 17.49331], [78.40437, 17.49348], [78.40454, 17.49381], [78.40481, 17.49433], [78.40497, 17.49464], [78.40533, 17.49534], [78.40541, 17.49547], [78.40554, 17.49569], [78.40578, 17.49598], [78.40594, 17.49613], [78.40616, 17.49635], [78.40652, 17.49663], [78.40675, 17.49679], [78.40688, 17.49687], [78.40784, 17.4973], [78.40903, 17.49782], [78.40959, 17.49802], [78.41104, 17.49838], [78.41154, 17.4985], [78.41262, 17.49881], [78.41337, 17.49916], [78.41353, 17.49923], [78.41482, 17.49979], [78.41548, 17.50007], [78.41603, 17.50033], [78.41738, 17.50105], [78.41943, 17.5022], [78.41996, 17.50253], [78.42034, 17.50275], [78.42266, 17.5023], [78.42335, 17.50214], [78.42335, 17.50214], [78.42633, 17.50146], [78.42666, 17.50138], [78.42669, 17.50136], [78.42654, 17.50069], [78.42675, 17.50064], [78.42696, 17.50058]]]}}, {"type": "Feature", "properties": {"name": "113-PATANCHERUVU", "hospital_count": 9, "circle": "22-RAMACHANDRAPURAM & PATANCHERUVU", "zone": "SERILINGAMPALLY ZONE", "ward_no": 113}, "geometry": {"type": "Polygon", "coordinates": [[[78.28862, 17.52302], [78.28835, 17.52305], [78.28759, 17.52315], [78.28434, 17.51952], [78.2847, 17.51926], [78.28254, 17.5161], [78.28247, 17.5158], [78.28242, 17.51513], [78.28241, 17.51502], [78.28235, 17.51425], [78.28168, 17.51427], [78.28102, 17.51428], [78.28059, 17.51382], [78.28037, 17.51424], [78.27974, 17.51471], [78.27919, 17.51596], [78.27877, 17.51691], [78.27754, 17.51785], [78.27384, 17.51882], [78.27205, 17.51945], [78.27015, 17.52144], [78.2682, 17.52261], [78.26552, 17.51867], [78.26489, 17.51872], [78.26401, 17.51745], [78.26374, 17.51676], [78.26299, 17.51423], [78.26255, 17.5127], [78.2625, 17.51213], [78.26236, 17.51104], [78.26197, 17.5099], [78.26177, 17.50888], [78.26154, 17.50735], [78.25762, 17.50642], [78.25721, 17.50681], [78.25652, 17.50701], [78.25548, 17.50777], [78.25485, 17.5086], [78.25334, 17.5093], [78.25211, 17.51], [78.25178, 17.51104], [78.25202, 17.51168], [78.25242, 17.51201], [78.25298, 17.51214], [78.25282, 17.51253], [78.25238, 17.51321], [78.25224, 17.51372], [78.25224, 17.51399], [78.25261, 17.51435], [78.25266, 17.51486], [78.25193, 17.51581], [78.25093, 17.51585], [78.25095, 17.51654], [78.25195, 17.51656], [78.25238, 17.51734], [78.25283, 17.5181], [78.25145, 17.51886], [78.25134, 17.51955], [78.25273, 17.52097], [78.25246, 17.52184], [78.25191, 17.5236], [78.2523, 17.5243], [78.25225, 17.52528], [78.25188, 17.52543], [78.25169, 17.52575], [78.25037, 17.52586], [78.24844, 17.52592], [78.24794, 17.52567], [78.24758, 17.52534], [78.24683, 17.52524], [78.24625, 17.52645], [78.24587, 17.52651], [78.24576, 17.52564], [78.24525, 17.52476], [78.2438, 17.52555], [78.24376, 17.52627], [78.24406, 17.5269], [78.2444, 17.52715], [78.24537, 17.52863], [78.24483, 17.52931], [78.24458, 17.52949], [78.24405, 17.52942], [78.24368, 17.52902], [78.24328, 17.52857], [78.24266, 17.52868], [78.24154, 17.53067], [78.24092, 17.53216], [78.24063, 17.533], [78.23996, 17.53374], [78.23935, 17.53502], [78.23918, 17.53576], [78.23914, 17.53648], [78.2394, 17.53795], [78.23921, 17.53819], [78.23911, 17.54026], [78.23897, 17.54121], [78.23936, 17.5408], [78.23998, 17.54066], [78.2412, 17.54056], [78.24227, 17.54018], [78.24377, 17.53978], [78.24534, 17.53936], [78.2469, 17.53893], [78.24756, 17.53885], [78.24921, 17.53884], [78.24967, 17.53924], [78.24975, 17.54011], [78.24986, 17.54116], [78.25015, 17.54095], [78.25045, 17.54123], [78.25088, 17.54216], [78.2513, 17.54298], [78.25186, 17.5429], [78.25189, 17.54314], [78.25176, 17.54341], [78.25176, 17.54368], [78.25203, 17.54395], [78.25209, 17.54455], [78.25214, 17.54491], [78.2523, 17.54506], [78.25245, 17.54509], [78.25242, 17.54533], [78.25223, 17.54569], [78.25216, 17.54614], [78.25197, 17.54635], [78.25196, 17.54653], [78.25209, 17.54668], [78.25214, 17.54701], [78.25214, 17.54749], [78.25198, 17.54766], [78.25073, 17.54798], [78.2501, 17.54806], [78.24978, 17.54847], [78.24946, 17.54907], [78.24942, 17.54948], [78.24953, 17.55039], [78.24971, 17.55108], [78.25002, 17.5512], [78.25086, 17.55142], [78.2518, 17.55141], [78.25221, 17.55081], [78.25288, 17.54989], [78.25373, 17.54967], [78.25454, 17.54941], [78.25547, 17.54957], [78.25687, 17.54977], [78.25803, 17.54991], [78.25928, 17.55151], [78.2595, 17.5517], [78.26015, 17.55195], [78.26086, 17.55202], [78.26142, 17.55217], [78.26195, 17.55236], [78.26264, 17.55237], [78.26314, 17.55226], [78.26361, 17.55197], [78.2639, 17.5511], [78.26397, 17.55062], [78.26377, 17.54996], [78.26353, 17.54918], [78.26341, 17.54879], [78.26364, 17.5481], [78.26396, 17.54772], [78.26487, 17.54734], [78.26546, 17.54753], [78.26604, 17.54778], [78.26689, 17.54965], [78.2685, 17.55042], [78.26965, 17.551], [78.27058, 17.55105], [78.27126, 17.55124], [78.27254, 17.55152], [78.27407, 17.55164], [78.27441, 17.5517], [78.27583, 17.55265], [78.2771, 17.5533], [78.27828, 17.55371], [78.27918, 17.55387], [78.27999, 17.55403], [78.28046, 17.55398], [78.28096, 17.55377], [78.28142, 17.55228], [78.28164, 17.55171], [78.28215, 17.55106], [78.28257, 17.55056], [78.2823, 17.54957], [78.28197, 17.54863], [78.28167, 17.5477], [78.28164, 17.54587], [78.28154, 17.54416], [78.28156, 17.5426], [78.28145, 17.5417], [78.28134, 17.54116], [78.28156, 17.54048], [78.28154, 17.54009], [78.28145, 17.53976], [78.28166, 17.53829], [78.28228, 17.53815], [78.28294, 17.53792], [78.28383, 17.53736], [78.28452, 17.53701], [78.28467, 17.53689], [78.28468, 17.53639], [78.28534, 17.5363], [78.2859, 17.53622], [78.28637, 17.53602], [78.28656, 17.53566], [78.28661, 17.53449], [78.28666, 17.53357], [78.28714, 17.53288], [78.28767, 17.5325], [78.28787, 17.53179], [78.2884, 17.53152], [78.28866, 17.53078], [78.28911, 17.53037], [78.28936, 17.5301], [78.28953, 17.52956], [78.28956, 17.52929], [78.28939, 17.52845], [78.28923, 17.52824], [78.28899, 17.52812], [78.28869, 17.52733], [78.2885, 17.52709], [78.28826, 17.52655], [78.28801, 17.5263], [78.28809, 17.52553], [78.28804, 17.52484], [78.28823, 17.52421], [78.28859, 17.52323], [78.28861, 17.52303], [78.28862, 17.52302]], [[78.27513, 17.52402], [78.27534, 17.52385], [78.27591, 17.52327], [78.27609, 17.52297], [78.27615, 17.52263], [78.27608, 17.52219], [78.27574, 17.52168], [78.27647, 17.52101], [78.27798, 17.51977], [78.2787, 17.51903], [78.27877, 17.51898], [78.28149, 17.51684], [78.28152, 17.51694], [78.28156, 17.51691], [78.28244, 17.51949], [78.28106, 17.51969], [78.2811, 17.51994], [78.28061, 17.52029], [78.28092, 17.52169], [78.28176, 17.52151], [78.28248, 17.52097], [78.28311, 17.52163], [78.28341, 17.52246], [78.28377, 17.52264], [78.28398, 17.52359], [78.2842, 17.52385], [78.28396, 17.52515], [78.28397, 17.52598], [78.28393, 17.52668], [78.2838, 17.52706], [78.2837, 17.52764], [78.28332, 17.52855], [78.28332, 17.52858], [78.28336, 17.52937], [78.28305, 17.52951], [78.28272, 17.52967], [78.2827, 17.52968], [78.28274, 17.53014], [78.28257, 17.53024], [78.28278, 17.53044], [78.28277, 17.53082], [78.28375, 17.5309], [78.28379, 17.53091], [78.28391, 17.53122], [78.28444, 17.53136], [78.28448, 17.53137], [78.28442, 17.53306], [78.2843, 17.53308], [78.284, 17.5331], [78.28369, 17.53311], [78.28305, 17.53341], [78.28276, 17.53339], [78.28253, 17.5334], [78.28217, 17.53333], [78.28208, 17.53332], [78.28182, 17.5333], [78.28143, 17.53326], [78.28135, 17.53324], [78.28104, 17.53318], [78.28041, 17.53322], [78.27974, 17.53323], [78.27902, 17.53332], [78.279, 17.53313], [78.27899, 17.533], [78.27854, 17.53278], [78.27676, 17.53207], [78.2755, 17.53196], [78.27543, 17.53194], [78.27463, 17.53221], [78.27446, 17.53131], [78.27446, 17.53123], [78.27448, 17.53084], [78.27441, 17.5305], [78.27409, 17.52995], [78.27557, 17.52878], [78.27449, 17.52748], [78.27568, 17.5266], [78.27476, 17.52564], [78.27475, 17.52563], [78.27457, 17.52544], [78.2745, 17.52537], [78.27408, 17.52492], [78.27446, 17.5246], [78.27487, 17.52425], [78.27513, 17.52402]]]}}, {"type": "Feature", "properties": {"name": "108-MIYAPUR", "hospital_count": 14, "circle": "21-CHANDA NAGAR", "zone": "SERILINGAMPALLY ZONE", "ward_no": 108}, "geometry": {"type": "Polygon", "coordinates": [[[78.34943, 17.52085], [78.35048, 17.52081], [78.35133, 17.52136], [78.35295, 17.52096], [78.35441, 17.52056], [78.35629, 17.52048], [78.35798, 17.52012], [78.35972, 17.51984], [78.36058, 17.51959], [78.36086, 17.51972], [78.36111, 17.5202], [78.36255, 17.52128], [78.36368, 17.52056], [78.36474, 17.51997], [78.36539, 17.51934], [78.36577, 17.51899], [78.36669, 17.51896], [78.36794, 17.5189], [78.36874, 17.51899], [78.3708, 17.51873], [78.371, 17.51726], [78.37121, 17.5161], [78.37138, 17.51562], [78.37143, 17.51481], [78.37248, 17.51493], [78.37275, 17.51413], [78.37325, 17.51303], [78.37362, 17.51304], [78.37356, 17.50719], [78.37574, 17.50705], [78.37573, 17.507], [78.37545, 17.50614], [78.37538, 17.50593], [78.37484, 17.50428], [78.37467, 17.50166], [78.37444, 17.50011], [78.37433, 17.49932], [78.37405, 17.49653], [78.37404, 17.49648], [78.37394, 17.49648], [78.37333, 17.49647], [78.3732, 17.49647], [78.373, 17.49647], [78.3722, 17.49649], [78.37128, 17.49649], [78.36951, 17.4965], [78.36869, 17.49652], [78.36719, 17.49653], [78.36607, 17.49648], [78.36467, 17.49647], [78.36299, 17.49658], [78.36177, 17.49665], [78.36123, 17.4966], [78.35997, 17.49632], [78.35844, 17.49592], [78.35833, 17.4959], [78.35833, 17.49589], [78.35731, 17.49564], [78.35612, 17.49533], [78.35493, 17.49501], [78.35416, 17.49478], [78.35263, 17.49439], [78.35149, 17.49417], [78.35039, 17.494], [78.34981, 17.49396], [78.34952, 17.49398], [78.3491, 17.49403], [78.34857, 17.49416], [78.348, 17.49436], [78.34801, 17.49443], [78.34834, 17.49572], [78.34838, 17.49603], [78.34862, 17.49711], [78.34864, 17.49721], [78.34885, 17.49813], [78.34887, 17.4982], [78.34889, 17.49833], [78.34607, 17.49887], [78.34604, 17.49873], [78.34546, 17.49877], [78.34546, 17.49905], [78.34348, 17.49911], [78.34239, 17.4991], [78.34242, 17.5007], [78.34242, 17.50197], [78.34241, 17.50225], [78.34238, 17.50252], [78.34227, 17.50347], [78.34229, 17.50368], [78.34232, 17.50392], [78.34246, 17.50427], [78.34274, 17.50475], [78.34305, 17.5051], [78.3432, 17.5053], [78.34338, 17.50563], [78.34357, 17.50596], [78.34389, 17.50636], [78.34456, 17.5072], [78.34537, 17.50818], [78.34597, 17.50886], [78.34613, 17.50909], [78.34664, 17.50981], [78.34679, 17.51001], [78.34682, 17.5101], [78.34683, 17.51016], [78.34686, 17.51029], [78.34689, 17.51034], [78.34695, 17.51038], [78.34702, 17.5104], [78.34717, 17.51045], [78.3472, 17.51046], [78.34728, 17.51049], [78.34758, 17.51074], [78.3478, 17.51097], [78.34795, 17.51115], [78.348, 17.51117], [78.34808, 17.51118], [78.34819, 17.51121], [78.34824, 17.51122], [78.34827, 17.51133], [78.34829, 17.51149], [78.34842, 17.51178], [78.34884, 17.51224], [78.34931, 17.51274], [78.34967, 17.51304], [78.34927, 17.51371], [78.34896, 17.51414], [78.3488, 17.51437], [78.34868, 17.51444], [78.34859, 17.51444], [78.34857, 17.51444], [78.34836, 17.51446], [78.34825, 17.51449], [78.34808, 17.51466], [78.34774, 17.51517], [78.34749, 17.51537], [78.34714, 17.51557], [78.34662, 17.51585], [78.34575, 17.51633], [78.34532, 17.51662], [78.34493, 17.51683], [78.34477, 17.51689], [78.34443, 17.51691], [78.34286, 17.51689], [78.34318, 17.51747], [78.34318, 17.51747], [78.34301, 17.51771], [78.34281, 17.518], [78.34239, 17.51806], [78.34203, 17.51808], [78.34173, 17.51804], [78.34162, 17.51895], [78.34243, 17.52129], [78.34943, 17.52085]]]}}, {"type": "Feature", "properties": {"name": "41-KANCHANBAGH", "hospital_count": 0, "circle": "8-CHANDRAYANGUTTA", "zone": "CHARMINAR ZONE", "ward_no": 41}, "geometry": {"type": "Polygon", "coordinates": [[[78.50331, 17.34341], [78.50344, 17.34339], [78.50366, 17.3434], [78.5038, 17.34336], [78.50391, 17.3433], [78.50396, 17.34324], [78.50407, 17.34289], [78.50415, 17.34256], [78.50422, 17.34248], [78.50454, 17.34236], [78.50468, 17.34231], [78.50473, 17.34229], [78.50487, 17.34225], [78.50493, 17.3422], [78.50482, 17.34211], [78.50505, 17.34188], [78.50528, 17.3416], [78.50551, 17.34131], [78.50563, 17.34113], [78.50569, 17.34088], [78.50607, 17.34042], [78.50607, 17.33978], [78.50607, 17.33909], [78.50602, 17.33854], [78.50596, 17.3384], [78.50587, 17.3378], [78.50577, 17.33762], [78.50553, 17.33726], [78.50553, 17.33712], [78.50538, 17.33661], [78.50572, 17.33625], [78.50581, 17.33616], [78.50648, 17.33616], [78.50705, 17.33583], [78.50738, 17.33528], [78.50752, 17.33472], [78.50752, 17.33463], [78.50728, 17.33409], [78.50713, 17.33344], [78.50718, 17.3328], [78.50722, 17.33211], [78.50732, 17.33147], [78.50736, 17.33083], [78.50736, 17.33055], [78.5074, 17.33019], [78.50745, 17.32955], [78.50754, 17.32891], [78.50754, 17.32822], [78.50754, 17.32812], [78.50759, 17.32758], [78.50762, 17.32688], [78.50772, 17.32624], [78.50776, 17.3256], [78.50786, 17.32496], [78.50786, 17.32491], [78.5079, 17.32427], [78.50809, 17.32368], [78.50852, 17.32317], [78.50937, 17.32238], [78.50989, 17.32206], [78.51008, 17.32142], [78.51008, 17.32074], [78.51017, 17.31945], [78.51017, 17.31881], [78.51016, 17.31812], [78.51009, 17.31794], [78.50992, 17.31752], [78.50968, 17.31711], [78.50958, 17.31697], [78.50924, 17.3164], [78.50891, 17.31645], [78.50882, 17.31648], [78.50881, 17.31648], [78.50836, 17.31663], [78.50807, 17.31681], [78.50806, 17.31717], [78.50803, 17.31805], [78.50762, 17.31832], [78.50757, 17.31833], [78.50729, 17.31841], [78.50669, 17.31855], [78.5065, 17.31858], [78.50612, 17.31862], [78.50592, 17.31863], [78.50563, 17.31852], [78.50549, 17.31837], [78.50566, 17.31743], [78.50574, 17.31707], [78.50599, 17.31647], [78.50602, 17.31641], [78.50681, 17.31502], [78.50676, 17.31501], [78.50627, 17.31273], [78.50631, 17.31272], [78.50626, 17.31269], [78.5061, 17.31329], [78.50597, 17.31355], [78.50591, 17.3136], [78.5058, 17.31367], [78.50557, 17.31369], [78.505, 17.31367], [78.5045, 17.31365], [78.50442, 17.31392], [78.50385, 17.3143], [78.50323, 17.31461], [78.50257, 17.31476], [78.5019, 17.31476], [78.50056, 17.31485], [78.50038, 17.31486], [78.4999, 17.3149], [78.49927, 17.315], [78.49857, 17.31509], [78.49809, 17.31509], [78.49785, 17.31509], [78.49718, 17.31519], [78.49651, 17.31533], [78.49642, 17.31556], [78.49619, 17.31647], [78.49567, 17.31685], [78.49505, 17.31717], [78.4949, 17.31723], [78.4948, 17.31753], [78.49473, 17.31773], [78.49469, 17.3178], [78.49556, 17.31747], [78.49605, 17.31728], [78.49678, 17.31699], [78.49678, 17.31704], [78.49673, 17.31839], [78.49668, 17.31969], [78.4966, 17.31967], [78.49631, 17.31959], [78.49572, 17.31949], [78.49468, 17.31922], [78.49413, 17.31905], [78.49389, 17.31896], [78.49407, 17.31878], [78.49402, 17.31876], [78.49382, 17.31878], [78.49363, 17.31847], [78.49392, 17.3183], [78.49399, 17.31845], [78.49407, 17.31841], [78.49401, 17.3182], [78.49399, 17.31811], [78.49425, 17.31802], [78.49412, 17.31776], [78.4946, 17.31745], [78.49456, 17.31743], [78.49454, 17.31738], [78.49438, 17.31745], [78.49376, 17.31758], [78.49352, 17.31763], [78.4931, 17.31773], [78.49266, 17.31782], [78.49243, 17.31786], [78.4923, 17.3179], [78.49177, 17.31805], [78.49109, 17.31801], [78.491, 17.31792], [78.49057, 17.3176], [78.49009, 17.31723], [78.48956, 17.31673], [78.48908, 17.31627], [78.48856, 17.31586], [78.48808, 17.31545], [78.48765, 17.315], [78.48717, 17.31449], [78.48702, 17.31431], [78.48673, 17.31399], [78.48621, 17.31358], [78.48609, 17.31347], [78.48621, 17.31316], [78.48641, 17.3128], [78.48607, 17.31281], [78.48564, 17.31284], [78.48521, 17.31265], [78.4847, 17.31234], [78.48428, 17.31233], [78.48348, 17.31257], [78.48326, 17.31265], [78.48327, 17.31295], [78.48329, 17.3132], [78.4833, 17.3132], [78.48329, 17.31349], [78.4833, 17.31414], [78.48321, 17.31569], [78.48323, 17.3161], [78.48312, 17.31643], [78.48306, 17.31714], [78.4831, 17.31716], [78.48336, 17.31721], [78.48359, 17.31725], [78.4844, 17.31732], [78.48452, 17.31737], [78.48474, 17.31747], [78.48511, 17.3176], [78.48673, 17.31783], [78.48641, 17.31812], [78.48587, 17.31853], [78.48563, 17.31871], [78.48519, 17.319], [78.48506, 17.3193], [78.48574, 17.31967], [78.48586, 17.31982], [78.48605, 17.31997], [78.48612, 17.32002], [78.48617, 17.32006], [78.4861, 17.32024], [78.486, 17.32046], [78.48579, 17.32097], [78.48578, 17.32098], [78.48575, 17.32105], [78.48559, 17.32134], [78.48519, 17.32154], [78.48465, 17.32178], [78.48409, 17.32228], [78.48352, 17.32287], [78.48317, 17.32328], [78.48361, 17.32328], [78.48529, 17.32325], [78.48743, 17.32334], [78.48762, 17.32334], [78.48837, 17.32338], [78.48837, 17.32337], [78.48873, 17.32283], [78.49014, 17.32294], [78.49167, 17.32299], [78.49166, 17.32307], [78.49166, 17.32325], [78.49168, 17.32384], [78.49171, 17.32399], [78.49176, 17.32496], [78.49176, 17.32497], [78.49178, 17.32497], [78.49166, 17.32526], [78.49128, 17.32534], [78.49125, 17.32544], [78.49111, 17.3259], [78.49114, 17.32591], [78.4913, 17.32594], [78.49159, 17.32605], [78.49169, 17.32618], [78.492, 17.32628], [78.49199, 17.32634], [78.49189, 17.3267], [78.4919, 17.3267], [78.4926, 17.3269], [78.49261, 17.327], [78.49261, 17.32757], [78.49258, 17.32814], [78.49256, 17.32859], [78.49219, 17.32901], [78.49221, 17.32906], [78.49221, 17.3294], [78.4922, 17.32948], [78.49217, 17.33007], [78.49207, 17.33044], [78.49206, 17.3305], [78.49198, 17.33079], [78.492, 17.33105], [78.49194, 17.33155], [78.49191, 17.33177], [78.49184, 17.33224], [78.49181, 17.33233], [78.49171, 17.33263], [78.49167, 17.3328], [78.4918, 17.33291], [78.4918, 17.33291], [78.49246, 17.33351], [78.49288, 17.33391], [78.49305, 17.3341], [78.49305, 17.33411], [78.49326, 17.33431], [78.49356, 17.33456], [78.49375, 17.33473], [78.49407, 17.33498], [78.49422, 17.33511], [78.49493, 17.3357], [78.49505, 17.33581], [78.49512, 17.33587], [78.49539, 17.3361], [78.49553, 17.3362], [78.49591, 17.33647], [78.49601, 17.33654], [78.49656, 17.33692], [78.49677, 17.33706], [78.49719, 17.33734], [78.4974, 17.33749], [78.49789, 17.3378], [78.49822, 17.33803], [78.49855, 17.33826], [78.49869, 17.33834], [78.49911, 17.33861], [78.49937, 17.33878], [78.49952, 17.33886], [78.50024, 17.33927], [78.50052, 17.33945], [78.50089, 17.3397], [78.50101, 17.33976], [78.5012, 17.3399], [78.50121, 17.33998], [78.50101, 17.34029], [78.50083, 17.34051], [78.50081, 17.34063], [78.50083, 17.34078], [78.50094, 17.3409], [78.50092, 17.34126], [78.5011, 17.34144], [78.50109, 17.34163], [78.50125, 17.34163], [78.50133, 17.34201], [78.50094, 17.34231], [78.50096, 17.34275], [78.50064, 17.3429], [78.50077, 17.34371], [78.50138, 17.34377], [78.50176, 17.34378], [78.50187, 17.34399], [78.50193, 17.34409], [78.5021, 17.34405], [78.50226, 17.34402], [78.50239, 17.34396], [78.50247, 17.34389], [78.50269, 17.34371], [78.50271, 17.34369], [78.50283, 17.34359], [78.50293, 17.3435], [78.50302, 17.34347], [78.50322, 17.34346], [78.50331, 17.34341]]]}}, {"type": "Feature", "properties": {"name": "7-CHILUKA NAGAR", "hospital_count": 9, "circle": "2-UPPAL", "zone": "L.B.NAGAR ZONE", "ward_no": 7}, "geometry": {"type": "Polygon", "coordinates": [[[78.56286, 17.42377], [78.565, 17.42094], [78.56597, 17.41953], [78.56675, 17.41786], [78.56672, 17.41758], [78.56677, 17.41751], [78.56725, 17.4132], [78.56752, 17.41285], [78.56743, 17.41286], [78.56742, 17.41278], [78.5673, 17.41281], [78.56693, 17.41289], [78.56654, 17.41285], [78.56488, 17.41296], [78.56484, 17.41296], [78.56482, 17.4128], [78.5648, 17.4126], [78.56476, 17.41239], [78.56472, 17.41217], [78.56469, 17.41197], [78.56464, 17.41162], [78.56461, 17.41146], [78.56459, 17.41128], [78.56455, 17.41118], [78.56449, 17.41105], [78.56443, 17.41094], [78.56438, 17.41082], [78.56433, 17.41061], [78.56427, 17.41026], [78.56425, 17.41004], [78.56424, 17.40969], [78.56426, 17.40922], [78.56427, 17.40893], [78.56427, 17.4088], [78.56425, 17.40871], [78.56425, 17.40864], [78.56428, 17.40845], [78.56432, 17.40832], [78.56438, 17.40815], [78.56442, 17.40806], [78.56439, 17.40798], [78.56432, 17.40761], [78.56424, 17.40729], [78.56415, 17.40685], [78.56409, 17.40663], [78.56402, 17.40636], [78.56394, 17.40607], [78.56391, 17.4059], [78.56388, 17.4059], [78.56372, 17.40563], [78.56356, 17.40536], [78.56351, 17.40525], [78.56348, 17.40516], [78.56343, 17.40499], [78.56338, 17.40481], [78.56326, 17.40442], [78.56322, 17.40424], [78.56315, 17.40399], [78.56307, 17.40369], [78.56303, 17.40358], [78.56299, 17.40346], [78.56293, 17.4033], [78.56289, 17.40322], [78.56281, 17.40313], [78.56271, 17.40302], [78.56262, 17.40288], [78.56253, 17.40267], [78.56247, 17.40258], [78.56246, 17.40256], [78.56243, 17.40255], [78.56234, 17.40252], [78.56215, 17.40249], [78.56221, 17.40238], [78.56228, 17.40221], [78.56231, 17.4021], [78.56237, 17.40181], [78.56242, 17.40145], [78.56165, 17.40146], [78.56075, 17.4015], [78.56021, 17.40153], [78.56014, 17.40174], [78.55845, 17.40283], [78.55823, 17.40297], [78.5566, 17.40471], [78.55533, 17.40611], [78.55478, 17.40666], [78.55421, 17.40749], [78.55216, 17.40955], [78.55051, 17.41102], [78.54886, 17.41256], [78.54758, 17.41367], [78.5469, 17.41428], [78.54588, 17.41517], [78.5453, 17.41567], [78.5453, 17.41567], [78.54533, 17.4157], [78.5465, 17.4168], [78.5488, 17.4156], [78.54913, 17.41601], [78.55014, 17.41679], [78.55109, 17.41774], [78.55299, 17.41832], [78.55773, 17.42036], [78.55799, 17.42029], [78.55817, 17.42088], [78.55817, 17.42089], [78.55859, 17.42172], [78.55834, 17.42189], [78.5585, 17.42242], [78.55853, 17.4225], [78.5586, 17.42261], [78.55864, 17.42273], [78.55894, 17.42312], [78.55978, 17.42299], [78.56018, 17.42314], [78.56085, 17.42344], [78.5611, 17.42353], [78.56134, 17.42343], [78.56147, 17.42339], [78.56158, 17.42336], [78.56161, 17.42343], [78.56162, 17.42345], [78.56255, 17.42396], [78.56286, 17.42377]]]}}, {"type": "Feature", "properties": {"name": "9-RAMANTHAPUR", "hospital_count": 7, "circle": "2-UPPAL", "zone": "L.B.NAGAR ZONE", "ward_no": 9}, "geometry": {"type": "Polygon", "coordinates": [[[78.54452, 17.38332], [78.54431, 17.38336], [78.54351, 17.38334], [78.5429, 17.38326], [78.54203, 17.38314], [78.5407, 17.38289], [78.53927, 17.38256], [78.53842, 17.38224], [78.53731, 17.38167], [78.53671, 17.38128], [78.53606, 17.38082], [78.53518, 17.37995], [78.53399, 17.37868], [78.53301, 17.37783], [78.53175, 17.37721], [78.53073, 17.37681], [78.5295, 17.37655], [78.52824, 17.37639], [78.52747, 17.37638], [78.52684, 17.37645], [78.52614, 17.37659], [78.52542, 17.37685], [78.52535, 17.37687], [78.52512, 17.37691], [78.5252, 17.37722], [78.52611, 17.37954], [78.52649, 17.38052], [78.52656, 17.3805], [78.52656, 17.3805], [78.52667, 17.38045], [78.52678, 17.38034], [78.52685, 17.38021], [78.52694, 17.38008], [78.52708, 17.38001], [78.52744, 17.37991], [78.5279, 17.37986], [78.52839, 17.37988], [78.5287, 17.38], [78.52894, 17.38024], [78.52907, 17.38049], [78.52916, 17.38074], [78.5293, 17.38116], [78.52946, 17.38145], [78.52962, 17.38169], [78.52987, 17.38206], [78.53009, 17.38236], [78.53019, 17.38253], [78.53033, 17.3828], [78.53039, 17.38309], [78.53044, 17.38326], [78.53048, 17.38333], [78.53058, 17.38345], [78.53073, 17.38359], [78.53084, 17.38367], [78.53112, 17.38381], [78.53122, 17.38384], [78.53143, 17.38391], [78.53157, 17.38394], [78.5317, 17.38399], [78.53183, 17.38406], [78.53186, 17.38408], [78.53157, 17.38416], [78.53136, 17.38421], [78.53115, 17.38426], [78.53099, 17.3843], [78.53087, 17.38432], [78.53059, 17.3844], [78.53067, 17.38472], [78.53075, 17.38502], [78.53062, 17.38506], [78.53067, 17.38522], [78.53072, 17.38536], [78.53054, 17.38541], [78.53065, 17.38564], [78.53092, 17.38646], [78.53097, 17.38665], [78.53105, 17.38705], [78.53108, 17.38728], [78.53109, 17.38747], [78.53112, 17.38765], [78.53113, 17.3877], [78.53116, 17.38769], [78.53122, 17.38796], [78.53131, 17.38834], [78.53132, 17.38838], [78.53137, 17.38866], [78.53139, 17.38877], [78.53141, 17.38892], [78.53141, 17.38894], [78.53148, 17.38927], [78.5315, 17.38943], [78.53146, 17.38943], [78.53146, 17.38946], [78.53198, 17.38936], [78.5323, 17.38931], [78.53237, 17.38931], [78.53246, 17.38932], [78.5327, 17.38939], [78.5329, 17.38944], [78.5329, 17.38943], [78.53322, 17.38951], [78.53345, 17.38958], [78.53353, 17.38959], [78.53351, 17.38985], [78.53351, 17.38985], [78.53351, 17.39005], [78.53353, 17.39007], [78.53372, 17.39038], [78.53345, 17.39053], [78.53366, 17.39087], [78.53322, 17.39115], [78.53305, 17.39128], [78.53312, 17.39151], [78.53318, 17.39177], [78.53326, 17.39206], [78.53334, 17.39241], [78.53335, 17.39246], [78.53353, 17.39241], [78.53355, 17.39275], [78.5336, 17.39321], [78.53365, 17.39354], [78.53364, 17.3944], [78.53362, 17.39444], [78.5336, 17.39451], [78.53352, 17.39487], [78.53343, 17.39525], [78.53337, 17.39552], [78.53337, 17.39556], [78.5336, 17.39562], [78.53359, 17.39571], [78.53343, 17.3964], [78.53329, 17.39693], [78.53327, 17.39696], [78.53314, 17.39747], [78.53305, 17.39775], [78.53301, 17.39786], [78.53328, 17.39794], [78.53438, 17.39839], [78.53491, 17.39865], [78.53629, 17.39909], [78.53663, 17.3992], [78.53777, 17.39955], [78.5386, 17.39982], [78.5391, 17.40001], [78.53941, 17.40015], [78.53941, 17.40015], [78.53955, 17.4002], [78.53987, 17.4003], [78.54047, 17.40045], [78.5412, 17.40057], [78.54238, 17.40078], [78.54322, 17.40094], [78.54417, 17.40107], [78.54514, 17.40118], [78.54552, 17.40123], [78.54547, 17.40075], [78.5454, 17.39994], [78.54531, 17.39908], [78.54523, 17.39844], [78.54514, 17.39786], [78.54513, 17.39767], [78.54512, 17.39758], [78.54512, 17.39749], [78.54514, 17.39708], [78.54516, 17.39663], [78.54517, 17.3963], [78.54519, 17.39576], [78.5452, 17.39506], [78.5452, 17.39466], [78.54521, 17.39442], [78.54524, 17.39421], [78.54529, 17.39401], [78.54539, 17.39375], [78.54563, 17.39307], [78.54578, 17.39264], [78.54596, 17.39216], [78.54607, 17.39175], [78.5462, 17.39114], [78.54629, 17.39075], [78.54626, 17.39074], [78.54621, 17.39074], [78.54617, 17.39073], [78.54578, 17.39082], [78.54524, 17.39097], [78.54434, 17.39122], [78.54392, 17.39132], [78.54364, 17.39136], [78.54336, 17.39138], [78.54307, 17.3914], [78.54294, 17.39142], [78.54292, 17.39124], [78.54291, 17.39094], [78.54287, 17.39053], [78.54283, 17.39007], [78.5428, 17.38963], [78.54276, 17.38912], [78.54274, 17.38885], [78.54271, 17.38851], [78.54286, 17.38846], [78.54285, 17.38845], [78.54288, 17.38842], [78.54313, 17.3881], [78.54315, 17.38805], [78.54321, 17.388], [78.54332, 17.38792], [78.54356, 17.38781], [78.54356, 17.3878], [78.54364, 17.38776], [78.54367, 17.38775], [78.54368, 17.38742], [78.54371, 17.38708], [78.54365, 17.38688], [78.54373, 17.38681], [78.54369, 17.38673], [78.54376, 17.3867], [78.5437, 17.38658], [78.54373, 17.38655], [78.54368, 17.38646], [78.54381, 17.3862], [78.54379, 17.38616], [78.54376, 17.38616], [78.54373, 17.38609], [78.54392, 17.38565], [78.54409, 17.38506], [78.54415, 17.38451], [78.54444, 17.38386], [78.54444, 17.38386], [78.54445, 17.38383], [78.5445, 17.38381], [78.54447, 17.38382], [78.54452, 17.38332]]]}}, {"type": "Feature", "properties": {"name": "25-MOOSARAMBAGH", "hospital_count": 11, "circle": "6-MALAKPET", "zone": "CHARMINAR ZONE", "ward_no": 25}, "geometry": {"type": "Polygon", "coordinates": [[[78.51444, 17.37967], [78.51602, 17.37871], [78.51687, 17.37983], [78.51701, 17.37971], [78.51913, 17.37835], [78.5217, 17.37743], [78.52349, 17.37718], [78.52493, 17.37694], [78.52512, 17.37691], [78.52535, 17.37687], [78.52489, 17.37548], [78.52466, 17.37428], [78.52435, 17.37283], [78.5241, 17.37172], [78.52406, 17.3716], [78.52366, 17.37021], [78.52356, 17.36986], [78.52391, 17.36989], [78.52407, 17.3699], [78.52409, 17.3699], [78.52435, 17.36991], [78.52435, 17.36991], [78.52436, 17.36991], [78.52433, 17.37006], [78.52428, 17.37034], [78.52485, 17.37034], [78.52486, 17.3697], [78.52478, 17.36918], [78.52468, 17.36874], [78.52462, 17.36857], [78.52317, 17.36862], [78.52305, 17.36726], [78.52306, 17.36716], [78.52342, 17.36717], [78.52339, 17.36703], [78.52342, 17.36703], [78.5234, 17.36689], [78.5237, 17.36679], [78.52425, 17.36653], [78.52427, 17.36605], [78.52442, 17.36601], [78.52446, 17.36563], [78.52379, 17.36578], [78.52341, 17.36586], [78.52337, 17.36525], [78.52342, 17.36522], [78.52386, 17.36506], [78.52375, 17.36474], [78.52346, 17.36482], [78.52332, 17.36418], [78.52353, 17.36412], [78.52391, 17.36405], [78.52383, 17.36352], [78.52334, 17.36358], [78.52326, 17.36334], [78.52329, 17.36333], [78.52329, 17.36313], [78.52352, 17.36311], [78.52355, 17.36283], [78.52332, 17.36282], [78.5233, 17.36267], [78.52312, 17.3627], [78.52286, 17.36272], [78.52195, 17.36263], [78.52187, 17.36286], [78.52184, 17.36296], [78.52174, 17.3635], [78.52169, 17.36409], [78.52158, 17.36465], [78.5216, 17.36501], [78.52156, 17.36522], [78.52139, 17.36552], [78.52104, 17.36619], [78.52076, 17.36652], [78.52034, 17.36716], [78.5199, 17.3677], [78.51957, 17.36805], [78.5189, 17.36869], [78.51883, 17.36875], [78.51885, 17.36883], [78.51885, 17.36885], [78.51885, 17.36885], [78.51885, 17.36891], [78.51664, 17.36949], [78.51496, 17.36987], [78.5146, 17.36989], [78.51452, 17.3699], [78.51413, 17.36998], [78.51401, 17.37001], [78.51361, 17.37018], [78.51294, 17.37056], [78.51256, 17.37077], [78.51235, 17.37089], [78.51079, 17.37171], [78.5104, 17.3719], [78.50916, 17.37232], [78.50863, 17.37249], [78.50719, 17.37284], [78.5074, 17.37344], [78.50771, 17.37436], [78.50793, 17.375], [78.50809, 17.37563], [78.50831, 17.37594], [78.50839, 17.37601], [78.50878, 17.37623], [78.50913, 17.37633], [78.50945, 17.37631], [78.50985, 17.37634], [78.51027, 17.37656], [78.51064, 17.37688], [78.51106, 17.37751], [78.51132, 17.37803], [78.51132, 17.37846], [78.51129, 17.37894], [78.5111, 17.37954], [78.5111, 17.37973], [78.51165, 17.37993], [78.51285, 17.3808], [78.51303, 17.38085], [78.51361, 17.38017], [78.51444, 17.37967]]]}}, {"type": "Feature", "properties": {"name": "28-AZAMPURA", "hospital_count": 6, "circle": "6-MALAKPET", "zone": "CHARMINAR ZONE", "ward_no": 28}, "geometry": {"type": "Polygon", "coordinates": [[[78.49806, 17.37543], [78.49801, 17.37529], [78.49797, 17.37518], [78.49789, 17.3748], [78.49773, 17.37419], [78.49769, 17.37376], [78.49761, 17.37309], [78.49756, 17.3729], [78.49738, 17.37279], [78.49718, 17.3725], [78.49694, 17.37216], [78.49663, 17.37162], [78.49644, 17.37133], [78.49631, 17.37098], [78.49626, 17.37086], [78.4963, 17.37085], [78.49643, 17.3708], [78.49649, 17.37068], [78.4966, 17.37061], [78.49681, 17.37054], [78.4969, 17.3705], [78.49702, 17.37042], [78.49714, 17.37032], [78.49721, 17.37017], [78.49724, 17.37009], [78.4973, 17.37005], [78.4974, 17.37004], [78.49743, 17.37003], [78.49748, 17.37004], [78.49758, 17.37008], [78.49765, 17.37008], [78.4978, 17.37005], [78.49797, 17.37003], [78.49805, 17.37006], [78.49812, 17.37012], [78.4983, 17.37011], [78.49853, 17.37008], [78.49837, 17.36992], [78.49821, 17.3697], [78.49804, 17.36933], [78.4979, 17.36902], [78.49771, 17.3687], [78.49746, 17.36843], [78.49714, 17.36813], [78.49691, 17.36799], [78.49664, 17.36785], [78.4964, 17.36778], [78.49617, 17.36769], [78.49598, 17.36764], [78.49578, 17.36761], [78.49564, 17.36754], [78.49547, 17.36749], [78.49533, 17.36747], [78.49515, 17.36746], [78.49504, 17.36743], [78.49468, 17.36738], [78.4944, 17.36737], [78.49418, 17.36734], [78.49402, 17.36726], [78.49378, 17.36713], [78.49362, 17.36709], [78.49341, 17.36694], [78.49331, 17.36689], [78.49285, 17.36695], [78.4922, 17.36703], [78.49204, 17.36709], [78.49203, 17.36702], [78.49198, 17.36702], [78.49136, 17.36703], [78.49114, 17.36697], [78.49085, 17.3669], [78.49042, 17.36691], [78.49017, 17.36692], [78.49018, 17.36691], [78.48995, 17.3669], [78.48949, 17.3669], [78.48898, 17.36693], [78.48894, 17.36694], [78.48821, 17.36709], [78.48767, 17.36733], [78.48675, 17.36755], [78.48615, 17.36772], [78.48582, 17.36782], [78.48579, 17.36783], [78.48572, 17.36793], [78.48576, 17.368], [78.48577, 17.36811], [78.48604, 17.36848], [78.48645, 17.36893], [78.48697, 17.36933], [78.48744, 17.3698], [78.48759, 17.36994], [78.4877, 17.36999], [78.48782, 17.37008], [78.48791, 17.37012], [78.48799, 17.37016], [78.48807, 17.37023], [78.48818, 17.37035], [78.4882, 17.37037], [78.4882, 17.37039], [78.48817, 17.37041], [78.48817, 17.37041], [78.48814, 17.37048], [78.4881, 17.37059], [78.48805, 17.37065], [78.48799, 17.37077], [78.48796, 17.371], [78.48792, 17.37165], [78.48791, 17.37176], [78.48788, 17.37224], [78.48786, 17.37238], [78.48783, 17.37274], [78.48781, 17.3729], [78.48778, 17.37329], [78.48782, 17.37348], [78.48799, 17.37391], [78.48815, 17.37431], [78.48818, 17.37443], [78.48816, 17.37455], [78.48816, 17.37479], [78.48815, 17.375], [78.48814, 17.37528], [78.48815, 17.37542], [78.48819, 17.3756], [78.48819, 17.37584], [78.48806, 17.37601], [78.48805, 17.37608], [78.48801, 17.37614], [78.48802, 17.37706], [78.48805, 17.37761], [78.4881, 17.37763], [78.48835, 17.37767], [78.48851, 17.37802], [78.48823, 17.37809], [78.48785, 17.37822], [78.48784, 17.37819], [78.48781, 17.37811], [78.48761, 17.37817], [78.48759, 17.37824], [78.48751, 17.37853], [78.4875, 17.3787], [78.4875, 17.37898], [78.48751, 17.38011], [78.4885, 17.38001], [78.49007, 17.38003], [78.49179, 17.38007], [78.49239, 17.38009], [78.49313, 17.38014], [78.49353, 17.38028], [78.49371, 17.38034], [78.49399, 17.38043], [78.49474, 17.38068], [78.49496, 17.38078], [78.49497, 17.38062], [78.495, 17.37977], [78.49501, 17.37915], [78.49501, 17.37864], [78.49513, 17.37779], [78.49514, 17.37711], [78.49592, 17.37686], [78.49616, 17.37636], [78.49645, 17.37596], [78.49674, 17.37573], [78.49722, 17.37557], [78.49744, 17.37555], [78.49772, 17.3755], [78.49806, 17.37543]]]}}, {"type": "Feature", "properties": {"name": "56-KISHAN BAGH", "hospital_count": 2, "circle": "10-FALAKNUMA", "zone": "CHARMINAR ZONE", "ward_no": 56}, "geometry": {"type": "Polygon", "coordinates": [[[78.45565, 17.36412], [78.456, 17.36408], [78.45608, 17.36407], [78.45649, 17.36396], [78.45642, 17.36373], [78.45625, 17.36323], [78.45611, 17.36276], [78.45595, 17.36225], [78.45575, 17.36149], [78.45565, 17.3611], [78.45563, 17.36107], [78.45556, 17.36085], [78.45543, 17.36036], [78.45542, 17.36033], [78.4553, 17.35981], [78.45518, 17.35925], [78.45515, 17.35914], [78.45515, 17.35913], [78.45506, 17.35866], [78.45499, 17.35814], [78.4549, 17.35754], [78.45485, 17.35718], [78.45484, 17.3571], [78.45481, 17.35691], [78.45476, 17.35668], [78.4546, 17.35615], [78.45454, 17.35608], [78.45451, 17.3561], [78.45423, 17.35626], [78.4539, 17.35638], [78.45364, 17.35648], [78.4534, 17.35653], [78.4533, 17.35655], [78.45321, 17.35656], [78.45319, 17.35656], [78.45268, 17.35668], [78.45247, 17.35672], [78.45229, 17.35677], [78.45156, 17.35687], [78.45079, 17.35704], [78.45008, 17.35728], [78.44956, 17.35744], [78.44951, 17.35745], [78.44901, 17.35764], [78.44897, 17.35767], [78.44884, 17.35776], [78.44861, 17.3579], [78.44857, 17.35793], [78.44819, 17.35832], [78.44795, 17.35858], [78.44786, 17.35868], [78.44783, 17.3587], [78.44768, 17.3588], [78.44762, 17.35884], [78.44735, 17.35894], [78.44686, 17.35896], [78.44549, 17.35895], [78.44538, 17.35842], [78.44535, 17.35832], [78.44535, 17.35831], [78.44525, 17.35802], [78.44524, 17.3577], [78.44523, 17.35753], [78.44522, 17.35734], [78.44557, 17.35731], [78.44559, 17.35731], [78.44561, 17.3573], [78.44555, 17.35708], [78.44554, 17.35702], [78.4455, 17.35688], [78.44559, 17.35685], [78.44564, 17.35684], [78.44577, 17.3568], [78.44579, 17.35679], [78.44571, 17.35649], [78.44568, 17.3564], [78.44564, 17.35627], [78.44563, 17.35615], [78.44565, 17.35606], [78.44566, 17.35604], [78.44574, 17.35581], [78.44579, 17.35572], [78.44585, 17.35569], [78.4459, 17.35567], [78.44592, 17.35565], [78.4459, 17.35542], [78.4459, 17.3554], [78.4459, 17.35539], [78.44592, 17.35526], [78.4456, 17.35518], [78.4448, 17.35497], [78.4447, 17.35494], [78.4445, 17.3544], [78.44426, 17.35384], [78.44404, 17.35333], [78.44397, 17.35318], [78.44395, 17.35314], [78.44388, 17.35296], [78.44369, 17.35272], [78.44357, 17.35276], [78.44372, 17.35299], [78.44376, 17.35322], [78.44373, 17.3533], [78.44353, 17.35374], [78.44338, 17.35398], [78.44329, 17.35414], [78.44324, 17.35422], [78.44315, 17.35437], [78.44309, 17.3544], [78.44307, 17.35441], [78.44299, 17.35444], [78.44281, 17.35451], [78.44272, 17.35455], [78.44271, 17.35456], [78.44268, 17.35452], [78.44253, 17.35432], [78.44223, 17.35435], [78.44209, 17.35431], [78.44204, 17.35425], [78.44186, 17.35404], [78.44183, 17.35401], [78.44138, 17.35419], [78.44132, 17.35421], [78.44126, 17.35423], [78.44074, 17.35447], [78.44071, 17.35449], [78.44078, 17.35467], [78.44101, 17.35517], [78.44103, 17.3552], [78.44082, 17.35526], [78.44076, 17.35529], [78.43988, 17.35562], [78.43931, 17.35584], [78.43899, 17.35592], [78.43899, 17.35584], [78.43899, 17.35584], [78.43896, 17.35576], [78.43891, 17.3556], [78.43877, 17.35485], [78.43863, 17.35455], [78.43855, 17.35437], [78.43846, 17.35419], [78.43819, 17.35365], [78.43822, 17.35362], [78.43782, 17.35311], [78.43777, 17.35306], [78.43742, 17.35271], [78.43734, 17.35263], [78.43734, 17.35263], [78.43707, 17.35241], [78.43707, 17.3524], [78.43705, 17.35237], [78.43628, 17.3526], [78.43629, 17.35265], [78.43657, 17.35264], [78.43657, 17.35265], [78.43657, 17.35276], [78.43656, 17.35316], [78.43646, 17.35316], [78.43645, 17.35322], [78.43645, 17.35328], [78.43653, 17.3533], [78.43653, 17.35372], [78.43652, 17.35372], [78.43647, 17.35373], [78.43638, 17.35375], [78.43615, 17.35379], [78.43617, 17.35427], [78.43615, 17.35427], [78.43612, 17.35428], [78.43608, 17.35429], [78.43623, 17.35478], [78.43624, 17.35479], [78.43633, 17.35506], [78.43642, 17.35532], [78.43641, 17.35538], [78.43642, 17.35546], [78.43644, 17.35556], [78.43647, 17.35569], [78.4365, 17.35589], [78.4365, 17.3559], [78.4365, 17.35594], [78.4365, 17.3561], [78.4365, 17.35615], [78.43651, 17.35626], [78.43649, 17.35634], [78.43655, 17.35635], [78.43707, 17.35646], [78.4373, 17.35649], [78.43757, 17.35653], [78.43803, 17.35657], [78.43867, 17.35663], [78.4388, 17.35664], [78.43966, 17.35674], [78.43994, 17.35677], [78.44031, 17.35683], [78.44029, 17.35688], [78.44028, 17.35694], [78.44028, 17.35694], [78.44018, 17.3571], [78.44011, 17.35717], [78.44007, 17.35721], [78.43986, 17.35732], [78.43904, 17.35777], [78.43902, 17.35781], [78.43892, 17.35797], [78.43884, 17.35812], [78.43875, 17.35828], [78.43855, 17.35859], [78.43849, 17.35868], [78.43828, 17.35891], [78.43818, 17.35903], [78.43818, 17.35921], [78.43824, 17.35939], [78.43835, 17.35965], [78.4383, 17.35969], [78.43788, 17.3602], [78.4375, 17.36075], [78.43722, 17.36131], [78.43712, 17.3619], [78.43708, 17.36195], [78.43746, 17.36245], [78.4378, 17.36304], [78.43799, 17.36364], [78.43809, 17.36423], [78.43833, 17.36483], [78.43857, 17.36542], [78.43862, 17.36606], [78.43848, 17.3667], [78.43853, 17.36735], [78.43906, 17.36776], [78.43949, 17.36826], [78.43963, 17.36876], [78.43971, 17.36891], [78.4399, 17.36929], [78.44043, 17.3697], [78.44095, 17.3691], [78.44189, 17.368], [78.4423, 17.36751], [78.44321, 17.36654], [78.44412, 17.36557], [78.44593, 17.36326], [78.4469, 17.36213], [78.44796, 17.36069], [78.44846, 17.36028], [78.44895, 17.35998], [78.44932, 17.35987], [78.44977, 17.3598], [78.4502, 17.35983], [78.45089, 17.35987], [78.45142, 17.36003], [78.45226, 17.36044], [78.45315, 17.36082], [78.45407, 17.36157], [78.45466, 17.36211], [78.45516, 17.36274], [78.45565, 17.36412]]]}}, {"type": "Feature", "properties": {"name": "52-PURANAPOOL", "hospital_count": 2, "circle": "9-CHARMINAR", "zone": "CHARMINAR ZONE", "ward_no": 52}, "geometry": {"type": "Polygon", "coordinates": [[[78.46762, 17.35538], [78.46726, 17.35544], [78.46715, 17.35544], [78.46687, 17.35538], [78.46672, 17.35535], [78.46661, 17.3553], [78.46658, 17.35529], [78.46648, 17.35527], [78.46643, 17.35523], [78.46635, 17.35511], [78.46632, 17.35506], [78.46622, 17.35488], [78.46606, 17.35466], [78.46576, 17.35427], [78.46564, 17.35415], [78.46561, 17.35412], [78.4656, 17.35412], [78.46564, 17.35444], [78.46568, 17.35476], [78.46571, 17.35522], [78.46568, 17.35527], [78.46544, 17.35573], [78.46518, 17.3562], [78.46518, 17.35623], [78.46516, 17.35628], [78.46511, 17.35647], [78.46508, 17.35656], [78.4649, 17.35697], [78.46485, 17.35704], [78.46456, 17.3574], [78.46445, 17.3575], [78.46434, 17.35759], [78.46423, 17.35764], [78.46424, 17.35782], [78.46376, 17.35813], [78.46356, 17.35828], [78.46349, 17.35834], [78.46336, 17.35843], [78.46299, 17.35872], [78.46295, 17.35875], [78.46241, 17.35914], [78.46234, 17.35919], [78.46196, 17.35943], [78.46182, 17.35958], [78.46175, 17.3597], [78.46167, 17.35984], [78.46146, 17.3602], [78.46118, 17.3606], [78.46095, 17.36086], [78.46094, 17.36087], [78.46068, 17.36115], [78.46055, 17.36137], [78.46035, 17.36159], [78.46017, 17.36174], [78.45958, 17.36197], [78.45956, 17.36199], [78.45942, 17.36216], [78.45924, 17.36239], [78.45898, 17.36263], [78.45892, 17.3627], [78.45874, 17.36292], [78.45876, 17.36315], [78.45871, 17.36315], [78.45835, 17.36331], [78.45814, 17.36351], [78.45783, 17.36381], [78.45741, 17.36424], [78.45712, 17.36379], [78.4571, 17.36379], [78.45707, 17.3638], [78.45688, 17.36386], [78.45649, 17.36396], [78.45608, 17.36407], [78.456, 17.36408], [78.45565, 17.36412], [78.45612, 17.36517], [78.45698, 17.36628], [78.45739, 17.36687], [78.45757, 17.36699], [78.45779, 17.36679], [78.4578, 17.36679], [78.45846, 17.36638], [78.4585, 17.36636], [78.45869, 17.36629], [78.45888, 17.36613], [78.4589, 17.36612], [78.4591, 17.36596], [78.45912, 17.36595], [78.45913, 17.36594], [78.45951, 17.3658], [78.45979, 17.3657], [78.45982, 17.36568], [78.46078, 17.36534], [78.46082, 17.36532], [78.46085, 17.36531], [78.46161, 17.3651], [78.46208, 17.36491], [78.46214, 17.36489], [78.46309, 17.36462], [78.46319, 17.36459], [78.46353, 17.36449], [78.46435, 17.36424], [78.46444, 17.36421], [78.46528, 17.36394], [78.46599, 17.36371], [78.46649, 17.36354], [78.46688, 17.36341], [78.46752, 17.3632], [78.46864, 17.36287], [78.46854, 17.36244], [78.46846, 17.3621], [78.46845, 17.36203], [78.46846, 17.36186], [78.46855, 17.36177], [78.46861, 17.36172], [78.46869, 17.36168], [78.46877, 17.36163], [78.46862, 17.3615], [78.46844, 17.36126], [78.46837, 17.36103], [78.46835, 17.36085], [78.46841, 17.3608], [78.46847, 17.36075], [78.4684, 17.36052], [78.46879, 17.36039], [78.46893, 17.36037], [78.46897, 17.36036], [78.46897, 17.36035], [78.46895, 17.36025], [78.46893, 17.36018], [78.46909, 17.36012], [78.46914, 17.3601], [78.46918, 17.36008], [78.46906, 17.35986], [78.46903, 17.35981], [78.46895, 17.35977], [78.4689, 17.35962], [78.46877, 17.35919], [78.46876, 17.35917], [78.46874, 17.35909], [78.4687, 17.35896], [78.46862, 17.3587], [78.46858, 17.35855], [78.46854, 17.35842], [78.46852, 17.35836], [78.46837, 17.3578], [78.46818, 17.35709], [78.46816, 17.35699], [78.46816, 17.35699], [78.46791, 17.35612], [78.46789, 17.35606], [78.46763, 17.35542], [78.46762, 17.35538]]]}}, {"type": "Feature", "properties": {"name": "59-MAILARDEVPALLY", "hospital_count": 6, "circle": "11-RAJENDRA NAGAR", "zone": "CHARMINAR ZONE", "ward_no": 59}, "geometry": {"type": "Polygon", "coordinates": [[[78.432, 17.32166], [78.43263, 17.32117], [78.43319, 17.32077], [78.43326, 17.32085], [78.43358, 17.32116], [78.43361, 17.32118], [78.43388, 17.32143], [78.43421, 17.32168], [78.43468, 17.32202], [78.43482, 17.32211], [78.43491, 17.32217], [78.43494, 17.32219], [78.43502, 17.32224], [78.43504, 17.32225], [78.43543, 17.32246], [78.43584, 17.32266], [78.43597, 17.32273], [78.43688, 17.32319], [78.43705, 17.32328], [78.43743, 17.32347], [78.43836, 17.32395], [78.43885, 17.32417], [78.43929, 17.32433], [78.43954, 17.32442], [78.43986, 17.3245], [78.43999, 17.32453], [78.44004, 17.32454], [78.44043, 17.3246], [78.44078, 17.32463], [78.44085, 17.32463], [78.44121, 17.32463], [78.44154, 17.32461], [78.44186, 17.32458], [78.44222, 17.32452], [78.44264, 17.32441], [78.44266, 17.32441], [78.44311, 17.32426], [78.44314, 17.32424], [78.44369, 17.32401], [78.44465, 17.32361], [78.44506, 17.32343], [78.4452, 17.32337], [78.44592, 17.32306], [78.44608, 17.323], [78.44655, 17.32281], [78.44696, 17.32266], [78.44765, 17.32237], [78.44781, 17.32231], [78.44811, 17.32217], [78.44881, 17.32188], [78.44887, 17.32185], [78.44949, 17.32162], [78.45007, 17.32139], [78.45067, 17.32121], [78.45096, 17.32112], [78.45151, 17.32098], [78.45152, 17.32098], [78.45167, 17.32094], [78.45271, 17.32071], [78.45331, 17.32057], [78.45347, 17.32053], [78.45461, 17.32029], [78.4547, 17.32027], [78.45469, 17.31995], [78.45467, 17.31953], [78.45464, 17.31948], [78.45461, 17.31944], [78.45452, 17.31941], [78.45444, 17.31938], [78.45421, 17.31919], [78.45409, 17.31906], [78.45408, 17.31905], [78.45404, 17.31889], [78.45402, 17.31862], [78.45403, 17.3184], [78.45408, 17.31815], [78.454, 17.31778], [78.45402, 17.31763], [78.45402, 17.31763], [78.45404, 17.31744], [78.45386, 17.31692], [78.4538, 17.31667], [78.45374, 17.31642], [78.4537, 17.31633], [78.45369, 17.31629], [78.45412, 17.31615], [78.45464, 17.31597], [78.45533, 17.31577], [78.45557, 17.31571], [78.45569, 17.31569], [78.45609, 17.31558], [78.45614, 17.31554], [78.45616, 17.31531], [78.45615, 17.31522], [78.45613, 17.31515], [78.45612, 17.31493], [78.45612, 17.31489], [78.45613, 17.31475], [78.45614, 17.31471], [78.45615, 17.31465], [78.45616, 17.31464], [78.45618, 17.31459], [78.45622, 17.31453], [78.45626, 17.31452], [78.45633, 17.31449], [78.45642, 17.31443], [78.45647, 17.31438], [78.45652, 17.31432], [78.45653, 17.31423], [78.45653, 17.31413], [78.45653, 17.31409], [78.45654, 17.31383], [78.45654, 17.31342], [78.45655, 17.31331], [78.45656, 17.3132], [78.45661, 17.31305], [78.45666, 17.3129], [78.45672, 17.31277], [78.45673, 17.31276], [78.45676, 17.31265], [78.45677, 17.31249], [78.4568, 17.31227], [78.45682, 17.31209], [78.45684, 17.31187], [78.45683, 17.31173], [78.45683, 17.31172], [78.45682, 17.31155], [78.45679, 17.31139], [78.45676, 17.31129], [78.45675, 17.31122], [78.4567, 17.31105], [78.45668, 17.31088], [78.45667, 17.31066], [78.45664, 17.31024], [78.45663, 17.31014], [78.45664, 17.31002], [78.45666, 17.30985], [78.4567, 17.30967], [78.45672, 17.30955], [78.45676, 17.30935], [78.45676, 17.30925], [78.45676, 17.3092], [78.45678, 17.30871], [78.45677, 17.30866], [78.45674, 17.30828], [78.45673, 17.30824], [78.45663, 17.30773], [78.4566, 17.30754], [78.45654, 17.30731], [78.45647, 17.30701], [78.45643, 17.30686], [78.45634, 17.30648], [78.45617, 17.30578], [78.45615, 17.30572], [78.45613, 17.30563], [78.45607, 17.30542], [78.45606, 17.30513], [78.45599, 17.30512], [78.45593, 17.30512], [78.4556, 17.30509], [78.45556, 17.30458], [78.45511, 17.3046], [78.4551, 17.30443], [78.45418, 17.30444], [78.45419, 17.30415], [78.45362, 17.30398], [78.4535, 17.30418], [78.45297, 17.30377], [78.4522, 17.30365], [78.45191, 17.30336], [78.45161, 17.30364], [78.45144, 17.30312], [78.45151, 17.30233], [78.45152, 17.30159], [78.45022, 17.30157], [78.45005, 17.30094], [78.44994, 17.30054], [78.44899, 17.3003], [78.44867, 17.30016], [78.44835, 17.30001], [78.44791, 17.30022], [78.44791, 17.30055], [78.44663, 17.30044], [78.44655, 17.30047], [78.44634, 17.30057], [78.44624, 17.30062], [78.44577, 17.30054], [78.44567, 17.30084], [78.44523, 17.30087], [78.44517, 17.30087], [78.44472, 17.30123], [78.44428, 17.30094], [78.44403, 17.30096], [78.44393, 17.30107], [78.44319, 17.30185], [78.44275, 17.30154], [78.44229, 17.3014], [78.44173, 17.30125], [78.44134, 17.30121], [78.44109, 17.30082], [78.44074, 17.30104], [78.44032, 17.30121], [78.43972, 17.30137], [78.43967, 17.30163], [78.43962, 17.30189], [78.43959, 17.30209], [78.43901, 17.30259], [78.43873, 17.30242], [78.43774, 17.302], [78.43746, 17.30252], [78.43701, 17.30237], [78.43637, 17.30205], [78.43585, 17.30179], [78.43548, 17.30158], [78.43546, 17.30158], [78.43486, 17.30131], [78.43457, 17.30109], [78.43419, 17.30088], [78.43401, 17.30103], [78.43297, 17.3008], [78.43294, 17.30013], [78.43291, 17.29929], [78.43172, 17.29575], [78.43012, 17.29163], [78.42963, 17.29072], [78.42962, 17.29072], [78.42756, 17.29152], [78.42394, 17.2927], [78.42096, 17.29389], [78.41855, 17.29509], [78.41468, 17.2975], [78.41049, 17.29975], [78.40867, 17.30044], [78.40909, 17.30151], [78.4092, 17.3015], [78.40927, 17.30149], [78.4093, 17.30151], [78.40934, 17.30161], [78.40939, 17.30195], [78.4094, 17.30208], [78.40937, 17.30225], [78.40923, 17.3027], [78.40903, 17.30333], [78.40891, 17.30358], [78.40887, 17.30363], [78.40882, 17.30367], [78.40876, 17.30371], [78.40867, 17.3038], [78.4086, 17.30391], [78.40857, 17.30403], [78.40838, 17.30441], [78.40838, 17.30441], [78.4083, 17.30456], [78.4081, 17.30505], [78.40803, 17.3053], [78.40802, 17.30535], [78.40797, 17.30542], [78.40791, 17.30548], [78.40787, 17.30553], [78.40789, 17.30556], [78.40795, 17.30568], [78.40791, 17.30589], [78.40789, 17.30602], [78.4078, 17.30628], [78.40779, 17.30629], [78.40778, 17.30631], [78.40735, 17.30768], [78.4067, 17.30919], [78.40647, 17.30976], [78.40663, 17.31021], [78.40691, 17.31092], [78.40716, 17.3115], [78.40747, 17.31236], [78.40752, 17.31251], [78.40831, 17.31252], [78.40842, 17.31221], [78.40883, 17.31117], [78.40883, 17.31111], [78.40889, 17.31013], [78.40955, 17.30886], [78.41026, 17.3082], [78.41156, 17.30778], [78.41166, 17.30774], [78.41236, 17.30775], [78.414, 17.30863], [78.41487, 17.30909], [78.41507, 17.30956], [78.41515, 17.30975], [78.41523, 17.31025], [78.41524, 17.31044], [78.41524, 17.31057], [78.41523, 17.31061], [78.41518, 17.31067], [78.41503, 17.31075], [78.41491, 17.3108], [78.4149, 17.3108], [78.41486, 17.31082], [78.41472, 17.31087], [78.41469, 17.31088], [78.41463, 17.31095], [78.41462, 17.31099], [78.4146, 17.3111], [78.4146, 17.31122], [78.41472, 17.31297], [78.41472, 17.31313], [78.41473, 17.31321], [78.41475, 17.31379], [78.41476, 17.31465], [78.41479, 17.31513], [78.41482, 17.31552], [78.41484, 17.31589], [78.41486, 17.3165], [78.41493, 17.31681], [78.415, 17.31711], [78.41508, 17.31732], [78.41513, 17.31743], [78.41534, 17.3178], [78.41547, 17.31794], [78.41592, 17.3185], [78.41607, 17.31873], [78.41608, 17.31877], [78.41609, 17.31885], [78.41607, 17.31908], [78.41603, 17.31925], [78.416, 17.31938], [78.41597, 17.31951], [78.41582, 17.32032], [78.41578, 17.32049], [78.41576, 17.32054], [78.41571, 17.32059], [78.41559, 17.32067], [78.41548, 17.32075], [78.41539, 17.3208], [78.41528, 17.32087], [78.41456, 17.32141], [78.41431, 17.3216], [78.41426, 17.32164], [78.41689, 17.32403], [78.41692, 17.32406], [78.41643, 17.32459], [78.41593, 17.32508], [78.41544, 17.3256], [78.41504, 17.32602], [78.41486, 17.3262], [78.41488, 17.32621], [78.41481, 17.32624], [78.41453, 17.32668], [78.41441, 17.32689], [78.41433, 17.32712], [78.41428, 17.32727], [78.41428, 17.3273], [78.41426, 17.32737], [78.41425, 17.32759], [78.4142, 17.3279], [78.41416, 17.32838], [78.41417, 17.32849], [78.4143, 17.32944], [78.41573, 17.32931], [78.41625, 17.32927], [78.41685, 17.32921], [78.41691, 17.32921], [78.417, 17.32921], [78.41715, 17.3292], [78.41718, 17.3292], [78.41724, 17.32918], [78.41729, 17.32912], [78.41756, 17.32884], [78.41767, 17.32871], [78.41836, 17.32801], [78.4187, 17.32764], [78.4189, 17.32742], [78.41899, 17.32734], [78.41914, 17.3272], [78.41921, 17.32715], [78.41923, 17.32714], [78.41925, 17.32713], [78.41928, 17.32712], [78.41931, 17.32711], [78.41938, 17.32709], [78.41946, 17.32708], [78.41951, 17.32708], [78.4196, 17.32707], [78.41976, 17.32709], [78.41997, 17.32711], [78.42007, 17.32712], [78.4206, 17.3272], [78.42108, 17.32724], [78.42136, 17.32726], [78.42143, 17.32727], [78.42148, 17.32726], [78.42153, 17.32726], [78.422, 17.32723], [78.4226, 17.3272], [78.42283, 17.32719], [78.42293, 17.32718], [78.42314, 17.32709], [78.42332, 17.32702], [78.42342, 17.32698], [78.42366, 17.32692], [78.4239, 17.32688], [78.42418, 17.32683], [78.42462, 17.32677], [78.42467, 17.32676], [78.42495, 17.32674], [78.42505, 17.32674], [78.42514, 17.32676], [78.4252, 17.32679], [78.42527, 17.32681], [78.42532, 17.32683], [78.42535, 17.32684], [78.42538, 17.32685], [78.42538, 17.32684], [78.42558, 17.32661], [78.42562, 17.32654], [78.42568, 17.32644], [78.42578, 17.32634], [78.42583, 17.32629], [78.42597, 17.32617], [78.42708, 17.32535], [78.42714, 17.32531], [78.42757, 17.32502], [78.4283, 17.32447], [78.42862, 17.32424], [78.42894, 17.32401], [78.4291, 17.32388], [78.42981, 17.32335], [78.43029, 17.323], [78.4308, 17.3226], [78.43095, 17.32249], [78.43103, 17.32239], [78.43104, 17.32239], [78.43112, 17.32233], [78.43144, 17.32206], [78.43157, 17.32196], [78.432, 17.32166]]]}}, {"type": "Feature", "properties": {"name": "46-FALAKNUMA", "hospital_count": 0, "circle": "10-FALAKNUMA", "zone": "CHARMINAR ZONE", "ward_no": 46}, "geometry": {"type": "Polygon", "coordinates": [[[78.46712, 17.32109], [78.46706, 17.3211], [78.46691, 17.32119], [78.46679, 17.32126], [78.46671, 17.32134], [78.46668, 17.32137], [78.46666, 17.3214], [78.46646, 17.32199], [78.46623, 17.32217], [78.4658, 17.32247], [78.46562, 17.32294], [78.46568, 17.32318], [78.46569, 17.32339], [78.46573, 17.32379], [78.46565, 17.3238], [78.46528, 17.3235], [78.46423, 17.32268], [78.46316, 17.32183], [78.46308, 17.32176], [78.46306, 17.32175], [78.46273, 17.3215], [78.46273, 17.32149], [78.46203, 17.32101], [78.46179, 17.32089], [78.46095, 17.32046], [78.46022, 17.3202], [78.45923, 17.31997], [78.45851, 17.31985], [78.45783, 17.31982], [78.45764, 17.31982], [78.45713, 17.31984], [78.45687, 17.31987], [78.45697, 17.32059], [78.45712, 17.32136], [78.45713, 17.3215], [78.45717, 17.32191], [78.45717, 17.32192], [78.45719, 17.32208], [78.45755, 17.32305], [78.45762, 17.32335], [78.45768, 17.32434], [78.45768, 17.32443], [78.45769, 17.32464], [78.4578, 17.32607], [78.45781, 17.32621], [78.45782, 17.32643], [78.45767, 17.32713], [78.45765, 17.32728], [78.45763, 17.32743], [78.45762, 17.32758], [78.45759, 17.32779], [78.45756, 17.32808], [78.45755, 17.32815], [78.45751, 17.32851], [78.45748, 17.32874], [78.45776, 17.32886], [78.45775, 17.32888], [78.45847, 17.32919], [78.45869, 17.32936], [78.4588, 17.32944], [78.45882, 17.32939], [78.45922, 17.32973], [78.45975, 17.33005], [78.46014, 17.33033], [78.46016, 17.33034], [78.46026, 17.3304], [78.46044, 17.33103], [78.46092, 17.33196], [78.46137, 17.33269], [78.46196, 17.3325], [78.46223, 17.33241], [78.46238, 17.33232], [78.46243, 17.33198], [78.46251, 17.33198], [78.4626, 17.33194], [78.46264, 17.33193], [78.46265, 17.33192], [78.46268, 17.33191], [78.46289, 17.332], [78.46308, 17.33201], [78.46317, 17.33193], [78.46331, 17.33178], [78.46346, 17.33172], [78.46362, 17.33174], [78.46369, 17.33176], [78.46376, 17.33177], [78.46372, 17.3319], [78.46376, 17.33207], [78.46378, 17.33215], [78.46379, 17.33217], [78.46386, 17.33223], [78.46395, 17.33227], [78.46411, 17.33233], [78.46418, 17.33239], [78.46424, 17.33246], [78.46428, 17.33251], [78.46434, 17.33267], [78.46434, 17.33293], [78.46431, 17.33313], [78.46429, 17.3332], [78.46419, 17.33327], [78.46406, 17.33338], [78.46402, 17.33344], [78.46397, 17.3335], [78.46396, 17.33351], [78.46393, 17.33364], [78.46394, 17.33373], [78.46406, 17.33389], [78.46418, 17.33401], [78.46431, 17.33409], [78.46443, 17.33411], [78.46455, 17.33409], [78.46477, 17.33403], [78.46501, 17.33392], [78.46507, 17.33389], [78.46526, 17.33372], [78.46551, 17.3335], [78.46558, 17.33343], [78.4657, 17.3334], [78.46582, 17.33338], [78.46595, 17.33337], [78.46609, 17.33337], [78.46618, 17.33338], [78.46629, 17.33342], [78.46643, 17.33353], [78.46663, 17.33374], [78.46684, 17.33397], [78.46686, 17.33399], [78.46694, 17.33406], [78.46703, 17.33415], [78.46708, 17.33419], [78.46711, 17.33419], [78.46713, 17.33422], [78.46717, 17.33424], [78.46726, 17.33426], [78.46731, 17.33426], [78.46747, 17.33427], [78.46753, 17.33428], [78.46772, 17.33426], [78.46804, 17.33424], [78.46815, 17.33423], [78.46841, 17.33421], [78.46857, 17.3342], [78.46862, 17.33421], [78.46862, 17.3342], [78.46865, 17.33389], [78.46877, 17.33368], [78.46882, 17.33361], [78.46883, 17.33359], [78.46886, 17.33355], [78.469, 17.33349], [78.46944, 17.33335], [78.4696, 17.33326], [78.46962, 17.33324], [78.46973, 17.33308], [78.46977, 17.33281], [78.46988, 17.33222], [78.46989, 17.33218], [78.47002, 17.33157], [78.47006, 17.33129], [78.47007, 17.33125], [78.47008, 17.3312], [78.4701, 17.33106], [78.4702, 17.33076], [78.47035, 17.33046], [78.47059, 17.33016], [78.47064, 17.3301], [78.47094, 17.32984], [78.47142, 17.32959], [78.47192, 17.32936], [78.4721, 17.32929], [78.4724, 17.32918], [78.47278, 17.32898], [78.4735, 17.32851], [78.47359, 17.32847], [78.47405, 17.32824], [78.47425, 17.32807], [78.47456, 17.32771], [78.47484, 17.32744], [78.47526, 17.32718], [78.47542, 17.32707], [78.47555, 17.32701], [78.4757, 17.32694], [78.47639, 17.32666], [78.47632, 17.32662], [78.47602, 17.32651], [78.47536, 17.3263], [78.47519, 17.32624], [78.47471, 17.32606], [78.47408, 17.32584], [78.47403, 17.32582], [78.47364, 17.32564], [78.4733, 17.32539], [78.47324, 17.32536], [78.47272, 17.3249], [78.47217, 17.32445], [78.47148, 17.32388], [78.47101, 17.32353], [78.47024, 17.32307], [78.46916, 17.32246], [78.46838, 17.32203], [78.46808, 17.32186], [78.468, 17.32181], [78.46794, 17.32178], [78.46766, 17.32163], [78.46764, 17.3216], [78.4675, 17.32138], [78.46746, 17.32117], [78.46742, 17.32103], [78.46729, 17.32105], [78.46712, 17.32109]]]}}, {"type": "Feature", "properties": {"name": "61-ATTAPUR", "hospital_count": 8, "circle": "11-RAJENDRA NAGAR", "zone": "CHARMINAR ZONE", "ward_no": 61}, "geometry": {"type": "Polygon", "coordinates": [[[78.43909, 17.37115], [78.4397, 17.37049], [78.44043, 17.3697], [78.4399, 17.36929], [78.43971, 17.36891], [78.43963, 17.36876], [78.43949, 17.36826], [78.43906, 17.36776], [78.43853, 17.36735], [78.43848, 17.3667], [78.43862, 17.36606], [78.43857, 17.36542], [78.43833, 17.36483], [78.43809, 17.36423], [78.43799, 17.36364], [78.4378, 17.36304], [78.43746, 17.36245], [78.43708, 17.36195], [78.43712, 17.3619], [78.43722, 17.36131], [78.4375, 17.36075], [78.43788, 17.3602], [78.4383, 17.35969], [78.43835, 17.35965], [78.43824, 17.35939], [78.43818, 17.35921], [78.43818, 17.35903], [78.43828, 17.35891], [78.43849, 17.35868], [78.43855, 17.35859], [78.43875, 17.35828], [78.43884, 17.35812], [78.43892, 17.35797], [78.43902, 17.35781], [78.43904, 17.35777], [78.43986, 17.35732], [78.44007, 17.35721], [78.44011, 17.35717], [78.44018, 17.3571], [78.44028, 17.35694], [78.44028, 17.35694], [78.44029, 17.35688], [78.44031, 17.35683], [78.43994, 17.35677], [78.43966, 17.35674], [78.4388, 17.35664], [78.43867, 17.35663], [78.43803, 17.35657], [78.43757, 17.35653], [78.4373, 17.35649], [78.43707, 17.35646], [78.43655, 17.35635], [78.43649, 17.35634], [78.43651, 17.35626], [78.4365, 17.35615], [78.4365, 17.3561], [78.4365, 17.35594], [78.4365, 17.3559], [78.4365, 17.35589], [78.43647, 17.35569], [78.43644, 17.35556], [78.43642, 17.35546], [78.43641, 17.35538], [78.43642, 17.35532], [78.43633, 17.35506], [78.43624, 17.35479], [78.43623, 17.35478], [78.43608, 17.35429], [78.43612, 17.35428], [78.43615, 17.35427], [78.43617, 17.35427], [78.43615, 17.35379], [78.43638, 17.35375], [78.43647, 17.35373], [78.43652, 17.35372], [78.43653, 17.35372], [78.43653, 17.3533], [78.43645, 17.35328], [78.43645, 17.35322], [78.43646, 17.35316], [78.43656, 17.35316], [78.43657, 17.35276], [78.43657, 17.35265], [78.43657, 17.35264], [78.43629, 17.35265], [78.43618, 17.35253], [78.43603, 17.35236], [78.43602, 17.35235], [78.436, 17.35233], [78.43595, 17.35227], [78.43576, 17.35239], [78.43567, 17.35244], [78.4354, 17.35269], [78.4352, 17.35285], [78.4351, 17.35289], [78.43494, 17.35294], [78.43479, 17.35294], [78.43448, 17.35296], [78.43426, 17.35298], [78.43423, 17.35298], [78.43398, 17.35303], [78.43383, 17.3531], [78.43355, 17.35321], [78.43335, 17.35334], [78.43302, 17.35363], [78.43269, 17.3539], [78.43263, 17.35378], [78.43262, 17.35375], [78.43257, 17.35365], [78.43251, 17.35363], [78.43245, 17.35365], [78.43238, 17.35358], [78.43228, 17.35348], [78.43211, 17.35329], [78.43176, 17.35297], [78.43159, 17.35283], [78.43155, 17.35278], [78.43149, 17.35275], [78.43124, 17.35262], [78.43107, 17.35253], [78.4305, 17.35229], [78.43032, 17.35224], [78.43012, 17.35218], [78.42999, 17.35214], [78.42964, 17.35203], [78.42944, 17.35197], [78.42936, 17.35194], [78.42899, 17.35185], [78.4288, 17.35184], [78.42863, 17.35184], [78.42837, 17.35183], [78.42795, 17.35191], [78.4276, 17.35203], [78.42753, 17.35206], [78.42745, 17.35208], [78.42707, 17.3522], [78.42681, 17.35226], [78.42675, 17.35228], [78.42669, 17.35229], [78.42622, 17.35236], [78.42596, 17.35235], [78.4257, 17.35235], [78.42557, 17.35234], [78.4247, 17.35231], [78.42426, 17.3523], [78.4239, 17.35228], [78.42374, 17.35228], [78.42325, 17.35226], [78.42306, 17.35224], [78.4228, 17.35223], [78.42255, 17.35222], [78.42196, 17.3521], [78.42165, 17.35204], [78.42162, 17.35203], [78.42087, 17.35183], [78.42087, 17.35183], [78.42071, 17.35179], [78.41996, 17.35159], [78.4198, 17.35154], [78.41955, 17.35146], [78.41948, 17.35143], [78.419, 17.35119], [78.41897, 17.35117], [78.41878, 17.35103], [78.41866, 17.3509], [78.41783, 17.35014], [78.41714, 17.34954], [78.41691, 17.34934], [78.41701, 17.34962], [78.41722, 17.35029], [78.41746, 17.35098], [78.41765, 17.35147], [78.41781, 17.35177], [78.41783, 17.35181], [78.41803, 17.3521], [78.41812, 17.3522], [78.41813, 17.35221], [78.41816, 17.35226], [78.41818, 17.35227], [78.41855, 17.35264], [78.41887, 17.35288], [78.41904, 17.35303], [78.41926, 17.35323], [78.41937, 17.35332], [78.41938, 17.35333], [78.41949, 17.35343], [78.42015, 17.35398], [78.4208, 17.35452], [78.42145, 17.35507], [78.42145, 17.35508], [78.42153, 17.35514], [78.42188, 17.35544], [78.4225, 17.35601], [78.42293, 17.35643], [78.4233, 17.35679], [78.42389, 17.35736], [78.42512, 17.35851], [78.42525, 17.35863], [78.42495, 17.35875], [78.42423, 17.35912], [78.42372, 17.35935], [78.42343, 17.3595], [78.42318, 17.35955], [78.42317, 17.35956], [78.42312, 17.35983], [78.42306, 17.36009], [78.423, 17.36026], [78.42297, 17.36037], [78.42288, 17.36061], [78.42281, 17.36078], [78.42279, 17.36086], [78.42275, 17.361], [78.42273, 17.36131], [78.42268, 17.36163], [78.42259, 17.36203], [78.4225, 17.36241], [78.42248, 17.3625], [78.42242, 17.36271], [78.42233, 17.36292], [78.42232, 17.36299], [78.42236, 17.36313], [78.42231, 17.36318], [78.4223, 17.36319], [78.42201, 17.36349], [78.42189, 17.36372], [78.42186, 17.36385], [78.42187, 17.36392], [78.42187, 17.36401], [78.42186, 17.36408], [78.42184, 17.36415], [78.4218, 17.3642], [78.42174, 17.36428], [78.4217, 17.36434], [78.42162, 17.36441], [78.42149, 17.36454], [78.42123, 17.36471], [78.42098, 17.36507], [78.42078, 17.36527], [78.42058, 17.36506], [78.42028, 17.36491], [78.42025, 17.36491], [78.42, 17.36486], [78.41974, 17.36488], [78.41957, 17.36491], [78.41941, 17.365], [78.41936, 17.36503], [78.41935, 17.36505], [78.4193, 17.3651], [78.41922, 17.36521], [78.4192, 17.36524], [78.41913, 17.36538], [78.41908, 17.36541], [78.41894, 17.36543], [78.41876, 17.36544], [78.41874, 17.36544], [78.41868, 17.36544], [78.41844, 17.36544], [78.41769, 17.36547], [78.41734, 17.36548], [78.41711, 17.3655], [78.41677, 17.36559], [78.41649, 17.36567], [78.41584, 17.36576], [78.41573, 17.36578], [78.41568, 17.36579], [78.41564, 17.36581], [78.41547, 17.36597], [78.41528, 17.36616], [78.4152, 17.36625], [78.41511, 17.36636], [78.415, 17.3665], [78.41444, 17.3665], [78.4144, 17.3665], [78.41396, 17.36652], [78.41364, 17.36653], [78.41312, 17.36658], [78.41262, 17.36663], [78.41233, 17.36666], [78.4124, 17.36723], [78.41244, 17.36789], [78.41275, 17.36789], [78.4129, 17.36788], [78.41296, 17.3679], [78.41319, 17.36794], [78.4131, 17.3682], [78.41284, 17.36907], [78.41261, 17.36975], [78.41253, 17.37001], [78.41249, 17.37024], [78.41242, 17.37047], [78.41236, 17.37066], [78.41228, 17.37093], [78.41226, 17.37103], [78.41295, 17.37109], [78.41358, 17.37083], [78.41398, 17.37071], [78.41446, 17.37075], [78.41473, 17.37078], [78.41478, 17.37079], [78.41681, 17.37119], [78.41785, 17.37135], [78.41859, 17.37147], [78.42036, 17.37162], [78.42126, 17.3717], [78.42142, 17.37171], [78.42361, 17.37179], [78.42433, 17.37185], [78.4256, 17.37197], [78.42622, 17.37214], [78.42758, 17.37252], [78.42759, 17.37252], [78.42764, 17.37254], [78.428, 17.37264], [78.43, 17.37325], [78.4301, 17.3733], [78.43053, 17.3735], [78.43151, 17.37397], [78.43219, 17.3743], [78.43287, 17.37443], [78.43299, 17.37444], [78.43362, 17.37445], [78.43435, 17.37403], [78.43496, 17.37377], [78.43504, 17.37376], [78.43582, 17.37358], [78.43655, 17.37341], [78.43662, 17.37336], [78.43733, 17.37283], [78.4385, 17.37172], [78.43909, 17.37115]]]}}, {"type": "Feature", "properties": {"name": "60-RAJENDRANAGAR", "hospital_count": 7, "circle": "11-RAJENDRA NAGAR", "zone": "CHARMINAR ZONE", "ward_no": 60}, "geometry": {"type": "Polygon", "coordinates": [[[78.41319, 17.36794], [78.41296, 17.3679], [78.41275, 17.36789], [78.41244, 17.36789], [78.4124, 17.36723], [78.41233, 17.36666], [78.41262, 17.36663], [78.41312, 17.36658], [78.41364, 17.36653], [78.41396, 17.36652], [78.4144, 17.3665], [78.41444, 17.3665], [78.415, 17.3665], [78.41511, 17.36636], [78.4152, 17.36625], [78.41528, 17.36616], [78.41547, 17.36597], [78.41564, 17.36581], [78.41568, 17.36579], [78.41573, 17.36578], [78.41584, 17.36576], [78.41649, 17.36567], [78.41677, 17.36559], [78.41711, 17.3655], [78.41734, 17.36548], [78.41769, 17.36547], [78.41844, 17.36544], [78.41868, 17.36544], [78.41876, 17.36544], [78.41894, 17.36543], [78.41908, 17.36541], [78.41913, 17.36538], [78.4192, 17.36524], [78.41922, 17.36521], [78.4193, 17.3651], [78.41935, 17.36505], [78.41936, 17.36503], [78.41941, 17.365], [78.41957, 17.36491], [78.41974, 17.36488], [78.42, 17.36486], [78.42025, 17.36491], [78.42028, 17.36491], [78.42058, 17.36506], [78.42078, 17.36527], [78.42098, 17.36507], [78.42123, 17.36471], [78.42149, 17.36454], [78.42162, 17.36441], [78.4217, 17.36434], [78.42174, 17.36428], [78.4218, 17.3642], [78.42184, 17.36415], [78.42186, 17.36408], [78.42187, 17.36401], [78.42187, 17.36392], [78.42186, 17.36385], [78.42189, 17.36372], [78.42201, 17.36349], [78.4223, 17.36319], [78.42231, 17.36318], [78.42236, 17.36313], [78.42232, 17.36299], [78.42233, 17.36292], [78.42242, 17.36271], [78.42248, 17.3625], [78.4225, 17.36241], [78.42259, 17.36203], [78.42268, 17.36163], [78.42273, 17.36131], [78.42275, 17.361], [78.42279, 17.36086], [78.42281, 17.36078], [78.42288, 17.36061], [78.42297, 17.36037], [78.423, 17.36026], [78.42306, 17.36009], [78.42312, 17.35983], [78.42317, 17.35956], [78.42318, 17.35955], [78.42343, 17.3595], [78.42372, 17.35935], [78.42423, 17.35912], [78.42495, 17.35875], [78.42525, 17.35863], [78.42512, 17.35851], [78.42389, 17.35736], [78.4233, 17.35679], [78.42293, 17.35643], [78.4225, 17.35601], [78.42188, 17.35544], [78.42153, 17.35514], [78.42145, 17.35508], [78.42145, 17.35507], [78.4208, 17.35452], [78.42015, 17.35398], [78.41949, 17.35343], [78.41938, 17.35333], [78.41937, 17.35332], [78.41926, 17.35323], [78.41904, 17.35303], [78.41887, 17.35288], [78.41855, 17.35264], [78.41818, 17.35227], [78.41816, 17.35226], [78.41813, 17.35221], [78.41812, 17.3522], [78.41803, 17.3521], [78.41783, 17.35181], [78.41781, 17.35177], [78.41765, 17.35147], [78.41746, 17.35098], [78.41722, 17.35029], [78.41701, 17.34962], [78.41691, 17.34934], [78.41685, 17.34916], [78.41666, 17.3486], [78.41643, 17.34791], [78.41625, 17.34733], [78.41624, 17.34732], [78.41599, 17.34656], [78.41591, 17.34628], [78.41588, 17.34607], [78.41587, 17.34592], [78.41588, 17.3457], [78.41596, 17.34538], [78.4161, 17.34508], [78.41638, 17.34468], [78.41663, 17.34439], [78.41701, 17.34392], [78.41727, 17.34359], [78.41741, 17.34346], [78.41764, 17.3433], [78.41783, 17.34319], [78.41825, 17.34302], [78.41869, 17.34288], [78.41902, 17.34277], [78.41968, 17.34263], [78.42048, 17.34247], [78.42102, 17.34235], [78.42222, 17.34211], [78.4227, 17.34201], [78.4231, 17.34187], [78.42338, 17.34172], [78.42359, 17.34155], [78.42378, 17.34136], [78.42391, 17.34118], [78.42419, 17.34075], [78.42442, 17.3404], [78.42462, 17.34006], [78.42484, 17.33961], [78.425, 17.33932], [78.42543, 17.33856], [78.42579, 17.33789], [78.42601, 17.33749], [78.42609, 17.33735], [78.42643, 17.33747], [78.42739, 17.33757], [78.42772, 17.33755], [78.42785, 17.33745], [78.42811, 17.33719], [78.42847, 17.3367], [78.42886, 17.33603], [78.4293, 17.33541], [78.42967, 17.33542], [78.42979, 17.33544], [78.43009, 17.33548], [78.43008, 17.3352], [78.4303, 17.33516], [78.43029, 17.33489], [78.43029, 17.33486], [78.43032, 17.33485], [78.43081, 17.33482], [78.4308, 17.33432], [78.43079, 17.33414], [78.43102, 17.33411], [78.43139, 17.33406], [78.43141, 17.33406], [78.43148, 17.334], [78.43153, 17.33393], [78.43164, 17.3338], [78.43173, 17.33364], [78.43188, 17.33346], [78.43201, 17.33335], [78.43211, 17.33331], [78.43218, 17.33326], [78.43228, 17.33314], [78.43236, 17.33304], [78.43252, 17.33292], [78.43267, 17.33276], [78.43272, 17.33267], [78.43275, 17.3326], [78.43275, 17.33257], [78.43274, 17.33252], [78.43273, 17.33249], [78.43272, 17.33245], [78.43271, 17.33242], [78.43269, 17.33238], [78.43264, 17.33235], [78.43252, 17.33235], [78.43246, 17.33235], [78.43237, 17.33235], [78.43228, 17.33237], [78.43221, 17.33237], [78.43218, 17.33235], [78.43214, 17.33229], [78.43207, 17.33225], [78.43202, 17.33222], [78.43195, 17.33222], [78.43189, 17.33219], [78.43179, 17.33215], [78.43175, 17.33211], [78.43174, 17.33208], [78.43175, 17.33203], [78.43178, 17.332], [78.43185, 17.33194], [78.43196, 17.33189], [78.43204, 17.33184], [78.43235, 17.33173], [78.43283, 17.3316], [78.43303, 17.33153], [78.43334, 17.33139], [78.43367, 17.33119], [78.4338, 17.33112], [78.43395, 17.33109], [78.43419, 17.33106], [78.43437, 17.33104], [78.4345, 17.33096], [78.43464, 17.33083], [78.43482, 17.33062], [78.43496, 17.3305], [78.43512, 17.33043], [78.43521, 17.33034], [78.43532, 17.3303], [78.43541, 17.33029], [78.43551, 17.33029], [78.4357, 17.33031], [78.43582, 17.33042], [78.43632, 17.3301], [78.4366, 17.32987], [78.4366, 17.32986], [78.43655, 17.32979], [78.43633, 17.32959], [78.43617, 17.32942], [78.43586, 17.329], [78.43565, 17.32868], [78.43521, 17.32777], [78.43471, 17.32677], [78.43421, 17.3257], [78.43421, 17.32569], [78.43391, 17.32487], [78.43369, 17.32427], [78.43335, 17.32337], [78.4331, 17.32281], [78.43289, 17.32244], [78.43276, 17.32229], [78.43254, 17.32208], [78.43222, 17.32181], [78.43215, 17.32177], [78.432, 17.32166], [78.43157, 17.32196], [78.43104, 17.32239], [78.43103, 17.32239], [78.43095, 17.32249], [78.4308, 17.3226], [78.43029, 17.323], [78.42981, 17.32335], [78.4291, 17.32388], [78.42894, 17.32401], [78.4283, 17.32447], [78.42757, 17.32502], [78.42714, 17.32531], [78.42597, 17.32617], [78.42583, 17.32629], [78.42578, 17.32634], [78.42568, 17.32644], [78.42562, 17.32654], [78.42558, 17.32661], [78.42538, 17.32684], [78.42538, 17.32685], [78.42535, 17.32684], [78.42532, 17.32683], [78.42527, 17.32681], [78.4252, 17.32679], [78.42514, 17.32676], [78.42505, 17.32674], [78.42495, 17.32674], [78.42467, 17.32676], [78.42462, 17.32677], [78.42418, 17.32683], [78.4239, 17.32688], [78.42366, 17.32692], [78.42342, 17.32698], [78.42332, 17.32702], [78.42314, 17.32709], [78.42293, 17.32718], [78.42283, 17.32719], [78.4226, 17.3272], [78.422, 17.32723], [78.42153, 17.32726], [78.42143, 17.32727], [78.42136, 17.32726], [78.42108, 17.32724], [78.4206, 17.3272], [78.42007, 17.32712], [78.41997, 17.32711], [78.41976, 17.32709], [78.4196, 17.32707], [78.41951, 17.32708], [78.41946, 17.32708], [78.41938, 17.32709], [78.41931, 17.32711], [78.41928, 17.32712], [78.41925, 17.32713], [78.41923, 17.32714], [78.41921, 17.32715], [78.41914, 17.3272], [78.4189, 17.32742], [78.41836, 17.32801], [78.41767, 17.32871], [78.41756, 17.32884], [78.41729, 17.32912], [78.41724, 17.32918], [78.41718, 17.3292], [78.41715, 17.3292], [78.417, 17.32921], [78.41691, 17.32921], [78.41685, 17.32921], [78.41573, 17.32931], [78.4143, 17.32944], [78.41416, 17.32838], [78.4142, 17.3279], [78.41425, 17.32759], [78.41426, 17.32737], [78.41428, 17.32727], [78.41433, 17.32712], [78.41441, 17.32689], [78.41453, 17.32668], [78.41481, 17.32624], [78.41488, 17.32621], [78.41486, 17.3262], [78.41544, 17.3256], [78.41593, 17.32508], [78.41643, 17.32459], [78.41692, 17.32406], [78.41689, 17.32403], [78.41426, 17.32164], [78.41431, 17.3216], [78.41456, 17.32141], [78.41528, 17.32087], [78.41539, 17.3208], [78.41559, 17.32067], [78.41571, 17.32059], [78.41576, 17.32054], [78.41578, 17.32049], [78.41582, 17.32032], [78.41597, 17.31951], [78.41607, 17.31908], [78.41609, 17.31885], [78.41608, 17.31877], [78.41607, 17.31873], [78.41592, 17.3185], [78.41547, 17.31794], [78.41534, 17.3178], [78.41513, 17.31743], [78.41508, 17.31732], [78.415, 17.31711], [78.41493, 17.31681], [78.41486, 17.3165], [78.41484, 17.31589], [78.4148, 17.31503], [78.41475, 17.31379], [78.41473, 17.31321], [78.41472, 17.31297], [78.4146, 17.31122], [78.4146, 17.3111], [78.41462, 17.31099], [78.41463, 17.31095], [78.41465, 17.31091], [78.41468, 17.31087], [78.41472, 17.31087], [78.41486, 17.31082], [78.41491, 17.3108], [78.41503, 17.31075], [78.41518, 17.31067], [78.41523, 17.31061], [78.41524, 17.31044], [78.41523, 17.31025], [78.41515, 17.30975], [78.41487, 17.30909], [78.414, 17.30863], [78.41236, 17.30775], [78.41166, 17.30774], [78.41026, 17.3082], [78.40955, 17.30886], [78.40889, 17.31013], [78.40883, 17.31117], [78.40842, 17.31221], [78.40831, 17.31252], [78.40752, 17.31251], [78.40747, 17.31236], [78.40716, 17.3115], [78.40691, 17.31092], [78.40663, 17.31021], [78.40647, 17.30976], [78.4067, 17.30919], [78.40735, 17.30768], [78.40778, 17.30631], [78.40779, 17.30629], [78.40789, 17.30602], [78.40791, 17.30589], [78.40795, 17.30568], [78.40789, 17.30556], [78.40787, 17.30553], [78.40791, 17.30548], [78.40797, 17.30542], [78.40802, 17.30535], [78.40803, 17.3053], [78.4081, 17.30505], [78.4083, 17.30456], [78.40838, 17.30441], [78.40857, 17.30403], [78.4086, 17.30391], [78.40867, 17.3038], [78.40876, 17.30371], [78.40882, 17.30367], [78.40887, 17.30363], [78.40891, 17.30358], [78.40903, 17.30333], [78.40923, 17.3027], [78.40937, 17.30225], [78.4094, 17.30208], [78.40939, 17.30195], [78.40934, 17.30161], [78.4093, 17.30151], [78.40927, 17.30149], [78.4092, 17.3015], [78.40909, 17.30151], [78.40867, 17.30044], [78.39609, 17.29928], [78.39581, 17.30115], [78.39556, 17.30131], [78.39539, 17.30152], [78.39516, 17.30172], [78.39493, 17.30187], [78.39456, 17.30208], [78.39402, 17.30237], [78.39358, 17.3026], [78.39265, 17.30318], [78.3911, 17.30405], [78.39089, 17.3042], [78.39088, 17.30421], [78.39052, 17.30441], [78.39034, 17.30451], [78.3899, 17.30476], [78.38899, 17.30528], [78.38786, 17.30589], [78.3874, 17.30615], [78.38735, 17.30618], [78.38702, 17.30638], [78.38642, 17.30672], [78.38545, 17.30724], [78.38447, 17.30755], [78.37672, 17.31123], [78.37672, 17.31123], [78.37643, 17.31301], [78.37638, 17.31371], [78.37625, 17.31559], [78.37609, 17.31752], [78.37587, 17.31984], [78.37574, 17.32185], [78.37568, 17.32218], [78.37559, 17.32269], [78.37536, 17.32352], [78.37489, 17.32463], [78.37476, 17.32488], [78.37445, 17.32548], [78.374, 17.32621], [78.37335, 17.32729], [78.3732, 17.32756], [78.37462, 17.3278], [78.3784, 17.32814], [78.37928, 17.32821], [78.38252, 17.32866], [78.38524, 17.32905], [78.3865, 17.32922], [78.38693, 17.32935], [78.38759, 17.32968], [78.38861, 17.33025], [78.38924, 17.33045], [78.38977, 17.33055], [78.39024, 17.33059], [78.39106, 17.33064], [78.39173, 17.33058], [78.3939, 17.33033], [78.39497, 17.33039], [78.39573, 17.33052], [78.3962, 17.33066], [78.39673, 17.33093], [78.3972, 17.33118], [78.39745, 17.33149], [78.39749, 17.33155], [78.39766, 17.33185], [78.39779, 17.33221], [78.39798, 17.33332], [78.39818, 17.33486], [78.39853, 17.33684], [78.39883, 17.33841], [78.39898, 17.34007], [78.39909, 17.34091], [78.39927, 17.34214], [78.39939, 17.34308], [78.39948, 17.34352], [78.39958, 17.34395], [78.39968, 17.34428], [78.39997, 17.34499], [78.40036, 17.34581], [78.40089, 17.34697], [78.40096, 17.3473], [78.40101, 17.34798], [78.40105, 17.34859], [78.40112, 17.34894], [78.4012, 17.34935], [78.40038, 17.34969], [78.40005, 17.34979], [78.39961, 17.34997], [78.39843, 17.3504], [78.39803, 17.35057], [78.39811, 17.35146], [78.39812, 17.35188], [78.39814, 17.35387], [78.39831, 17.35389], [78.39993, 17.35433], [78.40095, 17.35463], [78.40076, 17.35517], [78.40054, 17.35574], [78.40083, 17.35585], [78.40241, 17.35641], [78.40197, 17.35769], [78.40202, 17.3577], [78.40415, 17.35833], [78.40433, 17.35872], [78.40451, 17.35888], [78.40545, 17.35786], [78.40573, 17.35756], [78.40638, 17.35689], [78.40673, 17.35655], [78.40685, 17.35639], [78.40787, 17.35692], [78.40839, 17.35718], [78.40901, 17.35722], [78.40939, 17.3577], [78.4101, 17.35865], [78.41047, 17.35929], [78.41059, 17.35976], [78.41059, 17.36], [78.41054, 17.36039], [78.41044, 17.3606], [78.41029, 17.36083], [78.41002, 17.36118], [78.40971, 17.36157], [78.40936, 17.36191], [78.40884, 17.36242], [78.40844, 17.36302], [78.40823, 17.36344], [78.40805, 17.36406], [78.40805, 17.36407], [78.40795, 17.3646], [78.40794, 17.3651], [78.40792, 17.36572], [78.40797, 17.36627], [78.40805, 17.36682], [78.40806, 17.36693], [78.40824, 17.36741], [78.40847, 17.36791], [78.409, 17.36893], [78.40962, 17.36988], [78.41022, 17.37085], [78.41219, 17.37102], [78.41226, 17.37103], [78.41228, 17.37093], [78.41236, 17.37066], [78.41242, 17.37047], [78.41249, 17.37024], [78.41253, 17.37001], [78.41261, 17.36975], [78.41284, 17.36907], [78.4131, 17.3682], [78.41319, 17.36794]]]}}, {"type": "Feature", "properties": {"name": "49-GANSIBAZAR", "hospital_count": 9, "circle": "9-CHARMINAR", "zone": "CHARMINAR ZONE", "ward_no": 49}, "geometry": {"type": "Polygon", "coordinates": [[[78.47642, 17.36985], [78.47641, 17.36969], [78.47636, 17.36909], [78.47635, 17.36905], [78.47615, 17.3687], [78.47558, 17.36615], [78.47508, 17.36367], [78.47471, 17.36216], [78.47478, 17.362], [78.47483, 17.36189], [78.4749, 17.36177], [78.47493, 17.3617], [78.47495, 17.36163], [78.47493, 17.36153], [78.4749, 17.36145], [78.47487, 17.36138], [78.47484, 17.36135], [78.4748, 17.36131], [78.47476, 17.36127], [78.47473, 17.36122], [78.47466, 17.36115], [78.4746, 17.36106], [78.47456, 17.36097], [78.47451, 17.36085], [78.47448, 17.36078], [78.47444, 17.36067], [78.47441, 17.36051], [78.47439, 17.3604], [78.47414, 17.35921], [78.47391, 17.35793], [78.47388, 17.35774], [78.47359, 17.35635], [78.47339, 17.35538], [78.47312, 17.35426], [78.47306, 17.35388], [78.47307, 17.35384], [78.47297, 17.35385], [78.47236, 17.35391], [78.47205, 17.35391], [78.47197, 17.35392], [78.47131, 17.35394], [78.47102, 17.35392], [78.47099, 17.35392], [78.47034, 17.35389], [78.47024, 17.35388], [78.47018, 17.35388], [78.46971, 17.3539], [78.4697, 17.35424], [78.46969, 17.35426], [78.46969, 17.35428], [78.46969, 17.3543], [78.46965, 17.35434], [78.46939, 17.35446], [78.46924, 17.3546], [78.46922, 17.35466], [78.46921, 17.35477], [78.46924, 17.35504], [78.46921, 17.35506], [78.46904, 17.3551], [78.46893, 17.35513], [78.46851, 17.35517], [78.46832, 17.35522], [78.46801, 17.35529], [78.46762, 17.35538], [78.46762, 17.35538], [78.46763, 17.35542], [78.46789, 17.35606], [78.46791, 17.35612], [78.46816, 17.35699], [78.46816, 17.35699], [78.46818, 17.35709], [78.46837, 17.3578], [78.46852, 17.35836], [78.46854, 17.35842], [78.46858, 17.35855], [78.46862, 17.3587], [78.4687, 17.35896], [78.46874, 17.35909], [78.46876, 17.35917], [78.46877, 17.35919], [78.4689, 17.35962], [78.46895, 17.35977], [78.46903, 17.35981], [78.46906, 17.35986], [78.46918, 17.36008], [78.46914, 17.3601], [78.46909, 17.36012], [78.46893, 17.36018], [78.46895, 17.36025], [78.46897, 17.36035], [78.46897, 17.36036], [78.46893, 17.36037], [78.46879, 17.36039], [78.4684, 17.36052], [78.46847, 17.36075], [78.46841, 17.3608], [78.46835, 17.36085], [78.46837, 17.36103], [78.46844, 17.36126], [78.46862, 17.3615], [78.46877, 17.36163], [78.46869, 17.36168], [78.46861, 17.36172], [78.46855, 17.36177], [78.46846, 17.36186], [78.46845, 17.36203], [78.46846, 17.3621], [78.46854, 17.36244], [78.46864, 17.36287], [78.46752, 17.3632], [78.46688, 17.36341], [78.46649, 17.36354], [78.46599, 17.36371], [78.46528, 17.36394], [78.46444, 17.36421], [78.46435, 17.36424], [78.46353, 17.36449], [78.46319, 17.36459], [78.46309, 17.36462], [78.46214, 17.36489], [78.46208, 17.36491], [78.46161, 17.3651], [78.46085, 17.36531], [78.46082, 17.36532], [78.46078, 17.36534], [78.45982, 17.36568], [78.45979, 17.3657], [78.45951, 17.3658], [78.45913, 17.36594], [78.45912, 17.36595], [78.4591, 17.36596], [78.4589, 17.36612], [78.45888, 17.36613], [78.45869, 17.36629], [78.4585, 17.36636], [78.45846, 17.36638], [78.4578, 17.36679], [78.45779, 17.36679], [78.45757, 17.36699], [78.458, 17.36727], [78.45823, 17.36736], [78.45837, 17.36742], [78.45908, 17.36767], [78.46025, 17.36794], [78.46079, 17.36807], [78.46237, 17.36845], [78.46312, 17.36877], [78.46375, 17.36904], [78.4656, 17.36965], [78.46634, 17.36963], [78.46794, 17.36958], [78.4689, 17.36973], [78.46929, 17.36979], [78.47161, 17.3703], [78.47417, 17.37074], [78.47614, 17.37142], [78.4763, 17.37086], [78.47641, 17.37013], [78.47642, 17.36985]]]}}, {"type": "Feature", "properties": {"name": "33-MOGHALPURA", "hospital_count": 4, "circle": "9-CHARMINAR", "zone": "CHARMINAR ZONE", "ward_no": 33}, "geometry": {"type": "MultiPolygon", "coordinates": [[[[78.4816, 17.357], [78.48139, 17.35662], [78.48126, 17.35638], [78.48116, 17.35613], [78.48096, 17.3558], [78.48087, 17.35562], [78.48077, 17.35526], [78.48075, 17.35518], [78.48069, 17.35492], [78.48068, 17.35489], [78.48067, 17.35487], [78.48058, 17.35454], [78.48035, 17.35392], [78.48052, 17.35383], [78.4806, 17.3538], [78.48059, 17.35373], [78.48051, 17.35342], [78.48051, 17.35342], [78.48051, 17.35336], [78.48092, 17.35327], [78.48125, 17.35307], [78.48154, 17.35297], [78.48196, 17.3529], [78.4821, 17.35288], [78.48239, 17.3528], [78.48253, 17.35277], [78.48279, 17.35272], [78.48317, 17.35264], [78.48346, 17.35258], [78.48354, 17.35256], [78.4837, 17.35253], [78.48374, 17.35253], [78.48378, 17.35134], [78.48378, 17.35132], [78.48378, 17.35131], [78.48379, 17.35107], [78.48381, 17.351], [78.48382, 17.35098], [78.48383, 17.35094], [78.48382, 17.35089], [78.48381, 17.35083], [78.4838, 17.35077], [78.48379, 17.35073], [78.48379, 17.35072], [78.48379, 17.35071], [78.48379, 17.35068], [78.48379, 17.35062], [78.48382, 17.35019], [78.48382, 17.35013], [78.4838, 17.34896], [78.48379, 17.34853], [78.48379, 17.34806], [78.48377, 17.34806], [78.48374, 17.34807], [78.48362, 17.34812], [78.48357, 17.34813], [78.48335, 17.34821], [78.48298, 17.34829], [78.48267, 17.34835], [78.48202, 17.34841], [78.48193, 17.34842], [78.48176, 17.34844], [78.48085, 17.34855], [78.48081, 17.34853], [78.48076, 17.34851], [78.48054, 17.34851], [78.48037, 17.34854], [78.48031, 17.34854], [78.48023, 17.34857], [78.48008, 17.34861], [78.47984, 17.34868], [78.47974, 17.3487], [78.47959, 17.34874], [78.47954, 17.34875], [78.47949, 17.34878], [78.47939, 17.34884], [78.47927, 17.34884], [78.47919, 17.34885], [78.47899, 17.34886], [78.47876, 17.34887], [78.47874, 17.3489], [78.47874, 17.34892], [78.47871, 17.34898], [78.47865, 17.34909], [78.4786, 17.34915], [78.47853, 17.34931], [78.47851, 17.34934], [78.47845, 17.34945], [78.47834, 17.34953], [78.47821, 17.34961], [78.47816, 17.34964], [78.47814, 17.34965], [78.47812, 17.34966], [78.47795, 17.34979], [78.47779, 17.34995], [78.47764, 17.35009], [78.47752, 17.35022], [78.47739, 17.35044], [78.47735, 17.35047], [78.47727, 17.35054], [78.4772, 17.35056], [78.47717, 17.35054], [78.47708, 17.3505], [78.47698, 17.35047], [78.47694, 17.35046], [78.47689, 17.35046], [78.47685, 17.35046], [78.47672, 17.3505], [78.47647, 17.35056], [78.47628, 17.35061], [78.47622, 17.35063], [78.47604, 17.35068], [78.47575, 17.35076], [78.47562, 17.35078], [78.47551, 17.35079], [78.4755, 17.35079], [78.4755, 17.35079], [78.47536, 17.35078], [78.47502, 17.35076], [78.47455, 17.35071], [78.4745, 17.35071], [78.47439, 17.3507], [78.47421, 17.35071], [78.4742, 17.35071], [78.47409, 17.3507], [78.47397, 17.35071], [78.47384, 17.35072], [78.47354, 17.35074], [78.47331, 17.35075], [78.4732, 17.35075], [78.47317, 17.35076], [78.47312, 17.35075], [78.47292, 17.35076], [78.47281, 17.35078], [78.47258, 17.35083], [78.47256, 17.35083], [78.47262, 17.35134], [78.47268, 17.3525], [78.47282, 17.35303], [78.47303, 17.35372], [78.47307, 17.35384], [78.47306, 17.35388], [78.47312, 17.35426], [78.47339, 17.35538], [78.47359, 17.35635], [78.47388, 17.35774], [78.47391, 17.35793], [78.47394, 17.35792], [78.47441, 17.35778], [78.4748, 17.35761], [78.47522, 17.35746], [78.47525, 17.35745], [78.47595, 17.3573], [78.47615, 17.35726], [78.47616, 17.35725], [78.47624, 17.35719], [78.47627, 17.35715], [78.47628, 17.35711], [78.4763, 17.35709], [78.47632, 17.35707], [78.47632, 17.35707], [78.47638, 17.35704], [78.47645, 17.357], [78.47649, 17.35699], [78.47659, 17.35698], [78.47664, 17.35702], [78.47668, 17.35709], [78.47669, 17.35714], [78.47671, 17.35718], [78.47673, 17.35723], [78.47674, 17.35726], [78.47674, 17.35725], [78.47686, 17.35723], [78.47793, 17.35696], [78.47888, 17.35681], [78.47895, 17.35681], [78.47919, 17.35808], [78.47927, 17.35843], [78.47931, 17.35852], [78.47997, 17.35817], [78.48048, 17.35783], [78.48067, 17.3577], [78.4815, 17.35713], [78.48162, 17.35703], [78.4816, 17.357]]], [[[78.4816, 17.357], [78.48164, 17.35698], [78.48164, 17.35698], [78.4816, 17.357]]]]}}, {"type": "Feature", "properties": {"name": "47-NAWABSAHEBKUNTA", "hospital_count": 2, "circle": "10-FALAKNUMA", "zone": "CHARMINAR ZONE", "ward_no": 47}, "geometry": {"type": "Polygon", "coordinates": [[[78.46218, 17.33978], [78.46248, 17.33971], [78.46287, 17.33972], [78.4631, 17.33977], [78.46312, 17.33939], [78.46357, 17.33936], [78.4636, 17.33915], [78.46388, 17.33914], [78.46406, 17.33913], [78.46416, 17.33913], [78.46416, 17.33911], [78.46423, 17.33912], [78.4643, 17.33871], [78.46431, 17.33868], [78.46448, 17.33845], [78.46467, 17.3383], [78.465, 17.33826], [78.46585, 17.33827], [78.46603, 17.33828], [78.46627, 17.33826], [78.46643, 17.33821], [78.46661, 17.33805], [78.46676, 17.33783], [78.46685, 17.33772], [78.46769, 17.33765], [78.46802, 17.33666], [78.46804, 17.33659], [78.46814, 17.33633], [78.46827, 17.33597], [78.46832, 17.33585], [78.46837, 17.33572], [78.46852, 17.33536], [78.46853, 17.33524], [78.46858, 17.33466], [78.46859, 17.33456], [78.46862, 17.33421], [78.46857, 17.3342], [78.46841, 17.33421], [78.46815, 17.33423], [78.46804, 17.33424], [78.46772, 17.33426], [78.46753, 17.33428], [78.46747, 17.33427], [78.46731, 17.33426], [78.46726, 17.33426], [78.46717, 17.33424], [78.46713, 17.33422], [78.46711, 17.33419], [78.46708, 17.33419], [78.46703, 17.33415], [78.46694, 17.33406], [78.46686, 17.33399], [78.46684, 17.33397], [78.46663, 17.33374], [78.46643, 17.33353], [78.46629, 17.33342], [78.46618, 17.33338], [78.46609, 17.33337], [78.46595, 17.33337], [78.46582, 17.33338], [78.4657, 17.3334], [78.46558, 17.33343], [78.46551, 17.3335], [78.46526, 17.33372], [78.46507, 17.33389], [78.46501, 17.33392], [78.46477, 17.33403], [78.46455, 17.33409], [78.46443, 17.33411], [78.46431, 17.33409], [78.46418, 17.33401], [78.46406, 17.33389], [78.46394, 17.33373], [78.46393, 17.33364], [78.46396, 17.33351], [78.46397, 17.3335], [78.46402, 17.33344], [78.46406, 17.33338], [78.46419, 17.33327], [78.46429, 17.3332], [78.46431, 17.33313], [78.46434, 17.33293], [78.46434, 17.33267], [78.46428, 17.33251], [78.46424, 17.33246], [78.46418, 17.33239], [78.46411, 17.33233], [78.46395, 17.33227], [78.46386, 17.33223], [78.46379, 17.33217], [78.46378, 17.33215], [78.46376, 17.33207], [78.46372, 17.3319], [78.46376, 17.33177], [78.46369, 17.33176], [78.46362, 17.33174], [78.46346, 17.33172], [78.46331, 17.33178], [78.46317, 17.33193], [78.46308, 17.33201], [78.46289, 17.332], [78.46268, 17.33191], [78.46265, 17.33192], [78.46264, 17.33193], [78.4626, 17.33194], [78.46251, 17.33198], [78.46243, 17.33198], [78.46238, 17.33232], [78.46223, 17.33241], [78.46196, 17.3325], [78.46137, 17.33269], [78.46092, 17.33196], [78.46044, 17.33103], [78.46026, 17.3304], [78.46016, 17.33034], [78.46014, 17.33033], [78.45975, 17.33005], [78.45922, 17.32973], [78.45882, 17.32939], [78.4588, 17.32944], [78.45869, 17.32936], [78.45847, 17.32919], [78.45775, 17.32888], [78.45771, 17.32905], [78.45712, 17.32936], [78.45613, 17.32948], [78.45512, 17.32966], [78.45473, 17.32971], [78.45473, 17.32988], [78.45471, 17.33077], [78.45471, 17.33115], [78.4547, 17.3318], [78.45463, 17.33231], [78.45463, 17.33239], [78.45463, 17.33258], [78.45463, 17.33262], [78.45459, 17.33307], [78.45458, 17.33322], [78.45456, 17.33346], [78.45455, 17.33347], [78.45455, 17.33347], [78.45456, 17.33347], [78.45455, 17.33353], [78.45575, 17.33373], [78.45615, 17.33381], [78.45619, 17.33382], [78.45719, 17.33404], [78.45792, 17.33423], [78.45792, 17.33439], [78.45785, 17.33451], [78.45765, 17.33468], [78.45748, 17.33479], [78.45738, 17.33485], [78.45732, 17.33499], [78.45728, 17.33511], [78.45726, 17.33517], [78.45722, 17.33552], [78.45727, 17.33592], [78.45734, 17.33632], [78.4574, 17.33667], [78.45746, 17.33698], [78.45748, 17.33734], [78.45748, 17.33771], [78.4575, 17.33798], [78.45777, 17.33788], [78.45799, 17.3378], [78.45819, 17.33771], [78.45877, 17.33919], [78.45867, 17.33924], [78.45869, 17.34028], [78.45873, 17.34029], [78.45905, 17.34033], [78.45945, 17.34038], [78.45976, 17.34043], [78.4599, 17.34041], [78.46026, 17.34039], [78.46041, 17.34027], [78.46045, 17.34024], [78.46076, 17.34014], [78.46094, 17.34013], [78.46122, 17.34006], [78.4613, 17.34005], [78.46162, 17.34001], [78.46179, 17.33997], [78.46194, 17.33989], [78.46218, 17.33978]]]}}, {"type": "Feature", "properties": {"name": "58-SHASTRIPURAM", "hospital_count": 1, "circle": "11-RAJENDRA NAGAR", "zone": "CHARMINAR ZONE", "ward_no": 58}, "geometry": {"type": "Polygon", "coordinates": [[[78.44057, 17.34082], [78.4409, 17.34063], [78.44144, 17.34042], [78.44152, 17.34039], [78.44166, 17.34034], [78.44196, 17.34018], [78.44225, 17.33992], [78.44238, 17.33952], [78.44242, 17.3395], [78.44252, 17.33942], [78.44261, 17.33935], [78.44265, 17.33932], [78.44281, 17.33928], [78.44312, 17.33932], [78.44337, 17.33939], [78.44338, 17.33942], [78.44342, 17.33949], [78.44351, 17.33965], [78.44367, 17.33993], [78.44375, 17.33998], [78.4439, 17.34002], [78.4441, 17.33998], [78.44428, 17.33992], [78.44431, 17.33991], [78.4445, 17.3398], [78.44464, 17.3397], [78.44488, 17.33948], [78.44491, 17.33942], [78.44491, 17.33942], [78.44516, 17.33898], [78.44525, 17.33883], [78.44531, 17.33872], [78.44539, 17.33861], [78.44541, 17.33858], [78.44549, 17.33848], [78.44573, 17.33817], [78.4458, 17.33809], [78.44593, 17.33779], [78.44594, 17.33776], [78.44608, 17.33743], [78.44608, 17.33742], [78.44614, 17.33719], [78.44611, 17.33713], [78.44611, 17.33705], [78.4461, 17.33694], [78.44605, 17.33667], [78.44611, 17.33654], [78.44632, 17.33637], [78.44662, 17.3362], [78.44666, 17.33619], [78.44685, 17.33618], [78.44716, 17.3362], [78.44724, 17.33624], [78.44772, 17.33645], [78.44795, 17.33654], [78.448, 17.33639], [78.448, 17.33637], [78.44804, 17.33628], [78.44807, 17.33616], [78.44819, 17.3362], [78.44856, 17.33635], [78.44874, 17.33642], [78.44875, 17.33642], [78.44887, 17.33647], [78.44929, 17.33669], [78.44931, 17.33671], [78.44948, 17.33666], [78.44968, 17.33669], [78.44987, 17.33672], [78.45015, 17.33682], [78.45049, 17.33687], [78.45075, 17.33692], [78.45085, 17.33696], [78.4511, 17.33695], [78.45113, 17.33695], [78.45163, 17.33756], [78.45232, 17.337], [78.45256, 17.33681], [78.45273, 17.33666], [78.45284, 17.33657], [78.45301, 17.33643], [78.4536, 17.33598], [78.45358, 17.33583], [78.45356, 17.33575], [78.45355, 17.33569], [78.45355, 17.33566], [78.45304, 17.33582], [78.45342, 17.33546], [78.45338, 17.33542], [78.4532, 17.33524], [78.45304, 17.33509], [78.4537, 17.33443], [78.45418, 17.33404], [78.45419, 17.33402], [78.45429, 17.3339], [78.45455, 17.3336], [78.45455, 17.33353], [78.45456, 17.33347], [78.45455, 17.33347], [78.45455, 17.33347], [78.45456, 17.33346], [78.45458, 17.33322], [78.45459, 17.33307], [78.45463, 17.33262], [78.45463, 17.33258], [78.45463, 17.33239], [78.45463, 17.33231], [78.4547, 17.3318], [78.45471, 17.33115], [78.45471, 17.33077], [78.45473, 17.32988], [78.45473, 17.32971], [78.45512, 17.32966], [78.45613, 17.32948], [78.45712, 17.32936], [78.45771, 17.32905], [78.45775, 17.32888], [78.45776, 17.32886], [78.45748, 17.32874], [78.45751, 17.32851], [78.45755, 17.32815], [78.45756, 17.32808], [78.45759, 17.32779], [78.45762, 17.32758], [78.45763, 17.32743], [78.45765, 17.32728], [78.45767, 17.32713], [78.45782, 17.32643], [78.45781, 17.32621], [78.4578, 17.32607], [78.45769, 17.32464], [78.45768, 17.32443], [78.45768, 17.32434], [78.45762, 17.32335], [78.45755, 17.32305], [78.45719, 17.32208], [78.45717, 17.32192], [78.45717, 17.32191], [78.45713, 17.3215], [78.45712, 17.32136], [78.45697, 17.32059], [78.45687, 17.31987], [78.45713, 17.31984], [78.45764, 17.31982], [78.45783, 17.31982], [78.45851, 17.31985], [78.45923, 17.31997], [78.46022, 17.3202], [78.46095, 17.32046], [78.46179, 17.32089], [78.46203, 17.32101], [78.46273, 17.32149], [78.46273, 17.3215], [78.46306, 17.32175], [78.46308, 17.32176], [78.46316, 17.32183], [78.46423, 17.32268], [78.46528, 17.3235], [78.46565, 17.3238], [78.46573, 17.32379], [78.46569, 17.32339], [78.46568, 17.32318], [78.46562, 17.32294], [78.4658, 17.32247], [78.46623, 17.32217], [78.46646, 17.32199], [78.46666, 17.3214], [78.46664, 17.32134], [78.46646, 17.32081], [78.46627, 17.32016], [78.46619, 17.31983], [78.4664, 17.31979], [78.46707, 17.31966], [78.46708, 17.31965], [78.46681, 17.31857], [78.46652, 17.31739], [78.46632, 17.31676], [78.46632, 17.31675], [78.46622, 17.31638], [78.46612, 17.31602], [78.46598, 17.31581], [78.4657, 17.31554], [78.46568, 17.31552], [78.46516, 17.3152], [78.46508, 17.31515], [78.46441, 17.31478], [78.46423, 17.31471], [78.46385, 17.31455], [78.46343, 17.31442], [78.46306, 17.31434], [78.46277, 17.31434], [78.46189, 17.31441], [78.46175, 17.31443], [78.46172, 17.31374], [78.46172, 17.31358], [78.46171, 17.31314], [78.46177, 17.31257], [78.46187, 17.31206], [78.46189, 17.31181], [78.46191, 17.31157], [78.46198, 17.31094], [78.46169, 17.31093], [78.46163, 17.31084], [78.46206, 17.30995], [78.46214, 17.30981], [78.4624, 17.30938], [78.46218, 17.30931], [78.46198, 17.30963], [78.46187, 17.30953], [78.46163, 17.30929], [78.46092, 17.30904], [78.46014, 17.30886], [78.45993, 17.3087], [78.4599, 17.30828], [78.45963, 17.30748], [78.45955, 17.30691], [78.45952, 17.30643], [78.45931, 17.30586], [78.45929, 17.30535], [78.45933, 17.30448], [78.45931, 17.30404], [78.45891, 17.30337], [78.45808, 17.30286], [78.45768, 17.30231], [78.45672, 17.30183], [78.45672, 17.30183], [78.45588, 17.30256], [78.45523, 17.30283], [78.45428, 17.30299], [78.45362, 17.30398], [78.45419, 17.30415], [78.45418, 17.30444], [78.4551, 17.30443], [78.45511, 17.3046], [78.45556, 17.30458], [78.4556, 17.30509], [78.45593, 17.30512], [78.45599, 17.30512], [78.45606, 17.30513], [78.45607, 17.30542], [78.45613, 17.30563], [78.45615, 17.30572], [78.45617, 17.30578], [78.45634, 17.30648], [78.45643, 17.30686], [78.45647, 17.30701], [78.45654, 17.30731], [78.4566, 17.30754], [78.45663, 17.30773], [78.45673, 17.30824], [78.45674, 17.30828], [78.45677, 17.30866], [78.45678, 17.30871], [78.45676, 17.3092], [78.45676, 17.30925], [78.45676, 17.30935], [78.45672, 17.30955], [78.4567, 17.30967], [78.45666, 17.30985], [78.45664, 17.31002], [78.45663, 17.31014], [78.45664, 17.31024], [78.45667, 17.31066], [78.45668, 17.31088], [78.4567, 17.31105], [78.45675, 17.31122], [78.45676, 17.31129], [78.45679, 17.31139], [78.45682, 17.31155], [78.45683, 17.31172], [78.45683, 17.31173], [78.45684, 17.31187], [78.45682, 17.31209], [78.4568, 17.31227], [78.45677, 17.31249], [78.45676, 17.31265], [78.45673, 17.31276], [78.45672, 17.31277], [78.45666, 17.3129], [78.45661, 17.31305], [78.45656, 17.3132], [78.45655, 17.31331], [78.45654, 17.31342], [78.45654, 17.31383], [78.45653, 17.31409], [78.45653, 17.31413], [78.45653, 17.31423], [78.45652, 17.31432], [78.45647, 17.31438], [78.45642, 17.31443], [78.45633, 17.31449], [78.45626, 17.31452], [78.45622, 17.31453], [78.45618, 17.31459], [78.45616, 17.31464], [78.45615, 17.31465], [78.45614, 17.31471], [78.45613, 17.31475], [78.45612, 17.31489], [78.45612, 17.31493], [78.45613, 17.31515], [78.45615, 17.31522], [78.45616, 17.31531], [78.45614, 17.31554], [78.45609, 17.31558], [78.45569, 17.31569], [78.45557, 17.31571], [78.45533, 17.31577], [78.45464, 17.31597], [78.45412, 17.31615], [78.45369, 17.31629], [78.4537, 17.31633], [78.45374, 17.31642], [78.4538, 17.31667], [78.45386, 17.31692], [78.45404, 17.31744], [78.45402, 17.31763], [78.45402, 17.31763], [78.454, 17.31778], [78.45408, 17.31815], [78.45403, 17.3184], [78.45402, 17.31862], [78.45404, 17.31889], [78.45408, 17.31905], [78.45409, 17.31906], [78.45421, 17.31919], [78.45444, 17.31938], [78.45452, 17.31941], [78.45461, 17.31944], [78.45464, 17.31948], [78.45467, 17.31953], [78.45469, 17.31995], [78.4547, 17.32027], [78.45461, 17.32029], [78.45347, 17.32053], [78.45331, 17.32057], [78.45271, 17.32071], [78.45167, 17.32094], [78.45152, 17.32098], [78.45151, 17.32098], [78.45096, 17.32112], [78.45067, 17.32121], [78.45007, 17.32139], [78.44949, 17.32162], [78.44887, 17.32185], [78.44881, 17.32188], [78.44811, 17.32217], [78.44781, 17.32231], [78.44765, 17.32237], [78.44696, 17.32266], [78.44655, 17.32281], [78.44608, 17.323], [78.44592, 17.32306], [78.4452, 17.32337], [78.44506, 17.32343], [78.44465, 17.32361], [78.44369, 17.32401], [78.44314, 17.32424], [78.44311, 17.32426], [78.44266, 17.32441], [78.44264, 17.32441], [78.44222, 17.32452], [78.44186, 17.32458], [78.44154, 17.32461], [78.44121, 17.32463], [78.44085, 17.32463], [78.44078, 17.32463], [78.44043, 17.3246], [78.44004, 17.32454], [78.43999, 17.32453], [78.43986, 17.3245], [78.43954, 17.32442], [78.43929, 17.32433], [78.43885, 17.32417], [78.43836, 17.32395], [78.43743, 17.32347], [78.43705, 17.32328], [78.43688, 17.32319], [78.43597, 17.32273], [78.43584, 17.32266], [78.43543, 17.32246], [78.43504, 17.32225], [78.43502, 17.32224], [78.43494, 17.32219], [78.43491, 17.32217], [78.43482, 17.32211], [78.43468, 17.32202], [78.43421, 17.32168], [78.43388, 17.32143], [78.43361, 17.32118], [78.43358, 17.32116], [78.43326, 17.32085], [78.43319, 17.32077], [78.43263, 17.32117], [78.432, 17.32166], [78.43215, 17.32177], [78.43222, 17.32181], [78.43254, 17.32208], [78.43276, 17.32229], [78.43289, 17.32244], [78.4331, 17.32281], [78.43335, 17.32337], [78.43369, 17.32427], [78.43391, 17.32487], [78.43421, 17.32569], [78.43421, 17.3257], [78.43471, 17.32677], [78.43521, 17.32777], [78.43565, 17.32868], [78.43586, 17.329], [78.43617, 17.32942], [78.43633, 17.32959], [78.43655, 17.32979], [78.4366, 17.32986], [78.43664, 17.3299], [78.43685, 17.33009], [78.437, 17.33024], [78.43771, 17.33093], [78.4384, 17.33162], [78.43894, 17.33215], [78.43959, 17.33277], [78.44034, 17.33351], [78.44087, 17.33404], [78.44116, 17.33431], [78.4414, 17.3345], [78.44162, 17.33468], [78.44171, 17.33473], [78.44191, 17.33482], [78.44212, 17.33488], [78.44234, 17.33493], [78.44276, 17.33494], [78.44345, 17.33493], [78.44356, 17.33492], [78.44359, 17.33539], [78.44362, 17.33572], [78.44362, 17.33582], [78.44367, 17.3365], [78.44362, 17.33659], [78.44353, 17.33687], [78.44348, 17.33698], [78.44339, 17.33708], [78.44327, 17.33719], [78.44318, 17.33729], [78.44315, 17.33733], [78.44288, 17.33746], [78.44253, 17.33759], [78.4424, 17.33765], [78.44235, 17.33769], [78.44232, 17.33777], [78.44222, 17.338], [78.44208, 17.33819], [78.44184, 17.33844], [78.44165, 17.33863], [78.44145, 17.33883], [78.44134, 17.33893], [78.44126, 17.33897], [78.44092, 17.33907], [78.44064, 17.33915], [78.44015, 17.33924], [78.44007, 17.33926], [78.43992, 17.33932], [78.43979, 17.33936], [78.43959, 17.33941], [78.4392, 17.33951], [78.4389, 17.33958], [78.43869, 17.33962], [78.43865, 17.33964], [78.43855, 17.33975], [78.43834, 17.33994], [78.43817, 17.34005], [78.43779, 17.34025], [78.43738, 17.34043], [78.43724, 17.34053], [78.43708, 17.34061], [78.4369, 17.34061], [78.43689, 17.34076], [78.43693, 17.34077], [78.43692, 17.34082], [78.43691, 17.34086], [78.43712, 17.34092], [78.43723, 17.34098], [78.43733, 17.34108], [78.43741, 17.34113], [78.43737, 17.34121], [78.43734, 17.34126], [78.43738, 17.34129], [78.43746, 17.34135], [78.43774, 17.34151], [78.43804, 17.34171], [78.43833, 17.34187], [78.43875, 17.34205], [78.43889, 17.34209], [78.43889, 17.34213], [78.43889, 17.34216], [78.43896, 17.34221], [78.43901, 17.34224], [78.43907, 17.34228], [78.43918, 17.34235], [78.43925, 17.34242], [78.43926, 17.34245], [78.43928, 17.34248], [78.43932, 17.34251], [78.43936, 17.34253], [78.4394, 17.34256], [78.43943, 17.34259], [78.43946, 17.34261], [78.43949, 17.34264], [78.43952, 17.34268], [78.43954, 17.34274], [78.43955, 17.34279], [78.43957, 17.34288], [78.43953, 17.343], [78.4395, 17.34311], [78.43948, 17.34346], [78.43946, 17.34406], [78.43945, 17.34458], [78.43971, 17.34456], [78.43988, 17.34452], [78.44, 17.3444], [78.44022, 17.34387], [78.44012, 17.34331], [78.43997, 17.34237], [78.44002, 17.34225], [78.4403, 17.34168], [78.44057, 17.34082]]]}}, {"type": "Feature", "properties": {"name": "54-JAHANUMA", "hospital_count": 2, "circle": "10-FALAKNUMA", "zone": "CHARMINAR ZONE", "ward_no": 54}, "geometry": {"type": "Polygon", "coordinates": [[[78.46524, 17.35243], [78.46523, 17.3524], [78.46522, 17.35219], [78.46523, 17.35193], [78.46526, 17.35179], [78.46534, 17.35157], [78.46537, 17.35136], [78.46539, 17.35115], [78.46545, 17.35066], [78.46549, 17.35032], [78.46554, 17.34993], [78.4656, 17.34951], [78.46565, 17.34911], [78.46566, 17.34891], [78.46568, 17.34795], [78.46566, 17.34755], [78.46566, 17.34699], [78.46567, 17.34681], [78.46571, 17.34626], [78.46587, 17.34624], [78.46598, 17.34624], [78.46595, 17.34593], [78.46588, 17.34518], [78.46583, 17.34465], [78.46608, 17.34336], [78.46609, 17.34333], [78.46611, 17.34312], [78.46599, 17.34203], [78.46588, 17.34143], [78.46517, 17.34073], [78.46456, 17.34006], [78.4644, 17.33965], [78.46423, 17.33931], [78.46423, 17.33912], [78.46416, 17.33911], [78.46416, 17.33913], [78.46406, 17.33913], [78.46388, 17.33914], [78.4636, 17.33915], [78.46357, 17.33936], [78.46312, 17.33939], [78.4631, 17.33977], [78.46287, 17.33972], [78.46248, 17.33971], [78.46218, 17.33978], [78.46194, 17.33989], [78.46179, 17.33997], [78.46162, 17.34001], [78.4613, 17.34005], [78.46122, 17.34006], [78.46094, 17.34013], [78.46076, 17.34014], [78.46045, 17.34024], [78.46041, 17.34027], [78.46026, 17.34039], [78.4599, 17.34041], [78.45976, 17.34043], [78.45945, 17.34038], [78.45905, 17.34033], [78.45873, 17.34029], [78.45869, 17.34028], [78.45867, 17.33924], [78.45877, 17.33919], [78.45819, 17.33771], [78.45799, 17.3378], [78.45777, 17.33788], [78.4575, 17.33798], [78.45748, 17.33771], [78.45748, 17.33734], [78.45746, 17.33698], [78.4574, 17.33667], [78.45734, 17.33632], [78.45727, 17.33592], [78.45722, 17.33552], [78.45726, 17.33517], [78.45728, 17.33511], [78.45732, 17.33499], [78.45738, 17.33485], [78.45748, 17.33479], [78.45765, 17.33468], [78.45785, 17.33451], [78.45792, 17.33439], [78.45792, 17.33423], [78.45719, 17.33404], [78.45619, 17.33382], [78.45615, 17.33381], [78.45575, 17.33373], [78.45455, 17.33353], [78.45455, 17.3336], [78.45429, 17.3339], [78.45419, 17.33402], [78.45418, 17.33404], [78.4537, 17.33443], [78.45304, 17.33509], [78.4532, 17.33524], [78.45338, 17.33542], [78.45342, 17.33546], [78.45304, 17.33582], [78.45355, 17.33566], [78.45355, 17.33569], [78.45356, 17.33575], [78.45358, 17.33583], [78.4536, 17.33598], [78.45301, 17.33643], [78.45284, 17.33657], [78.45273, 17.33666], [78.45256, 17.33681], [78.45232, 17.337], [78.45163, 17.33756], [78.45113, 17.33695], [78.4511, 17.33695], [78.45085, 17.33696], [78.45075, 17.33692], [78.45049, 17.33687], [78.45015, 17.33682], [78.44987, 17.33672], [78.44968, 17.33669], [78.44948, 17.33666], [78.44931, 17.33671], [78.4497, 17.33696], [78.44979, 17.33704], [78.44984, 17.33708], [78.44987, 17.33712], [78.45031, 17.33766], [78.45045, 17.33789], [78.45063, 17.33829], [78.45076, 17.33891], [78.45077, 17.33936], [78.4507, 17.33986], [78.45058, 17.34038], [78.4504, 17.34117], [78.45046, 17.3412], [78.45051, 17.34123], [78.45057, 17.34126], [78.45085, 17.34141], [78.45095, 17.34146], [78.45104, 17.34153], [78.45132, 17.3417], [78.4518, 17.342], [78.4519, 17.34205], [78.45269, 17.34246], [78.4527, 17.34246], [78.4534, 17.34196], [78.45383, 17.34174], [78.45403, 17.34162], [78.45405, 17.34161], [78.45435, 17.34145], [78.45444, 17.34153], [78.45482, 17.34183], [78.45531, 17.34221], [78.4557, 17.34257], [78.45589, 17.34281], [78.45607, 17.34296], [78.4565, 17.34344], [78.45698, 17.34396], [78.45717, 17.34399], [78.45726, 17.344], [78.45737, 17.344], [78.45748, 17.34411], [78.45767, 17.34445], [78.45774, 17.34449], [78.45778, 17.34454], [78.45783, 17.34458], [78.45807, 17.34455], [78.45809, 17.34454], [78.4581, 17.34454], [78.45822, 17.34477], [78.45824, 17.34482], [78.45827, 17.34488], [78.45852, 17.34482], [78.45886, 17.34474], [78.45889, 17.34474], [78.45897, 17.34472], [78.459, 17.34554], [78.45902, 17.3459], [78.45903, 17.34599], [78.4591, 17.34639], [78.45919, 17.34674], [78.45924, 17.34674], [78.45929, 17.34676], [78.45931, 17.34677], [78.45943, 17.34683], [78.45959, 17.34699], [78.45991, 17.34723], [78.4601, 17.34738], [78.46037, 17.34756], [78.4606, 17.34786], [78.46063, 17.3479], [78.46064, 17.34792], [78.46079, 17.34816], [78.46096, 17.34848], [78.46098, 17.34852], [78.4611, 17.34869], [78.46125, 17.34891], [78.46149, 17.34913], [78.46177, 17.34942], [78.46174, 17.34947], [78.46171, 17.34947], [78.46171, 17.3495], [78.46196, 17.35145], [78.46216, 17.35247], [78.46219, 17.35251], [78.46222, 17.35254], [78.46246, 17.35248], [78.46278, 17.35242], [78.46297, 17.35238], [78.46324, 17.3524], [78.46324, 17.3523], [78.46333, 17.35225], [78.46327, 17.35205], [78.46345, 17.35199], [78.46361, 17.35236], [78.46388, 17.35231], [78.46422, 17.35225], [78.46436, 17.35224], [78.46461, 17.35231], [78.4648, 17.35228], [78.46496, 17.35232], [78.46508, 17.35242], [78.46524, 17.35243]]]}}, {"type": "Feature", "properties": {"name": "48-SHALIBANDA", "hospital_count": 3, "circle": "9-CHARMINAR", "zone": "CHARMINAR ZONE", "ward_no": 48}, "geometry": {"type": "Polygon", "coordinates": [[[78.46971, 17.3539], [78.47018, 17.35388], [78.47024, 17.35388], [78.47034, 17.35389], [78.47099, 17.35392], [78.47102, 17.35392], [78.47131, 17.35394], [78.47197, 17.35392], [78.47205, 17.35391], [78.47236, 17.35391], [78.47297, 17.35385], [78.47307, 17.35384], [78.47303, 17.35372], [78.47282, 17.35303], [78.47268, 17.3525], [78.47262, 17.35134], [78.47256, 17.35083], [78.47254, 17.35069], [78.47246, 17.35042], [78.47239, 17.35016], [78.47232, 17.34991], [78.47208, 17.3493], [78.47169, 17.34876], [78.47116, 17.34803], [78.47083, 17.34767], [78.47064, 17.34748], [78.47059, 17.34743], [78.47057, 17.34739], [78.47051, 17.34723], [78.47051, 17.34723], [78.47049, 17.34718], [78.47046, 17.34713], [78.47045, 17.34711], [78.47042, 17.34704], [78.47038, 17.34692], [78.47035, 17.34686], [78.47031, 17.34677], [78.47028, 17.34667], [78.47028, 17.34664], [78.47026, 17.34655], [78.47026, 17.3464], [78.47026, 17.3463], [78.47025, 17.34603], [78.47023, 17.3457], [78.47025, 17.3457], [78.47025, 17.34567], [78.47059, 17.34581], [78.47102, 17.346], [78.47156, 17.34615], [78.47253, 17.34631], [78.47345, 17.34646], [78.47362, 17.34685], [78.47379, 17.34704], [78.47389, 17.34719], [78.47436, 17.34705], [78.47443, 17.34715], [78.47447, 17.34722], [78.47451, 17.34737], [78.47452, 17.34742], [78.47469, 17.34728], [78.47483, 17.34718], [78.47519, 17.34689], [78.47537, 17.34668], [78.47559, 17.34634], [78.47588, 17.34594], [78.47589, 17.34592], [78.47582, 17.34589], [78.47565, 17.34574], [78.47559, 17.34568], [78.47526, 17.34539], [78.47494, 17.34518], [78.47493, 17.34518], [78.47469, 17.34499], [78.47463, 17.34491], [78.47452, 17.34466], [78.47441, 17.3443], [78.47426, 17.34358], [78.47417, 17.34273], [78.47417, 17.34223], [78.47357, 17.34226], [78.47341, 17.34219], [78.47333, 17.34211], [78.47328, 17.34174], [78.4732, 17.34105], [78.47316, 17.34103], [78.47293, 17.34089], [78.47289, 17.34075], [78.47295, 17.34031], [78.47329, 17.33853], [78.47375, 17.33668], [78.47277, 17.33684], [78.47195, 17.33698], [78.47189, 17.33698], [78.47136, 17.337], [78.47133, 17.33699], [78.47082, 17.33689], [78.46999, 17.33679], [78.46839, 17.33663], [78.46804, 17.33659], [78.46802, 17.33666], [78.46769, 17.33765], [78.46685, 17.33772], [78.46676, 17.33783], [78.46661, 17.33805], [78.46643, 17.33821], [78.46627, 17.33826], [78.46603, 17.33828], [78.46585, 17.33827], [78.465, 17.33826], [78.46467, 17.3383], [78.46448, 17.33845], [78.46431, 17.33868], [78.4643, 17.33871], [78.46423, 17.33912], [78.46423, 17.33931], [78.4644, 17.33965], [78.46456, 17.34006], [78.46517, 17.34073], [78.46588, 17.34143], [78.46599, 17.34203], [78.46611, 17.34312], [78.46609, 17.34333], [78.46608, 17.34336], [78.46583, 17.34465], [78.46588, 17.34518], [78.46595, 17.34593], [78.46598, 17.34624], [78.46587, 17.34624], [78.46571, 17.34626], [78.46567, 17.34681], [78.46566, 17.34699], [78.46566, 17.34755], [78.46568, 17.34795], [78.46566, 17.34891], [78.46565, 17.34911], [78.4656, 17.34951], [78.46554, 17.34993], [78.46549, 17.35032], [78.46545, 17.35066], [78.46539, 17.35115], [78.46537, 17.35136], [78.46534, 17.35157], [78.46526, 17.35179], [78.46523, 17.35193], [78.46522, 17.35219], [78.46523, 17.3524], [78.46524, 17.35243], [78.46532, 17.35268], [78.46534, 17.35278], [78.46536, 17.35293], [78.46541, 17.35314], [78.46546, 17.35335], [78.46551, 17.35351], [78.4656, 17.35412], [78.4656, 17.35412], [78.46561, 17.35412], [78.46564, 17.35415], [78.46576, 17.35427], [78.46606, 17.35466], [78.46622, 17.35488], [78.46632, 17.35506], [78.46635, 17.35511], [78.46643, 17.35523], [78.46648, 17.35527], [78.46658, 17.35529], [78.46661, 17.3553], [78.46672, 17.35535], [78.46687, 17.35538], [78.46715, 17.35544], [78.46726, 17.35544], [78.46762, 17.35538], [78.46762, 17.35538], [78.46801, 17.35529], [78.46832, 17.35522], [78.46851, 17.35517], [78.46893, 17.35513], [78.46904, 17.3551], [78.46921, 17.35506], [78.46924, 17.35504], [78.46921, 17.35477], [78.46922, 17.35466], [78.46924, 17.3546], [78.46939, 17.35446], [78.46965, 17.35434], [78.46969, 17.3543], [78.46969, 17.35428], [78.46969, 17.35426], [78.4697, 17.35424], [78.46971, 17.3539]]]}}, {"type": "Feature", "properties": {"name": "53-DOODBOWLI", "hospital_count": 5, "circle": "10-FALAKNUMA", "zone": "CHARMINAR ZONE", "ward_no": 53}, "geometry": {"type": "Polygon", "coordinates": [[[78.4656, 17.35412], [78.4656, 17.35412], [78.46551, 17.35351], [78.46546, 17.35335], [78.46541, 17.35314], [78.46536, 17.35293], [78.46534, 17.35278], [78.46532, 17.35268], [78.46524, 17.35243], [78.46508, 17.35242], [78.46496, 17.35232], [78.4648, 17.35228], [78.46461, 17.35231], [78.46436, 17.35224], [78.46422, 17.35225], [78.46388, 17.35231], [78.46361, 17.35236], [78.46345, 17.35199], [78.46327, 17.35205], [78.46333, 17.35225], [78.46324, 17.3523], [78.46324, 17.3524], [78.46297, 17.35238], [78.46278, 17.35242], [78.46246, 17.35248], [78.46222, 17.35254], [78.46219, 17.35251], [78.46216, 17.35247], [78.46196, 17.35145], [78.46171, 17.3495], [78.46171, 17.34947], [78.46174, 17.34947], [78.46177, 17.34942], [78.46149, 17.34913], [78.46125, 17.34891], [78.4611, 17.34869], [78.46098, 17.34852], [78.46096, 17.34848], [78.46079, 17.34816], [78.46064, 17.34792], [78.46063, 17.3479], [78.4606, 17.34786], [78.46037, 17.34756], [78.4601, 17.34738], [78.45991, 17.34723], [78.45959, 17.34699], [78.45943, 17.34683], [78.45931, 17.34677], [78.45929, 17.34676], [78.45924, 17.34674], [78.45919, 17.34674], [78.45919, 17.34675], [78.45906, 17.34681], [78.4586, 17.34691], [78.45803, 17.34694], [78.45721, 17.34684], [78.45714, 17.34802], [78.45711, 17.34847], [78.45709, 17.34876], [78.45708, 17.34927], [78.45707, 17.34938], [78.45699, 17.34988], [78.45698, 17.34993], [78.45689, 17.35086], [78.45681, 17.35143], [78.45675, 17.35181], [78.45669, 17.35221], [78.45676, 17.35223], [78.45682, 17.35225], [78.45694, 17.35228], [78.45702, 17.35232], [78.45708, 17.35236], [78.45718, 17.35239], [78.45728, 17.35245], [78.45745, 17.35255], [78.45755, 17.35263], [78.45764, 17.35268], [78.45771, 17.35273], [78.45788, 17.35286], [78.45798, 17.35293], [78.45807, 17.353], [78.4582, 17.35312], [78.45839, 17.35331], [78.45858, 17.35351], [78.45868, 17.35361], [78.45873, 17.35368], [78.45906, 17.35411], [78.45914, 17.35421], [78.45948, 17.35494], [78.45977, 17.35568], [78.45967, 17.3557], [78.45955, 17.35566], [78.45945, 17.35564], [78.45929, 17.35559], [78.45908, 17.35553], [78.45884, 17.35541], [78.45854, 17.35526], [78.45823, 17.35513], [78.45823, 17.35513], [78.45788, 17.35501], [78.45776, 17.35497], [78.45763, 17.35496], [78.45738, 17.35496], [78.45655, 17.35503], [78.45603, 17.35516], [78.45495, 17.35561], [78.45469, 17.35577], [78.45454, 17.35608], [78.4546, 17.35615], [78.45476, 17.35668], [78.45481, 17.35691], [78.45484, 17.3571], [78.45485, 17.35718], [78.4549, 17.35754], [78.45499, 17.35814], [78.45506, 17.35866], [78.45515, 17.35913], [78.45515, 17.35914], [78.45518, 17.35925], [78.4553, 17.35981], [78.45542, 17.36033], [78.45543, 17.36036], [78.45556, 17.36085], [78.45563, 17.36107], [78.45565, 17.3611], [78.45575, 17.36149], [78.45595, 17.36225], [78.45611, 17.36276], [78.45629, 17.3633], [78.45642, 17.36373], [78.45649, 17.36396], [78.45688, 17.36386], [78.45707, 17.3638], [78.4571, 17.36379], [78.45712, 17.36379], [78.45741, 17.36424], [78.45783, 17.36381], [78.45814, 17.36351], [78.45835, 17.36331], [78.45871, 17.36315], [78.45876, 17.36315], [78.45874, 17.36292], [78.45892, 17.3627], [78.45898, 17.36263], [78.45924, 17.36239], [78.45942, 17.36216], [78.45956, 17.36199], [78.45958, 17.36197], [78.46017, 17.36174], [78.46035, 17.36159], [78.46055, 17.36137], [78.46068, 17.36115], [78.46094, 17.36087], [78.46095, 17.36086], [78.46118, 17.3606], [78.46146, 17.3602], [78.46167, 17.35984], [78.46175, 17.3597], [78.46182, 17.35958], [78.46196, 17.35943], [78.46234, 17.35919], [78.46241, 17.35914], [78.46295, 17.35875], [78.46299, 17.35872], [78.46336, 17.35843], [78.46349, 17.35834], [78.46356, 17.35828], [78.46376, 17.35813], [78.46424, 17.35782], [78.46423, 17.35764], [78.46434, 17.35759], [78.46445, 17.3575], [78.46456, 17.3574], [78.46485, 17.35704], [78.4649, 17.35697], [78.46508, 17.35656], [78.46511, 17.35647], [78.46516, 17.35628], [78.46518, 17.35623], [78.46518, 17.3562], [78.46544, 17.35573], [78.46568, 17.35527], [78.46571, 17.35522], [78.46568, 17.35476], [78.46564, 17.35444], [78.4656, 17.35412]]]}}, {"type": "Feature", "properties": {"name": "55-RAMNASTPURA", "hospital_count": 2, "circle": "10-FALAKNUMA", "zone": "CHARMINAR ZONE", "ward_no": 55}, "geometry": {"type": "Polygon", "coordinates": [[[78.44897, 17.35767], [78.449, 17.35762], [78.44901, 17.35764], [78.44951, 17.35745], [78.44956, 17.35744], [78.45008, 17.35728], [78.45079, 17.35704], [78.45156, 17.35687], [78.45229, 17.35677], [78.45247, 17.35672], [78.45268, 17.35668], [78.45319, 17.35656], [78.45321, 17.35656], [78.4533, 17.35655], [78.4534, 17.35653], [78.45364, 17.35648], [78.4539, 17.35638], [78.45423, 17.35626], [78.45451, 17.3561], [78.45454, 17.35608], [78.45469, 17.35577], [78.45495, 17.35561], [78.45603, 17.35516], [78.45655, 17.35503], [78.45738, 17.35496], [78.45763, 17.35496], [78.45776, 17.35497], [78.45788, 17.35501], [78.45823, 17.35513], [78.45823, 17.35513], [78.45854, 17.35526], [78.45884, 17.35541], [78.45908, 17.35553], [78.45929, 17.35559], [78.45945, 17.35564], [78.45955, 17.35566], [78.45967, 17.3557], [78.45977, 17.35568], [78.45948, 17.35494], [78.45914, 17.35421], [78.45906, 17.35411], [78.45873, 17.35368], [78.45868, 17.35361], [78.45858, 17.35351], [78.45839, 17.35331], [78.4582, 17.35312], [78.45807, 17.353], [78.45798, 17.35293], [78.45788, 17.35286], [78.45771, 17.35273], [78.45764, 17.35268], [78.45755, 17.35263], [78.45745, 17.35255], [78.45728, 17.35245], [78.45718, 17.35239], [78.45708, 17.35236], [78.45702, 17.35232], [78.45694, 17.35228], [78.45682, 17.35225], [78.45676, 17.35223], [78.45669, 17.35221], [78.45675, 17.35181], [78.45681, 17.35143], [78.45689, 17.35086], [78.45698, 17.34993], [78.45699, 17.34988], [78.45707, 17.34938], [78.45708, 17.34927], [78.45709, 17.34876], [78.45711, 17.34847], [78.45714, 17.34802], [78.45721, 17.34684], [78.45803, 17.34694], [78.4586, 17.34691], [78.45906, 17.34681], [78.45919, 17.34675], [78.45919, 17.34674], [78.4591, 17.34639], [78.45903, 17.34599], [78.45902, 17.3459], [78.459, 17.34554], [78.45897, 17.34472], [78.45889, 17.34474], [78.45886, 17.34474], [78.45852, 17.34482], [78.45827, 17.34488], [78.45824, 17.34482], [78.45822, 17.34477], [78.4581, 17.34454], [78.45809, 17.34454], [78.45807, 17.34455], [78.45783, 17.34458], [78.45778, 17.34454], [78.45774, 17.34449], [78.45767, 17.34445], [78.45748, 17.34411], [78.45737, 17.344], [78.45726, 17.344], [78.45717, 17.34399], [78.45698, 17.34396], [78.4565, 17.34344], [78.45607, 17.34296], [78.45589, 17.34281], [78.4557, 17.34257], [78.45531, 17.34221], [78.45482, 17.34183], [78.45444, 17.34153], [78.45435, 17.34145], [78.45405, 17.34161], [78.45403, 17.34162], [78.45383, 17.34174], [78.4534, 17.34196], [78.4527, 17.34246], [78.45269, 17.34246], [78.4519, 17.34205], [78.4518, 17.342], [78.45132, 17.3417], [78.45104, 17.34153], [78.45085, 17.34141], [78.45057, 17.34126], [78.45051, 17.34123], [78.45046, 17.3412], [78.4504, 17.34117], [78.45058, 17.34038], [78.4507, 17.33986], [78.45077, 17.33936], [78.45076, 17.33891], [78.45063, 17.33829], [78.45045, 17.33789], [78.45031, 17.33766], [78.44987, 17.33712], [78.44979, 17.33704], [78.4497, 17.33696], [78.44931, 17.33671], [78.44929, 17.33669], [78.44887, 17.33647], [78.44875, 17.33642], [78.44874, 17.33642], [78.44856, 17.33635], [78.44819, 17.3362], [78.44807, 17.33616], [78.44804, 17.33628], [78.448, 17.33637], [78.448, 17.33639], [78.44795, 17.33654], [78.44772, 17.33645], [78.44724, 17.33624], [78.44716, 17.3362], [78.44685, 17.33618], [78.44666, 17.33619], [78.44662, 17.3362], [78.44632, 17.33637], [78.44611, 17.33654], [78.44605, 17.33667], [78.4461, 17.33694], [78.44611, 17.33705], [78.44614, 17.33719], [78.44608, 17.33742], [78.44608, 17.33743], [78.44594, 17.33776], [78.44593, 17.33779], [78.4458, 17.33809], [78.44573, 17.33817], [78.44549, 17.33848], [78.44541, 17.33858], [78.44539, 17.33861], [78.44531, 17.33872], [78.44525, 17.33883], [78.44516, 17.33898], [78.44491, 17.33942], [78.44491, 17.33942], [78.44488, 17.33948], [78.44464, 17.3397], [78.4445, 17.3398], [78.44431, 17.33991], [78.44428, 17.33992], [78.4441, 17.33998], [78.4439, 17.34002], [78.44375, 17.33998], [78.44367, 17.33993], [78.44351, 17.33965], [78.44342, 17.33949], [78.44338, 17.33942], [78.44337, 17.33939], [78.44312, 17.33932], [78.44281, 17.33928], [78.44265, 17.33932], [78.44261, 17.33935], [78.44252, 17.33942], [78.44242, 17.3395], [78.44238, 17.33952], [78.44225, 17.33992], [78.44196, 17.34018], [78.44166, 17.34034], [78.44152, 17.34039], [78.44144, 17.34042], [78.4409, 17.34063], [78.44057, 17.34082], [78.4403, 17.34168], [78.44002, 17.34225], [78.43997, 17.34237], [78.44012, 17.34331], [78.44022, 17.34387], [78.44, 17.3444], [78.43988, 17.34452], [78.43971, 17.34456], [78.43945, 17.34458], [78.43941, 17.34458], [78.43934, 17.34459], [78.43879, 17.34453], [78.43848, 17.34444], [78.43838, 17.34443], [78.43822, 17.3445], [78.43785, 17.34478], [78.43775, 17.34485], [78.43757, 17.34491], [78.4372, 17.34499], [78.43694, 17.34514], [78.43681, 17.34521], [78.43668, 17.3452], [78.43665, 17.34515], [78.43658, 17.34476], [78.43635, 17.34428], [78.43611, 17.34405], [78.43594, 17.34402], [78.43542, 17.34404], [78.43514, 17.34401], [78.43469, 17.34394], [78.43402, 17.344], [78.43379, 17.34408], [78.43352, 17.34405], [78.43319, 17.34402], [78.43298, 17.34374], [78.43273, 17.34354], [78.43256, 17.34349], [78.43243, 17.3435], [78.43236, 17.34351], [78.43227, 17.34353], [78.43216, 17.34352], [78.43212, 17.34349], [78.43206, 17.34343], [78.43159, 17.34284], [78.43149, 17.34274], [78.43139, 17.34264], [78.43134, 17.34251], [78.43124, 17.34219], [78.43114, 17.34187], [78.43107, 17.34186], [78.43097, 17.34183], [78.43086, 17.3418], [78.43067, 17.34182], [78.4306, 17.34179], [78.43061, 17.34176], [78.43062, 17.34163], [78.43063, 17.3416], [78.43065, 17.34157], [78.4307, 17.34152], [78.43101, 17.34143], [78.43104, 17.34131], [78.4311, 17.34123], [78.43124, 17.34112], [78.43127, 17.34104], [78.43127, 17.34089], [78.43126, 17.34088], [78.43113, 17.34061], [78.43072, 17.34007], [78.43065, 17.34003], [78.43057, 17.33999], [78.43037, 17.33999], [78.43006, 17.34004], [78.42988, 17.34008], [78.42975, 17.34012], [78.4297, 17.34019], [78.42972, 17.34029], [78.42972, 17.34034], [78.42976, 17.34052], [78.42977, 17.34055], [78.4298, 17.34096], [78.42975, 17.34101], [78.42961, 17.34106], [78.42893, 17.34118], [78.4288, 17.3412], [78.42853, 17.34127], [78.42793, 17.34135], [78.42743, 17.34136], [78.42737, 17.3414], [78.42736, 17.34149], [78.42735, 17.34158], [78.42736, 17.34178], [78.42739, 17.34186], [78.42748, 17.34188], [78.42755, 17.34189], [78.42765, 17.34191], [78.4277, 17.34196], [78.42771, 17.34196], [78.42776, 17.34199], [78.42777, 17.34199], [78.42785, 17.342], [78.42793, 17.342], [78.42809, 17.34201], [78.42827, 17.34203], [78.42846, 17.34207], [78.42847, 17.34208], [78.42857, 17.34211], [78.42868, 17.34214], [78.42899, 17.34222], [78.42911, 17.34226], [78.42915, 17.34227], [78.42926, 17.34233], [78.42926, 17.34233], [78.42928, 17.34235], [78.42936, 17.3424], [78.42944, 17.34249], [78.4295, 17.3426], [78.42956, 17.3428], [78.42957, 17.34283], [78.4296, 17.34292], [78.42966, 17.343], [78.42974, 17.34307], [78.42975, 17.34307], [78.42975, 17.34307], [78.42991, 17.34317], [78.42998, 17.34323], [78.43006, 17.34328], [78.43013, 17.34337], [78.4302, 17.34351], [78.43027, 17.34377], [78.43027, 17.34378], [78.43028, 17.34391], [78.43028, 17.34393], [78.43027, 17.34413], [78.43023, 17.34431], [78.43023, 17.34433], [78.43017, 17.34446], [78.43017, 17.34456], [78.43017, 17.34459], [78.43019, 17.34477], [78.43019, 17.34481], [78.43022, 17.34495], [78.43025, 17.34513], [78.43025, 17.34514], [78.43028, 17.34518], [78.43031, 17.34522], [78.43034, 17.34525], [78.43036, 17.34526], [78.43042, 17.34532], [78.43055, 17.34539], [78.43057, 17.34539], [78.43065, 17.34541], [78.43074, 17.3454], [78.43081, 17.34536], [78.43082, 17.34535], [78.43083, 17.34534], [78.43095, 17.34521], [78.431, 17.34515], [78.4312, 17.34507], [78.43127, 17.34504], [78.43132, 17.34502], [78.43141, 17.34498], [78.43148, 17.34496], [78.43151, 17.34494], [78.43152, 17.34494], [78.43162, 17.3449], [78.4317, 17.34488], [78.43172, 17.34487], [78.43173, 17.34487], [78.43177, 17.34488], [78.4318, 17.34491], [78.43181, 17.34491], [78.43182, 17.34492], [78.43184, 17.34497], [78.43186, 17.34506], [78.43183, 17.34528], [78.43183, 17.34529], [78.43183, 17.34531], [78.43183, 17.34535], [78.43182, 17.34559], [78.4318, 17.34571], [78.43179, 17.34574], [78.43179, 17.34575], [78.43176, 17.34583], [78.43173, 17.34591], [78.43173, 17.34595], [78.43172, 17.346], [78.43172, 17.34603], [78.43172, 17.34606], [78.43172, 17.34608], [78.43172, 17.34611], [78.43171, 17.34615], [78.43174, 17.34621], [78.43175, 17.34623], [78.43175, 17.34623], [78.43178, 17.34627], [78.43184, 17.34634], [78.43199, 17.34644], [78.4321, 17.34649], [78.43223, 17.34651], [78.43233, 17.34651], [78.4324, 17.34647], [78.43253, 17.34633], [78.43262, 17.34626], [78.43264, 17.34625], [78.4327, 17.34622], [78.43281, 17.34625], [78.43283, 17.34626], [78.43287, 17.3463], [78.43294, 17.34638], [78.43295, 17.3464], [78.43299, 17.34648], [78.43301, 17.34655], [78.43301, 17.34659], [78.43301, 17.34663], [78.43299, 17.34667], [78.43297, 17.34675], [78.43296, 17.34684], [78.43297, 17.34697], [78.43304, 17.34711], [78.43305, 17.34713], [78.43307, 17.34723], [78.43308, 17.34724], [78.43308, 17.34729], [78.43309, 17.34735], [78.43309, 17.3474], [78.43309, 17.34743], [78.43308, 17.34745], [78.43305, 17.34758], [78.43303, 17.34766], [78.43302, 17.3477], [78.43301, 17.34773], [78.433, 17.34779], [78.43299, 17.34783], [78.43298, 17.34784], [78.43293, 17.34789], [78.43279, 17.34795], [78.43258, 17.34806], [78.43252, 17.3481], [78.43249, 17.34811], [78.43248, 17.34812], [78.43247, 17.34813], [78.43243, 17.34815], [78.43241, 17.34817], [78.43226, 17.34826], [78.43199, 17.34847], [78.43173, 17.34866], [78.43159, 17.34875], [78.43131, 17.34892], [78.43121, 17.34898], [78.43095, 17.34912], [78.43088, 17.34917], [78.43085, 17.34919], [78.43081, 17.34925], [78.4308, 17.34932], [78.43083, 17.3494], [78.43084, 17.34943], [78.43089, 17.34957], [78.43102, 17.3497], [78.43105, 17.34972], [78.43141, 17.35003], [78.43153, 17.35018], [78.43154, 17.35019], [78.43169, 17.35035], [78.43173, 17.35043], [78.43189, 17.35073], [78.43195, 17.35082], [78.43197, 17.35085], [78.43213, 17.35112], [78.43214, 17.35114], [78.43219, 17.35122], [78.43224, 17.35129], [78.43226, 17.35132], [78.43227, 17.35135], [78.43232, 17.35145], [78.43238, 17.35178], [78.43243, 17.35198], [78.43244, 17.35203], [78.43252, 17.35231], [78.43252, 17.35237], [78.43249, 17.35243], [78.43244, 17.35248], [78.43243, 17.35249], [78.4324, 17.35251], [78.43228, 17.3526], [78.4322, 17.35275], [78.43218, 17.35287], [78.43219, 17.35302], [78.43221, 17.35306], [78.43224, 17.35315], [78.43229, 17.35321], [78.43232, 17.35325], [78.43241, 17.35337], [78.43247, 17.35344], [78.43249, 17.35348], [78.43251, 17.3535], [78.43253, 17.35354], [78.43257, 17.35365], [78.43262, 17.35375], [78.43263, 17.35378], [78.43269, 17.3539], [78.43302, 17.35363], [78.43335, 17.35334], [78.43355, 17.35321], [78.43383, 17.3531], [78.43398, 17.35303], [78.43423, 17.35298], [78.43426, 17.35298], [78.43448, 17.35296], [78.43479, 17.35294], [78.43494, 17.35294], [78.4351, 17.35289], [78.4352, 17.35285], [78.4354, 17.35269], [78.43567, 17.35244], [78.43576, 17.35239], [78.43595, 17.35227], [78.436, 17.35233], [78.43602, 17.35235], [78.43603, 17.35236], [78.43618, 17.35253], [78.43624, 17.3526], [78.43629, 17.35265], [78.43628, 17.3526], [78.43705, 17.35237], [78.43707, 17.3524], [78.43707, 17.35241], [78.43734, 17.35263], [78.43734, 17.35263], [78.43742, 17.35271], [78.43777, 17.35306], [78.43782, 17.35311], [78.43822, 17.35362], [78.43819, 17.35365], [78.43846, 17.35419], [78.43855, 17.35437], [78.43863, 17.35455], [78.43877, 17.35485], [78.43891, 17.3556], [78.43896, 17.35576], [78.43899, 17.35584], [78.43899, 17.35584], [78.43899, 17.35592], [78.43931, 17.35584], [78.43988, 17.35562], [78.44076, 17.35529], [78.44082, 17.35526], [78.44103, 17.3552], [78.44101, 17.35517], [78.44078, 17.35467], [78.44071, 17.35449], [78.44074, 17.35447], [78.44126, 17.35423], [78.44132, 17.35421], [78.44138, 17.35419], [78.44183, 17.35401], [78.44186, 17.35404], [78.44204, 17.35425], [78.44209, 17.35431], [78.44223, 17.35435], [78.44253, 17.35432], [78.44268, 17.35452], [78.44271, 17.35456], [78.44272, 17.35455], [78.44281, 17.35451], [78.44299, 17.35444], [78.44307, 17.35441], [78.44309, 17.3544], [78.44315, 17.35437], [78.44324, 17.35422], [78.44329, 17.35414], [78.44338, 17.35398], [78.44353, 17.35374], [78.44373, 17.3533], [78.44376, 17.35322], [78.44372, 17.35299], [78.44357, 17.35276], [78.44369, 17.35272], [78.44388, 17.35296], [78.44395, 17.35314], [78.44397, 17.35318], [78.44404, 17.35333], [78.44426, 17.35384], [78.4445, 17.3544], [78.4447, 17.35494], [78.4448, 17.35497], [78.4456, 17.35518], [78.44592, 17.35526], [78.4459, 17.35539], [78.4459, 17.3554], [78.4459, 17.35542], [78.44592, 17.35565], [78.4459, 17.35567], [78.44585, 17.35569], [78.44579, 17.35572], [78.44574, 17.35581], [78.44566, 17.35604], [78.44565, 17.35606], [78.44563, 17.35615], [78.44564, 17.35627], [78.44568, 17.3564], [78.44571, 17.35649], [78.44579, 17.35679], [78.44577, 17.3568], [78.44564, 17.35684], [78.44559, 17.35685], [78.4455, 17.35688], [78.44554, 17.35702], [78.44555, 17.35708], [78.44561, 17.3573], [78.44559, 17.35731], [78.44557, 17.35731], [78.44522, 17.35734], [78.44523, 17.35753], [78.44524, 17.3577], [78.44525, 17.35802], [78.44535, 17.35831], [78.44535, 17.35832], [78.44538, 17.35842], [78.44549, 17.35895], [78.44686, 17.35896], [78.44735, 17.35894], [78.44762, 17.35884], [78.44768, 17.3588], [78.44783, 17.3587], [78.44786, 17.35868], [78.44795, 17.35858], [78.44819, 17.35832], [78.44857, 17.35793], [78.44861, 17.3579], [78.44884, 17.35776], [78.44897, 17.35767]]]}}, {"type": "Feature", "properties": {"name": "43-CHANDRAYANGUTTA", "hospital_count": 2, "circle": "8-CHANDRAYANGUTTA", "zone": "CHARMINAR ZONE", "ward_no": 43}, "geometry": {"type": "Polygon", "coordinates": [[[78.49261, 17.327], [78.49203, 17.32683], [78.49188, 17.3268], [78.49189, 17.32675], [78.4919, 17.3267], [78.49201, 17.32635], [78.49199, 17.32634], [78.49165, 17.32618], [78.49111, 17.32604], [78.49114, 17.32591], [78.49125, 17.32544], [78.49128, 17.32534], [78.49131, 17.32519], [78.49166, 17.32516], [78.49176, 17.32496], [78.49179, 17.32473], [78.49179, 17.32442], [78.49179, 17.32402], [78.49179, 17.32398], [78.49175, 17.32398], [78.49173, 17.32308], [78.49166, 17.32307], [78.4897, 17.32295], [78.48884, 17.32289], [78.48844, 17.32339], [78.48837, 17.32337], [78.48837, 17.32338], [78.48762, 17.32334], [78.48604, 17.32335], [78.48361, 17.32328], [78.48317, 17.32328], [78.48289, 17.32322], [78.48345, 17.32286], [78.48383, 17.32238], [78.48456, 17.32178], [78.4848, 17.3216], [78.48513, 17.3215], [78.48542, 17.32139], [78.48557, 17.32127], [78.48575, 17.32105], [78.48579, 17.32097], [78.48592, 17.32071], [78.486, 17.32046], [78.4861, 17.32024], [78.48612, 17.32004], [78.48612, 17.32002], [78.48612, 17.31998], [78.48605, 17.31997], [78.48563, 17.31992], [78.48513, 17.31984], [78.48463, 17.31984], [78.48454, 17.31983], [78.48439, 17.31973], [78.48423, 17.3197], [78.48417, 17.31969], [78.48424, 17.31926], [78.48433, 17.3189], [78.48447, 17.31864], [78.4846, 17.31837], [78.48465, 17.31839], [78.48471, 17.31835], [78.48488, 17.3184], [78.48494, 17.31852], [78.48509, 17.3185], [78.48516, 17.31843], [78.48572, 17.31849], [78.48587, 17.31853], [78.48641, 17.31812], [78.48673, 17.31783], [78.48511, 17.3176], [78.48477, 17.31751], [78.48452, 17.31737], [78.4844, 17.31732], [78.48359, 17.31725], [78.48336, 17.31721], [78.48332, 17.31784], [78.48327, 17.31862], [78.48324, 17.31862], [78.48265, 17.31855], [78.48198, 17.31851], [78.48192, 17.3189], [78.48188, 17.31902], [78.48155, 17.31916], [78.48152, 17.31962], [78.48148, 17.31979], [78.48085, 17.31979], [78.48085, 17.31989], [78.48083, 17.32013], [78.48085, 17.32113], [78.48084, 17.32125], [78.48034, 17.32125], [78.4804, 17.32177], [78.48034, 17.32226], [78.48029, 17.32258], [78.47968, 17.32248], [78.47927, 17.32247], [78.47887, 17.32243], [78.47873, 17.32264], [78.47872, 17.32272], [78.47871, 17.3227], [78.47862, 17.32281], [78.47817, 17.32284], [78.47805, 17.32281], [78.47777, 17.32277], [78.47754, 17.32271], [78.47704, 17.3224], [78.47703, 17.32241], [78.47685, 17.32228], [78.47682, 17.32227], [78.4771, 17.32201], [78.47614, 17.3219], [78.47532, 17.32181], [78.47355, 17.32159], [78.47349, 17.32159], [78.47357, 17.32111], [78.47327, 17.32104], [78.47151, 17.32069], [78.47139, 17.32068], [78.47124, 17.32067], [78.47091, 17.32096], [78.47081, 17.32102], [78.47018, 17.3209], [78.47017, 17.32081], [78.47007, 17.32079], [78.46997, 17.31985], [78.4699, 17.31975], [78.46925, 17.31998], [78.46727, 17.32035], [78.46713, 17.3198], [78.46712, 17.31977], [78.46708, 17.31965], [78.46681, 17.31857], [78.46706, 17.31847], [78.46743, 17.31838], [78.46836, 17.31818], [78.46825, 17.31774], [78.46808, 17.31648], [78.46805, 17.31599], [78.46805, 17.31589], [78.46833, 17.31571], [78.4685, 17.3156], [78.46954, 17.31551], [78.47003, 17.31532], [78.47059, 17.31532], [78.47063, 17.3148], [78.47073, 17.31471], [78.47079, 17.31467], [78.4708, 17.31466], [78.47084, 17.31464], [78.4709, 17.31431], [78.47087, 17.31387], [78.47085, 17.31386], [78.47007, 17.3138], [78.47001, 17.3138], [78.46899, 17.31375], [78.46808, 17.31374], [78.46792, 17.31375], [78.46769, 17.31473], [78.46728, 17.31551], [78.46686, 17.31625], [78.46654, 17.31662], [78.46632, 17.31676], [78.46625, 17.3168], [78.46587, 17.31709], [78.46582, 17.31714], [78.46554, 17.31774], [78.46568, 17.31833], [78.46573, 17.31852], [78.46606, 17.31842], [78.46619, 17.31906], [78.4664, 17.31979], [78.46619, 17.31983], [78.46627, 17.32016], [78.46646, 17.32081], [78.46664, 17.32134], [78.46666, 17.3214], [78.46668, 17.32137], [78.46671, 17.32134], [78.46679, 17.32126], [78.46691, 17.32119], [78.46706, 17.3211], [78.46712, 17.32109], [78.46729, 17.32105], [78.46742, 17.32103], [78.46746, 17.32117], [78.4675, 17.32138], [78.46764, 17.3216], [78.46766, 17.32163], [78.46794, 17.32178], [78.468, 17.32181], [78.46808, 17.32186], [78.46838, 17.32203], [78.46916, 17.32246], [78.47024, 17.32307], [78.47101, 17.32353], [78.47148, 17.32388], [78.47217, 17.32445], [78.47272, 17.3249], [78.47324, 17.32536], [78.4733, 17.32539], [78.47364, 17.32564], [78.47403, 17.32582], [78.47408, 17.32584], [78.47471, 17.32606], [78.47519, 17.32624], [78.47536, 17.3263], [78.47602, 17.32651], [78.47632, 17.32662], [78.47636, 17.32664], [78.4764, 17.32664], [78.4765, 17.32667], [78.47724, 17.32687], [78.47911, 17.32753], [78.47974, 17.32779], [78.47976, 17.32779], [78.48014, 17.32791], [78.48132, 17.32834], [78.48223, 17.3287], [78.48288, 17.32894], [78.48405, 17.3294], [78.48514, 17.32981], [78.4862, 17.33022], [78.48682, 17.33047], [78.4878, 17.33088], [78.48802, 17.331], [78.48811, 17.33104], [78.48814, 17.33105], [78.48841, 17.33117], [78.48844, 17.33118], [78.48884, 17.33135], [78.4895, 17.33154], [78.48993, 17.33168], [78.4901, 17.33176], [78.49042, 17.33191], [78.49067, 17.33209], [78.49102, 17.33235], [78.49162, 17.33286], [78.49179, 17.33297], [78.4918, 17.33291], [78.49184, 17.33279], [78.49181, 17.33233], [78.49175, 17.33178], [78.49191, 17.33177], [78.49207, 17.33175], [78.49207, 17.33097], [78.49206, 17.3305], [78.49208, 17.32986], [78.49211, 17.32966], [78.49217, 17.32948], [78.49221, 17.3294], [78.49237, 17.32908], [78.49249, 17.32873], [78.4925, 17.32867], [78.49256, 17.32859], [78.49258, 17.32814], [78.49262, 17.32765], [78.49264, 17.32714], [78.49264, 17.32701], [78.49261, 17.327]]]}}, {"type": "Feature", "properties": {"name": "44-UPPUGUDA", "hospital_count": 2, "circle": "8-CHANDRAYANGUTTA", "zone": "CHARMINAR ZONE", "ward_no": 44}, "geometry": {"type": "Polygon", "coordinates": [[[78.49079, 17.33938], [78.49098, 17.33883], [78.49112, 17.33843], [78.49129, 17.33804], [78.49138, 17.33783], [78.49172, 17.33752], [78.49186, 17.33728], [78.49212, 17.33673], [78.49225, 17.33638], [78.4923, 17.33608], [78.4923, 17.33585], [78.49218, 17.33557], [78.49213, 17.33526], [78.49219, 17.33497], [78.49236, 17.33468], [78.49273, 17.33442], [78.49305, 17.3341], [78.49264, 17.33374], [78.49179, 17.33297], [78.49162, 17.33286], [78.49102, 17.33235], [78.49067, 17.33209], [78.49042, 17.33191], [78.4901, 17.33176], [78.48993, 17.33168], [78.4895, 17.33154], [78.48884, 17.33135], [78.48844, 17.33118], [78.48841, 17.33117], [78.48814, 17.33105], [78.48811, 17.33104], [78.48802, 17.331], [78.4878, 17.33088], [78.48682, 17.33047], [78.4862, 17.33022], [78.48615, 17.33019], [78.48592, 17.3301], [78.48501, 17.32975], [78.48465, 17.32962], [78.4837, 17.32924], [78.48288, 17.32894], [78.48223, 17.3287], [78.48132, 17.32834], [78.48014, 17.32791], [78.47976, 17.32779], [78.4798, 17.32815], [78.47984, 17.32853], [78.47995, 17.32937], [78.48004, 17.33006], [78.48006, 17.33015], [78.48012, 17.33055], [78.48019, 17.33083], [78.48029, 17.33118], [78.48048, 17.33177], [78.48066, 17.33235], [78.48076, 17.33271], [78.48076, 17.33273], [78.48089, 17.33312], [78.48092, 17.33322], [78.48106, 17.33363], [78.48108, 17.33374], [78.48112, 17.33393], [78.4811, 17.33438], [78.48102, 17.33468], [78.4809, 17.335], [78.4808, 17.33535], [78.48078, 17.33558], [78.48078, 17.33581], [78.48075, 17.33639], [78.48069, 17.33693], [78.48066, 17.33706], [78.48063, 17.3372], [78.48068, 17.33721], [78.48075, 17.33723], [78.48088, 17.33726], [78.48127, 17.33734], [78.4814, 17.33741], [78.48149, 17.33767], [78.48162, 17.33793], [78.48203, 17.33796], [78.48237, 17.33834], [78.48258, 17.3383], [78.48287, 17.33827], [78.48289, 17.33837], [78.48289, 17.33858], [78.48295, 17.3387], [78.48298, 17.33889], [78.48306, 17.33905], [78.48311, 17.33921], [78.48318, 17.33935], [78.48304, 17.33944], [78.48312, 17.33954], [78.48303, 17.33967], [78.48271, 17.33969], [78.48243, 17.33969], [78.48235, 17.33963], [78.48225, 17.33963], [78.48183, 17.33964], [78.48164, 17.33965], [78.48138, 17.3397], [78.48128, 17.33986], [78.48181, 17.34049], [78.48295, 17.34177], [78.48336, 17.34227], [78.48356, 17.34222], [78.48362, 17.34223], [78.48364, 17.34226], [78.48392, 17.34228], [78.48438, 17.3423], [78.48456, 17.34232], [78.48483, 17.34234], [78.48527, 17.34243], [78.48589, 17.34244], [78.48617, 17.34235], [78.48652, 17.34224], [78.48679, 17.3421], [78.48695, 17.34198], [78.48702, 17.34186], [78.48704, 17.3419], [78.4874, 17.34179], [78.48788, 17.34161], [78.48891, 17.34131], [78.48954, 17.34119], [78.48982, 17.34112], [78.48988, 17.34099], [78.48987, 17.34098], [78.49011, 17.34067], [78.49028, 17.34034], [78.49047, 17.34008], [78.4906, 17.3397], [78.49071, 17.33946], [78.49079, 17.33938]]]}}, {"type": "Feature", "properties": {"name": "35-GOWLIPURA", "hospital_count": 2, "circle": "7-SANTOSH NAGAR", "zone": "CHARMINAR ZONE", "ward_no": 35}, "geometry": {"type": "Polygon", "coordinates": [[[78.47292, 17.35076], [78.47312, 17.35075], [78.47317, 17.35076], [78.4732, 17.35075], [78.47331, 17.35075], [78.47354, 17.35074], [78.47384, 17.35072], [78.47397, 17.35071], [78.47409, 17.3507], [78.4742, 17.35071], [78.47421, 17.35071], [78.47439, 17.3507], [78.4745, 17.35071], [78.47455, 17.35071], [78.47502, 17.35076], [78.47536, 17.35078], [78.4755, 17.35079], [78.4755, 17.35079], [78.47551, 17.35079], [78.47562, 17.35078], [78.47575, 17.35076], [78.47604, 17.35068], [78.47622, 17.35063], [78.47628, 17.35061], [78.47647, 17.35056], [78.47672, 17.3505], [78.47685, 17.35046], [78.47689, 17.35046], [78.47694, 17.35046], [78.47698, 17.35047], [78.47708, 17.3505], [78.47717, 17.35054], [78.4772, 17.35056], [78.47727, 17.35054], [78.47735, 17.35047], [78.47739, 17.35044], [78.47752, 17.35022], [78.47764, 17.35009], [78.47779, 17.34995], [78.47795, 17.34979], [78.47812, 17.34966], [78.47814, 17.34965], [78.47816, 17.34964], [78.47821, 17.34961], [78.47834, 17.34953], [78.47845, 17.34945], [78.47851, 17.34934], [78.47853, 17.34931], [78.4786, 17.34915], [78.47865, 17.34909], [78.47871, 17.34898], [78.47874, 17.34892], [78.47874, 17.3489], [78.47876, 17.34887], [78.47899, 17.34886], [78.47919, 17.34885], [78.47927, 17.34884], [78.47939, 17.34884], [78.47949, 17.34878], [78.47954, 17.34875], [78.47959, 17.34874], [78.47974, 17.3487], [78.47984, 17.34868], [78.48008, 17.34861], [78.48023, 17.34857], [78.48031, 17.34854], [78.48037, 17.34854], [78.48054, 17.34851], [78.48076, 17.34851], [78.48081, 17.34853], [78.48085, 17.34855], [78.48176, 17.34844], [78.48193, 17.34842], [78.48202, 17.34841], [78.48267, 17.34835], [78.48298, 17.34829], [78.48335, 17.34821], [78.48357, 17.34813], [78.48362, 17.34812], [78.48374, 17.34807], [78.48377, 17.34806], [78.48379, 17.34806], [78.4839, 17.34805], [78.48454, 17.34787], [78.48489, 17.34774], [78.4851, 17.34762], [78.48526, 17.34752], [78.48536, 17.3474], [78.48545, 17.34726], [78.48562, 17.34693], [78.48574, 17.34677], [78.48584, 17.34664], [78.48604, 17.34642], [78.48668, 17.34595], [78.48664, 17.34591], [78.48623, 17.34544], [78.48581, 17.34496], [78.48513, 17.34425], [78.48464, 17.34367], [78.48425, 17.3432], [78.48388, 17.34277], [78.48379, 17.34264], [78.48367, 17.34235], [78.48364, 17.34226], [78.48362, 17.34223], [78.48356, 17.34222], [78.48336, 17.34227], [78.48295, 17.34177], [78.48181, 17.34049], [78.48128, 17.33986], [78.48138, 17.3397], [78.48164, 17.33965], [78.48183, 17.33964], [78.48225, 17.33963], [78.48235, 17.33963], [78.48243, 17.33969], [78.48271, 17.33969], [78.48303, 17.33967], [78.48312, 17.33954], [78.48304, 17.33944], [78.48318, 17.33935], [78.48311, 17.33921], [78.48306, 17.33905], [78.48298, 17.33889], [78.48295, 17.3387], [78.48289, 17.33858], [78.48289, 17.33837], [78.48287, 17.33827], [78.48258, 17.3383], [78.48237, 17.33834], [78.48203, 17.33796], [78.48162, 17.33793], [78.48149, 17.33767], [78.4814, 17.33741], [78.48127, 17.33734], [78.48088, 17.33726], [78.48075, 17.33723], [78.48068, 17.33721], [78.48063, 17.3372], [78.48061, 17.33729], [78.4806, 17.3373], [78.48056, 17.33748], [78.48045, 17.33792], [78.48033, 17.33839], [78.48032, 17.33844], [78.48029, 17.33851], [78.48019, 17.33876], [78.48013, 17.33895], [78.48004, 17.33924], [78.47994, 17.33958], [78.47978, 17.33998], [78.47967, 17.34018], [78.47961, 17.34029], [78.47948, 17.34051], [78.47941, 17.34062], [78.47915, 17.34103], [78.47886, 17.34151], [78.47884, 17.34155], [78.47881, 17.34159], [78.4786, 17.34197], [78.47851, 17.34223], [78.47848, 17.34234], [78.47834, 17.34271], [78.47828, 17.34287], [78.47827, 17.34292], [78.47809, 17.34353], [78.47807, 17.34354], [78.47792, 17.34368], [78.47763, 17.34401], [78.47742, 17.3443], [78.47717, 17.34464], [78.4769, 17.34495], [78.47674, 17.34509], [78.47669, 17.34514], [78.47633, 17.34546], [78.47618, 17.34562], [78.47616, 17.34565], [78.47601, 17.3458], [78.47601, 17.3458], [78.4759, 17.34593], [78.47589, 17.34592], [78.47588, 17.34594], [78.47559, 17.34634], [78.47537, 17.34668], [78.47519, 17.34689], [78.47483, 17.34718], [78.47469, 17.34728], [78.47452, 17.34742], [78.47451, 17.34737], [78.47447, 17.34722], [78.47443, 17.34715], [78.47436, 17.34705], [78.47389, 17.34719], [78.47379, 17.34704], [78.47362, 17.34685], [78.47345, 17.34646], [78.47253, 17.34631], [78.47156, 17.34615], [78.47102, 17.346], [78.47059, 17.34581], [78.47025, 17.34567], [78.47025, 17.3457], [78.47023, 17.3457], [78.47025, 17.34603], [78.47026, 17.3463], [78.47026, 17.3464], [78.47026, 17.34655], [78.47028, 17.34664], [78.47028, 17.34667], [78.47031, 17.34677], [78.47035, 17.34686], [78.47038, 17.34692], [78.47042, 17.34704], [78.47045, 17.34711], [78.47046, 17.34713], [78.47049, 17.34718], [78.47051, 17.34723], [78.47051, 17.34723], [78.47057, 17.34739], [78.47059, 17.34743], [78.47064, 17.34748], [78.47083, 17.34767], [78.47116, 17.34803], [78.47169, 17.34876], [78.47208, 17.3493], [78.47232, 17.34991], [78.47239, 17.35016], [78.47246, 17.35042], [78.47254, 17.35069], [78.47258, 17.35083], [78.47281, 17.35078], [78.47292, 17.35076]]]}}, {"type": "Feature", "properties": {"name": "30-DABEERPURA", "hospital_count": 7, "circle": "6-MALAKPET", "zone": "CHARMINAR ZONE", "ward_no": 30}, "geometry": {"type": "Polygon", "coordinates": [[[78.48761, 17.37817], [78.48781, 17.37811], [78.48784, 17.37819], [78.48785, 17.37822], [78.48823, 17.37809], [78.48851, 17.37802], [78.48835, 17.37767], [78.4881, 17.37763], [78.48805, 17.37761], [78.48802, 17.37706], [78.48801, 17.37614], [78.48805, 17.37608], [78.48806, 17.37601], [78.48819, 17.37584], [78.48819, 17.3756], [78.48815, 17.37542], [78.48814, 17.37528], [78.48815, 17.375], [78.48816, 17.37479], [78.48816, 17.37455], [78.48818, 17.37443], [78.48815, 17.37431], [78.48799, 17.37391], [78.48782, 17.37348], [78.48778, 17.37329], [78.48781, 17.3729], [78.48783, 17.37274], [78.48786, 17.37238], [78.48788, 17.37224], [78.48791, 17.37176], [78.48792, 17.37165], [78.48796, 17.371], [78.48799, 17.37077], [78.48805, 17.37065], [78.4881, 17.37059], [78.48814, 17.37048], [78.48817, 17.37041], [78.48817, 17.37041], [78.4882, 17.37039], [78.4882, 17.37037], [78.48818, 17.37035], [78.48807, 17.37023], [78.48799, 17.37016], [78.48791, 17.37012], [78.48782, 17.37008], [78.4877, 17.36999], [78.48759, 17.36994], [78.48744, 17.3698], [78.48697, 17.36933], [78.48645, 17.36893], [78.48604, 17.36848], [78.48577, 17.36811], [78.48576, 17.368], [78.48572, 17.36793], [78.48579, 17.36783], [78.48582, 17.36782], [78.48615, 17.36772], [78.48675, 17.36755], [78.48767, 17.36733], [78.48821, 17.36709], [78.48894, 17.36694], [78.48898, 17.36693], [78.48949, 17.3669], [78.48995, 17.3669], [78.49018, 17.36691], [78.4902, 17.36677], [78.49042, 17.36637], [78.49059, 17.36605], [78.49085, 17.36553], [78.49131, 17.36468], [78.49182, 17.36373], [78.49206, 17.3633], [78.4923, 17.36296], [78.49236, 17.3628], [78.49244, 17.36254], [78.49251, 17.36233], [78.4925, 17.36198], [78.4925, 17.36165], [78.4925, 17.36151], [78.49247, 17.36136], [78.49241, 17.3611], [78.49234, 17.36091], [78.49202, 17.36086], [78.49152, 17.36082], [78.49137, 17.36099], [78.49128, 17.36114], [78.49128, 17.3612], [78.49122, 17.36151], [78.49115, 17.36152], [78.49072, 17.36156], [78.49032, 17.3616], [78.49003, 17.36163], [78.4898, 17.36164], [78.48913, 17.36169], [78.48867, 17.36169], [78.48847, 17.3617], [78.48804, 17.36173], [78.48699, 17.36172], [78.48657, 17.36174], [78.48641, 17.36175], [78.48615, 17.36176], [78.48515, 17.36179], [78.48463, 17.36184], [78.4845, 17.36262], [78.48449, 17.36284], [78.48453, 17.363], [78.48481, 17.36347], [78.48485, 17.36365], [78.48481, 17.36382], [78.48439, 17.3647], [78.4842, 17.36521], [78.48415, 17.3656], [78.48414, 17.366], [78.48424, 17.36656], [78.48412, 17.36661], [78.48367, 17.36668], [78.48334, 17.36672], [78.48288, 17.36678], [78.48304, 17.36764], [78.48306, 17.36767], [78.48286, 17.36771], [78.48223, 17.36787], [78.48174, 17.36801], [78.48139, 17.36812], [78.48165, 17.36918], [78.48174, 17.36955], [78.48179, 17.36971], [78.48183, 17.36988], [78.48196, 17.37035], [78.48213, 17.37095], [78.48219, 17.37125], [78.48226, 17.37157], [78.48231, 17.37182], [78.48235, 17.37201], [78.48243, 17.37226], [78.48244, 17.37226], [78.48257, 17.37249], [78.4827, 17.37272], [78.4827, 17.37273], [78.48272, 17.37276], [78.48278, 17.37286], [78.48294, 17.37329], [78.48297, 17.37342], [78.48293, 17.3735], [78.48245, 17.37392], [78.48234, 17.37402], [78.48234, 17.37403], [78.48213, 17.37421], [78.48198, 17.37434], [78.48192, 17.3744], [78.48191, 17.3744], [78.48166, 17.37463], [78.48157, 17.37467], [78.48128, 17.37481], [78.48127, 17.37481], [78.48099, 17.37494], [78.48117, 17.37547], [78.48144, 17.37622], [78.48202, 17.3773], [78.48354, 17.37938], [78.48362, 17.37947], [78.48398, 17.37986], [78.48477, 17.38011], [78.48506, 17.38014], [78.48609, 17.38024], [78.48751, 17.38011], [78.4875, 17.37898], [78.4875, 17.3787], [78.48751, 17.37853], [78.48759, 17.37824], [78.48761, 17.37817]]]}}, {"type": "Feature", "properties": {"name": "32-PATHER GATTI", "hospital_count": 7, "circle": "9-CHARMINAR", "zone": "CHARMINAR ZONE", "ward_no": 32}, "geometry": {"type": "Polygon", "coordinates": [[[78.48219, 17.37125], [78.48213, 17.37095], [78.48196, 17.37035], [78.48183, 17.36988], [78.48179, 17.36971], [78.48174, 17.36955], [78.48139, 17.36812], [78.48174, 17.36801], [78.48223, 17.36787], [78.48286, 17.36771], [78.48306, 17.36767], [78.48304, 17.36764], [78.48288, 17.36678], [78.48334, 17.36672], [78.48367, 17.36668], [78.48412, 17.36661], [78.48424, 17.36656], [78.48414, 17.366], [78.48415, 17.3656], [78.4842, 17.36521], [78.48439, 17.3647], [78.48481, 17.36382], [78.48485, 17.36365], [78.48481, 17.36347], [78.48453, 17.363], [78.48449, 17.36284], [78.4845, 17.36262], [78.48463, 17.36184], [78.48449, 17.36185], [78.48425, 17.36187], [78.48391, 17.36194], [78.4836, 17.362], [78.48359, 17.36194], [78.48351, 17.36143], [78.48342, 17.36126], [78.48334, 17.36098], [78.48334, 17.36068], [78.48334, 17.36046], [78.4834, 17.3604], [78.48338, 17.35988], [78.48333, 17.3596], [78.48328, 17.35931], [78.48321, 17.35902], [78.48327, 17.359], [78.48375, 17.3589], [78.48385, 17.35888], [78.48398, 17.35885], [78.48404, 17.35883], [78.48427, 17.35878], [78.48445, 17.35889], [78.48466, 17.35864], [78.48488, 17.35859], [78.48497, 17.35856], [78.48536, 17.3585], [78.4858, 17.35844], [78.48592, 17.35842], [78.48621, 17.35836], [78.48648, 17.35833], [78.48673, 17.3583], [78.48729, 17.35806], [78.48792, 17.35771], [78.48842, 17.35743], [78.48879, 17.3573], [78.48934, 17.35698], [78.48963, 17.35681], [78.48966, 17.35678], [78.48955, 17.35657], [78.48923, 17.35605], [78.48906, 17.35566], [78.489, 17.35554], [78.48856, 17.3547], [78.48846, 17.3545], [78.48821, 17.35456], [78.48769, 17.35471], [78.48718, 17.35485], [78.48691, 17.35491], [78.48658, 17.35498], [78.48438, 17.35532], [78.48402, 17.3554], [78.48369, 17.35556], [78.48194, 17.35678], [78.48186, 17.35683], [78.48164, 17.35698], [78.4816, 17.357], [78.48162, 17.35703], [78.4815, 17.35713], [78.48067, 17.3577], [78.48048, 17.35783], [78.47997, 17.35817], [78.47931, 17.35852], [78.47927, 17.35843], [78.47919, 17.35808], [78.47895, 17.35681], [78.47888, 17.35681], [78.47793, 17.35696], [78.47686, 17.35723], [78.47674, 17.35725], [78.47674, 17.35726], [78.47673, 17.35723], [78.47671, 17.35718], [78.47669, 17.35714], [78.47668, 17.35709], [78.47664, 17.35702], [78.47659, 17.35698], [78.47649, 17.35699], [78.47645, 17.357], [78.47638, 17.35704], [78.47632, 17.35707], [78.47632, 17.35707], [78.4763, 17.35709], [78.47628, 17.35711], [78.47627, 17.35715], [78.47624, 17.35719], [78.47616, 17.35725], [78.47615, 17.35726], [78.47595, 17.3573], [78.47525, 17.35745], [78.47522, 17.35746], [78.4748, 17.35761], [78.47441, 17.35778], [78.47394, 17.35792], [78.47391, 17.35793], [78.47414, 17.35921], [78.47439, 17.3604], [78.47441, 17.36051], [78.47444, 17.36067], [78.47448, 17.36078], [78.47451, 17.36085], [78.47456, 17.36097], [78.4746, 17.36106], [78.47466, 17.36115], [78.47473, 17.36122], [78.47476, 17.36127], [78.4748, 17.36131], [78.47484, 17.36135], [78.47487, 17.36138], [78.4749, 17.36145], [78.47493, 17.36153], [78.47495, 17.36163], [78.47493, 17.3617], [78.4749, 17.36177], [78.47483, 17.36189], [78.47478, 17.362], [78.47471, 17.36216], [78.47508, 17.36367], [78.47558, 17.36615], [78.47615, 17.3687], [78.47635, 17.36905], [78.47636, 17.36909], [78.47641, 17.36969], [78.47642, 17.36985], [78.47641, 17.37013], [78.4763, 17.37086], [78.47614, 17.37142], [78.47618, 17.37143], [78.47628, 17.37147], [78.47648, 17.37153], [78.47655, 17.37155], [78.47677, 17.37164], [78.47885, 17.37253], [78.47991, 17.37312], [78.4807, 17.37411], [78.48082, 17.37446], [78.48092, 17.37474], [78.48099, 17.37494], [78.48128, 17.37481], [78.48157, 17.37467], [78.48166, 17.37463], [78.48191, 17.3744], [78.48192, 17.3744], [78.48198, 17.37434], [78.48234, 17.37403], [78.48234, 17.37402], [78.48245, 17.37392], [78.48293, 17.3735], [78.48297, 17.37342], [78.48294, 17.37329], [78.48278, 17.37286], [78.48272, 17.37276], [78.4827, 17.37273], [78.4827, 17.37272], [78.48257, 17.37249], [78.48244, 17.37226], [78.48243, 17.37226], [78.48235, 17.37201], [78.48231, 17.37182], [78.48226, 17.37157], [78.48219, 17.37125]]]}}, {"type": "Feature", "properties": {"name": "23-GADDIANNARAM", "hospital_count": 17, "circle": "5-SAROOR NAGAR", "zone": "L.B.NAGAR ZONE", "ward_no": 23}, "geometry": {"type": "Polygon", "coordinates": [[[78.52544, 17.36851], [78.52718, 17.36849], [78.52718, 17.36849], [78.52749, 17.36849], [78.5277, 17.36849], [78.52807, 17.36848], [78.52855, 17.36847], [78.52909, 17.36845], [78.52964, 17.36844], [78.53026, 17.36843], [78.53079, 17.36842], [78.5315, 17.3684], [78.53192, 17.36839], [78.53235, 17.36838], [78.53254, 17.36837], [78.53323, 17.36835], [78.53416, 17.36834], [78.53514, 17.36832], [78.53591, 17.3683], [78.53634, 17.36829], [78.53676, 17.36828], [78.5371, 17.36826], [78.53727, 17.36824], [78.53743, 17.36822], [78.53761, 17.3682], [78.5378, 17.36818], [78.53798, 17.36815], [78.53813, 17.36811], [78.53818, 17.3681], [78.53823, 17.3681], [78.53782, 17.36734], [78.53753, 17.36679], [78.53751, 17.36667], [78.5375, 17.36663], [78.53745, 17.36664], [78.53719, 17.36597], [78.53718, 17.36597], [78.53707, 17.36571], [78.5369, 17.36533], [78.5368, 17.36507], [78.53675, 17.36496], [78.53672, 17.36486], [78.53659, 17.3649], [78.53656, 17.36482], [78.53626, 17.36484], [78.53615, 17.36443], [78.53617, 17.36394], [78.53618, 17.36378], [78.53617, 17.36359], [78.53613, 17.3633], [78.53612, 17.36329], [78.53612, 17.36329], [78.53611, 17.36328], [78.5361, 17.36328], [78.5361, 17.36328], [78.53609, 17.36329], [78.53605, 17.36326], [78.53606, 17.36287], [78.53605, 17.3625], [78.53595, 17.36251], [78.53578, 17.36258], [78.53531, 17.36269], [78.53533, 17.36272], [78.53443, 17.36309], [78.5344, 17.36302], [78.53427, 17.36271], [78.53421, 17.36261], [78.53414, 17.36252], [78.53403, 17.36239], [78.53395, 17.36231], [78.53388, 17.36222], [78.53383, 17.36216], [78.53377, 17.36205], [78.5337, 17.36194], [78.53366, 17.36183], [78.53353, 17.36147], [78.53345, 17.36119], [78.53338, 17.36094], [78.53331, 17.36066], [78.53328, 17.36056], [78.53324, 17.36027], [78.53314, 17.35981], [78.53305, 17.3594], [78.53293, 17.35894], [78.53293, 17.35894], [78.53275, 17.35898], [78.53266, 17.35901], [78.53259, 17.35904], [78.53252, 17.35908], [78.53243, 17.35911], [78.53236, 17.35914], [78.53228, 17.35918], [78.53218, 17.35919], [78.5321, 17.35921], [78.5321, 17.3592], [78.53154, 17.35926], [78.53143, 17.35927], [78.53137, 17.35927], [78.53133, 17.35927], [78.5313, 17.35926], [78.53113, 17.35934], [78.53105, 17.35906], [78.53106, 17.35905], [78.53104, 17.3589], [78.53102, 17.35886], [78.53099, 17.3586], [78.53096, 17.35851], [78.53094, 17.35827], [78.5309, 17.35804], [78.53089, 17.35804], [78.53087, 17.35787], [78.53084, 17.35765], [78.53082, 17.35752], [78.53083, 17.35742], [78.53073, 17.35724], [78.5305, 17.35693], [78.53014, 17.3566], [78.53001, 17.35667], [78.5297, 17.35682], [78.52949, 17.35689], [78.52946, 17.35691], [78.52921, 17.35699], [78.52906, 17.35705], [78.52903, 17.35706], [78.52898, 17.35709], [78.52879, 17.35714], [78.52871, 17.35716], [78.52817, 17.35734], [78.52796, 17.3574], [78.52782, 17.35745], [78.52764, 17.35752], [78.52752, 17.35758], [78.52722, 17.35775], [78.5269, 17.35792], [78.52665, 17.35807], [78.52652, 17.35814], [78.52642, 17.35819], [78.52622, 17.35829], [78.52595, 17.35842], [78.52594, 17.35843], [78.52592, 17.35844], [78.52575, 17.35859], [78.52562, 17.35864], [78.52531, 17.35874], [78.52524, 17.35876], [78.52487, 17.35894], [78.52478, 17.359], [78.5246, 17.35911], [78.52453, 17.35916], [78.52448, 17.3592], [78.5244, 17.35927], [78.52437, 17.35928], [78.52436, 17.35931], [78.52431, 17.35938], [78.52421, 17.3596], [78.52415, 17.35974], [78.5241, 17.35985], [78.52403, 17.36], [78.52402, 17.36001], [78.52391, 17.36017], [78.52385, 17.36022], [78.52384, 17.36022], [78.52308, 17.36089], [78.52253, 17.36123], [78.52236, 17.36138], [78.52224, 17.36164], [78.52188, 17.3626], [78.52195, 17.36263], [78.52286, 17.36272], [78.52312, 17.3627], [78.5233, 17.36267], [78.52332, 17.36282], [78.52355, 17.36283], [78.52352, 17.36311], [78.52329, 17.36313], [78.52329, 17.36333], [78.52326, 17.36334], [78.52334, 17.36358], [78.52383, 17.36352], [78.52391, 17.36405], [78.52353, 17.36412], [78.52332, 17.36418], [78.52346, 17.36482], [78.52375, 17.36474], [78.52386, 17.36506], [78.52342, 17.36522], [78.52337, 17.36525], [78.52341, 17.36586], [78.52379, 17.36578], [78.52446, 17.36563], [78.52442, 17.36601], [78.52427, 17.36605], [78.52425, 17.36653], [78.5237, 17.36679], [78.5234, 17.36689], [78.52342, 17.36703], [78.52339, 17.36703], [78.52342, 17.36717], [78.52306, 17.36716], [78.52305, 17.36726], [78.52317, 17.36862], [78.52462, 17.36857], [78.52544, 17.36851]]]}}, {"type": "Feature", "properties": {"name": "24-SAIDABAD", "hospital_count": 5, "circle": "6-MALAKPET", "zone": "CHARMINAR ZONE", "ward_no": 24}, "geometry": {"type": "Polygon", "coordinates": [[[78.5189, 17.36869], [78.51957, 17.36805], [78.5199, 17.3677], [78.52034, 17.36716], [78.52076, 17.36652], [78.52104, 17.36619], [78.52139, 17.36552], [78.52156, 17.36522], [78.5216, 17.36501], [78.52158, 17.36465], [78.52169, 17.36409], [78.52174, 17.3635], [78.52184, 17.36296], [78.52187, 17.36286], [78.52195, 17.36263], [78.52188, 17.3626], [78.52224, 17.36164], [78.52236, 17.36138], [78.52253, 17.36123], [78.52308, 17.36089], [78.52384, 17.36022], [78.52385, 17.36022], [78.52391, 17.36017], [78.52402, 17.36001], [78.52403, 17.36], [78.5241, 17.35985], [78.52421, 17.3596], [78.52431, 17.35938], [78.52436, 17.35931], [78.52437, 17.35928], [78.52404, 17.35939], [78.52388, 17.35931], [78.52357, 17.3592], [78.52298, 17.35899], [78.5219, 17.35867], [78.52105, 17.35846], [78.52036, 17.35839], [78.51987, 17.35829], [78.51944, 17.35823], [78.51927, 17.35825], [78.51913, 17.3583], [78.51901, 17.35802], [78.51895, 17.35778], [78.51829, 17.35776], [78.51786, 17.3578], [78.51664, 17.35793], [78.51596, 17.35797], [78.51563, 17.35792], [78.51463, 17.35775], [78.51334, 17.35752], [78.5128, 17.35749], [78.51251, 17.35747], [78.51106, 17.35739], [78.51025, 17.35734], [78.50972, 17.35725], [78.50944, 17.35722], [78.50848, 17.35709], [78.50742, 17.35694], [78.50615, 17.35677], [78.50571, 17.35658], [78.50555, 17.35651], [78.50537, 17.35725], [78.50524, 17.35796], [78.50503, 17.35862], [78.50482, 17.35932], [78.5045, 17.36041], [78.50418, 17.36145], [78.504, 17.3622], [78.50392, 17.36223], [78.50387, 17.36254], [78.50373, 17.36291], [78.50373, 17.36299], [78.5038, 17.36299], [78.50383, 17.36299], [78.50412, 17.36289], [78.50457, 17.36262], [78.50496, 17.36234], [78.50563, 17.36193], [78.50587, 17.36184], [78.50632, 17.36172], [78.50653, 17.36172], [78.5068, 17.36175], [78.50774, 17.36203], [78.50851, 17.36219], [78.50889, 17.3622], [78.50951, 17.36225], [78.51002, 17.36222], [78.51005, 17.36221], [78.51008, 17.36239], [78.51017, 17.36295], [78.51021, 17.36351], [78.51037, 17.36417], [78.51041, 17.36456], [78.51048, 17.3649], [78.51051, 17.36526], [78.51003, 17.36591], [78.51015, 17.36608], [78.51015, 17.36625], [78.51089, 17.3669], [78.51191, 17.36689], [78.51197, 17.36782], [78.51206, 17.36806], [78.51223, 17.3685], [78.51278, 17.36826], [78.5135, 17.36804], [78.51362, 17.36854], [78.51371, 17.3687], [78.51386, 17.36891], [78.51402, 17.36959], [78.51404, 17.36965], [78.51411, 17.36987], [78.51413, 17.36994], [78.51413, 17.36998], [78.51452, 17.3699], [78.5146, 17.36989], [78.51496, 17.36987], [78.51664, 17.36949], [78.51885, 17.36891], [78.51885, 17.36885], [78.51885, 17.36885], [78.51885, 17.36883], [78.51883, 17.36875], [78.5189, 17.36869]]]}}, {"type": "Feature", "properties": {"name": "27-AKBERBAGH", "hospital_count": 14, "circle": "6-MALAKPET", "zone": "CHARMINAR ZONE", "ward_no": 27}, "geometry": {"type": "Polygon", "coordinates": [[[78.51079, 17.37171], [78.51235, 17.37089], [78.51256, 17.37077], [78.51294, 17.37056], [78.51361, 17.37018], [78.51401, 17.37001], [78.51413, 17.36998], [78.51413, 17.36994], [78.51411, 17.36987], [78.51404, 17.36965], [78.51402, 17.36959], [78.51386, 17.36891], [78.51371, 17.3687], [78.51362, 17.36854], [78.5135, 17.36804], [78.51278, 17.36826], [78.51223, 17.3685], [78.51206, 17.36806], [78.51197, 17.36782], [78.51191, 17.36689], [78.51089, 17.3669], [78.51015, 17.36625], [78.51015, 17.36608], [78.51003, 17.36591], [78.51051, 17.36526], [78.51048, 17.3649], [78.51041, 17.36456], [78.51037, 17.36417], [78.51021, 17.36351], [78.51017, 17.36295], [78.51008, 17.36239], [78.51005, 17.36221], [78.51002, 17.36222], [78.50951, 17.36225], [78.50889, 17.3622], [78.50851, 17.36219], [78.50774, 17.36203], [78.5068, 17.36175], [78.50653, 17.36172], [78.50632, 17.36172], [78.50587, 17.36184], [78.50563, 17.36193], [78.50496, 17.36234], [78.50457, 17.36262], [78.50412, 17.36289], [78.50383, 17.36299], [78.5038, 17.36299], [78.50371, 17.36308], [78.50257, 17.36372], [78.50125, 17.36436], [78.50124, 17.36441], [78.50134, 17.36515], [78.50159, 17.36624], [78.50167, 17.36728], [78.50165, 17.36816], [78.5016, 17.36907], [78.50151, 17.36958], [78.50115, 17.37002], [78.50067, 17.3705], [78.50025, 17.37084], [78.50009, 17.37105], [78.49987, 17.37146], [78.49948, 17.37132], [78.49914, 17.37119], [78.49904, 17.37112], [78.49897, 17.371], [78.49895, 17.37089], [78.49893, 17.37079], [78.49891, 17.37072], [78.49888, 17.37061], [78.49886, 17.37043], [78.49883, 17.37035], [78.49876, 17.37026], [78.49861, 17.37012], [78.49853, 17.37008], [78.4983, 17.37011], [78.49812, 17.37012], [78.49805, 17.37006], [78.49797, 17.37003], [78.4978, 17.37005], [78.49765, 17.37008], [78.49758, 17.37008], [78.49748, 17.37004], [78.49743, 17.37003], [78.4974, 17.37004], [78.4973, 17.37005], [78.49724, 17.37009], [78.49721, 17.37017], [78.49714, 17.37032], [78.49702, 17.37042], [78.4969, 17.3705], [78.49681, 17.37054], [78.4966, 17.37061], [78.49649, 17.37068], [78.49643, 17.3708], [78.4963, 17.37085], [78.49626, 17.37086], [78.49631, 17.37098], [78.49644, 17.37133], [78.49663, 17.37162], [78.49694, 17.37216], [78.49718, 17.3725], [78.49738, 17.37279], [78.49756, 17.3729], [78.49761, 17.37309], [78.49769, 17.37376], [78.49773, 17.37419], [78.49789, 17.3748], [78.49797, 17.37518], [78.49801, 17.37529], [78.49801, 17.3753], [78.49806, 17.37543], [78.49829, 17.37533], [78.49863, 17.37508], [78.499, 17.37474], [78.49944, 17.37442], [78.50014, 17.37405], [78.5007, 17.37382], [78.50194, 17.3736], [78.5027, 17.37347], [78.50317, 17.37342], [78.50372, 17.37332], [78.50503, 17.37316], [78.50606, 17.373], [78.5061, 17.373], [78.50613, 17.37299], [78.50719, 17.37284], [78.50863, 17.37249], [78.50916, 17.37232], [78.5104, 17.3719], [78.51079, 17.37171]]]}}, {"type": "Feature", "properties": {"name": "45-JANGAMMET", "hospital_count": 3, "circle": "8-CHANDRAYANGUTTA", "zone": "CHARMINAR ZONE", "ward_no": 45}, "geometry": {"type": "Polygon", "coordinates": [[[78.47848, 17.34234], [78.47851, 17.34223], [78.4786, 17.34197], [78.47881, 17.34159], [78.47884, 17.34155], [78.47886, 17.34151], [78.47915, 17.34103], [78.47941, 17.34062], [78.47948, 17.34051], [78.47961, 17.34029], [78.47967, 17.34018], [78.47978, 17.33998], [78.47994, 17.33958], [78.48004, 17.33924], [78.48013, 17.33895], [78.48019, 17.33876], [78.48029, 17.33851], [78.48032, 17.33844], [78.48033, 17.33839], [78.48045, 17.33792], [78.48056, 17.33748], [78.4806, 17.3373], [78.48061, 17.33729], [78.48063, 17.3372], [78.48066, 17.33706], [78.48069, 17.33693], [78.48075, 17.33639], [78.48078, 17.33581], [78.48078, 17.33558], [78.4808, 17.33535], [78.4809, 17.335], [78.48102, 17.33468], [78.4811, 17.33438], [78.48112, 17.33393], [78.48108, 17.33374], [78.48106, 17.33363], [78.48092, 17.33322], [78.48089, 17.33312], [78.48076, 17.33273], [78.48076, 17.33271], [78.48066, 17.33235], [78.48048, 17.33177], [78.48029, 17.33118], [78.48019, 17.33083], [78.48012, 17.33055], [78.48006, 17.33015], [78.48004, 17.33006], [78.47995, 17.32937], [78.47984, 17.32853], [78.4798, 17.32815], [78.47976, 17.32779], [78.47974, 17.32779], [78.47911, 17.32753], [78.47724, 17.32687], [78.4765, 17.32667], [78.4764, 17.32664], [78.47636, 17.32664], [78.47632, 17.32662], [78.47639, 17.32666], [78.4757, 17.32694], [78.47555, 17.32701], [78.47542, 17.32707], [78.47526, 17.32718], [78.47484, 17.32744], [78.47456, 17.32771], [78.47425, 17.32807], [78.47405, 17.32824], [78.47359, 17.32847], [78.4735, 17.32851], [78.47278, 17.32898], [78.4724, 17.32918], [78.4721, 17.32929], [78.47192, 17.32936], [78.47142, 17.32959], [78.47094, 17.32984], [78.47064, 17.3301], [78.47059, 17.33016], [78.47035, 17.33046], [78.4702, 17.33076], [78.4701, 17.33106], [78.47008, 17.3312], [78.47007, 17.33125], [78.47006, 17.33129], [78.47002, 17.33157], [78.46989, 17.33218], [78.46988, 17.33222], [78.46977, 17.33281], [78.46973, 17.33308], [78.46962, 17.33324], [78.4696, 17.33326], [78.46944, 17.33335], [78.469, 17.33349], [78.46886, 17.33355], [78.46883, 17.33359], [78.46882, 17.33361], [78.46877, 17.33368], [78.46865, 17.33389], [78.46862, 17.3342], [78.46862, 17.33421], [78.46859, 17.33456], [78.46858, 17.33466], [78.46853, 17.33524], [78.46852, 17.33536], [78.46837, 17.33572], [78.46832, 17.33585], [78.46827, 17.33597], [78.46814, 17.33633], [78.46804, 17.33659], [78.46839, 17.33663], [78.46999, 17.33679], [78.47082, 17.33689], [78.47133, 17.33699], [78.47136, 17.337], [78.47189, 17.33698], [78.47195, 17.33698], [78.47277, 17.33684], [78.47375, 17.33668], [78.47329, 17.33853], [78.47295, 17.34031], [78.47289, 17.34075], [78.47293, 17.34089], [78.47316, 17.34103], [78.4732, 17.34105], [78.47328, 17.34174], [78.47333, 17.34211], [78.47341, 17.34219], [78.47357, 17.34226], [78.47417, 17.34223], [78.47417, 17.34273], [78.47426, 17.34358], [78.47441, 17.3443], [78.47452, 17.34466], [78.47463, 17.34491], [78.47469, 17.34499], [78.47493, 17.34518], [78.47494, 17.34518], [78.47526, 17.34539], [78.47559, 17.34568], [78.47565, 17.34574], [78.47582, 17.34589], [78.47589, 17.34592], [78.4759, 17.34592], [78.47601, 17.3458], [78.47616, 17.34565], [78.47618, 17.34562], [78.47633, 17.34546], [78.47669, 17.34514], [78.47674, 17.34509], [78.4769, 17.34495], [78.47717, 17.34464], [78.47742, 17.3443], [78.47763, 17.34401], [78.47792, 17.34368], [78.47807, 17.34354], [78.47809, 17.34353], [78.47827, 17.34292], [78.47828, 17.34287], [78.47834, 17.34271], [78.47848, 17.34234]]]}}, {"type": "Feature", "properties": {"name": "42-BARKAS", "hospital_count": 4, "circle": "8-CHANDRAYANGUTTA", "zone": "CHARMINAR ZONE", "ward_no": 42}, "geometry": {"type": "Polygon", "coordinates": [[[78.46792, 17.31375], [78.46808, 17.31374], [78.46899, 17.31375], [78.46972, 17.31379], [78.47001, 17.3138], [78.47007, 17.3138], [78.47085, 17.31386], [78.47087, 17.31387], [78.4709, 17.31431], [78.47084, 17.31464], [78.4708, 17.31466], [78.47079, 17.31467], [78.47073, 17.31471], [78.47063, 17.3148], [78.47063, 17.31485], [78.4706, 17.31523], [78.47059, 17.31532], [78.47003, 17.31532], [78.46954, 17.31551], [78.4685, 17.3156], [78.46833, 17.31571], [78.46805, 17.31589], [78.46805, 17.31599], [78.46807, 17.31636], [78.46808, 17.31638], [78.46808, 17.31648], [78.46825, 17.31774], [78.46836, 17.31818], [78.46789, 17.31828], [78.46706, 17.31847], [78.46694, 17.31852], [78.46681, 17.31857], [78.46708, 17.31965], [78.46712, 17.31977], [78.46713, 17.3198], [78.46727, 17.32035], [78.46791, 17.32023], [78.4691, 17.32001], [78.46925, 17.31998], [78.4699, 17.31975], [78.46997, 17.31985], [78.46999, 17.3201], [78.47003, 17.32044], [78.47007, 17.32079], [78.47017, 17.32081], [78.47018, 17.3209], [78.47081, 17.32102], [78.47091, 17.32096], [78.47124, 17.32067], [78.47139, 17.32068], [78.47151, 17.32069], [78.47167, 17.32072], [78.47327, 17.32104], [78.47357, 17.32111], [78.47349, 17.32159], [78.47355, 17.32159], [78.47532, 17.32181], [78.47614, 17.3219], [78.4771, 17.32201], [78.47682, 17.32227], [78.47685, 17.32228], [78.47703, 17.32241], [78.47704, 17.3224], [78.47754, 17.32271], [78.47777, 17.32277], [78.47805, 17.32281], [78.47817, 17.32284], [78.47862, 17.32281], [78.47871, 17.3227], [78.47872, 17.32272], [78.47873, 17.32264], [78.47887, 17.32243], [78.47927, 17.32247], [78.47968, 17.32248], [78.48029, 17.32258], [78.48034, 17.32226], [78.4804, 17.32177], [78.48034, 17.32125], [78.48068, 17.32125], [78.48084, 17.32125], [78.48084, 17.32125], [78.48085, 17.32113], [78.48085, 17.32085], [78.48084, 17.32041], [78.48083, 17.32013], [78.48085, 17.31989], [78.48085, 17.31987], [78.48085, 17.31979], [78.48148, 17.31979], [78.4815, 17.31973], [78.48151, 17.31965], [78.48152, 17.31962], [78.48155, 17.31916], [78.48188, 17.31902], [78.48189, 17.31899], [78.4819, 17.31895], [78.48192, 17.3189], [78.48198, 17.31851], [78.48254, 17.31854], [78.48265, 17.31855], [78.48315, 17.31861], [78.48324, 17.31862], [78.48327, 17.31862], [78.48329, 17.31839], [78.48331, 17.31789], [78.48332, 17.31784], [78.48336, 17.31721], [78.4831, 17.31716], [78.48306, 17.31714], [78.48312, 17.31643], [78.48323, 17.3161], [78.48321, 17.31569], [78.4833, 17.31414], [78.48329, 17.31349], [78.4833, 17.3132], [78.48329, 17.3132], [78.48329, 17.31313], [78.4816, 17.3137], [78.48042, 17.31398], [78.47845, 17.31439], [78.4784, 17.31432], [78.4784, 17.31432], [78.47806, 17.31414], [78.47785, 17.31402], [78.47756, 17.3135], [78.47717, 17.31283], [78.47675, 17.3124], [78.47643, 17.31212], [78.47536, 17.31184], [78.47443, 17.31155], [78.47444, 17.3114], [78.47444, 17.3114], [78.47335, 17.31074], [78.47239, 17.31], [78.47166, 17.3093], [78.47125, 17.30897], [78.47076, 17.30888], [78.47047, 17.30991], [78.47043, 17.30999], [78.47024, 17.31012], [78.46973, 17.31036], [78.46972, 17.31037], [78.46947, 17.31049], [78.46902, 17.31076], [78.46878, 17.31094], [78.46861, 17.31114], [78.46839, 17.31152], [78.46827, 17.31174], [78.46823, 17.31193], [78.46822, 17.31197], [78.46792, 17.31375]]]}}, {"type": "Feature", "properties": {"name": "57-SULEMAN NAGAR", "hospital_count": 0, "circle": "11-RAJENDRA NAGAR", "zone": "CHARMINAR ZONE", "ward_no": 57}, "geometry": {"type": "Polygon", "coordinates": [[[78.43245, 17.35365], [78.43251, 17.35363], [78.43257, 17.35365], [78.43253, 17.35354], [78.43251, 17.3535], [78.43249, 17.35348], [78.43241, 17.35337], [78.43232, 17.35325], [78.43224, 17.35315], [78.43221, 17.35306], [78.43219, 17.35302], [78.43218, 17.35287], [78.4322, 17.35275], [78.43228, 17.3526], [78.4324, 17.35251], [78.43243, 17.35249], [78.43244, 17.35248], [78.43249, 17.35243], [78.43252, 17.35237], [78.43252, 17.35231], [78.43243, 17.35198], [78.43238, 17.35178], [78.43232, 17.35145], [78.43226, 17.35132], [78.43224, 17.35129], [78.43219, 17.35122], [78.43213, 17.35112], [78.43197, 17.35085], [78.43189, 17.35073], [78.43173, 17.35043], [78.43169, 17.35035], [78.43154, 17.35019], [78.43141, 17.35003], [78.43105, 17.34972], [78.43102, 17.3497], [78.43089, 17.34957], [78.43084, 17.34943], [78.43083, 17.3494], [78.4308, 17.34932], [78.43081, 17.34925], [78.43085, 17.34919], [78.43095, 17.34912], [78.43121, 17.34898], [78.43131, 17.34892], [78.43173, 17.34866], [78.43199, 17.34847], [78.43226, 17.34826], [78.43241, 17.34817], [78.43243, 17.34815], [78.43249, 17.34811], [78.43252, 17.3481], [78.43258, 17.34806], [78.43279, 17.34795], [78.43293, 17.34789], [78.43298, 17.34784], [78.43299, 17.34783], [78.433, 17.34779], [78.43302, 17.3477], [78.43303, 17.34766], [78.43305, 17.34758], [78.43308, 17.34745], [78.43309, 17.34743], [78.43309, 17.3474], [78.43309, 17.34735], [78.43308, 17.34729], [78.43307, 17.34723], [78.43305, 17.34713], [78.43297, 17.34697], [78.43296, 17.34684], [78.43297, 17.34675], [78.43299, 17.34667], [78.43301, 17.34663], [78.43301, 17.34655], [78.43299, 17.34648], [78.43294, 17.34638], [78.43287, 17.3463], [78.43283, 17.34626], [78.43281, 17.34625], [78.4327, 17.34622], [78.43264, 17.34625], [78.43262, 17.34626], [78.43253, 17.34633], [78.4324, 17.34647], [78.43233, 17.34651], [78.43223, 17.34651], [78.4321, 17.34649], [78.43199, 17.34644], [78.43184, 17.34634], [78.43178, 17.34627], [78.43175, 17.34623], [78.43175, 17.34623], [78.43171, 17.34615], [78.43172, 17.34611], [78.43172, 17.34608], [78.43172, 17.34606], [78.43172, 17.34603], [78.43173, 17.34591], [78.43176, 17.34583], [78.43179, 17.34575], [78.43179, 17.34574], [78.4318, 17.34571], [78.43182, 17.34559], [78.43183, 17.34535], [78.43183, 17.34528], [78.43186, 17.34506], [78.43184, 17.34497], [78.43182, 17.34492], [78.43181, 17.34491], [78.43177, 17.34488], [78.43173, 17.34487], [78.43172, 17.34487], [78.43162, 17.3449], [78.43152, 17.34494], [78.43151, 17.34494], [78.43141, 17.34498], [78.43132, 17.34502], [78.4312, 17.34507], [78.431, 17.34515], [78.43095, 17.34521], [78.43083, 17.34534], [78.43083, 17.34534], [78.43082, 17.34535], [78.43074, 17.3454], [78.43065, 17.34541], [78.43057, 17.34539], [78.43055, 17.34539], [78.43042, 17.34532], [78.43036, 17.34526], [78.43034, 17.34525], [78.43031, 17.34522], [78.43025, 17.34514], [78.43025, 17.34513], [78.43022, 17.34495], [78.43019, 17.34481], [78.43019, 17.34477], [78.43017, 17.34459], [78.43017, 17.34456], [78.43017, 17.34446], [78.43023, 17.34433], [78.43023, 17.34431], [78.43027, 17.34413], [78.43028, 17.34393], [78.43027, 17.34378], [78.43027, 17.34377], [78.4302, 17.34351], [78.43013, 17.34337], [78.43006, 17.34328], [78.42998, 17.34323], [78.42991, 17.34317], [78.42975, 17.34307], [78.42975, 17.34307], [78.42975, 17.34307], [78.42974, 17.34307], [78.42966, 17.343], [78.4296, 17.34292], [78.42956, 17.3428], [78.4295, 17.3426], [78.42944, 17.34249], [78.42936, 17.3424], [78.42928, 17.34235], [78.42926, 17.34233], [78.42926, 17.34233], [78.42915, 17.34227], [78.42899, 17.34222], [78.42868, 17.34214], [78.42857, 17.34211], [78.42847, 17.34208], [78.42846, 17.34207], [78.42827, 17.34203], [78.42809, 17.34201], [78.42793, 17.342], [78.42785, 17.342], [78.42777, 17.34199], [78.42776, 17.34199], [78.42771, 17.34196], [78.4277, 17.34196], [78.42765, 17.34191], [78.42755, 17.34189], [78.42748, 17.34188], [78.42739, 17.34186], [78.42736, 17.34178], [78.42735, 17.34158], [78.42736, 17.34149], [78.42737, 17.3414], [78.42743, 17.34136], [78.42793, 17.34135], [78.42853, 17.34127], [78.4288, 17.3412], [78.42961, 17.34106], [78.42975, 17.34101], [78.4298, 17.34096], [78.42977, 17.34055], [78.42976, 17.34052], [78.42972, 17.34034], [78.42972, 17.34029], [78.4297, 17.34019], [78.42975, 17.34012], [78.42988, 17.34008], [78.43006, 17.34004], [78.43037, 17.33999], [78.43057, 17.33999], [78.43072, 17.34007], [78.43113, 17.34061], [78.43126, 17.34088], [78.43127, 17.34089], [78.43127, 17.34104], [78.43124, 17.34112], [78.4311, 17.34123], [78.43104, 17.34131], [78.43101, 17.34143], [78.4307, 17.34152], [78.43063, 17.3416], [78.43061, 17.34176], [78.4306, 17.34179], [78.43067, 17.34182], [78.43086, 17.3418], [78.43097, 17.34183], [78.43107, 17.34186], [78.43114, 17.34187], [78.43124, 17.34219], [78.43134, 17.34251], [78.43139, 17.34264], [78.43149, 17.34274], [78.43159, 17.34284], [78.43206, 17.34343], [78.43212, 17.34349], [78.43216, 17.34352], [78.43227, 17.34353], [78.43236, 17.34351], [78.43243, 17.3435], [78.43256, 17.34349], [78.43273, 17.34354], [78.43298, 17.34374], [78.43319, 17.34402], [78.43352, 17.34405], [78.43379, 17.34408], [78.43402, 17.344], [78.43469, 17.34394], [78.43514, 17.34401], [78.43542, 17.34404], [78.43594, 17.34402], [78.43611, 17.34405], [78.43635, 17.34428], [78.43658, 17.34476], [78.43665, 17.34515], [78.43668, 17.3452], [78.43681, 17.34521], [78.43694, 17.34514], [78.4372, 17.34499], [78.43757, 17.34491], [78.43775, 17.34485], [78.43785, 17.34478], [78.43822, 17.3445], [78.43838, 17.34443], [78.43848, 17.34444], [78.43879, 17.34453], [78.43934, 17.34459], [78.43941, 17.34458], [78.43945, 17.34458], [78.43945, 17.34412], [78.43946, 17.34406], [78.43948, 17.34346], [78.43949, 17.34329], [78.4395, 17.34311], [78.43953, 17.343], [78.43955, 17.34294], [78.43957, 17.34288], [78.43955, 17.34279], [78.43954, 17.34274], [78.43952, 17.34268], [78.43949, 17.34264], [78.43946, 17.34261], [78.43943, 17.34259], [78.4394, 17.34256], [78.43936, 17.34253], [78.43932, 17.34251], [78.43928, 17.34248], [78.43926, 17.34245], [78.43925, 17.34242], [78.43918, 17.34235], [78.43907, 17.34228], [78.43901, 17.34224], [78.43899, 17.34223], [78.43896, 17.34221], [78.43889, 17.34216], [78.43889, 17.34215], [78.43889, 17.34213], [78.43889, 17.34209], [78.43875, 17.34205], [78.43833, 17.34187], [78.43804, 17.34171], [78.43774, 17.34151], [78.43746, 17.34135], [78.43738, 17.34129], [78.43734, 17.34126], [78.43736, 17.34122], [78.43737, 17.34121], [78.43741, 17.34113], [78.43733, 17.34108], [78.43723, 17.34098], [78.43712, 17.34092], [78.43691, 17.34086], [78.43692, 17.34082], [78.43693, 17.34077], [78.43689, 17.34076], [78.4369, 17.34061], [78.43708, 17.34061], [78.43711, 17.3406], [78.43724, 17.34053], [78.43738, 17.34043], [78.43779, 17.34025], [78.43817, 17.34005], [78.43834, 17.33994], [78.43848, 17.33981], [78.43855, 17.33975], [78.43865, 17.33964], [78.43869, 17.33962], [78.43883, 17.33959], [78.4389, 17.33958], [78.4392, 17.33951], [78.43959, 17.33941], [78.43979, 17.33936], [78.43992, 17.33932], [78.43995, 17.3393], [78.44007, 17.33926], [78.44015, 17.33924], [78.44064, 17.33915], [78.44092, 17.33907], [78.441, 17.33905], [78.44126, 17.33897], [78.44134, 17.33893], [78.44145, 17.33883], [78.44161, 17.33867], [78.44165, 17.33863], [78.44184, 17.33844], [78.44208, 17.33819], [78.44211, 17.33815], [78.44222, 17.338], [78.44232, 17.33777], [78.44235, 17.33769], [78.4424, 17.33765], [78.44247, 17.33762], [78.44253, 17.33759], [78.44288, 17.33746], [78.44315, 17.33733], [78.44318, 17.33729], [78.44325, 17.33721], [78.44327, 17.33719], [78.44339, 17.33708], [78.44348, 17.33698], [78.44353, 17.33687], [78.44362, 17.33659], [78.44367, 17.3365], [78.44367, 17.33648], [78.44362, 17.33582], [78.44356, 17.33492], [78.44345, 17.33493], [78.44276, 17.33494], [78.44274, 17.33494], [78.44234, 17.33493], [78.44212, 17.33488], [78.44191, 17.33482], [78.44171, 17.33473], [78.44162, 17.33468], [78.4414, 17.3345], [78.44133, 17.33445], [78.44116, 17.33431], [78.44087, 17.33404], [78.4406, 17.33377], [78.44037, 17.33354], [78.44034, 17.33351], [78.43959, 17.33277], [78.43934, 17.33253], [78.4391, 17.3323], [78.43899, 17.3322], [78.43894, 17.33215], [78.43885, 17.33206], [78.4384, 17.33162], [78.43809, 17.33131], [78.43791, 17.33113], [78.43771, 17.33093], [78.437, 17.33024], [78.43685, 17.33009], [78.43664, 17.3299], [78.4366, 17.32986], [78.4366, 17.32987], [78.43657, 17.32988], [78.43632, 17.3301], [78.43582, 17.33042], [78.4357, 17.33031], [78.43551, 17.33029], [78.43541, 17.33029], [78.43532, 17.3303], [78.43521, 17.33034], [78.43512, 17.33043], [78.43496, 17.3305], [78.43482, 17.33062], [78.43464, 17.33083], [78.4345, 17.33096], [78.43437, 17.33104], [78.43419, 17.33106], [78.43395, 17.33109], [78.4338, 17.33112], [78.43367, 17.33119], [78.43334, 17.33139], [78.43303, 17.33153], [78.43283, 17.3316], [78.43243, 17.33171], [78.43235, 17.33173], [78.43204, 17.33184], [78.43196, 17.33189], [78.43185, 17.33194], [78.43178, 17.332], [78.43175, 17.33203], [78.43174, 17.33208], [78.43175, 17.33211], [78.43179, 17.33215], [78.43189, 17.33219], [78.43195, 17.33222], [78.43202, 17.33222], [78.43207, 17.33225], [78.43214, 17.33229], [78.43218, 17.33235], [78.43221, 17.33237], [78.43228, 17.33237], [78.43237, 17.33235], [78.43246, 17.33235], [78.43252, 17.33235], [78.43264, 17.33235], [78.43269, 17.33238], [78.43271, 17.33242], [78.43272, 17.33245], [78.43273, 17.33249], [78.43274, 17.33252], [78.43275, 17.33257], [78.43275, 17.3326], [78.43272, 17.33267], [78.43267, 17.33276], [78.43252, 17.33292], [78.43236, 17.33304], [78.43228, 17.33314], [78.43218, 17.33326], [78.43211, 17.33331], [78.43201, 17.33335], [78.43188, 17.33346], [78.43173, 17.33364], [78.43164, 17.3338], [78.43153, 17.33393], [78.43148, 17.334], [78.43141, 17.33406], [78.43139, 17.33406], [78.43138, 17.33407], [78.43137, 17.33406], [78.43116, 17.33409], [78.43102, 17.33411], [78.43079, 17.33414], [78.4308, 17.33432], [78.43081, 17.3348], [78.43081, 17.33482], [78.43049, 17.33484], [78.43032, 17.33485], [78.43029, 17.33486], [78.43029, 17.33489], [78.4303, 17.33516], [78.43008, 17.3352], [78.43009, 17.33548], [78.42979, 17.33544], [78.42967, 17.33542], [78.4293, 17.33541], [78.42907, 17.33573], [78.42892, 17.33594], [78.42886, 17.33603], [78.42847, 17.3367], [78.42811, 17.33719], [78.42792, 17.33738], [78.42785, 17.33745], [78.42772, 17.33755], [78.42739, 17.33757], [78.42643, 17.33747], [78.42632, 17.33743], [78.42609, 17.33735], [78.42601, 17.33749], [78.42579, 17.33789], [78.42543, 17.33856], [78.425, 17.33932], [78.42484, 17.33961], [78.42462, 17.34006], [78.42442, 17.3404], [78.42419, 17.34075], [78.42391, 17.34118], [78.42378, 17.34136], [78.42359, 17.34155], [78.42338, 17.34172], [78.4231, 17.34187], [78.4227, 17.34201], [78.42222, 17.34211], [78.42102, 17.34235], [78.42048, 17.34247], [78.41968, 17.34263], [78.41902, 17.34277], [78.41869, 17.34288], [78.41825, 17.34302], [78.41783, 17.34319], [78.41764, 17.3433], [78.41741, 17.34346], [78.41727, 17.34359], [78.41701, 17.34392], [78.41663, 17.34439], [78.41638, 17.34468], [78.4161, 17.34508], [78.41596, 17.34538], [78.41588, 17.3457], [78.41587, 17.34592], [78.41588, 17.34607], [78.41591, 17.34628], [78.41599, 17.34656], [78.41624, 17.34732], [78.41625, 17.34733], [78.41643, 17.34791], [78.41666, 17.3486], [78.41685, 17.34916], [78.41691, 17.34934], [78.41783, 17.35014], [78.41866, 17.3509], [78.41878, 17.35103], [78.41897, 17.35117], [78.419, 17.35119], [78.41948, 17.35143], [78.41955, 17.35146], [78.4198, 17.35154], [78.41996, 17.35159], [78.42071, 17.35179], [78.42087, 17.35183], [78.42087, 17.35183], [78.42162, 17.35203], [78.42165, 17.35204], [78.42196, 17.3521], [78.42255, 17.35222], [78.4228, 17.35223], [78.42306, 17.35224], [78.42325, 17.35226], [78.42374, 17.35228], [78.4239, 17.35228], [78.42426, 17.3523], [78.4247, 17.35231], [78.42557, 17.35234], [78.4257, 17.35235], [78.42596, 17.35235], [78.42622, 17.35236], [78.42669, 17.35229], [78.42675, 17.35228], [78.42681, 17.35226], [78.42707, 17.3522], [78.42745, 17.35208], [78.42753, 17.35206], [78.4276, 17.35203], [78.42795, 17.35191], [78.42837, 17.35183], [78.42863, 17.35184], [78.4288, 17.35184], [78.42899, 17.35185], [78.42936, 17.35194], [78.42944, 17.35197], [78.42964, 17.35203], [78.42999, 17.35214], [78.43012, 17.35218], [78.43032, 17.35224], [78.4305, 17.35229], [78.43107, 17.35253], [78.43124, 17.35262], [78.43149, 17.35275], [78.43155, 17.35278], [78.43159, 17.35283], [78.43176, 17.35297], [78.43211, 17.35329], [78.43228, 17.35348], [78.43238, 17.35358], [78.43245, 17.35365]]]}}, {"type": "Feature", "properties": {"name": "74-AHMED NAGAR", "hospital_count": 2, "circle": "12-MEDHDIPATNAM", "zone": "KHAIRATHABAD ZONE", "ward_no": 74}, "geometry": {"type": "Polygon", "coordinates": [[[78.4273, 17.40326], [78.42766, 17.40549], [78.4281, 17.40548], [78.42919, 17.40547], [78.43031, 17.40551], [78.43127, 17.40548], [78.4314, 17.40554], [78.43124, 17.40613], [78.43128, 17.40614], [78.43159, 17.40623], [78.43203, 17.40638], [78.4322, 17.4064], [78.43219, 17.40664], [78.43187, 17.4068], [78.43188, 17.407], [78.43189, 17.407], [78.43198, 17.40699], [78.43213, 17.40695], [78.43233, 17.40699], [78.4325, 17.40704], [78.43257, 17.40704], [78.43269, 17.40693], [78.43291, 17.40657], [78.43328, 17.40637], [78.43336, 17.40632], [78.43348, 17.40624], [78.43355, 17.40619], [78.43407, 17.40681], [78.43416, 17.40673], [78.43446, 17.40652], [78.4345, 17.40649], [78.43462, 17.40635], [78.43474, 17.40616], [78.43482, 17.40584], [78.43489, 17.40548], [78.43499, 17.40547], [78.43509, 17.40545], [78.43523, 17.40534], [78.43524, 17.40526], [78.4353, 17.40492], [78.43533, 17.40482], [78.43538, 17.40479], [78.43549, 17.40481], [78.43564, 17.40482], [78.43586, 17.40477], [78.43604, 17.40469], [78.43628, 17.40467], [78.43631, 17.40467], [78.43633, 17.40467], [78.43634, 17.40467], [78.43643, 17.40467], [78.43669, 17.40461], [78.43689, 17.40459], [78.43692, 17.40459], [78.43714, 17.40456], [78.43725, 17.40457], [78.43735, 17.40458], [78.4374, 17.40457], [78.43751, 17.40456], [78.43766, 17.40453], [78.43766, 17.40453], [78.43767, 17.40452], [78.43773, 17.40449], [78.43782, 17.40446], [78.43782, 17.40445], [78.43793, 17.40438], [78.43797, 17.40435], [78.43799, 17.40433], [78.43809, 17.40429], [78.4381, 17.40429], [78.43812, 17.40424], [78.43817, 17.40416], [78.43828, 17.40396], [78.43832, 17.40391], [78.43836, 17.40386], [78.4384, 17.40382], [78.43853, 17.40375], [78.43867, 17.40372], [78.43877, 17.4037], [78.43884, 17.40369], [78.43891, 17.40368], [78.43903, 17.40367], [78.43911, 17.40367], [78.43919, 17.40367], [78.43927, 17.40368], [78.43933, 17.4037], [78.43935, 17.4037], [78.43951, 17.40373], [78.43959, 17.40372], [78.43971, 17.4037], [78.4398, 17.4037], [78.43983, 17.40371], [78.43987, 17.40371], [78.43988, 17.40371], [78.44, 17.40373], [78.44001, 17.40374], [78.44011, 17.40377], [78.44025, 17.40381], [78.44049, 17.40395], [78.4406, 17.40402], [78.44069, 17.40404], [78.44074, 17.40406], [78.44082, 17.40405], [78.44093, 17.40404], [78.44101, 17.40404], [78.44107, 17.40408], [78.44113, 17.40415], [78.44117, 17.4042], [78.44124, 17.40426], [78.44127, 17.40429], [78.44128, 17.40429], [78.44129, 17.40429], [78.44142, 17.40432], [78.4417, 17.40436], [78.44207, 17.40443], [78.44243, 17.40451], [78.44265, 17.40456], [78.44267, 17.40456], [78.44288, 17.40463], [78.44303, 17.40469], [78.44309, 17.40472], [78.44312, 17.40474], [78.44326, 17.40482], [78.44335, 17.40488], [78.44352, 17.405], [78.44355, 17.40502], [78.44373, 17.40513], [78.44396, 17.40525], [78.44406, 17.40534], [78.44411, 17.40538], [78.44419, 17.40539], [78.4443, 17.40536], [78.4444, 17.40532], [78.44446, 17.40529], [78.44485, 17.40525], [78.44526, 17.40532], [78.4456, 17.40536], [78.44563, 17.40536], [78.44601, 17.40542], [78.44645, 17.40547], [78.44675, 17.40549], [78.44699, 17.40548], [78.44699, 17.40548], [78.44704, 17.40548], [78.44762, 17.40549], [78.44813, 17.40555], [78.44835, 17.40562], [78.44841, 17.40563], [78.44877, 17.4058], [78.44926, 17.40614], [78.44964, 17.40636], [78.45009, 17.40664], [78.45039, 17.40678], [78.45074, 17.40689], [78.45108, 17.407], [78.45114, 17.40706], [78.45121, 17.40711], [78.45129, 17.40718], [78.45133, 17.40707], [78.45135, 17.40709], [78.45147, 17.40656], [78.45153, 17.40623], [78.45155, 17.40612], [78.45156, 17.40599], [78.45159, 17.40585], [78.45163, 17.40576], [78.45167, 17.40523], [78.45169, 17.40489], [78.45175, 17.40466], [78.45192, 17.4044], [78.45225, 17.40415], [78.45268, 17.40373], [78.45291, 17.40357], [78.45313, 17.40332], [78.45318, 17.40336], [78.45322, 17.40344], [78.45333, 17.40289], [78.45348, 17.40188], [78.45374, 17.39992], [78.45407, 17.39864], [78.45434, 17.39759], [78.45355, 17.39749], [78.45293, 17.39734], [78.45229, 17.39716], [78.45141, 17.39691], [78.4508, 17.39677], [78.45069, 17.39675], [78.45093, 17.39745], [78.45098, 17.39792], [78.45095, 17.39805], [78.4508, 17.3982], [78.45028, 17.39856], [78.44995, 17.39882], [78.4499, 17.39878], [78.44942, 17.39882], [78.44878, 17.39889], [78.44875, 17.39893], [78.44865, 17.39892], [78.44772, 17.39905], [78.44711, 17.39906], [78.44661, 17.3989], [78.44647, 17.39887], [78.44575, 17.39874], [78.44526, 17.39867], [78.44437, 17.39858], [78.44412, 17.39855], [78.44358, 17.39827], [78.44351, 17.39832], [78.44342, 17.39838], [78.44242, 17.39849], [78.43904, 17.39904], [78.43792, 17.39926], [78.43708, 17.39943], [78.43694, 17.40026], [78.43694, 17.40039], [78.43635, 17.40047], [78.43574, 17.40069], [78.43484, 17.40099], [78.43462, 17.40106], [78.43435, 17.40114], [78.43371, 17.40133], [78.43268, 17.4016], [78.4322, 17.40172], [78.43214, 17.40174], [78.43178, 17.40183], [78.43152, 17.40198], [78.43125, 17.40219], [78.43107, 17.40229], [78.43089, 17.40233], [78.43087, 17.40232], [78.43051, 17.40227], [78.43001, 17.40226], [78.42991, 17.40227], [78.42945, 17.40228], [78.42929, 17.40233], [78.42892, 17.40262], [78.42887, 17.40265], [78.42879, 17.40271], [78.42862, 17.40285], [78.42857, 17.40292], [78.42848, 17.40312], [78.42841, 17.40318], [78.42828, 17.4032], [78.42806, 17.4032], [78.42769, 17.40324], [78.4273, 17.40326]]]}}, {"type": "Feature", "properties": {"name": "92-VENKATESHWARA COLONY", "hospital_count": 16, "circle": "18-JUBILEE HILLS", "zone": "KHAIRATHABAD ZONE", "ward_no": 92}, "geometry": {"type": "Polygon", "coordinates": [[[78.43777, 17.43017], [78.43805, 17.43017], [78.43819, 17.43017], [78.43836, 17.43017], [78.43857, 17.43018], [78.43882, 17.43017], [78.43902, 17.43016], [78.43907, 17.43016], [78.43925, 17.43014], [78.43936, 17.43014], [78.43948, 17.43014], [78.43969, 17.43014], [78.43993, 17.43014], [78.44, 17.43014], [78.44027, 17.43014], [78.44063, 17.43014], [78.44081, 17.43015], [78.44172, 17.43015], [78.4421, 17.43014], [78.4424, 17.43014], [78.44286, 17.43014], [78.44335, 17.43013], [78.44393, 17.43012], [78.44411, 17.43011], [78.44423, 17.43011], [78.44439, 17.4301], [78.4445, 17.4301], [78.44465, 17.43009], [78.44479, 17.43008], [78.44497, 17.43006], [78.44508, 17.43005], [78.44516, 17.43004], [78.44537, 17.43003], [78.44543, 17.43002], [78.44568, 17.42998], [78.44579, 17.42997], [78.44599, 17.42995], [78.44618, 17.42992], [78.44629, 17.42991], [78.44639, 17.4299], [78.44648, 17.42988], [78.44666, 17.42986], [78.44685, 17.42983], [78.44717, 17.42979], [78.44755, 17.42974], [78.448, 17.42968], [78.44815, 17.42966], [78.44838, 17.42967], [78.44873, 17.42972], [78.44901, 17.42975], [78.44913, 17.42977], [78.44938, 17.42982], [78.44966, 17.42991], [78.44982, 17.42995], [78.45004, 17.43002], [78.45006, 17.43], [78.45008, 17.42999], [78.45036, 17.42969], [78.45054, 17.42945], [78.45099, 17.42883], [78.45151, 17.42812], [78.45161, 17.42797], [78.45162, 17.42797], [78.4519, 17.42758], [78.45242, 17.42685], [78.45244, 17.42682], [78.45241, 17.4268], [78.45235, 17.42675], [78.45229, 17.4267], [78.45224, 17.42668], [78.45219, 17.42667], [78.45208, 17.42665], [78.45202, 17.42664], [78.45194, 17.42663], [78.45187, 17.42662], [78.45175, 17.4266], [78.45165, 17.4266], [78.45159, 17.4266], [78.45153, 17.42658], [78.45151, 17.42658], [78.4515, 17.42658], [78.45144, 17.42656], [78.45126, 17.4265], [78.45114, 17.42646], [78.45101, 17.42639], [78.4509, 17.42635], [78.45074, 17.42627], [78.45065, 17.42623], [78.45062, 17.42622], [78.45053, 17.42619], [78.45041, 17.42615], [78.45019, 17.42607], [78.4501, 17.42604], [78.45007, 17.42604], [78.44993, 17.426], [78.44967, 17.42594], [78.4494, 17.42588], [78.44925, 17.42582], [78.44909, 17.42574], [78.44894, 17.42565], [78.44885, 17.42556], [78.44882, 17.42554], [78.44875, 17.42547], [78.44867, 17.42536], [78.44864, 17.42531], [78.44858, 17.42521], [78.44856, 17.42516], [78.44855, 17.42515], [78.4485, 17.42504], [78.44841, 17.42484], [78.44835, 17.4247], [78.44832, 17.42465], [78.44825, 17.42447], [78.44822, 17.4244], [78.44819, 17.42426], [78.44819, 17.42421], [78.44819, 17.42418], [78.44822, 17.42402], [78.44823, 17.424], [78.44828, 17.42388], [78.44839, 17.42371], [78.44842, 17.42368], [78.4486, 17.42349], [78.44866, 17.42343], [78.44897, 17.42316], [78.44926, 17.42294], [78.44935, 17.42288], [78.44936, 17.42287], [78.4494, 17.42285], [78.44948, 17.42277], [78.44953, 17.42271], [78.44956, 17.42262], [78.44957, 17.42258], [78.44958, 17.42251], [78.44958, 17.42248], [78.44958, 17.42244], [78.44957, 17.42237], [78.44954, 17.42229], [78.44945, 17.42214], [78.44939, 17.42208], [78.44919, 17.42186], [78.44913, 17.42179], [78.44903, 17.42166], [78.44893, 17.4215], [78.44889, 17.42144], [78.4487, 17.42104], [78.44869, 17.42101], [78.4486, 17.42077], [78.44859, 17.42072], [78.44851, 17.42056], [78.4484, 17.42041], [78.44834, 17.42035], [78.44826, 17.42026], [78.44822, 17.42022], [78.44807, 17.42007], [78.44799, 17.41997], [78.44797, 17.41995], [78.44794, 17.41986], [78.44793, 17.41984], [78.44793, 17.41983], [78.4479, 17.41975], [78.44787, 17.41958], [78.44786, 17.41953], [78.44787, 17.41942], [78.44787, 17.41938], [78.44787, 17.41938], [78.44791, 17.41922], [78.44806, 17.41895], [78.44807, 17.41892], [78.44808, 17.4189], [78.4481, 17.41887], [78.44832, 17.4185], [78.44844, 17.41837], [78.44863, 17.41825], [78.44883, 17.41808], [78.44898, 17.41789], [78.44901, 17.41754], [78.44901, 17.41726], [78.44897, 17.417], [78.4489, 17.41637], [78.4489, 17.41601], [78.449, 17.41577], [78.44913, 17.41559], [78.44928, 17.41545], [78.44971, 17.41504], [78.44982, 17.41497], [78.44967, 17.41484], [78.44956, 17.4148], [78.44944, 17.41477], [78.44929, 17.41477], [78.44928, 17.41477], [78.44917, 17.41478], [78.44903, 17.41479], [78.44894, 17.41479], [78.44883, 17.41481], [78.44871, 17.41482], [78.44859, 17.41483], [78.44847, 17.41484], [78.44834, 17.41484], [78.44825, 17.41485], [78.44815, 17.41485], [78.44799, 17.41486], [78.44786, 17.41486], [78.44777, 17.41487], [78.44761, 17.41488], [78.44748, 17.41489], [78.44738, 17.41489], [78.44734, 17.4149], [78.44726, 17.4149], [78.44719, 17.4149], [78.4471, 17.41491], [78.44696, 17.41491], [78.44687, 17.41491], [78.44681, 17.41491], [78.44678, 17.41491], [78.44676, 17.41491], [78.44675, 17.41491], [78.44672, 17.41491], [78.44669, 17.41491], [78.44666, 17.4149], [78.44665, 17.41491], [78.44665, 17.41492], [78.44658, 17.41495], [78.44648, 17.415], [78.44646, 17.415], [78.44645, 17.415], [78.44644, 17.41502], [78.4464, 17.41506], [78.44636, 17.4151], [78.44631, 17.41515], [78.44624, 17.4152], [78.44619, 17.41525], [78.44612, 17.41529], [78.44605, 17.41534], [78.44599, 17.41537], [78.44593, 17.41539], [78.44588, 17.41541], [78.44582, 17.41542], [78.44577, 17.41543], [78.44571, 17.41545], [78.44566, 17.41546], [78.44558, 17.41547], [78.44549, 17.41548], [78.4454, 17.41549], [78.44526, 17.41552], [78.44515, 17.41554], [78.44505, 17.41556], [78.44497, 17.41558], [78.44492, 17.41559], [78.44487, 17.4156], [78.44481, 17.41561], [78.44477, 17.41561], [78.44469, 17.41563], [78.44463, 17.41564], [78.44458, 17.41565], [78.44443, 17.41567], [78.44437, 17.41568], [78.44432, 17.41569], [78.44425, 17.4157], [78.44415, 17.41572], [78.44408, 17.41573], [78.44403, 17.41574], [78.44396, 17.41575], [78.44391, 17.41576], [78.44387, 17.41577], [78.44381, 17.41577], [78.44375, 17.41579], [78.44367, 17.4158], [78.4436, 17.41581], [78.44354, 17.41582], [78.44348, 17.41583], [78.44344, 17.41583], [78.44337, 17.41584], [78.44331, 17.41585], [78.44327, 17.41585], [78.44322, 17.41586], [78.44317, 17.41587], [78.44311, 17.41587], [78.44305, 17.41588], [78.44301, 17.41588], [78.44291, 17.41589], [78.44287, 17.4159], [78.44279, 17.4159], [78.44267, 17.41591], [78.4426, 17.41591], [78.44246, 17.41589], [78.44237, 17.41588], [78.44233, 17.41587], [78.44221, 17.41585], [78.44221, 17.41581], [78.44221, 17.41578], [78.44221, 17.41574], [78.44222, 17.41568], [78.44222, 17.41562], [78.44222, 17.41555], [78.44221, 17.41544], [78.4422, 17.41536], [78.4422, 17.41525], [78.44219, 17.41518], [78.44219, 17.41506], [78.44218, 17.41499], [78.44218, 17.41493], [78.44218, 17.41486], [78.44217, 17.41477], [78.44216, 17.41466], [78.44216, 17.41456], [78.44215, 17.41444], [78.44215, 17.41439], [78.44205, 17.4144], [78.44198, 17.4144], [78.44197, 17.4144], [78.44196, 17.4144], [78.44196, 17.4144], [78.44195, 17.4144], [78.44195, 17.41439], [78.44195, 17.41437], [78.44195, 17.41434], [78.44195, 17.41431], [78.44194, 17.41423], [78.44194, 17.41419], [78.44195, 17.41411], [78.44196, 17.41404], [78.44196, 17.41399], [78.44196, 17.41391], [78.44196, 17.41385], [78.44196, 17.41381], [78.44196, 17.41377], [78.44193, 17.41377], [78.44179, 17.41377], [78.44168, 17.41377], [78.44155, 17.41377], [78.44149, 17.41378], [78.44148, 17.41378], [78.44142, 17.41378], [78.44142, 17.41377], [78.44141, 17.41377], [78.4414, 17.41376], [78.44139, 17.41375], [78.44137, 17.41374], [78.44136, 17.41373], [78.44134, 17.41372], [78.44133, 17.41372], [78.44131, 17.41372], [78.44128, 17.41371], [78.44125, 17.41371], [78.44116, 17.41371], [78.44108, 17.41371], [78.44101, 17.41371], [78.44089, 17.41371], [78.44084, 17.41371], [78.44077, 17.4137], [78.44065, 17.41369], [78.44057, 17.41369], [78.44048, 17.4137], [78.4404, 17.41372], [78.44034, 17.41372], [78.44021, 17.41374], [78.44015, 17.41376], [78.44007, 17.41377], [78.43996, 17.4138], [78.4398, 17.41384], [78.43971, 17.41386], [78.4396, 17.41387], [78.43954, 17.41387], [78.43952, 17.41387], [78.43949, 17.41386], [78.43944, 17.41386], [78.43943, 17.41385], [78.43939, 17.41385], [78.43937, 17.41384], [78.43935, 17.41384], [78.43933, 17.41384], [78.43931, 17.41384], [78.43929, 17.41384], [78.43929, 17.41378], [78.43928, 17.41371], [78.43927, 17.41364], [78.43926, 17.41356], [78.43925, 17.41342], [78.43925, 17.41341], [78.43919, 17.41342], [78.43892, 17.41349], [78.43858, 17.41355], [78.43847, 17.41359], [78.43829, 17.41361], [78.43817, 17.41362], [78.43808, 17.41361], [78.43797, 17.41362], [78.43788, 17.41361], [78.43768, 17.4136], [78.43758, 17.41362], [78.43754, 17.41364], [78.43705, 17.41388], [78.43668, 17.41403], [78.43661, 17.41404], [78.43657, 17.41404], [78.4365, 17.41404], [78.43637, 17.41405], [78.43633, 17.41405], [78.43604, 17.4141], [78.4359, 17.41409], [78.43575, 17.41408], [78.4355, 17.4141], [78.43527, 17.41414], [78.43501, 17.41418], [78.43485, 17.41421], [78.43468, 17.41425], [78.43437, 17.41433], [78.43418, 17.41437], [78.43381, 17.41445], [78.43362, 17.41448], [78.43294, 17.41459], [78.43267, 17.41465], [78.43237, 17.4147], [78.43197, 17.41476], [78.43146, 17.41483], [78.43088, 17.41492], [78.43036, 17.41504], [78.42996, 17.4151], [78.42933, 17.4151], [78.42931, 17.4151], [78.42927, 17.4151], [78.42922, 17.41511], [78.4292, 17.41512], [78.42916, 17.41514], [78.42914, 17.41515], [78.42912, 17.41516], [78.42897, 17.41525], [78.42886, 17.41527], [78.4286, 17.4153], [78.42835, 17.41535], [78.42796, 17.41544], [78.42706, 17.41558], [78.42675, 17.41566], [78.42648, 17.4157], [78.42583, 17.41584], [78.42575, 17.41586], [78.42571, 17.41578], [78.42567, 17.41563], [78.42564, 17.41556], [78.42562, 17.41548], [78.42559, 17.41539], [78.42553, 17.41524], [78.4255, 17.41513], [78.42545, 17.41501], [78.42542, 17.41494], [78.42538, 17.41487], [78.42536, 17.41484], [78.42534, 17.41481], [78.4253, 17.41478], [78.42528, 17.41477], [78.42526, 17.41475], [78.42524, 17.41475], [78.4252, 17.41473], [78.42518, 17.41471], [78.42514, 17.41468], [78.42506, 17.41464], [78.42495, 17.41458], [78.42486, 17.41453], [78.4247, 17.41447], [78.4246, 17.41443], [78.4245, 17.41439], [78.4244, 17.41435], [78.42434, 17.41432], [78.42425, 17.4143], [78.42416, 17.41428], [78.42409, 17.41427], [78.42401, 17.41427], [78.42393, 17.41427], [78.42386, 17.41428], [78.42376, 17.41429], [78.42368, 17.4143], [78.4236, 17.41432], [78.42349, 17.41434], [78.4234, 17.41436], [78.4233, 17.41439], [78.42322, 17.41441], [78.4231, 17.41444], [78.42303, 17.41446], [78.42293, 17.41449], [78.42283, 17.41453], [78.42275, 17.41456], [78.42262, 17.41462], [78.42254, 17.41465], [78.42236, 17.41474], [78.42218, 17.41483], [78.42204, 17.4149], [78.42191, 17.41497], [78.42187, 17.41499], [78.4218, 17.41504], [78.42175, 17.41509], [78.42173, 17.41511], [78.42166, 17.41518], [78.42161, 17.41526], [78.42155, 17.41534], [78.42148, 17.41547], [78.4214, 17.41561], [78.42131, 17.41578], [78.42117, 17.41604], [78.4211, 17.41616], [78.42104, 17.41626], [78.42095, 17.41635], [78.42092, 17.41638], [78.42089, 17.41639], [78.42086, 17.4164], [78.4208, 17.41641], [78.42074, 17.41642], [78.42066, 17.41642], [78.42059, 17.41641], [78.42051, 17.41641], [78.42044, 17.41639], [78.42038, 17.41638], [78.42028, 17.41633], [78.4202, 17.41629], [78.42009, 17.41624], [78.41999, 17.41619], [78.41986, 17.41613], [78.41979, 17.4161], [78.41973, 17.41608], [78.41965, 17.41606], [78.41957, 17.41605], [78.4195, 17.41605], [78.41942, 17.41606], [78.41936, 17.41608], [78.4192, 17.41611], [78.41914, 17.41612], [78.419, 17.41616], [78.41889, 17.4162], [78.41879, 17.41623], [78.41873, 17.41625], [78.41862, 17.41629], [78.41855, 17.41632], [78.41851, 17.41634], [78.41842, 17.4164], [78.41834, 17.41645], [78.4183, 17.41648], [78.41825, 17.41652], [78.41817, 17.4166], [78.41813, 17.41665], [78.41807, 17.41671], [78.41802, 17.41676], [78.41798, 17.41679], [78.41786, 17.41686], [78.41777, 17.4169], [78.41768, 17.41693], [78.41762, 17.41695], [78.41752, 17.41697], [78.41741, 17.41698], [78.41732, 17.417], [78.41725, 17.41701], [78.41722, 17.41702], [78.417, 17.41706], [78.4168, 17.41711], [78.41665, 17.41715], [78.41629, 17.41724], [78.41614, 17.41728], [78.41603, 17.4173], [78.4159, 17.41734], [78.41581, 17.41736], [78.41572, 17.41738], [78.41555, 17.41742], [78.4154, 17.41746], [78.41519, 17.41751], [78.41503, 17.41755], [78.41472, 17.41762], [78.41452, 17.41767], [78.41446, 17.41769], [78.41438, 17.41771], [78.41431, 17.41773], [78.41423, 17.41775], [78.41418, 17.41777], [78.41409, 17.41781], [78.41399, 17.41786], [78.41393, 17.41789], [78.41384, 17.41795], [78.41377, 17.418], [78.41372, 17.41804], [78.41366, 17.41808], [78.4136, 17.41812], [78.41355, 17.41816], [78.41349, 17.41821], [78.41346, 17.41824], [78.41342, 17.41827], [78.41339, 17.4183], [78.41335, 17.41833], [78.41332, 17.41835], [78.41329, 17.41836], [78.41327, 17.41838], [78.41322, 17.41841], [78.41316, 17.41845], [78.41303, 17.41854], [78.41297, 17.41858], [78.41293, 17.41861], [78.4129, 17.41863], [78.41286, 17.41866], [78.41285, 17.41867], [78.41283, 17.4187], [78.41281, 17.41872], [78.41279, 17.41876], [78.41276, 17.4188], [78.41275, 17.41883], [78.41273, 17.41887], [78.4127, 17.41893], [78.41267, 17.41901], [78.41266, 17.41906], [78.41264, 17.4191], [78.41263, 17.41914], [78.4126, 17.41921], [78.41251, 17.41919], [78.4125, 17.41922], [78.41248, 17.41928], [78.41247, 17.41932], [78.41246, 17.41934], [78.41243, 17.41941], [78.41241, 17.41948], [78.41238, 17.41955], [78.41235, 17.41961], [78.41233, 17.41966], [78.41231, 17.4197], [78.41229, 17.41973], [78.41226, 17.41977], [78.41224, 17.4198], [78.41222, 17.41985], [78.4122, 17.41987], [78.41217, 17.4199], [78.41215, 17.41994], [78.41209, 17.42001], [78.41205, 17.42004], [78.41201, 17.42008], [78.41195, 17.42013], [78.41189, 17.42019], [78.41183, 17.42025], [78.41176, 17.42031], [78.41169, 17.42037], [78.41163, 17.42042], [78.4116, 17.42045], [78.41155, 17.4205], [78.41146, 17.42058], [78.41139, 17.42064], [78.41136, 17.42067], [78.4113, 17.42072], [78.4112, 17.42082], [78.4111, 17.42091], [78.41104, 17.42096], [78.41101, 17.42098], [78.41098, 17.421], [78.41094, 17.42104], [78.41089, 17.42108], [78.41087, 17.4211], [78.41084, 17.42114], [78.41081, 17.42118], [78.41078, 17.42122], [78.41078, 17.42123], [78.41077, 17.42124], [78.41077, 17.42126], [78.41075, 17.4213], [78.41075, 17.42134], [78.41074, 17.42138], [78.41075, 17.42141], [78.41075, 17.42143], [78.41076, 17.42148], [78.41076, 17.4215], [78.41079, 17.42159], [78.4108, 17.42161], [78.41081, 17.42164], [78.41083, 17.42167], [78.41084, 17.4217], [78.41086, 17.42175], [78.4109, 17.42184], [78.41091, 17.42187], [78.41092, 17.42192], [78.41094, 17.422], [78.41098, 17.42214], [78.41099, 17.42218], [78.411, 17.42221], [78.41101, 17.42224], [78.41102, 17.42227], [78.41104, 17.42233], [78.41106, 17.4224], [78.41108, 17.42244], [78.4111, 17.4225], [78.41112, 17.42255], [78.41113, 17.42261], [78.41114, 17.42264], [78.41115, 17.42267], [78.41115, 17.4227], [78.41117, 17.42275], [78.4112, 17.42283], [78.41123, 17.42291], [78.41124, 17.42294], [78.41127, 17.42298], [78.4113, 17.42302], [78.41134, 17.42306], [78.41137, 17.42308], [78.41147, 17.42313], [78.41155, 17.42318], [78.41167, 17.42324], [78.41171, 17.42326], [78.4118, 17.4233], [78.41188, 17.42332], [78.41192, 17.42333], [78.41203, 17.42337], [78.41215, 17.4234], [78.41225, 17.42344], [78.41238, 17.42348], [78.41247, 17.42351], [78.41255, 17.42354], [78.41265, 17.42358], [78.41274, 17.42361], [78.41285, 17.42365], [78.41293, 17.42369], [78.413, 17.42372], [78.41306, 17.42376], [78.4131, 17.4238], [78.41312, 17.42382], [78.41317, 17.4239], [78.41319, 17.42394], [78.4132, 17.42397], [78.41323, 17.42405], [78.41326, 17.4241], [78.41329, 17.42416], [78.41331, 17.42419], [78.41333, 17.42421], [78.41335, 17.42423], [78.41341, 17.42429], [78.41346, 17.42434], [78.41353, 17.42442], [78.4136, 17.42449], [78.41364, 17.42453], [78.4137, 17.4246], [78.41378, 17.42468], [78.41386, 17.42476], [78.41391, 17.42481], [78.41405, 17.42495], [78.41414, 17.42505], [78.41424, 17.42515], [78.41429, 17.4252], [78.41435, 17.42526], [78.41442, 17.42534], [78.4145, 17.42542], [78.41454, 17.42547], [78.41456, 17.42551], [78.41458, 17.42556], [78.41461, 17.42565], [78.41466, 17.42572], [78.41472, 17.42581], [78.41479, 17.4259], [78.41486, 17.42598], [78.41494, 17.42607], [78.41504, 17.42618], [78.41513, 17.42627], [78.41521, 17.42635], [78.41528, 17.42641], [78.41533, 17.42647], [78.4154, 17.42655], [78.41542, 17.42657], [78.41544, 17.42655], [78.41553, 17.42655], [78.41575, 17.42657], [78.41575, 17.42657], [78.41576, 17.42656], [78.41576, 17.42656], [78.41576, 17.42656], [78.41576, 17.42656], [78.41577, 17.42656], [78.41582, 17.42656], [78.41592, 17.42656], [78.416, 17.42656], [78.41608, 17.42656], [78.41623, 17.42656], [78.41628, 17.42656], [78.41635, 17.42655], [78.41641, 17.42655], [78.41646, 17.42654], [78.41652, 17.42653], [78.4166, 17.42652], [78.41669, 17.42649], [78.41675, 17.42648], [78.41681, 17.42646], [78.41694, 17.42642], [78.41702, 17.4264], [78.4171, 17.42638], [78.41715, 17.42637], [78.41722, 17.42635], [78.41727, 17.42633], [78.41732, 17.42632], [78.41742, 17.42629], [78.41746, 17.42628], [78.41749, 17.42627], [78.41756, 17.42625], [78.41764, 17.42622], [78.41882, 17.42582], [78.42058, 17.42517], [78.42102, 17.42501], [78.42102, 17.42501], [78.42102, 17.42501], [78.42102, 17.425], [78.42102, 17.425], [78.42102, 17.425], [78.42117, 17.42495], [78.42134, 17.42489], [78.42156, 17.42481], [78.42183, 17.4247], [78.42202, 17.42463], [78.42221, 17.42457], [78.42239, 17.4245], [78.42244, 17.42448], [78.42255, 17.42444], [78.42267, 17.4244], [78.42274, 17.42437], [78.42294, 17.4243], [78.42299, 17.42428], [78.42308, 17.42425], [78.42326, 17.42418], [78.42337, 17.42414], [78.42346, 17.4241], [78.4236, 17.42405], [78.42381, 17.42397], [78.42386, 17.42395], [78.42397, 17.42391], [78.42403, 17.42389], [78.42414, 17.42385], [78.42425, 17.42381], [78.42441, 17.42375], [78.42449, 17.42372], [78.42461, 17.42368], [78.42468, 17.42365], [78.42479, 17.42361], [78.42487, 17.42358], [78.42498, 17.42354], [78.42506, 17.42351], [78.42515, 17.42348], [78.42525, 17.42344], [78.42535, 17.4234], [78.42544, 17.42337], [78.42552, 17.42334], [78.42571, 17.42327], [78.42579, 17.42323], [78.42584, 17.42322], [78.42592, 17.42319], [78.42605, 17.42316], [78.42618, 17.42311], [78.42628, 17.42309], [78.42634, 17.42307], [78.42635, 17.42307], [78.42636, 17.42307], [78.42646, 17.42303], [78.42651, 17.4231], [78.42685, 17.42326], [78.42795, 17.42372], [78.4287, 17.42398], [78.4293, 17.42413], [78.43251, 17.42478], [78.4335, 17.42502], [78.43465, 17.42537], [78.43583, 17.42567], [78.43675, 17.42591], [78.43713, 17.42602], [78.4374, 17.42616], [78.4376, 17.42624], [78.43772, 17.4263], [78.43784, 17.42631], [78.43805, 17.42633], [78.4382, 17.42635], [78.43828, 17.42635], [78.4385, 17.42652], [78.43876, 17.42675], [78.43933, 17.42698], [78.43967, 17.42709], [78.43964, 17.42756], [78.43963, 17.42763], [78.43943, 17.42768], [78.43934, 17.42771], [78.43925, 17.42776], [78.43915, 17.42781], [78.43906, 17.42785], [78.439, 17.42789], [78.43898, 17.42789], [78.43891, 17.42792], [78.43889, 17.42792], [78.43875, 17.42796], [78.43861, 17.428], [78.43847, 17.42802], [78.43834, 17.42804], [78.43822, 17.42806], [78.43812, 17.42809], [78.43805, 17.4281], [78.43797, 17.42813], [78.43792, 17.42816], [78.43792, 17.42818], [78.43793, 17.42825], [78.43795, 17.42852], [78.43655, 17.42875], [78.43656, 17.42881], [78.43657, 17.42892], [78.43657, 17.429], [78.43656, 17.42921], [78.43657, 17.4296], [78.43656, 17.42984], [78.43657, 17.43012], [78.43657, 17.4302], [78.43685, 17.43019], [78.43692, 17.43019], [78.4371, 17.43019], [78.4373, 17.43019], [78.43748, 17.43018], [78.43759, 17.43017], [78.43777, 17.43017]]]}}, {"type": "Feature", "properties": {"name": "89-GANDHINAGAR", "hospital_count": 21, "circle": "15-MUSHEERABAD", "zone": "SECUNDERABAD ZONE", "ward_no": 89}, "geometry": {"type": "Polygon", "coordinates": [[[78.49325, 17.40106], [78.49318, 17.40116], [78.49295, 17.40148], [78.49294, 17.4015], [78.49278, 17.4017], [78.49264, 17.40187], [78.49258, 17.40196], [78.49244, 17.40213], [78.49244, 17.40213], [78.49242, 17.40215], [78.49237, 17.40221], [78.49236, 17.40223], [78.49227, 17.40233], [78.4921, 17.40254], [78.49209, 17.40256], [78.49194, 17.40273], [78.4917, 17.40293], [78.49166, 17.40296], [78.49141, 17.40312], [78.49116, 17.40326], [78.49112, 17.40328], [78.49107, 17.4033], [78.49098, 17.40334], [78.49094, 17.40336], [78.49088, 17.40337], [78.49071, 17.40341], [78.49052, 17.40342], [78.4903, 17.40342], [78.49024, 17.40342], [78.49022, 17.40342], [78.49022, 17.40342], [78.49017, 17.40342], [78.48964, 17.40335], [78.48944, 17.40333], [78.48928, 17.40331], [78.48907, 17.40329], [78.48904, 17.40329], [78.48851, 17.40328], [78.48845, 17.40328], [78.48833, 17.40326], [78.48793, 17.40321], [78.48793, 17.40333], [78.48791, 17.40374], [78.48787, 17.40402], [78.48778, 17.40415], [78.48765, 17.40425], [78.48764, 17.40436], [78.48749, 17.40451], [78.48718, 17.40466], [78.48709, 17.40479], [78.48713, 17.40496], [78.48714, 17.40516], [78.48719, 17.40539], [78.48721, 17.40558], [78.4872, 17.40559], [78.48725, 17.40557], [78.48732, 17.40578], [78.48738, 17.40603], [78.48743, 17.40617], [78.48742, 17.4062], [78.48746, 17.40618], [78.48747, 17.40618], [78.48747, 17.40621], [78.48744, 17.40633], [78.48798, 17.40864], [78.48822, 17.40963], [78.4882, 17.40977], [78.48816, 17.40997], [78.4881, 17.4102], [78.48807, 17.41039], [78.48811, 17.41056], [78.48809, 17.41075], [78.48804, 17.41095], [78.48793, 17.41122], [78.48788, 17.41144], [78.48788, 17.41149], [78.48777, 17.41164], [78.48765, 17.41177], [78.48757, 17.4119], [78.48754, 17.41201], [78.48759, 17.41252], [78.48758, 17.41298], [78.48758, 17.413], [78.48766, 17.413], [78.48769, 17.41339], [78.48774, 17.41352], [78.48806, 17.41375], [78.48816, 17.41385], [78.48819, 17.41417], [78.48825, 17.4143], [78.48837, 17.41441], [78.48852, 17.41467], [78.48863, 17.41484], [78.48875, 17.41508], [78.48873, 17.41537], [78.48874, 17.4155], [78.48875, 17.41547], [78.48911, 17.41553], [78.48945, 17.41548], [78.48982, 17.41543], [78.49045, 17.41535], [78.49108, 17.41528], [78.49158, 17.41522], [78.49206, 17.41516], [78.49247, 17.41512], [78.49247, 17.41512], [78.4927, 17.41509], [78.49306, 17.41505], [78.49318, 17.41504], [78.49348, 17.41502], [78.49367, 17.41502], [78.49379, 17.41503], [78.49383, 17.41503], [78.49393, 17.41503], [78.49409, 17.41501], [78.49436, 17.41497], [78.49445, 17.41497], [78.49455, 17.41496], [78.49471, 17.41495], [78.49488, 17.41494], [78.49486, 17.41484], [78.49481, 17.41462], [78.49475, 17.41437], [78.49474, 17.41431], [78.49475, 17.41431], [78.49474, 17.41429], [78.4948, 17.4143], [78.49496, 17.41433], [78.49506, 17.41433], [78.49524, 17.41427], [78.49539, 17.4142], [78.49552, 17.41415], [78.49576, 17.41403], [78.49601, 17.41392], [78.4961, 17.41392], [78.49656, 17.41397], [78.49695, 17.41403], [78.49726, 17.41407], [78.49741, 17.41406], [78.49757, 17.414], [78.49767, 17.41395], [78.49765, 17.41388], [78.49765, 17.41385], [78.49763, 17.41377], [78.49763, 17.41374], [78.49761, 17.41365], [78.49761, 17.41356], [78.49761, 17.4133], [78.49761, 17.41328], [78.49761, 17.41322], [78.49761, 17.41318], [78.49763, 17.41293], [78.49764, 17.41285], [78.49764, 17.41283], [78.49769, 17.41252], [78.4977, 17.41249], [78.49779, 17.41201], [78.4978, 17.41198], [78.49783, 17.41177], [78.49785, 17.41169], [78.49786, 17.41159], [78.49787, 17.4114], [78.49788, 17.41126], [78.49789, 17.41123], [78.49789, 17.41117], [78.4979, 17.41116], [78.49791, 17.41095], [78.49791, 17.41062], [78.49791, 17.41057], [78.4979, 17.41034], [78.4979, 17.41031], [78.49789, 17.41022], [78.49789, 17.41016], [78.49786, 17.40994], [78.49785, 17.40991], [78.49784, 17.40984], [78.49783, 17.40981], [78.49775, 17.40944], [78.49774, 17.40938], [78.49773, 17.40929], [78.49767, 17.40894], [78.49764, 17.40881], [78.49762, 17.40882], [78.49761, 17.40876], [78.49755, 17.40861], [78.49754, 17.40857], [78.49751, 17.40851], [78.4975, 17.40849], [78.49743, 17.40833], [78.49735, 17.4082], [78.49734, 17.40816], [78.49707, 17.40762], [78.49706, 17.4076], [78.49703, 17.40754], [78.49688, 17.4073], [78.49686, 17.40727], [78.49671, 17.407], [78.49668, 17.40695], [78.4966, 17.40681], [78.49656, 17.40669], [78.49653, 17.40663], [78.4965, 17.40656], [78.49642, 17.4064], [78.49632, 17.40618], [78.4962, 17.40589], [78.49616, 17.40579], [78.49611, 17.40568], [78.49604, 17.40551], [78.49598, 17.40537], [78.49597, 17.40534], [78.49591, 17.4052], [78.49586, 17.40504], [78.49581, 17.40492], [78.49579, 17.40485], [78.49578, 17.40481], [78.49576, 17.40476], [78.49573, 17.40468], [78.4957, 17.40459], [78.49567, 17.40453], [78.49566, 17.40449], [78.49561, 17.40434], [78.49555, 17.40419], [78.4955, 17.40404], [78.49545, 17.4039], [78.49541, 17.40376], [78.49537, 17.40362], [78.49534, 17.40349], [78.49533, 17.40345], [78.49532, 17.40341], [78.49531, 17.40336], [78.49529, 17.40329], [78.49528, 17.40324], [78.49527, 17.40317], [78.49525, 17.40306], [78.49515, 17.40256], [78.49508, 17.40219], [78.49503, 17.40186], [78.49502, 17.4018], [78.49502, 17.40176], [78.49502, 17.40174], [78.49501, 17.4017], [78.49501, 17.40164], [78.495, 17.40153], [78.49499, 17.40142], [78.49497, 17.40123], [78.49496, 17.40115], [78.49495, 17.40103], [78.49495, 17.40097], [78.49492, 17.40077], [78.4949, 17.40064], [78.49489, 17.40056], [78.49489, 17.4005], [78.49488, 17.40043], [78.49487, 17.40032], [78.49485, 17.40019], [78.49485, 17.40012], [78.49484, 17.40008], [78.49482, 17.39994], [78.49482, 17.3999], [78.49481, 17.39981], [78.4948, 17.39974], [78.4948, 17.39971], [78.49479, 17.39967], [78.49478, 17.39964], [78.49476, 17.39958], [78.49474, 17.39953], [78.49472, 17.39951], [78.4947, 17.39948], [78.49467, 17.39945], [78.49462, 17.39941], [78.49458, 17.39937], [78.49453, 17.39933], [78.49449, 17.3993], [78.49441, 17.39924], [78.49437, 17.39921], [78.49429, 17.39915], [78.49416, 17.39931], [78.49392, 17.39985], [78.49381, 17.40013], [78.49359, 17.40057], [78.49354, 17.40063], [78.49338, 17.40086], [78.49328, 17.40101], [78.49325, 17.40106]]]}}, {"type": "Feature", "properties": {"name": "75-RED HILLS", "hospital_count": 23, "circle": "12-MEDHDIPATNAM", "zone": "KHAIRATHABAD ZONE", "ward_no": 75}, "geometry": {"type": "Polygon", "coordinates": [[[78.46793, 17.40283], [78.46808, 17.40259], [78.46832, 17.40232], [78.46875, 17.40194], [78.46923, 17.40153], [78.46937, 17.40141], [78.46951, 17.40129], [78.4698, 17.40106], [78.4698, 17.40106], [78.46992, 17.40094], [78.47011, 17.40076], [78.47019, 17.40066], [78.47022, 17.40061], [78.47036, 17.40036], [78.47041, 17.40022], [78.47046, 17.4001], [78.47061, 17.39976], [78.47063, 17.3997], [78.4707, 17.39946], [78.47077, 17.39889], [78.47078, 17.39885], [78.47079, 17.39874], [78.47084, 17.39825], [78.47087, 17.39791], [78.47092, 17.39742], [78.47093, 17.39737], [78.471, 17.39704], [78.47111, 17.39648], [78.47113, 17.39642], [78.47113, 17.39632], [78.4711, 17.39613], [78.47098, 17.39582], [78.47087, 17.39554], [78.4708, 17.39541], [78.47051, 17.39491], [78.47038, 17.39463], [78.47037, 17.39455], [78.47032, 17.39418], [78.47024, 17.39345], [78.4702, 17.39292], [78.47018, 17.39269], [78.47011, 17.39229], [78.47009, 17.39217], [78.46958, 17.39218], [78.46935, 17.39219], [78.46892, 17.39221], [78.46883, 17.39216], [78.46878, 17.39205], [78.46877, 17.39175], [78.46827, 17.39143], [78.46787, 17.39119], [78.46777, 17.39101], [78.46761, 17.39082], [78.46697, 17.39086], [78.46629, 17.39097], [78.46603, 17.39106], [78.4657, 17.39128], [78.46555, 17.39139], [78.46547, 17.39154], [78.46528, 17.39176], [78.46488, 17.39232], [78.46432, 17.39305], [78.46386, 17.3935], [78.46319, 17.39392], [78.46258, 17.39423], [78.46216, 17.3943], [78.46148, 17.39439], [78.46064, 17.39451], [78.46045, 17.39453], [78.45982, 17.3947], [78.45948, 17.39478], [78.45934, 17.39476], [78.45934, 17.39477], [78.45922, 17.39468], [78.45697, 17.39315], [78.45613, 17.39425], [78.45519, 17.39355], [78.45467, 17.39425], [78.45407, 17.39508], [78.45458, 17.3952], [78.4552, 17.39535], [78.45627, 17.39532], [78.45697, 17.39524], [78.45746, 17.39515], [78.4571, 17.39611], [78.45693, 17.39658], [78.45658, 17.39756], [78.45656, 17.3979], [78.45655, 17.39824], [78.4566, 17.39874], [78.45668, 17.39921], [78.45751, 17.39935], [78.45795, 17.39948], [78.45823, 17.39907], [78.45911, 17.39924], [78.45921, 17.39927], [78.4587, 17.40058], [78.45839, 17.4012], [78.45807, 17.4018], [78.45798, 17.40206], [78.45797, 17.40214], [78.4579, 17.40221], [78.45772, 17.40259], [78.45768, 17.40278], [78.45733, 17.40294], [78.45735, 17.40299], [78.45663, 17.40334], [78.45605, 17.40365], [78.45555, 17.40393], [78.45506, 17.4042], [78.4548, 17.40429], [78.45446, 17.4043], [78.45414, 17.40421], [78.45381, 17.40402], [78.4533, 17.40365], [78.45322, 17.40344], [78.45318, 17.40336], [78.45313, 17.40332], [78.45291, 17.40357], [78.45268, 17.40373], [78.45225, 17.40415], [78.45192, 17.4044], [78.45175, 17.40466], [78.45169, 17.40489], [78.45167, 17.40523], [78.45163, 17.40576], [78.45159, 17.40585], [78.45156, 17.40599], [78.45155, 17.40612], [78.45153, 17.40623], [78.45147, 17.40656], [78.45135, 17.40709], [78.45133, 17.40707], [78.45129, 17.40718], [78.45136, 17.40724], [78.45161, 17.40763], [78.45185, 17.40786], [78.45212, 17.40815], [78.45222, 17.40825], [78.45223, 17.40825], [78.45238, 17.40836], [78.45253, 17.40842], [78.45275, 17.40847], [78.45291, 17.40851], [78.45306, 17.40856], [78.45306, 17.40856], [78.45309, 17.40858], [78.45312, 17.4086], [78.4532, 17.40866], [78.45327, 17.40873], [78.45333, 17.40879], [78.45341, 17.40881], [78.45351, 17.40882], [78.45362, 17.40879], [78.45364, 17.40878], [78.45375, 17.40875], [78.45393, 17.40874], [78.45401, 17.40875], [78.45411, 17.4088], [78.45437, 17.40896], [78.45447, 17.40903], [78.45458, 17.40912], [78.45458, 17.40912], [78.45519, 17.40961], [78.45532, 17.40969], [78.45563, 17.40988], [78.45566, 17.4099], [78.45605, 17.41009], [78.45633, 17.41017], [78.45644, 17.4102], [78.45656, 17.41022], [78.4567, 17.4102], [78.4568, 17.41017], [78.45697, 17.41007], [78.45709, 17.41003], [78.45716, 17.41], [78.45725, 17.40992], [78.45727, 17.40981], [78.45725, 17.40967], [78.45724, 17.40949], [78.45723, 17.40939], [78.45725, 17.40926], [78.45728, 17.40904], [78.45733, 17.40896], [78.45733, 17.40868], [78.45734, 17.40836], [78.45735, 17.4081], [78.45735, 17.40794], [78.45736, 17.40743], [78.45736, 17.40723], [78.45757, 17.40721], [78.45756, 17.4069], [78.45756, 17.40656], [78.45756, 17.40645], [78.45756, 17.40575], [78.45756, 17.40569], [78.45754, 17.40556], [78.45752, 17.40535], [78.45751, 17.40513], [78.4575, 17.40491], [78.45809, 17.40491], [78.45827, 17.40491], [78.45848, 17.40482], [78.45848, 17.40482], [78.45876, 17.40469], [78.45896, 17.4046], [78.45915, 17.40445], [78.45932, 17.40423], [78.45969, 17.4037], [78.46, 17.40328], [78.46007, 17.40318], [78.46016, 17.40305], [78.4602, 17.40298], [78.46096, 17.40283], [78.46097, 17.40282], [78.46142, 17.40266], [78.46147, 17.40266], [78.46153, 17.40266], [78.46161, 17.40266], [78.46166, 17.40267], [78.46169, 17.40267], [78.46185, 17.4027], [78.46203, 17.40274], [78.46213, 17.40277], [78.46218, 17.40279], [78.46266, 17.40297], [78.46267, 17.40298], [78.46277, 17.40302], [78.46278, 17.40303], [78.46297, 17.40316], [78.46353, 17.40353], [78.46458, 17.40434], [78.46473, 17.40413], [78.4652, 17.40355], [78.46542, 17.40334], [78.46565, 17.40316], [78.46595, 17.40298], [78.46627, 17.40284], [78.46673, 17.40274], [78.46708, 17.4027], [78.4672, 17.40269], [78.4675, 17.40271], [78.46793, 17.40283]]]}}, {"type": "Feature", "properties": {"name": "79-HIMAYATNAGAR", "hospital_count": 27, "circle": "16-AMBERPET", "zone": "SECUNDERABAD ZONE", "ward_no": 79}, "geometry": {"type": "Polygon", "coordinates": [[[78.49429, 17.39915], [78.4942, 17.39906], [78.49408, 17.39897], [78.49401, 17.3989], [78.49388, 17.3988], [78.49386, 17.39878], [78.49378, 17.3987], [78.49371, 17.39864], [78.49346, 17.39842], [78.49337, 17.39836], [78.4933, 17.39831], [78.49322, 17.39823], [78.49319, 17.3982], [78.49317, 17.39819], [78.49315, 17.39816], [78.49313, 17.39815], [78.49308, 17.39809], [78.49306, 17.39807], [78.49301, 17.39802], [78.49298, 17.398], [78.49294, 17.39796], [78.49292, 17.39794], [78.49285, 17.39788], [78.49269, 17.39772], [78.49267, 17.3977], [78.49262, 17.39766], [78.49259, 17.39763], [78.49252, 17.39758], [78.4925, 17.39756], [78.49244, 17.39751], [78.49239, 17.39746], [78.49229, 17.39738], [78.49226, 17.39734], [78.49219, 17.39726], [78.4921, 17.39718], [78.49193, 17.39702], [78.49186, 17.39694], [78.49176, 17.39685], [78.49161, 17.39671], [78.49154, 17.39663], [78.49143, 17.39653], [78.49129, 17.3964], [78.49128, 17.39639], [78.49115, 17.39626], [78.49111, 17.39623], [78.49103, 17.39615], [78.49097, 17.3961], [78.49094, 17.39606], [78.49091, 17.39603], [78.49086, 17.39598], [78.49071, 17.39582], [78.49063, 17.39574], [78.49051, 17.39562], [78.49049, 17.3956], [78.49038, 17.39551], [78.49035, 17.39547], [78.49031, 17.3954], [78.49031, 17.39539], [78.4903, 17.39538], [78.49024, 17.39516], [78.49013, 17.39485], [78.48977, 17.39387], [78.48966, 17.39348], [78.48962, 17.39334], [78.48958, 17.3932], [78.48955, 17.39306], [78.48949, 17.39266], [78.48946, 17.3925], [78.48943, 17.39234], [78.4894, 17.39218], [78.48937, 17.39204], [78.48934, 17.39189], [78.48928, 17.39167], [78.48927, 17.39159], [78.48925, 17.39151], [78.48924, 17.39143], [78.48923, 17.39134], [78.48921, 17.39127], [78.48919, 17.39119], [78.48917, 17.39112], [78.48915, 17.39104], [78.48912, 17.39097], [78.4891, 17.3909], [78.48907, 17.39078], [78.48903, 17.39079], [78.48894, 17.39076], [78.48875, 17.39081], [78.4884, 17.39088], [78.48805, 17.39092], [78.48785, 17.39093], [78.48761, 17.3909], [78.48734, 17.39087], [78.48728, 17.39087], [78.48695, 17.39079], [78.48662, 17.39065], [78.48635, 17.39054], [78.48605, 17.39038], [78.48586, 17.39031], [78.4857, 17.39027], [78.48552, 17.39027], [78.4854, 17.39029], [78.48533, 17.39035], [78.48529, 17.39042], [78.4852, 17.39057], [78.4849, 17.39095], [78.48463, 17.39138], [78.48445, 17.39166], [78.48421, 17.39236], [78.48401, 17.39297], [78.48378, 17.39337], [78.48364, 17.39357], [78.48354, 17.3937], [78.48336, 17.3938], [78.48324, 17.39382], [78.48297, 17.39382], [78.48273, 17.3938], [78.48213, 17.39372], [78.48159, 17.3936], [78.48125, 17.39353], [78.48077, 17.39361], [78.4802, 17.39378], [78.48014, 17.39382], [78.48012, 17.39389], [78.48006, 17.39445], [78.48001, 17.3948], [78.47997, 17.39536], [78.47999, 17.39572], [78.48001, 17.39603], [78.47997, 17.39616], [78.47986, 17.39638], [78.47984, 17.3964], [78.47949, 17.39691], [78.47927, 17.39732], [78.47919, 17.39755], [78.47897, 17.39827], [78.47884, 17.3986], [78.47862, 17.39898], [78.47836, 17.39926], [78.47802, 17.39952], [78.47741, 17.39987], [78.47686, 17.40018], [78.47622, 17.40051], [78.476, 17.40076], [78.47582, 17.40094], [78.47562, 17.40105], [78.47571, 17.40129], [78.476, 17.40203], [78.47612, 17.40233], [78.47622, 17.40276], [78.47625, 17.40316], [78.47626, 17.40318], [78.47632, 17.40388], [78.47635, 17.40397], [78.47643, 17.40424], [78.47652, 17.40449], [78.47666, 17.40486], [78.47679, 17.40517], [78.4768, 17.40521], [78.47684, 17.40539], [78.47697, 17.40589], [78.47699, 17.40595], [78.47701, 17.40604], [78.47706, 17.40618], [78.47707, 17.40625], [78.47709, 17.40638], [78.4771, 17.40662], [78.477, 17.40691], [78.47697, 17.40699], [78.47732, 17.40707], [78.47762, 17.4071], [78.47773, 17.40711], [78.47783, 17.40712], [78.47794, 17.40708], [78.47796, 17.40707], [78.47798, 17.40705], [78.47799, 17.40704], [78.47813, 17.40704], [78.47834, 17.40705], [78.47852, 17.40705], [78.4787, 17.40705], [78.47889, 17.40706], [78.47897, 17.40706], [78.479, 17.40709], [78.47905, 17.4071], [78.47931, 17.40712], [78.47944, 17.40699], [78.48001, 17.40629], [78.48018, 17.40646], [78.48044, 17.40652], [78.48065, 17.40651], [78.48083, 17.40649], [78.48139, 17.40641], [78.48167, 17.40641], [78.48177, 17.40639], [78.48201, 17.40627], [78.48234, 17.40609], [78.4825, 17.40602], [78.48265, 17.40595], [78.48276, 17.40587], [78.48293, 17.40574], [78.48301, 17.40567], [78.48308, 17.40556], [78.48315, 17.40549], [78.48322, 17.40541], [78.48332, 17.40534], [78.4834, 17.40527], [78.48353, 17.40518], [78.4836, 17.40509], [78.48368, 17.405], [78.48378, 17.40492], [78.48396, 17.40485], [78.48428, 17.40472], [78.48432, 17.4047], [78.48444, 17.40464], [78.48455, 17.4045], [78.48477, 17.40435], [78.48499, 17.40429], [78.48518, 17.40424], [78.48532, 17.40421], [78.48543, 17.40419], [78.48552, 17.40416], [78.48573, 17.40402], [78.48574, 17.40401], [78.48588, 17.40392], [78.486, 17.40385], [78.48602, 17.40384], [78.48614, 17.40378], [78.48617, 17.40375], [78.48624, 17.4037], [78.48658, 17.40345], [78.48681, 17.40334], [78.48699, 17.40325], [78.48706, 17.40322], [78.48725, 17.40318], [78.48767, 17.40318], [78.48776, 17.40319], [78.48793, 17.40321], [78.48833, 17.40326], [78.48845, 17.40328], [78.48851, 17.40328], [78.48904, 17.40329], [78.48907, 17.40329], [78.48964, 17.40335], [78.49017, 17.40342], [78.49022, 17.40342], [78.49024, 17.40342], [78.4903, 17.40342], [78.49052, 17.40342], [78.49071, 17.40341], [78.49094, 17.40336], [78.49098, 17.40334], [78.49107, 17.4033], [78.49112, 17.40328], [78.49141, 17.40312], [78.4917, 17.40293], [78.49194, 17.40273], [78.49209, 17.40256], [78.49236, 17.40223], [78.49237, 17.40221], [78.49242, 17.40215], [78.49244, 17.40213], [78.49244, 17.40213], [78.49258, 17.40196], [78.49264, 17.40187], [78.49294, 17.4015], [78.49325, 17.40106], [78.49328, 17.40101], [78.49338, 17.40086], [78.49354, 17.40063], [78.49359, 17.40057], [78.49381, 17.40013], [78.49392, 17.39985], [78.49416, 17.39931], [78.49429, 17.39915]]]}}, {"type": "Feature", "properties": {"name": "88-BHOLAKPUR", "hospital_count": 7, "circle": "15-MUSHEERABAD", "zone": "SECUNDERABAD ZONE", "ward_no": 88}, "geometry": {"type": "Polygon", "coordinates": [[[78.50183, 17.41465], [78.50182, 17.41465], [78.5013, 17.4147], [78.5011, 17.41473], [78.50081, 17.41479], [78.5006, 17.41486], [78.50034, 17.41493], [78.50015, 17.41499], [78.49975, 17.41513], [78.49951, 17.41522], [78.49923, 17.41535], [78.49863, 17.41562], [78.49838, 17.41575], [78.49805, 17.41493], [78.49772, 17.41409], [78.49772, 17.41409], [78.49769, 17.414], [78.49767, 17.41395], [78.49757, 17.414], [78.49741, 17.41406], [78.49726, 17.41407], [78.49695, 17.41403], [78.49656, 17.41397], [78.4961, 17.41392], [78.49601, 17.41392], [78.49576, 17.41403], [78.49552, 17.41415], [78.49539, 17.4142], [78.49524, 17.41427], [78.49506, 17.41433], [78.49496, 17.41433], [78.4948, 17.4143], [78.49474, 17.41429], [78.49475, 17.41431], [78.49474, 17.41431], [78.49475, 17.41437], [78.49481, 17.41462], [78.49486, 17.41484], [78.49488, 17.41494], [78.49471, 17.41495], [78.49455, 17.41496], [78.49445, 17.41497], [78.49436, 17.41497], [78.49409, 17.41501], [78.49393, 17.41503], [78.49383, 17.41503], [78.49379, 17.41503], [78.49367, 17.41502], [78.49348, 17.41502], [78.49318, 17.41504], [78.49306, 17.41505], [78.4927, 17.41509], [78.49247, 17.41512], [78.49247, 17.41512], [78.49206, 17.41516], [78.49158, 17.41522], [78.49108, 17.41528], [78.49045, 17.41535], [78.48982, 17.41543], [78.48945, 17.41548], [78.48911, 17.41553], [78.48875, 17.41547], [78.48874, 17.4155], [78.48871, 17.41568], [78.48869, 17.41599], [78.48875, 17.41634], [78.48877, 17.4167], [78.48876, 17.41689], [78.48882, 17.41704], [78.48896, 17.41723], [78.48904, 17.41742], [78.48906, 17.41784], [78.48893, 17.41824], [78.48884, 17.41841], [78.48866, 17.41876], [78.48854, 17.4191], [78.48849, 17.41934], [78.48833, 17.41964], [78.48832, 17.41966], [78.48828, 17.41975], [78.4881, 17.42002], [78.48786, 17.42031], [78.48768, 17.42059], [78.48758, 17.42076], [78.48749, 17.42083], [78.48792, 17.42116], [78.48832, 17.42141], [78.48862, 17.42159], [78.48868, 17.42158], [78.4888, 17.42169], [78.48882, 17.4217], [78.4889, 17.42165], [78.48918, 17.42147], [78.48945, 17.42129], [78.48974, 17.4211], [78.48974, 17.4211], [78.48977, 17.42105], [78.49007, 17.42102], [78.49067, 17.42094], [78.4913, 17.42076], [78.49128, 17.4206], [78.49209, 17.42037], [78.49227, 17.42059], [78.49236, 17.42072], [78.49238, 17.42072], [78.49294, 17.42134], [78.49336, 17.42182], [78.49371, 17.42224], [78.49406, 17.42274], [78.49434, 17.42304], [78.49465, 17.42335], [78.49466, 17.42336], [78.49502, 17.42314], [78.49534, 17.42287], [78.49558, 17.42266], [78.49579, 17.42246], [78.49585, 17.4224], [78.49593, 17.4223], [78.49609, 17.42217], [78.49637, 17.42201], [78.49668, 17.42188], [78.49714, 17.42173], [78.49761, 17.42157], [78.49827, 17.42135], [78.49901, 17.42115], [78.49956, 17.421], [78.50032, 17.42078], [78.50078, 17.42057], [78.50082, 17.42056], [78.50109, 17.42044], [78.50116, 17.42045], [78.5012, 17.42045], [78.50123, 17.42006], [78.50132, 17.41923], [78.50142, 17.4183], [78.5015, 17.41768], [78.50153, 17.41706], [78.50156, 17.41666], [78.5016, 17.4165], [78.50169, 17.41629], [78.5017, 17.4161], [78.50171, 17.41577], [78.50176, 17.4154], [78.50181, 17.41481], [78.50183, 17.41465]]]}}, {"type": "Feature", "properties": {"name": "86-MUSHEERABAD", "hospital_count": 1, "circle": "15-MUSHEERABAD", "zone": "SECUNDERABAD ZONE", "ward_no": 86}, "geometry": {"type": "Polygon", "coordinates": [[[78.50924, 17.42009], [78.50931, 17.41978], [78.50938, 17.41945], [78.50946, 17.41916], [78.50952, 17.41893], [78.50958, 17.41868], [78.50961, 17.41855], [78.50966, 17.41834], [78.50969, 17.41824], [78.50976, 17.41811], [78.50987, 17.41794], [78.50991, 17.41786], [78.50993, 17.41776], [78.50995, 17.41759], [78.50997, 17.41742], [78.51, 17.4172], [78.51003, 17.41696], [78.51007, 17.41674], [78.51009, 17.41655], [78.51009, 17.41617], [78.5101, 17.41599], [78.5101, 17.41573], [78.5101, 17.41557], [78.51014, 17.41557], [78.51029, 17.41555], [78.5104, 17.41552], [78.51053, 17.41547], [78.51058, 17.41545], [78.51074, 17.41538], [78.51084, 17.41533], [78.511, 17.41524], [78.51118, 17.41515], [78.51126, 17.41512], [78.51139, 17.41508], [78.51148, 17.41506], [78.51161, 17.41503], [78.51168, 17.41498], [78.51184, 17.41483], [78.51213, 17.41459], [78.51226, 17.41447], [78.51235, 17.41438], [78.51241, 17.41427], [78.51263, 17.41387], [78.51287, 17.41342], [78.51307, 17.41302], [78.51312, 17.4129], [78.51303, 17.41289], [78.51293, 17.41289], [78.51284, 17.41285], [78.51273, 17.41281], [78.51259, 17.41273], [78.51246, 17.41266], [78.51234, 17.4126], [78.51219, 17.41249], [78.5121, 17.41241], [78.51203, 17.4123], [78.51197, 17.41224], [78.51192, 17.41217], [78.51187, 17.41209], [78.5118, 17.41187], [78.51174, 17.41175], [78.51171, 17.41162], [78.51167, 17.41147], [78.51165, 17.41133], [78.51164, 17.41118], [78.51162, 17.41115], [78.51105, 17.41128], [78.51019, 17.41152], [78.50947, 17.4117], [78.50875, 17.41186], [78.5085, 17.41192], [78.50843, 17.4117], [78.50834, 17.41135], [78.50828, 17.41125], [78.50825, 17.4112], [78.50817, 17.4111], [78.50813, 17.41105], [78.50801, 17.41085], [78.50789, 17.41062], [78.50777, 17.4104], [78.50765, 17.41053], [78.5075, 17.41071], [78.50722, 17.41094], [78.50721, 17.41096], [78.50704, 17.41125], [78.50692, 17.4115], [78.50677, 17.41171], [78.50671, 17.4119], [78.50652, 17.4123], [78.50641, 17.41258], [78.50634, 17.41265], [78.50594, 17.41298], [78.50579, 17.41308], [78.50559, 17.41319], [78.5055, 17.41327], [78.50537, 17.41348], [78.5052, 17.41371], [78.50501, 17.41396], [78.50483, 17.41411], [78.50463, 17.41429], [78.50442, 17.41441], [78.50429, 17.41444], [78.50412, 17.41448], [78.50402, 17.41447], [78.50392, 17.41448], [78.50371, 17.41449], [78.5036, 17.41449], [78.50343, 17.41452], [78.50329, 17.41455], [78.50312, 17.41458], [78.503, 17.41459], [78.5029, 17.4146], [78.50277, 17.41461], [78.50252, 17.41461], [78.50228, 17.41461], [78.50211, 17.41462], [78.5021, 17.41462], [78.50203, 17.41462], [78.50183, 17.41465], [78.50181, 17.41481], [78.50176, 17.4154], [78.50171, 17.41577], [78.5017, 17.4161], [78.50169, 17.41629], [78.5016, 17.4165], [78.50156, 17.41666], [78.50153, 17.41706], [78.5015, 17.41768], [78.50142, 17.4183], [78.50132, 17.41923], [78.50123, 17.42006], [78.5012, 17.42045], [78.50134, 17.42048], [78.50162, 17.42055], [78.50216, 17.42069], [78.50233, 17.42072], [78.50233, 17.42072], [78.50243, 17.42067], [78.50275, 17.42057], [78.50314, 17.42045], [78.50363, 17.4203], [78.50396, 17.4202], [78.50429, 17.42013], [78.50465, 17.42004], [78.50501, 17.41992], [78.50523, 17.41986], [78.50536, 17.41985], [78.50546, 17.41985], [78.50557, 17.41987], [78.50585, 17.41998], [78.50611, 17.4201], [78.50629, 17.42021], [78.5065, 17.42038], [78.50681, 17.42061], [78.50707, 17.42081], [78.50721, 17.42089], [78.50746, 17.42097], [78.50777, 17.4211], [78.50791, 17.42114], [78.50801, 17.42115], [78.50823, 17.42113], [78.50841, 17.42109], [78.50859, 17.42104], [78.50886, 17.42101], [78.50891, 17.42088], [78.50902, 17.42068], [78.50911, 17.42051], [78.50911, 17.42051], [78.50917, 17.42038], [78.50924, 17.42009]]]}}, {"type": "Feature", "properties": {"name": "85-ADIKMET", "hospital_count": 13, "circle": "15-MUSHEERABAD", "zone": "SECUNDERABAD ZONE", "ward_no": 85}, "geometry": {"type": "Polygon", "coordinates": [[[78.51805, 17.41052], [78.51792, 17.41004], [78.51791, 17.41], [78.51775, 17.40964], [78.51763, 17.40937], [78.51761, 17.40932], [78.51714, 17.40859], [78.51693, 17.40832], [78.51671, 17.40808], [78.51657, 17.40792], [78.51654, 17.40789], [78.51623, 17.40754], [78.51607, 17.40737], [78.51563, 17.40689], [78.51549, 17.40674], [78.51547, 17.40672], [78.51542, 17.40667], [78.51507, 17.40628], [78.515, 17.40619], [78.51486, 17.40603], [78.51422, 17.40531], [78.51415, 17.40534], [78.51391, 17.40542], [78.51387, 17.40544], [78.51384, 17.40545], [78.51373, 17.40549], [78.51367, 17.40551], [78.51361, 17.40552], [78.51358, 17.40552], [78.51349, 17.40551], [78.51345, 17.4055], [78.51338, 17.40549], [78.5133, 17.40547], [78.51325, 17.40545], [78.51318, 17.40543], [78.51305, 17.40536], [78.51283, 17.4052], [78.51276, 17.40515], [78.51276, 17.40515], [78.5127, 17.40511], [78.51253, 17.405], [78.51228, 17.40487], [78.51216, 17.40478], [78.51199, 17.40467], [78.51189, 17.4046], [78.51174, 17.40449], [78.51164, 17.40441], [78.51145, 17.40425], [78.51113, 17.40394], [78.51095, 17.40375], [78.51073, 17.4035], [78.51065, 17.4034], [78.51058, 17.40332], [78.51047, 17.40318], [78.51031, 17.403], [78.51021, 17.40289], [78.51006, 17.40271], [78.50997, 17.4026], [78.50989, 17.40252], [78.50977, 17.40237], [78.50968, 17.40227], [78.50963, 17.40223], [78.5096, 17.40221], [78.50943, 17.40202], [78.50933, 17.4019], [78.50913, 17.40167], [78.509, 17.40155], [78.50889, 17.40144], [78.50866, 17.40123], [78.50838, 17.401], [78.50807, 17.40076], [78.50795, 17.40068], [78.50786, 17.40063], [78.50761, 17.40048], [78.50744, 17.40037], [78.50734, 17.40031], [78.50711, 17.40018], [78.507, 17.40011], [78.50686, 17.40002], [78.50639, 17.39965], [78.50631, 17.39953], [78.50624, 17.39949], [78.50617, 17.39948], [78.50601, 17.39945], [78.50585, 17.39943], [78.50573, 17.39941], [78.50559, 17.3994], [78.50544, 17.39938], [78.50513, 17.39934], [78.50499, 17.39932], [78.50488, 17.3993], [78.50457, 17.39925], [78.50445, 17.39923], [78.50435, 17.39921], [78.50428, 17.3992], [78.50421, 17.39919], [78.50415, 17.39918], [78.50407, 17.39916], [78.50404, 17.39915], [78.50396, 17.39913], [78.50393, 17.39912], [78.50388, 17.39911], [78.50379, 17.39911], [78.50369, 17.3991], [78.50361, 17.39909], [78.50339, 17.39908], [78.50329, 17.39908], [78.50319, 17.39908], [78.50313, 17.39908], [78.50304, 17.3991], [78.50295, 17.39911], [78.50286, 17.39912], [78.50283, 17.39913], [78.50278, 17.39914], [78.50269, 17.39915], [78.50266, 17.39916], [78.50263, 17.39916], [78.50254, 17.39917], [78.50248, 17.39917], [78.50241, 17.39917], [78.50232, 17.39917], [78.50215, 17.39917], [78.50187, 17.39916], [78.50176, 17.39915], [78.50172, 17.39915], [78.5017, 17.39915], [78.50182, 17.39964], [78.50194, 17.40008], [78.50249, 17.39986], [78.50274, 17.39976], [78.50283, 17.40008], [78.50298, 17.40044], [78.50317, 17.40086], [78.50341, 17.40149], [78.50374, 17.4023], [78.50402, 17.40306], [78.50436, 17.40384], [78.50443, 17.40395], [78.50439, 17.40397], [78.50445, 17.40414], [78.50448, 17.40421], [78.50459, 17.40447], [78.50474, 17.40487], [78.50496, 17.40542], [78.50506, 17.40567], [78.50516, 17.40593], [78.50531, 17.40629], [78.5054, 17.40653], [78.50544, 17.40662], [78.50557, 17.40695], [78.50574, 17.40737], [78.50592, 17.40781], [78.50604, 17.4081], [78.50621, 17.40851], [78.50637, 17.40892], [78.5065, 17.40925], [78.50655, 17.40923], [78.50656, 17.40932], [78.50683, 17.41007], [78.50721, 17.41096], [78.50722, 17.41094], [78.5075, 17.41071], [78.50765, 17.41053], [78.50777, 17.4104], [78.50789, 17.41062], [78.50801, 17.41085], [78.50813, 17.41105], [78.50817, 17.4111], [78.50825, 17.4112], [78.50828, 17.41125], [78.50834, 17.41135], [78.50843, 17.4117], [78.5085, 17.41192], [78.50875, 17.41186], [78.50947, 17.4117], [78.51019, 17.41152], [78.51105, 17.41128], [78.51162, 17.41115], [78.51164, 17.41118], [78.51165, 17.41133], [78.51167, 17.41147], [78.51171, 17.41162], [78.51174, 17.41175], [78.5118, 17.41187], [78.51187, 17.41209], [78.51192, 17.41217], [78.51197, 17.41224], [78.51203, 17.4123], [78.5121, 17.41241], [78.51219, 17.41249], [78.51234, 17.4126], [78.51246, 17.41266], [78.51259, 17.41273], [78.51273, 17.41281], [78.51284, 17.41285], [78.51293, 17.41289], [78.51303, 17.41289], [78.51312, 17.4129], [78.51321, 17.41271], [78.51329, 17.41249], [78.51338, 17.41225], [78.51349, 17.41208], [78.51357, 17.41197], [78.51366, 17.41188], [78.51373, 17.41183], [78.51381, 17.41178], [78.51391, 17.41172], [78.51403, 17.41166], [78.51405, 17.41165], [78.51408, 17.41165], [78.51396, 17.41131], [78.51411, 17.41127], [78.51436, 17.41122], [78.51489, 17.4111], [78.51523, 17.41104], [78.51536, 17.41101], [78.5157, 17.41095], [78.51582, 17.41132], [78.51626, 17.41128], [78.5166, 17.4112], [78.51687, 17.41108], [78.51714, 17.41093], [78.5172, 17.4109], [78.51736, 17.41078], [78.51736, 17.41075], [78.51758, 17.41066], [78.51767, 17.41063], [78.51798, 17.41053], [78.51805, 17.41052]]]}}, {"type": "Feature", "properties": {"name": "87-RAMNAGAR", "hospital_count": 5, "circle": "15-MUSHEERABAD", "zone": "SECUNDERABAD ZONE", "ward_no": 87}, "geometry": {"type": "Polygon", "coordinates": [[[78.50183, 17.41465], [78.50203, 17.41462], [78.5021, 17.41462], [78.50211, 17.41462], [78.50228, 17.41461], [78.50252, 17.41461], [78.50277, 17.41461], [78.5029, 17.4146], [78.503, 17.41459], [78.50312, 17.41458], [78.50329, 17.41455], [78.50343, 17.41452], [78.5036, 17.41449], [78.50371, 17.41449], [78.50392, 17.41448], [78.50402, 17.41447], [78.50412, 17.41448], [78.50429, 17.41444], [78.50442, 17.41441], [78.50463, 17.41429], [78.50483, 17.41411], [78.50501, 17.41396], [78.5052, 17.41371], [78.50537, 17.41348], [78.5055, 17.41327], [78.50559, 17.41319], [78.50579, 17.41308], [78.50594, 17.41298], [78.50634, 17.41265], [78.50641, 17.41258], [78.50652, 17.4123], [78.50671, 17.4119], [78.50677, 17.41171], [78.50692, 17.4115], [78.50704, 17.41125], [78.50721, 17.41096], [78.50683, 17.41007], [78.50656, 17.40932], [78.50655, 17.40923], [78.5065, 17.40925], [78.50637, 17.40892], [78.50621, 17.40851], [78.50604, 17.4081], [78.50592, 17.40781], [78.50574, 17.40737], [78.50557, 17.40695], [78.50544, 17.40662], [78.5054, 17.40653], [78.50531, 17.40629], [78.50516, 17.40593], [78.50506, 17.40567], [78.50496, 17.40542], [78.50474, 17.40487], [78.50459, 17.40447], [78.50448, 17.40421], [78.50445, 17.40414], [78.50439, 17.40397], [78.50443, 17.40395], [78.50436, 17.40384], [78.50402, 17.40306], [78.50374, 17.4023], [78.50341, 17.40149], [78.50317, 17.40086], [78.50298, 17.40044], [78.50283, 17.40008], [78.50274, 17.39976], [78.50249, 17.39986], [78.50194, 17.40008], [78.50182, 17.39964], [78.5017, 17.39915], [78.50156, 17.39913], [78.50143, 17.39911], [78.50137, 17.3991], [78.50117, 17.39906], [78.50102, 17.39902], [78.50084, 17.39897], [78.50081, 17.39896], [78.50075, 17.39894], [78.5007, 17.39891], [78.50067, 17.39887], [78.50063, 17.39882], [78.50059, 17.39876], [78.50056, 17.3987], [78.50049, 17.39851], [78.50042, 17.3983], [78.5004, 17.39831], [78.50035, 17.39818], [78.50026, 17.39797], [78.5002, 17.39783], [78.50013, 17.39767], [78.50008, 17.39753], [78.49998, 17.39733], [78.49995, 17.39728], [78.49991, 17.3972], [78.49985, 17.39711], [78.49981, 17.39705], [78.49971, 17.3969], [78.4996, 17.39674], [78.49955, 17.39668], [78.49951, 17.39663], [78.49947, 17.3966], [78.49937, 17.39653], [78.49931, 17.39649], [78.49925, 17.39645], [78.49918, 17.39642], [78.49911, 17.39638], [78.49896, 17.3963], [78.4989, 17.39627], [78.49888, 17.39625], [78.4988, 17.39622], [78.49871, 17.3962], [78.49867, 17.39619], [78.49859, 17.39618], [78.49849, 17.39616], [78.49834, 17.39615], [78.49821, 17.39615], [78.49808, 17.39615], [78.498, 17.39615], [78.49792, 17.39615], [78.49782, 17.39615], [78.49776, 17.39616], [78.49766, 17.39617], [78.49729, 17.39619], [78.49713, 17.39619], [78.49704, 17.39614], [78.49665, 17.3964], [78.4965, 17.39653], [78.49648, 17.39654], [78.49634, 17.39667], [78.49624, 17.39676], [78.49589, 17.3971], [78.49569, 17.39727], [78.49554, 17.39751], [78.49549, 17.3976], [78.49542, 17.39772], [78.49533, 17.39784], [78.4952, 17.39798], [78.49507, 17.39814], [78.49488, 17.39846], [78.49479, 17.39863], [78.49472, 17.39872], [78.49464, 17.39882], [78.49453, 17.39895], [78.49443, 17.39912], [78.49437, 17.39921], [78.49441, 17.39924], [78.49449, 17.3993], [78.49453, 17.39933], [78.49458, 17.39937], [78.49462, 17.39941], [78.49467, 17.39945], [78.4947, 17.39948], [78.49472, 17.39951], [78.49474, 17.39953], [78.49476, 17.39958], [78.49478, 17.39964], [78.49479, 17.39967], [78.4948, 17.39971], [78.4948, 17.39974], [78.49481, 17.39981], [78.49482, 17.3999], [78.49482, 17.39994], [78.49484, 17.40008], [78.49485, 17.40012], [78.49485, 17.40019], [78.49487, 17.40032], [78.49488, 17.40043], [78.49489, 17.4005], [78.49489, 17.40056], [78.4949, 17.40064], [78.49492, 17.40077], [78.49495, 17.40097], [78.49495, 17.40103], [78.49496, 17.40115], [78.49497, 17.40123], [78.49499, 17.40142], [78.495, 17.40153], [78.49501, 17.40164], [78.49501, 17.4017], [78.49502, 17.40174], [78.49502, 17.40176], [78.49502, 17.4018], [78.49503, 17.40186], [78.49508, 17.40219], [78.49515, 17.40256], [78.49525, 17.40306], [78.49527, 17.40317], [78.49528, 17.40324], [78.49529, 17.40329], [78.49531, 17.40336], [78.49532, 17.40341], [78.49533, 17.40345], [78.49534, 17.40349], [78.49537, 17.40362], [78.49541, 17.40376], [78.49545, 17.4039], [78.4955, 17.40404], [78.49555, 17.40419], [78.49561, 17.40434], [78.49566, 17.40449], [78.49567, 17.40453], [78.4957, 17.40459], [78.49573, 17.40468], [78.49576, 17.40476], [78.49578, 17.40481], [78.49579, 17.40485], [78.49581, 17.40492], [78.49586, 17.40504], [78.49591, 17.4052], [78.49597, 17.40534], [78.49598, 17.40537], [78.49604, 17.40551], [78.49611, 17.40568], [78.49616, 17.40579], [78.4962, 17.40589], [78.49632, 17.40618], [78.49642, 17.4064], [78.4965, 17.40656], [78.49653, 17.40663], [78.49656, 17.40669], [78.4966, 17.40681], [78.49668, 17.40695], [78.49671, 17.407], [78.49686, 17.40727], [78.49688, 17.4073], [78.49703, 17.40754], [78.49706, 17.4076], [78.49707, 17.40762], [78.49734, 17.40816], [78.49735, 17.4082], [78.49743, 17.40833], [78.4975, 17.40849], [78.49751, 17.40851], [78.49754, 17.40857], [78.49755, 17.40861], [78.49761, 17.40876], [78.49762, 17.40882], [78.49764, 17.40881], [78.49767, 17.40894], [78.49773, 17.40929], [78.49774, 17.40938], [78.49775, 17.40944], [78.49783, 17.40981], [78.49784, 17.40984], [78.49785, 17.40991], [78.49786, 17.40994], [78.49789, 17.41016], [78.49789, 17.41022], [78.4979, 17.41031], [78.4979, 17.41034], [78.49791, 17.41057], [78.49791, 17.41062], [78.49791, 17.41095], [78.4979, 17.41116], [78.49789, 17.41117], [78.49789, 17.41123], [78.49788, 17.41126], [78.49787, 17.4114], [78.49786, 17.41159], [78.49785, 17.41169], [78.49783, 17.41177], [78.4978, 17.41198], [78.49779, 17.41201], [78.4977, 17.41249], [78.49769, 17.41252], [78.49764, 17.41283], [78.49764, 17.41285], [78.49763, 17.41293], [78.49761, 17.41318], [78.49761, 17.41322], [78.49761, 17.41328], [78.49761, 17.4133], [78.49761, 17.41356], [78.49761, 17.41365], [78.49763, 17.41374], [78.49763, 17.41377], [78.49765, 17.41385], [78.49765, 17.41388], [78.49767, 17.41395], [78.49769, 17.414], [78.49772, 17.41409], [78.49772, 17.41409], [78.49805, 17.41493], [78.49838, 17.41575], [78.49863, 17.41562], [78.49923, 17.41535], [78.49951, 17.41522], [78.49975, 17.41513], [78.50015, 17.41499], [78.50034, 17.41493], [78.5006, 17.41486], [78.50081, 17.41479], [78.5011, 17.41473], [78.5013, 17.4147], [78.50182, 17.41465], [78.50183, 17.41465]]]}}, {"type": "Feature", "properties": {"name": "90-KAVADIGUDA", "hospital_count": 16, "circle": "15-MUSHEERABAD", "zone": "SECUNDERABAD ZONE", "ward_no": 90}, "geometry": {"type": "Polygon", "coordinates": [[[78.49336, 17.42182], [78.49294, 17.42134], [78.49238, 17.42072], [78.49236, 17.42072], [78.49227, 17.42059], [78.49209, 17.42037], [78.49128, 17.4206], [78.4913, 17.42076], [78.49067, 17.42094], [78.49007, 17.42102], [78.48977, 17.42105], [78.48974, 17.4211], [78.48974, 17.4211], [78.48945, 17.42129], [78.48918, 17.42147], [78.4889, 17.42165], [78.48882, 17.4217], [78.4888, 17.42169], [78.48868, 17.42158], [78.48862, 17.42159], [78.48832, 17.42141], [78.48792, 17.42116], [78.48749, 17.42083], [78.48758, 17.42076], [78.48768, 17.42059], [78.48786, 17.42031], [78.4881, 17.42002], [78.48828, 17.41975], [78.48832, 17.41966], [78.48833, 17.41964], [78.48849, 17.41934], [78.48854, 17.4191], [78.48866, 17.41876], [78.48884, 17.41841], [78.48893, 17.41824], [78.48906, 17.41784], [78.48904, 17.41742], [78.48896, 17.41723], [78.48882, 17.41704], [78.48876, 17.41689], [78.48877, 17.4167], [78.48875, 17.41634], [78.48869, 17.41599], [78.48871, 17.41568], [78.48874, 17.4155], [78.48873, 17.41537], [78.48875, 17.41508], [78.48863, 17.41484], [78.48852, 17.41467], [78.48837, 17.41441], [78.48825, 17.4143], [78.48819, 17.41417], [78.48816, 17.41385], [78.48806, 17.41375], [78.48774, 17.41352], [78.48769, 17.41339], [78.48766, 17.413], [78.48758, 17.413], [78.48758, 17.41298], [78.48759, 17.41252], [78.48754, 17.41201], [78.48757, 17.4119], [78.48765, 17.41177], [78.48777, 17.41164], [78.48788, 17.41149], [78.48788, 17.41144], [78.48793, 17.41122], [78.48804, 17.41095], [78.48809, 17.41075], [78.48811, 17.41056], [78.48807, 17.41039], [78.4881, 17.4102], [78.48816, 17.40997], [78.4882, 17.40977], [78.48822, 17.40963], [78.48798, 17.40864], [78.48744, 17.40633], [78.48747, 17.40621], [78.48747, 17.40618], [78.48746, 17.40618], [78.48742, 17.4062], [78.48743, 17.40617], [78.48738, 17.40603], [78.48732, 17.40578], [78.48725, 17.40557], [78.4872, 17.40559], [78.48721, 17.40558], [78.48719, 17.40539], [78.48714, 17.40516], [78.48713, 17.40496], [78.48709, 17.40479], [78.48718, 17.40466], [78.48749, 17.40451], [78.48764, 17.40436], [78.48765, 17.40425], [78.48778, 17.40415], [78.48787, 17.40402], [78.48791, 17.40374], [78.48793, 17.40333], [78.48793, 17.40321], [78.48776, 17.40319], [78.48767, 17.40318], [78.48725, 17.40318], [78.48713, 17.4032], [78.48706, 17.40322], [78.48699, 17.40325], [78.48681, 17.40334], [78.48658, 17.40345], [78.48624, 17.4037], [78.48617, 17.40375], [78.48614, 17.40378], [78.48602, 17.40384], [78.486, 17.40385], [78.48588, 17.40392], [78.48574, 17.40401], [78.48573, 17.40402], [78.48552, 17.40416], [78.48543, 17.40419], [78.48532, 17.40421], [78.48518, 17.40424], [78.48499, 17.40429], [78.48477, 17.40435], [78.48455, 17.4045], [78.48444, 17.40464], [78.48432, 17.4047], [78.48428, 17.40472], [78.48396, 17.40485], [78.48378, 17.40492], [78.48368, 17.405], [78.4836, 17.40509], [78.48353, 17.40518], [78.4834, 17.40527], [78.48332, 17.40534], [78.48322, 17.40541], [78.48315, 17.40549], [78.48308, 17.40556], [78.48301, 17.40567], [78.48293, 17.40574], [78.48276, 17.40587], [78.48265, 17.40595], [78.4825, 17.40602], [78.48234, 17.40609], [78.48201, 17.40627], [78.48177, 17.40639], [78.48167, 17.40641], [78.48139, 17.40641], [78.48083, 17.40649], [78.48065, 17.40651], [78.48044, 17.40652], [78.48018, 17.40646], [78.48001, 17.40629], [78.47944, 17.40699], [78.47931, 17.40712], [78.47905, 17.4071], [78.479, 17.40709], [78.47897, 17.40706], [78.47889, 17.40706], [78.4787, 17.40705], [78.47852, 17.40705], [78.47834, 17.40705], [78.47813, 17.40704], [78.47799, 17.40704], [78.47798, 17.40705], [78.47796, 17.40707], [78.47794, 17.40708], [78.47783, 17.40712], [78.47773, 17.40711], [78.47762, 17.4071], [78.47732, 17.40707], [78.47697, 17.40699], [78.47686, 17.40725], [78.47648, 17.40775], [78.47626, 17.40803], [78.47608, 17.40825], [78.47569, 17.40861], [78.47545, 17.40885], [78.47576, 17.40926], [78.4758, 17.40933], [78.47603, 17.40971], [78.47666, 17.41073], [78.47673, 17.41084], [78.47679, 17.41092], [78.47749, 17.41193], [78.47773, 17.41226], [78.47777, 17.41233], [78.4779, 17.4125], [78.4785, 17.41342], [78.47861, 17.41359], [78.47868, 17.41369], [78.47869, 17.4137], [78.47951, 17.41483], [78.47979, 17.4152], [78.48011, 17.41564], [78.48039, 17.41601], [78.48062, 17.41632], [78.48118, 17.41707], [78.48131, 17.41725], [78.48132, 17.41727], [78.48157, 17.4176], [78.48201, 17.41819], [78.4825, 17.41884], [78.48254, 17.41889], [78.48328, 17.41988], [78.48371, 17.42044], [78.48376, 17.4205], [78.4846, 17.4216], [78.48499, 17.42212], [78.48502, 17.42215], [78.48522, 17.42241], [78.48551, 17.42279], [78.48579, 17.42319], [78.48587, 17.42344], [78.48592, 17.42359], [78.48593, 17.42365], [78.48598, 17.42378], [78.48609, 17.42444], [78.4861, 17.42448], [78.48618, 17.42491], [78.48618, 17.42492], [78.48619, 17.42498], [78.48627, 17.42544], [78.48634, 17.4254], [78.48803, 17.42517], [78.48954, 17.42483], [78.492, 17.42419], [78.49219, 17.42415], [78.49219, 17.42414], [78.49244, 17.42407], [78.49279, 17.42397], [78.49325, 17.42386], [78.49373, 17.42372], [78.49417, 17.4236], [78.49458, 17.42342], [78.49466, 17.42336], [78.49465, 17.42335], [78.49434, 17.42304], [78.49406, 17.42274], [78.49371, 17.42224], [78.49336, 17.42182]]]}}, {"type": "Feature", "properties": {"name": "93-BANJARA HILLS", "hospital_count": 18, "circle": "18-JUBILEE HILLS", "zone": "KHAIRATHABAD ZONE", "ward_no": 93}, "geometry": {"type": "Polygon", "coordinates": [[[78.43381, 17.41445], [78.43418, 17.41437], [78.43437, 17.41433], [78.43468, 17.41425], [78.43485, 17.41421], [78.43501, 17.41418], [78.43527, 17.41414], [78.4355, 17.4141], [78.43575, 17.41408], [78.4359, 17.41409], [78.43604, 17.4141], [78.43633, 17.41405], [78.43637, 17.41405], [78.4365, 17.41404], [78.43657, 17.41404], [78.43661, 17.41404], [78.43668, 17.41403], [78.43705, 17.41388], [78.43754, 17.41364], [78.43758, 17.41362], [78.43768, 17.4136], [78.43788, 17.41361], [78.43797, 17.41362], [78.43808, 17.41361], [78.43817, 17.41362], [78.43829, 17.41361], [78.43847, 17.41359], [78.43858, 17.41355], [78.43892, 17.41349], [78.43919, 17.41342], [78.43925, 17.41341], [78.43925, 17.41342], [78.43926, 17.41356], [78.43927, 17.41364], [78.43928, 17.41371], [78.43929, 17.41378], [78.43929, 17.41384], [78.43931, 17.41384], [78.43933, 17.41384], [78.43935, 17.41384], [78.43937, 17.41384], [78.43939, 17.41385], [78.43943, 17.41385], [78.43944, 17.41386], [78.43949, 17.41386], [78.43952, 17.41387], [78.43954, 17.41387], [78.4396, 17.41387], [78.43971, 17.41386], [78.4398, 17.41384], [78.43996, 17.4138], [78.44007, 17.41377], [78.44015, 17.41376], [78.44021, 17.41374], [78.44034, 17.41372], [78.4404, 17.41372], [78.44048, 17.4137], [78.44057, 17.41369], [78.44065, 17.41369], [78.44077, 17.4137], [78.44084, 17.41371], [78.44089, 17.41371], [78.44101, 17.41371], [78.44108, 17.41371], [78.44116, 17.41371], [78.44125, 17.41371], [78.44128, 17.41371], [78.44131, 17.41372], [78.44133, 17.41372], [78.44134, 17.41372], [78.44136, 17.41373], [78.44137, 17.41374], [78.44139, 17.41375], [78.4414, 17.41376], [78.44141, 17.41377], [78.44142, 17.41377], [78.44142, 17.41378], [78.44148, 17.41378], [78.44149, 17.41378], [78.44155, 17.41377], [78.44168, 17.41377], [78.44179, 17.41377], [78.44193, 17.41377], [78.44196, 17.41377], [78.44196, 17.41381], [78.44196, 17.41385], [78.44196, 17.41391], [78.44196, 17.41399], [78.44196, 17.41404], [78.44195, 17.41411], [78.44194, 17.41419], [78.44194, 17.41423], [78.44195, 17.41431], [78.44195, 17.41434], [78.44195, 17.41437], [78.44195, 17.41439], [78.44195, 17.4144], [78.44196, 17.4144], [78.44196, 17.4144], [78.44197, 17.4144], [78.44198, 17.4144], [78.44205, 17.4144], [78.44215, 17.41439], [78.44215, 17.41444], [78.44216, 17.41456], [78.44216, 17.41466], [78.44217, 17.41477], [78.44218, 17.41486], [78.44218, 17.41493], [78.44218, 17.41499], [78.44219, 17.41506], [78.44219, 17.41518], [78.4422, 17.41525], [78.4422, 17.41536], [78.44221, 17.41544], [78.44222, 17.41555], [78.44222, 17.41562], [78.44222, 17.41568], [78.44221, 17.41574], [78.44221, 17.41578], [78.44221, 17.41581], [78.44221, 17.41585], [78.44233, 17.41587], [78.44237, 17.41588], [78.44246, 17.41589], [78.4426, 17.41591], [78.44267, 17.41591], [78.44279, 17.4159], [78.44287, 17.4159], [78.44291, 17.41589], [78.44301, 17.41588], [78.44305, 17.41588], [78.44311, 17.41587], [78.44317, 17.41587], [78.44322, 17.41586], [78.44327, 17.41585], [78.44331, 17.41585], [78.44337, 17.41584], [78.44344, 17.41583], [78.44348, 17.41583], [78.44354, 17.41582], [78.4436, 17.41581], [78.44367, 17.4158], [78.44375, 17.41579], [78.44381, 17.41577], [78.44387, 17.41577], [78.44391, 17.41576], [78.44396, 17.41575], [78.44403, 17.41574], [78.44408, 17.41573], [78.44415, 17.41572], [78.44425, 17.4157], [78.44432, 17.41569], [78.44437, 17.41568], [78.44443, 17.41567], [78.44458, 17.41565], [78.44463, 17.41564], [78.44469, 17.41563], [78.44477, 17.41561], [78.44481, 17.41561], [78.44487, 17.4156], [78.44492, 17.41559], [78.44497, 17.41558], [78.44505, 17.41556], [78.44515, 17.41554], [78.44526, 17.41552], [78.4454, 17.41549], [78.44549, 17.41548], [78.44558, 17.41547], [78.44566, 17.41546], [78.44571, 17.41545], [78.44577, 17.41543], [78.44582, 17.41542], [78.44588, 17.41541], [78.44593, 17.41539], [78.44599, 17.41537], [78.44605, 17.41534], [78.44612, 17.41529], [78.44619, 17.41525], [78.44624, 17.4152], [78.44631, 17.41515], [78.44636, 17.4151], [78.4464, 17.41506], [78.44644, 17.41502], [78.44645, 17.415], [78.44646, 17.415], [78.44648, 17.415], [78.44658, 17.41495], [78.44665, 17.41492], [78.44665, 17.41491], [78.44666, 17.4149], [78.44669, 17.41491], [78.44672, 17.41491], [78.44675, 17.41491], [78.44676, 17.41491], [78.44678, 17.41491], [78.44681, 17.41491], [78.44687, 17.41491], [78.44696, 17.41491], [78.4471, 17.41491], [78.44719, 17.4149], [78.44726, 17.4149], [78.44734, 17.4149], [78.44738, 17.41489], [78.44748, 17.41489], [78.44761, 17.41488], [78.44777, 17.41487], [78.44786, 17.41486], [78.44799, 17.41486], [78.44815, 17.41485], [78.44825, 17.41485], [78.44834, 17.41484], [78.44847, 17.41484], [78.44859, 17.41483], [78.44871, 17.41482], [78.44883, 17.41481], [78.44894, 17.41479], [78.44903, 17.41479], [78.44917, 17.41478], [78.44928, 17.41477], [78.44929, 17.41477], [78.44944, 17.41477], [78.44956, 17.4148], [78.44967, 17.41484], [78.44982, 17.41497], [78.4501, 17.41479], [78.45044, 17.41449], [78.45054, 17.41431], [78.45062, 17.41405], [78.45062, 17.41383], [78.4505, 17.41359], [78.45029, 17.41327], [78.45026, 17.41323], [78.4506, 17.41307], [78.45076, 17.41298], [78.45086, 17.41293], [78.45087, 17.41293], [78.45088, 17.41292], [78.4509, 17.41292], [78.45091, 17.41291], [78.45092, 17.41291], [78.45094, 17.41291], [78.45095, 17.41291], [78.45096, 17.41291], [78.45098, 17.41291], [78.45099, 17.41291], [78.451, 17.41291], [78.45102, 17.41291], [78.45103, 17.41291], [78.45104, 17.41292], [78.45106, 17.41292], [78.45106, 17.41293], [78.4511, 17.41294], [78.45114, 17.41295], [78.45118, 17.41296], [78.45119, 17.41296], [78.45123, 17.41297], [78.45127, 17.41297], [78.45132, 17.41297], [78.45142, 17.41296], [78.45144, 17.41295], [78.45153, 17.41292], [78.45163, 17.41289], [78.45166, 17.41288], [78.45182, 17.41285], [78.45204, 17.41281], [78.45207, 17.41281], [78.45222, 17.41279], [78.45245, 17.41273], [78.45273, 17.41267], [78.45274, 17.41268], [78.45274, 17.41269], [78.45275, 17.41271], [78.45275, 17.41272], [78.45276, 17.41274], [78.45277, 17.41275], [78.45281, 17.4128], [78.45291, 17.41289], [78.45294, 17.41292], [78.45305, 17.413], [78.45319, 17.4131], [78.45323, 17.41312], [78.45339, 17.41321], [78.4534, 17.41321], [78.45341, 17.41322], [78.45343, 17.41323], [78.45344, 17.41324], [78.45345, 17.41325], [78.45357, 17.4129], [78.4537, 17.41245], [78.45379, 17.41212], [78.45383, 17.41198], [78.45388, 17.4118], [78.45411, 17.41179], [78.45449, 17.41177], [78.45483, 17.41176], [78.45549, 17.41172], [78.45554, 17.41172], [78.4557, 17.41174], [78.45573, 17.41174], [78.45589, 17.41177], [78.45597, 17.41179], [78.45612, 17.41183], [78.45628, 17.41187], [78.4563, 17.41188], [78.45632, 17.41189], [78.45634, 17.4119], [78.45636, 17.41191], [78.45638, 17.41192], [78.45639, 17.41193], [78.45641, 17.41194], [78.45642, 17.41195], [78.45644, 17.41197], [78.45656, 17.41209], [78.45659, 17.41212], [78.4566, 17.41213], [78.45662, 17.41215], [78.45665, 17.41218], [78.45668, 17.4122], [78.45669, 17.41221], [78.45672, 17.41223], [78.45676, 17.41225], [78.45679, 17.41227], [78.45683, 17.41229], [78.45685, 17.4123], [78.45697, 17.41233], [78.45708, 17.41237], [78.45719, 17.41242], [78.4573, 17.41247], [78.45735, 17.4125], [78.45769, 17.41265], [78.4583, 17.41289], [78.45853, 17.41297], [78.45927, 17.41328], [78.45937, 17.41333], [78.45942, 17.41336], [78.45951, 17.41342], [78.45972, 17.41357], [78.46004, 17.41329], [78.46036, 17.41281], [78.46023, 17.41275], [78.46014, 17.41271], [78.45979, 17.41254], [78.45965, 17.41247], [78.45943, 17.41239], [78.45924, 17.4123], [78.45893, 17.41216], [78.45878, 17.4121], [78.45871, 17.41207], [78.45856, 17.41195], [78.45847, 17.41186], [78.4583, 17.41166], [78.45819, 17.4115], [78.45809, 17.4113], [78.45797, 17.41103], [78.45787, 17.41087], [78.45784, 17.41071], [78.45767, 17.4103], [78.45756, 17.41014], [78.45744, 17.41005], [78.45735, 17.41001], [78.45728, 17.40999], [78.45724, 17.40999], [78.45716, 17.41], [78.45709, 17.41003], [78.45697, 17.41007], [78.4568, 17.41017], [78.4567, 17.4102], [78.45656, 17.41022], [78.45644, 17.4102], [78.45633, 17.41017], [78.45605, 17.41009], [78.45566, 17.4099], [78.45563, 17.40988], [78.45532, 17.40969], [78.45519, 17.40961], [78.45458, 17.40912], [78.45458, 17.40912], [78.45447, 17.40903], [78.45437, 17.40896], [78.45411, 17.4088], [78.45401, 17.40875], [78.45393, 17.40874], [78.45375, 17.40875], [78.45364, 17.40878], [78.45362, 17.40879], [78.45351, 17.40882], [78.45341, 17.40881], [78.45333, 17.40879], [78.45327, 17.40873], [78.4532, 17.40866], [78.45312, 17.4086], [78.45309, 17.40858], [78.45306, 17.40856], [78.45291, 17.40851], [78.45275, 17.40847], [78.45253, 17.40842], [78.45238, 17.40836], [78.45223, 17.40825], [78.45222, 17.40825], [78.45212, 17.40815], [78.45185, 17.40786], [78.45161, 17.40763], [78.45136, 17.40724], [78.45129, 17.40718], [78.45121, 17.40711], [78.45114, 17.40706], [78.45108, 17.407], [78.45074, 17.40689], [78.45064, 17.40686], [78.45039, 17.40678], [78.45012, 17.40665], [78.45009, 17.40664], [78.44964, 17.40636], [78.44935, 17.40619], [78.44926, 17.40614], [78.44881, 17.40582], [78.44877, 17.4058], [78.44846, 17.40566], [78.44841, 17.40563], [78.44835, 17.40562], [78.44813, 17.40555], [78.44762, 17.40549], [78.44719, 17.40548], [78.44718, 17.40548], [78.44704, 17.40548], [78.44699, 17.40548], [78.44699, 17.40548], [78.44675, 17.40549], [78.44645, 17.40547], [78.44615, 17.40544], [78.44601, 17.40542], [78.44563, 17.40536], [78.4456, 17.40536], [78.44536, 17.40533], [78.44526, 17.40532], [78.44485, 17.40525], [78.44472, 17.40527], [78.44446, 17.40529], [78.4444, 17.40532], [78.4443, 17.40536], [78.44419, 17.40539], [78.44411, 17.40538], [78.44406, 17.40534], [78.44396, 17.40525], [78.44373, 17.40513], [78.44367, 17.40509], [78.44355, 17.40502], [78.44352, 17.405], [78.44335, 17.40488], [78.44326, 17.40482], [78.44312, 17.40474], [78.44309, 17.40472], [78.44303, 17.40469], [78.44289, 17.40463], [78.44288, 17.40463], [78.44267, 17.40456], [78.44265, 17.40456], [78.44243, 17.40451], [78.44207, 17.40443], [78.4417, 17.40436], [78.44155, 17.40434], [78.44142, 17.40432], [78.44129, 17.40429], [78.44128, 17.40429], [78.44127, 17.40429], [78.44124, 17.40426], [78.44117, 17.4042], [78.44115, 17.40418], [78.44113, 17.40415], [78.44107, 17.40408], [78.44101, 17.40404], [78.44093, 17.40404], [78.44082, 17.40405], [78.44074, 17.40406], [78.44069, 17.40404], [78.4406, 17.40402], [78.44049, 17.40395], [78.44039, 17.40389], [78.44025, 17.40381], [78.44011, 17.40377], [78.44001, 17.40374], [78.44, 17.40373], [78.43988, 17.40371], [78.43987, 17.40371], [78.43983, 17.40371], [78.4398, 17.4037], [78.43971, 17.4037], [78.43959, 17.40372], [78.43957, 17.40372], [78.43951, 17.40373], [78.43935, 17.4037], [78.43933, 17.4037], [78.43927, 17.40368], [78.43919, 17.40367], [78.43911, 17.40367], [78.43903, 17.40367], [78.43891, 17.40368], [78.43884, 17.40369], [78.43877, 17.4037], [78.43867, 17.40372], [78.43853, 17.40375], [78.4384, 17.40382], [78.43836, 17.40386], [78.43832, 17.40391], [78.43828, 17.40396], [78.43817, 17.40416], [78.43812, 17.40424], [78.4381, 17.40429], [78.43809, 17.40429], [78.43799, 17.40433], [78.43797, 17.40435], [78.43793, 17.40438], [78.43782, 17.40445], [78.43782, 17.40446], [78.43775, 17.40449], [78.43773, 17.40449], [78.43767, 17.40452], [78.43766, 17.40453], [78.43766, 17.40453], [78.43751, 17.40456], [78.4374, 17.40457], [78.43735, 17.40458], [78.43725, 17.40457], [78.43714, 17.40456], [78.43692, 17.40459], [78.43689, 17.40459], [78.43669, 17.40461], [78.43643, 17.40467], [78.43634, 17.40467], [78.43633, 17.40467], [78.43628, 17.40467], [78.43604, 17.40469], [78.43586, 17.40477], [78.43564, 17.40482], [78.43549, 17.40481], [78.43538, 17.40479], [78.43533, 17.40482], [78.4353, 17.40492], [78.43524, 17.40526], [78.43523, 17.40534], [78.43509, 17.40545], [78.43499, 17.40547], [78.43489, 17.40548], [78.43482, 17.40584], [78.43474, 17.40616], [78.43462, 17.40635], [78.4345, 17.40649], [78.43446, 17.40652], [78.43416, 17.40673], [78.43407, 17.40681], [78.43382, 17.40651], [78.43368, 17.40634], [78.43355, 17.40619], [78.43348, 17.40624], [78.43336, 17.40632], [78.43333, 17.40634], [78.43328, 17.40637], [78.43291, 17.40657], [78.43269, 17.40693], [78.43257, 17.40704], [78.4325, 17.40704], [78.43233, 17.40699], [78.43213, 17.40695], [78.43198, 17.40699], [78.43189, 17.407], [78.43188, 17.407], [78.43187, 17.4068], [78.43219, 17.40664], [78.4322, 17.4064], [78.43203, 17.40638], [78.43159, 17.40623], [78.43128, 17.40614], [78.43124, 17.40613], [78.4314, 17.40554], [78.43127, 17.40548], [78.43031, 17.40551], [78.42919, 17.40547], [78.4281, 17.40548], [78.42766, 17.40549], [78.4278, 17.40635], [78.42787, 17.4068], [78.42787, 17.40682], [78.42675, 17.40714], [78.426, 17.4075], [78.42531, 17.40766], [78.42471, 17.40775], [78.42341, 17.40783], [78.42295, 17.40774], [78.42271, 17.40818], [78.42241, 17.40804], [78.4219, 17.40796], [78.42162, 17.40796], [78.4216, 17.40789], [78.42158, 17.40769], [78.42167, 17.40745], [78.42169, 17.40742], [78.42231, 17.4065], [78.4224, 17.40642], [78.42247, 17.40638], [78.42257, 17.40632], [78.4226, 17.40628], [78.42249, 17.40625], [78.42226, 17.4062], [78.42031, 17.40724], [78.42019, 17.40701], [78.41995, 17.40716], [78.41979, 17.40711], [78.41974, 17.40709], [78.41975, 17.4071], [78.41976, 17.40712], [78.41979, 17.40743], [78.4198, 17.40749], [78.4198, 17.40753], [78.41979, 17.40759], [78.41976, 17.40769], [78.41973, 17.40782], [78.4197, 17.40792], [78.41969, 17.408], [78.41969, 17.40808], [78.41968, 17.40819], [78.41966, 17.40836], [78.41964, 17.40841], [78.41963, 17.40847], [78.41963, 17.40852], [78.41965, 17.40855], [78.4197, 17.4086], [78.41969, 17.40861], [78.41959, 17.40888], [78.41952, 17.40902], [78.41957, 17.40905], [78.41959, 17.40907], [78.41963, 17.4091], [78.41967, 17.40914], [78.41971, 17.40917], [78.41974, 17.40919], [78.41977, 17.40922], [78.41981, 17.40925], [78.41985, 17.40928], [78.4199, 17.40931], [78.41995, 17.40934], [78.41999, 17.40936], [78.42003, 17.40939], [78.42007, 17.40942], [78.42011, 17.40945], [78.42015, 17.40948], [78.42017, 17.4095], [78.4202, 17.40952], [78.42022, 17.40954], [78.42028, 17.40958], [78.4203, 17.4096], [78.42033, 17.40962], [78.42035, 17.40966], [78.42038, 17.40968], [78.42042, 17.40973], [78.42044, 17.40977], [78.42048, 17.40985], [78.4205, 17.40989], [78.42051, 17.40993], [78.42052, 17.40997], [78.42054, 17.41002], [78.42056, 17.41016], [78.42058, 17.41033], [78.42059, 17.4104], [78.42059, 17.41044], [78.42059, 17.41048], [78.42059, 17.41055], [78.4206, 17.41058], [78.4206, 17.41064], [78.4206, 17.41066], [78.4206, 17.41069], [78.42059, 17.41071], [78.42059, 17.41074], [78.42057, 17.41076], [78.42055, 17.41081], [78.42052, 17.41086], [78.4205, 17.41091], [78.42048, 17.41096], [78.42047, 17.411], [78.42046, 17.41105], [78.42045, 17.41108], [78.42043, 17.41114], [78.42042, 17.4112], [78.42041, 17.41124], [78.4204, 17.41127], [78.42039, 17.41129], [78.42037, 17.41132], [78.42035, 17.41135], [78.42033, 17.41138], [78.42031, 17.41141], [78.42029, 17.41145], [78.42027, 17.41148], [78.42025, 17.41152], [78.42024, 17.41156], [78.42023, 17.41159], [78.42022, 17.41162], [78.42021, 17.41166], [78.4202, 17.41171], [78.4202, 17.41174], [78.4202, 17.41176], [78.42021, 17.4118], [78.42021, 17.41184], [78.42022, 17.41188], [78.42023, 17.41191], [78.42023, 17.41193], [78.42025, 17.41198], [78.42025, 17.41201], [78.42029, 17.41211], [78.4203, 17.41215], [78.4203, 17.41219], [78.42031, 17.41225], [78.42032, 17.41231], [78.42033, 17.41235], [78.42034, 17.41237], [78.42035, 17.4124], [78.42038, 17.41243], [78.42041, 17.41246], [78.42047, 17.41251], [78.42052, 17.41255], [78.42056, 17.41258], [78.42062, 17.41262], [78.42066, 17.41265], [78.42069, 17.41267], [78.42075, 17.41271], [78.42083, 17.41275], [78.4209, 17.41279], [78.42094, 17.41281], [78.42095, 17.41281], [78.42098, 17.41283], [78.42103, 17.41285], [78.42107, 17.41287], [78.42111, 17.41289], [78.42116, 17.41291], [78.42122, 17.41294], [78.42129, 17.41297], [78.42135, 17.413], [78.42139, 17.41302], [78.42143, 17.41304], [78.42145, 17.41305], [78.42143, 17.41309], [78.42142, 17.41312], [78.42141, 17.41313], [78.4214, 17.41315], [78.4214, 17.41316], [78.42138, 17.41322], [78.42136, 17.41329], [78.42136, 17.41334], [78.42135, 17.4134], [78.42133, 17.41348], [78.42132, 17.41358], [78.42131, 17.41367], [78.4213, 17.41374], [78.4213, 17.4138], [78.42129, 17.4139], [78.42129, 17.41394], [78.4213, 17.41397], [78.42131, 17.41404], [78.42132, 17.41413], [78.42134, 17.41418], [78.42147, 17.41462], [78.42149, 17.41465], [78.42153, 17.4147], [78.42162, 17.41487], [78.42168, 17.41496], [78.42175, 17.41509], [78.4218, 17.41504], [78.42187, 17.41499], [78.42191, 17.41497], [78.42204, 17.4149], [78.42218, 17.41483], [78.42236, 17.41474], [78.42254, 17.41465], [78.42262, 17.41462], [78.42275, 17.41456], [78.42283, 17.41453], [78.42293, 17.41449], [78.42303, 17.41446], [78.4231, 17.41444], [78.42322, 17.41441], [78.4233, 17.41439], [78.4234, 17.41436], [78.42349, 17.41434], [78.4236, 17.41432], [78.42368, 17.4143], [78.42376, 17.41429], [78.42386, 17.41428], [78.42393, 17.41427], [78.42401, 17.41427], [78.42409, 17.41427], [78.42416, 17.41428], [78.42425, 17.4143], [78.42434, 17.41432], [78.4244, 17.41435], [78.4245, 17.41439], [78.4246, 17.41443], [78.4247, 17.41447], [78.42486, 17.41453], [78.42495, 17.41458], [78.42506, 17.41464], [78.42514, 17.41468], [78.42518, 17.41471], [78.4252, 17.41473], [78.42524, 17.41475], [78.42526, 17.41475], [78.42528, 17.41477], [78.4253, 17.41478], [78.42534, 17.41481], [78.42536, 17.41484], [78.42538, 17.41487], [78.42542, 17.41494], [78.42545, 17.41501], [78.4255, 17.41513], [78.42553, 17.41524], [78.42559, 17.41539], [78.42562, 17.41548], [78.42564, 17.41556], [78.42567, 17.41563], [78.42571, 17.41578], [78.42575, 17.41586], [78.42583, 17.41584], [78.42648, 17.4157], [78.42675, 17.41566], [78.42706, 17.41558], [78.42796, 17.41544], [78.42835, 17.41535], [78.4286, 17.4153], [78.42886, 17.41527], [78.42897, 17.41525], [78.42912, 17.41516], [78.42914, 17.41515], [78.42916, 17.41514], [78.4292, 17.41512], [78.42922, 17.41511], [78.42927, 17.4151], [78.42931, 17.4151], [78.42933, 17.4151], [78.42996, 17.4151], [78.43036, 17.41504], [78.43088, 17.41492], [78.43146, 17.41483], [78.43197, 17.41476], [78.43237, 17.4147], [78.43267, 17.41465], [78.43294, 17.41459], [78.43362, 17.41448], [78.43381, 17.41445]]]}}, {"type": "Feature", "properties": {"name": "91-KHAIRTABAD", "hospital_count": 41, "circle": "17-KHAIRATABAD", "zone": "KHAIRATHABAD ZONE", "ward_no": 91}, "geometry": {"type": "Polygon", "coordinates": [[[78.44806, 17.41895], [78.44791, 17.41922], [78.44787, 17.41938], [78.44787, 17.41938], [78.44786, 17.41953], [78.44787, 17.41958], [78.4479, 17.41975], [78.44793, 17.41983], [78.44793, 17.41984], [78.44794, 17.41986], [78.44797, 17.41995], [78.44799, 17.41997], [78.44807, 17.42007], [78.44822, 17.42022], [78.44834, 17.42035], [78.4484, 17.42041], [78.44851, 17.42056], [78.44859, 17.42072], [78.4486, 17.42077], [78.4487, 17.42104], [78.44889, 17.42144], [78.44893, 17.4215], [78.44903, 17.42166], [78.44913, 17.42179], [78.44919, 17.42186], [78.44945, 17.42214], [78.44954, 17.42229], [78.44957, 17.42237], [78.44958, 17.42244], [78.44958, 17.42248], [78.44958, 17.42251], [78.44957, 17.42258], [78.44956, 17.42262], [78.44953, 17.42271], [78.44948, 17.42277], [78.4494, 17.42285], [78.44935, 17.42288], [78.44926, 17.42294], [78.44897, 17.42316], [78.44866, 17.42343], [78.4486, 17.42349], [78.44839, 17.42371], [78.44828, 17.42388], [78.44823, 17.424], [78.44822, 17.42402], [78.44819, 17.42418], [78.44819, 17.42421], [78.44819, 17.42426], [78.44822, 17.4244], [78.44832, 17.42465], [78.44835, 17.4247], [78.44841, 17.42484], [78.4485, 17.42504], [78.44855, 17.42515], [78.44856, 17.42516], [78.44858, 17.42521], [78.44864, 17.42531], [78.44867, 17.42536], [78.44875, 17.42547], [78.44882, 17.42554], [78.44885, 17.42556], [78.44894, 17.42565], [78.44909, 17.42574], [78.44925, 17.42582], [78.4494, 17.42588], [78.44967, 17.42594], [78.44993, 17.426], [78.45007, 17.42604], [78.4501, 17.42604], [78.45019, 17.42607], [78.45041, 17.42615], [78.45053, 17.42619], [78.45065, 17.42623], [78.45074, 17.42627], [78.4509, 17.42635], [78.45114, 17.42646], [78.45126, 17.4265], [78.45144, 17.42656], [78.4515, 17.42658], [78.45151, 17.42658], [78.45159, 17.4266], [78.45175, 17.4266], [78.45187, 17.42662], [78.45194, 17.42663], [78.45208, 17.42665], [78.45219, 17.42667], [78.45224, 17.42668], [78.45229, 17.4267], [78.45235, 17.42675], [78.45241, 17.4268], [78.45244, 17.42682], [78.45242, 17.42685], [78.45254, 17.42695], [78.45264, 17.42708], [78.45276, 17.42738], [78.45313, 17.42814], [78.45329, 17.42833], [78.45345, 17.42846], [78.4537, 17.42854], [78.45411, 17.42866], [78.45477, 17.42879], [78.45524, 17.42888], [78.45534, 17.42893], [78.45577, 17.42859], [78.45606, 17.42842], [78.45652, 17.42818], [78.45688, 17.42792], [78.45707, 17.42772], [78.45739, 17.4273], [78.45745, 17.42715], [78.45748, 17.42704], [78.45747, 17.42693], [78.45743, 17.42679], [78.45729, 17.42652], [78.45717, 17.42625], [78.45713, 17.42608], [78.45712, 17.42582], [78.45716, 17.42548], [78.45723, 17.42507], [78.45733, 17.42478], [78.45749, 17.42445], [78.4576, 17.4243], [78.45782, 17.42409], [78.45795, 17.424], [78.45826, 17.42383], [78.45852, 17.42369], [78.45884, 17.42356], [78.45953, 17.42339], [78.46062, 17.42317], [78.46131, 17.42304], [78.4619, 17.42291], [78.4622, 17.42274], [78.46243, 17.42255], [78.46267, 17.42225], [78.46268, 17.42222], [78.46269, 17.4222], [78.46269, 17.42218], [78.46269, 17.42216], [78.4627, 17.42214], [78.4627, 17.42212], [78.46269, 17.42202], [78.46269, 17.422], [78.46268, 17.42193], [78.46268, 17.42188], [78.46265, 17.42173], [78.4626, 17.42152], [78.46259, 17.42151], [78.46255, 17.42134], [78.46249, 17.42113], [78.46242, 17.42086], [78.46236, 17.42066], [78.46232, 17.42049], [78.46223, 17.42019], [78.46216, 17.41998], [78.46209, 17.41976], [78.46226, 17.41973], [78.46232, 17.41972], [78.46243, 17.4197], [78.46253, 17.41969], [78.46256, 17.41969], [78.46311, 17.41964], [78.46353, 17.4196], [78.46403, 17.41957], [78.46431, 17.41956], [78.46472, 17.41955], [78.46494, 17.41953], [78.46495, 17.41953], [78.46516, 17.4195], [78.46521, 17.4195], [78.46536, 17.41948], [78.46538, 17.41957], [78.46538, 17.4196], [78.4654, 17.41968], [78.4654, 17.41969], [78.46541, 17.41977], [78.4654, 17.41984], [78.4654, 17.41985], [78.4654, 17.41991], [78.4654, 17.41992], [78.46539, 17.41998], [78.46537, 17.42005], [78.46533, 17.42029], [78.46526, 17.42075], [78.46522, 17.42107], [78.46514, 17.42158], [78.46511, 17.4219], [78.46508, 17.42227], [78.46507, 17.42233], [78.46507, 17.42236], [78.46497, 17.42277], [78.46482, 17.42308], [78.46461, 17.42331], [78.46439, 17.42347], [78.4642, 17.42357], [78.46392, 17.42366], [78.46372, 17.42375], [78.4635, 17.42388], [78.46326, 17.42407], [78.46311, 17.42421], [78.46301, 17.42434], [78.46292, 17.42449], [78.46281, 17.42484], [78.46234, 17.42631], [78.46218, 17.42682], [78.46212, 17.42705], [78.46206, 17.4277], [78.46202, 17.42835], [78.46204, 17.42856], [78.46211, 17.42884], [78.46235, 17.42941], [78.4625, 17.42969], [78.46282, 17.43025], [78.46321, 17.43088], [78.46331, 17.43103], [78.46385, 17.43194], [78.46433, 17.43267], [78.46434, 17.43268], [78.4645, 17.43292], [78.46451, 17.43293], [78.46474, 17.43329], [78.46502, 17.43372], [78.46511, 17.43385], [78.46529, 17.43406], [78.46544, 17.43428], [78.46566, 17.43467], [78.46603, 17.43529], [78.46627, 17.43566], [78.46651, 17.43598], [78.46656, 17.43605], [78.46668, 17.43618], [78.46685, 17.43636], [78.46709, 17.43658], [78.46729, 17.4367], [78.46748, 17.4368], [78.46772, 17.43692], [78.46784, 17.43696], [78.46802, 17.43703], [78.4682, 17.43709], [78.46871, 17.43719], [78.46965, 17.43739], [78.4703, 17.4375], [78.47052, 17.43754], [78.4707, 17.43757], [78.47092, 17.43757], [78.47093, 17.43757], [78.47101, 17.43755], [78.47104, 17.43754], [78.47111, 17.43752], [78.47119, 17.43748], [78.47125, 17.43745], [78.47144, 17.43737], [78.47156, 17.43732], [78.47192, 17.43721], [78.47222, 17.4371], [78.47259, 17.43694], [78.47291, 17.43674], [78.47336, 17.43645], [78.4738, 17.43612], [78.47414, 17.43585], [78.47419, 17.43581], [78.47427, 17.43575], [78.47383, 17.43524], [78.47318, 17.43464], [78.47304, 17.4345], [78.473, 17.43438], [78.47297, 17.4342], [78.47297, 17.434], [78.473, 17.43381], [78.47305, 17.43367], [78.47307, 17.43365], [78.47322, 17.43348], [78.47335, 17.43336], [78.47358, 17.43316], [78.47376, 17.43301], [78.47383, 17.43291], [78.47382, 17.43284], [78.47377, 17.43273], [78.47353, 17.43242], [78.47348, 17.43236], [78.47317, 17.43195], [78.47308, 17.43184], [78.47278, 17.43146], [78.4726, 17.4312], [78.47261, 17.43113], [78.47263, 17.43092], [78.47272, 17.4305], [78.47273, 17.43029], [78.4727, 17.43018], [78.47263, 17.4301], [78.47259, 17.42997], [78.47259, 17.42946], [78.47261, 17.4292], [78.47266, 17.42912], [78.4727, 17.42907], [78.47277, 17.429], [78.47289, 17.42889], [78.47307, 17.42882], [78.47336, 17.42872], [78.47357, 17.42867], [78.47372, 17.42865], [78.47386, 17.42867], [78.474, 17.4287], [78.47421, 17.42878], [78.47487, 17.42905], [78.47491, 17.42907], [78.47499, 17.4291], [78.47509, 17.42915], [78.47537, 17.42928], [78.47607, 17.42961], [78.47653, 17.42982], [78.47669, 17.4299], [78.47694, 17.43002], [78.47734, 17.43028], [78.47738, 17.43033], [78.47738, 17.43041], [78.47736, 17.43053], [78.47729, 17.43065], [78.47729, 17.43072], [78.47731, 17.43078], [78.47737, 17.43085], [78.47737, 17.43085], [78.47741, 17.43089], [78.4775, 17.43096], [78.47751, 17.43096], [78.47781, 17.43115], [78.47818, 17.43141], [78.47844, 17.43159], [78.47852, 17.43173], [78.47858, 17.43184], [78.47861, 17.43195], [78.4786, 17.43203], [78.47859, 17.43211], [78.47853, 17.43224], [78.47851, 17.43228], [78.47847, 17.43236], [78.47834, 17.43252], [78.47824, 17.43263], [78.47819, 17.43269], [78.47789, 17.43309], [78.47783, 17.4332], [78.47782, 17.4333], [78.47782, 17.43343], [78.47784, 17.43351], [78.4779, 17.43362], [78.47795, 17.43372], [78.47796, 17.43374], [78.47798, 17.43377], [78.47798, 17.43377], [78.47807, 17.4339], [78.47815, 17.434], [78.4782, 17.43406], [78.47821, 17.43408], [78.47824, 17.43411], [78.47843, 17.43433], [78.47843, 17.43434], [78.47857, 17.43446], [78.47866, 17.43454], [78.47877, 17.43454], [78.4794, 17.43437], [78.47947, 17.43435], [78.48089, 17.43393], [78.48118, 17.43384], [78.48235, 17.4335], [78.48251, 17.43345], [78.48311, 17.43328], [78.48322, 17.43324], [78.48361, 17.4331], [78.48412, 17.43286], [78.48433, 17.4327], [78.48437, 17.43267], [78.48461, 17.43247], [78.485, 17.43212], [78.48546, 17.43171], [78.48627, 17.43093], [78.48638, 17.43082], [78.48657, 17.43063], [78.48678, 17.43031], [78.48687, 17.43007], [78.48694, 17.42985], [78.48694, 17.42969], [78.48694, 17.42968], [78.48691, 17.42925], [78.48679, 17.42881], [78.48671, 17.42854], [78.48662, 17.42837], [78.48653, 17.42821], [78.48629, 17.42804], [78.48616, 17.42795], [78.48598, 17.42782], [78.48575, 17.4277], [78.48568, 17.42766], [78.48561, 17.42761], [78.48558, 17.42755], [78.48555, 17.42752], [78.48552, 17.42749], [78.4855, 17.42748], [78.48548, 17.42747], [78.48541, 17.42749], [78.48534, 17.42751], [78.48527, 17.42752], [78.48519, 17.42752], [78.48516, 17.42752], [78.48514, 17.42752], [78.48512, 17.42752], [78.48508, 17.42751], [78.48505, 17.42752], [78.48503, 17.42754], [78.485, 17.42755], [78.48498, 17.42755], [78.48494, 17.42753], [78.48492, 17.42752], [78.48489, 17.42753], [78.48487, 17.42757], [78.48483, 17.42762], [78.48481, 17.42766], [78.48478, 17.42766], [78.48475, 17.42764], [78.48471, 17.42762], [78.48467, 17.42759], [78.48464, 17.42755], [78.48461, 17.42754], [78.48458, 17.42753], [78.48454, 17.42752], [78.4845, 17.42751], [78.48449, 17.42747], [78.48451, 17.42744], [78.48452, 17.42739], [78.48452, 17.42735], [78.48452, 17.42732], [78.48451, 17.42729], [78.48451, 17.42724], [78.48451, 17.42717], [78.48451, 17.42712], [78.48449, 17.42705], [78.48445, 17.42696], [78.48443, 17.42694], [78.48441, 17.42693], [78.48439, 17.4269], [78.48435, 17.42683], [78.48431, 17.42679], [78.48428, 17.42676], [78.48425, 17.42675], [78.48422, 17.42673], [78.48421, 17.42672], [78.4842, 17.42668], [78.48419, 17.42666], [78.48417, 17.42664], [78.48414, 17.42663], [78.48411, 17.42663], [78.48408, 17.42662], [78.48406, 17.42659], [78.48404, 17.42655], [78.48404, 17.42653], [78.48401, 17.42652], [78.48398, 17.42653], [78.48394, 17.42653], [78.48393, 17.4265], [78.48392, 17.42645], [78.48389, 17.42639], [78.48387, 17.42637], [78.48385, 17.42638], [78.4838, 17.42638], [78.4838, 17.42634], [78.48381, 17.42631], [78.48383, 17.42631], [78.48386, 17.42631], [78.48387, 17.42629], [78.48385, 17.42628], [78.48383, 17.42626], [78.48379, 17.42625], [78.48373, 17.42623], [78.48371, 17.42622], [78.48372, 17.4262], [78.48378, 17.42619], [78.48384, 17.42619], [78.4839, 17.42623], [78.48397, 17.42626], [78.48402, 17.42628], [78.48405, 17.42629], [78.48408, 17.42628], [78.4841, 17.42627], [78.48415, 17.42629], [78.4842, 17.42629], [78.48426, 17.42628], [78.48431, 17.42626], [78.48433, 17.42623], [78.48438, 17.42616], [78.48442, 17.42611], [78.48445, 17.42605], [78.48447, 17.42601], [78.48451, 17.42594], [78.48453, 17.42589], [78.48454, 17.42585], [78.48456, 17.4258], [78.48456, 17.42577], [78.48456, 17.42575], [78.48453, 17.42574], [78.48453, 17.42571], [78.48458, 17.42572], [78.48461, 17.4257], [78.48463, 17.42565], [78.48463, 17.4256], [78.48462, 17.42556], [78.48462, 17.42554], [78.48458, 17.42554], [78.48456, 17.42554], [78.48454, 17.42552], [78.48453, 17.42549], [78.48451, 17.42547], [78.48449, 17.42544], [78.48445, 17.4254], [78.48442, 17.42538], [78.48441, 17.42537], [78.48438, 17.42534], [78.48436, 17.42531], [78.48433, 17.42527], [78.4843, 17.42523], [78.48428, 17.42518], [78.48426, 17.42513], [78.48424, 17.42507], [78.48422, 17.42502], [78.48422, 17.42499], [78.48422, 17.42496], [78.48423, 17.42491], [78.48424, 17.42488], [78.48426, 17.42483], [78.48428, 17.42481], [78.4843, 17.4248], [78.48433, 17.42482], [78.48434, 17.42484], [78.48434, 17.42487], [78.4843, 17.42493], [78.48429, 17.42494], [78.48428, 17.42496], [78.48428, 17.42498], [78.48428, 17.42501], [78.48431, 17.42506], [78.48433, 17.42509], [78.48436, 17.42513], [78.48439, 17.42515], [78.48441, 17.42516], [78.48443, 17.42518], [78.48444, 17.4252], [78.48445, 17.42524], [78.48448, 17.4253], [78.4845, 17.42535], [78.48454, 17.42539], [78.48458, 17.42542], [78.48461, 17.42542], [78.48463, 17.42543], [78.48466, 17.42545], [78.48469, 17.42547], [78.48473, 17.4255], [78.48476, 17.4255], [78.48479, 17.42549], [78.48481, 17.42547], [78.48482, 17.42545], [78.48485, 17.42544], [78.48491, 17.42544], [78.48495, 17.42543], [78.48496, 17.42539], [78.48496, 17.42538], [78.485, 17.42535], [78.48506, 17.42532], [78.4851, 17.4253], [78.4851, 17.42527], [78.48507, 17.42523], [78.48506, 17.4252], [78.48506, 17.42517], [78.48507, 17.42514], [78.4851, 17.42512], [78.48515, 17.42509], [78.4852, 17.42507], [78.48522, 17.42507], [78.48527, 17.42507], [78.48531, 17.42507], [78.48535, 17.42506], [78.48542, 17.42504], [78.48549, 17.42503], [78.48551, 17.42503], [78.48554, 17.42502], [78.48557, 17.42502], [78.4856, 17.42503], [78.48564, 17.42504], [78.48568, 17.42504], [78.48572, 17.42504], [78.48578, 17.42502], [78.48582, 17.425], [78.48588, 17.42497], [78.48592, 17.42494], [78.48594, 17.4249], [78.48595, 17.42488], [78.486, 17.42497], [78.48612, 17.42518], [78.48627, 17.42544], [78.48619, 17.42498], [78.48618, 17.42492], [78.48618, 17.42491], [78.4861, 17.42448], [78.48609, 17.42444], [78.48598, 17.42378], [78.48593, 17.42365], [78.48592, 17.42359], [78.48587, 17.42344], [78.48579, 17.42319], [78.48551, 17.42279], [78.48522, 17.42241], [78.48502, 17.42215], [78.48499, 17.42212], [78.4846, 17.4216], [78.48376, 17.4205], [78.48371, 17.42044], [78.48328, 17.41988], [78.48254, 17.41889], [78.4825, 17.41884], [78.48201, 17.41819], [78.48157, 17.4176], [78.48132, 17.41727], [78.48131, 17.41725], [78.48118, 17.41707], [78.48062, 17.41632], [78.48039, 17.41601], [78.48011, 17.41564], [78.47979, 17.4152], [78.47951, 17.41483], [78.47869, 17.4137], [78.47868, 17.41369], [78.47861, 17.41359], [78.4785, 17.41342], [78.4779, 17.4125], [78.47777, 17.41233], [78.47773, 17.41226], [78.47749, 17.41193], [78.47679, 17.41092], [78.47673, 17.41084], [78.47666, 17.41073], [78.47603, 17.40971], [78.4758, 17.40933], [78.47576, 17.40926], [78.47545, 17.40885], [78.47536, 17.40873], [78.47529, 17.40868], [78.47512, 17.40853], [78.47468, 17.40832], [78.47428, 17.40821], [78.47339, 17.40809], [78.47218, 17.40787], [78.47214, 17.40787], [78.47193, 17.40784], [78.47193, 17.40784], [78.47185, 17.40784], [78.47134, 17.40777], [78.471, 17.40776], [78.47035, 17.40774], [78.46995, 17.40775], [78.46948, 17.40776], [78.46875, 17.40786], [78.46852, 17.40782], [78.46806, 17.40754], [78.46772, 17.40719], [78.46743, 17.40671], [78.46733, 17.40646], [78.46727, 17.40624], [78.46724, 17.4061], [78.46726, 17.40588], [78.46734, 17.40522], [78.4676, 17.40407], [78.46779, 17.40346], [78.46789, 17.40298], [78.46793, 17.40283], [78.4675, 17.40271], [78.4672, 17.40269], [78.46708, 17.4027], [78.46673, 17.40274], [78.46627, 17.40284], [78.46595, 17.40298], [78.46565, 17.40316], [78.46542, 17.40334], [78.4652, 17.40355], [78.46473, 17.40413], [78.46458, 17.40434], [78.46353, 17.40353], [78.46297, 17.40316], [78.46278, 17.40303], [78.46277, 17.40302], [78.46267, 17.40298], [78.46266, 17.40297], [78.46218, 17.40279], [78.46213, 17.40277], [78.46203, 17.40274], [78.46185, 17.4027], [78.46169, 17.40267], [78.46166, 17.40267], [78.46161, 17.40266], [78.46153, 17.40266], [78.46147, 17.40266], [78.46142, 17.40266], [78.46097, 17.40282], [78.46096, 17.40283], [78.4602, 17.40298], [78.46016, 17.40305], [78.46007, 17.40318], [78.46, 17.40328], [78.45969, 17.4037], [78.45932, 17.40423], [78.45915, 17.40445], [78.45896, 17.4046], [78.45876, 17.40469], [78.45848, 17.40482], [78.45848, 17.40482], [78.45827, 17.40491], [78.45809, 17.40491], [78.4575, 17.40491], [78.45752, 17.40535], [78.45754, 17.40556], [78.45756, 17.40569], [78.45756, 17.40575], [78.45756, 17.40645], [78.45756, 17.40656], [78.45757, 17.40721], [78.45736, 17.40723], [78.45736, 17.40743], [78.45735, 17.40794], [78.45735, 17.4081], [78.45734, 17.40836], [78.45733, 17.40868], [78.45733, 17.40896], [78.45728, 17.40904], [78.45725, 17.40926], [78.45723, 17.40939], [78.45724, 17.40949], [78.45725, 17.40967], [78.45727, 17.40981], [78.45725, 17.40992], [78.45716, 17.41], [78.45724, 17.40999], [78.45728, 17.40999], [78.45735, 17.41001], [78.45744, 17.41005], [78.45756, 17.41014], [78.45767, 17.4103], [78.45784, 17.41071], [78.45787, 17.41087], [78.45797, 17.41103], [78.45809, 17.4113], [78.45819, 17.4115], [78.4583, 17.41166], [78.45847, 17.41186], [78.45856, 17.41195], [78.45871, 17.41207], [78.45878, 17.4121], [78.45893, 17.41216], [78.45924, 17.4123], [78.45943, 17.41239], [78.45965, 17.41247], [78.45979, 17.41254], [78.46014, 17.41271], [78.46023, 17.41275], [78.46036, 17.41281], [78.46004, 17.41329], [78.45972, 17.41357], [78.45951, 17.41342], [78.45942, 17.41336], [78.45937, 17.41333], [78.45927, 17.41328], [78.45853, 17.41297], [78.4583, 17.41289], [78.45769, 17.41265], [78.45735, 17.4125], [78.4573, 17.41247], [78.45719, 17.41242], [78.45708, 17.41237], [78.45697, 17.41233], [78.45685, 17.4123], [78.45683, 17.41229], [78.45679, 17.41227], [78.45676, 17.41225], [78.45672, 17.41223], [78.45669, 17.41221], [78.45668, 17.4122], [78.45665, 17.41218], [78.45662, 17.41215], [78.4566, 17.41213], [78.45659, 17.41212], [78.45656, 17.41209], [78.45644, 17.41197], [78.45642, 17.41195], [78.45641, 17.41194], [78.45639, 17.41193], [78.45638, 17.41192], [78.45636, 17.41191], [78.45634, 17.4119], [78.45632, 17.41189], [78.4563, 17.41188], [78.45628, 17.41187], [78.45612, 17.41183], [78.45597, 17.41179], [78.45589, 17.41177], [78.45573, 17.41174], [78.4557, 17.41174], [78.45554, 17.41172], [78.45549, 17.41172], [78.45483, 17.41176], [78.45449, 17.41177], [78.45411, 17.41179], [78.45388, 17.4118], [78.45383, 17.41198], [78.45379, 17.41212], [78.4537, 17.41245], [78.45357, 17.4129], [78.45345, 17.41325], [78.45344, 17.41324], [78.45343, 17.41323], [78.45341, 17.41322], [78.4534, 17.41321], [78.45339, 17.41321], [78.45323, 17.41312], [78.45319, 17.4131], [78.45305, 17.413], [78.45294, 17.41292], [78.45291, 17.41289], [78.45281, 17.4128], [78.45277, 17.41275], [78.45276, 17.41274], [78.45275, 17.41272], [78.45275, 17.41271], [78.45274, 17.41269], [78.45274, 17.41268], [78.45273, 17.41267], [78.45245, 17.41273], [78.45222, 17.41279], [78.45207, 17.41281], [78.45204, 17.41281], [78.45182, 17.41285], [78.45166, 17.41288], [78.45163, 17.41289], [78.45153, 17.41292], [78.45144, 17.41295], [78.45142, 17.41296], [78.45132, 17.41297], [78.45127, 17.41297], [78.45123, 17.41297], [78.45119, 17.41296], [78.45118, 17.41296], [78.45114, 17.41295], [78.4511, 17.41294], [78.45106, 17.41293], [78.45106, 17.41292], [78.45104, 17.41292], [78.45103, 17.41291], [78.45102, 17.41291], [78.451, 17.41291], [78.45099, 17.41291], [78.45098, 17.41291], [78.45096, 17.41291], [78.45095, 17.41291], [78.45094, 17.41291], [78.45092, 17.41291], [78.45091, 17.41291], [78.4509, 17.41292], [78.45088, 17.41292], [78.45087, 17.41293], [78.45086, 17.41293], [78.45076, 17.41298], [78.4506, 17.41307], [78.45026, 17.41323], [78.45029, 17.41327], [78.4505, 17.41359], [78.45062, 17.41383], [78.45062, 17.41405], [78.45054, 17.41431], [78.45044, 17.41449], [78.4501, 17.41479], [78.44982, 17.41497], [78.44971, 17.41504], [78.44928, 17.41545], [78.44913, 17.41559], [78.449, 17.41577], [78.4489, 17.41601], [78.4489, 17.41637], [78.44897, 17.417], [78.44901, 17.41726], [78.44901, 17.41754], [78.44898, 17.41789], [78.44883, 17.41808], [78.44863, 17.41825], [78.44844, 17.41837], [78.44832, 17.4185], [78.44807, 17.41892], [78.44806, 17.41895]]]}}, {"type": "Feature", "properties": {"name": "103-BORABANDA", "hospital_count": 1, "circle": "19-YOUSUFGUDA", "zone": "SERILINGAMPALLY ZONE", "ward_no": 103}, "geometry": {"type": "Polygon", "coordinates": [[[78.41165, 17.44622], [78.41165, 17.44614], [78.41153, 17.44574], [78.4115, 17.44574], [78.41144, 17.44575], [78.41143, 17.44597], [78.41131, 17.44603], [78.41112, 17.44606], [78.41101, 17.44607], [78.41091, 17.44609], [78.41077, 17.44611], [78.41063, 17.44613], [78.41047, 17.44615], [78.41031, 17.44617], [78.41019, 17.44619], [78.41003, 17.4462], [78.40987, 17.44622], [78.40974, 17.44623], [78.40951, 17.44624], [78.40939, 17.44625], [78.40926, 17.44626], [78.40915, 17.44626], [78.40904, 17.44627], [78.40895, 17.44628], [78.40882, 17.44628], [78.4087, 17.44628], [78.40852, 17.44629], [78.40706, 17.44622], [78.40633, 17.44625], [78.40565, 17.44623], [78.40547, 17.44671], [78.40536, 17.44692], [78.40522, 17.44752], [78.40519, 17.44766], [78.40517, 17.44771], [78.40509, 17.44808], [78.40529, 17.44814], [78.40538, 17.44835], [78.40538, 17.44838], [78.40525, 17.44839], [78.40473, 17.44845], [78.40473, 17.44841], [78.40421, 17.44851], [78.40399, 17.4486], [78.40396, 17.44861], [78.40414, 17.44902], [78.40433, 17.4493], [78.40453, 17.4496], [78.40484, 17.45007], [78.40485, 17.4501], [78.40504, 17.45059], [78.40504, 17.45059], [78.40512, 17.45059], [78.40535, 17.45059], [78.40719, 17.45205], [78.40858, 17.4531], [78.40933, 17.45376], [78.4095, 17.45425], [78.40983, 17.45414], [78.41008, 17.45478], [78.41036, 17.45543], [78.41042, 17.45565], [78.41048, 17.45577], [78.41062, 17.45574], [78.41068, 17.45572], [78.4107, 17.45569], [78.41113, 17.45557], [78.41131, 17.45552], [78.41139, 17.45551], [78.41161, 17.45546], [78.41182, 17.45543], [78.41196, 17.45541], [78.41216, 17.45539], [78.41227, 17.45538], [78.41257, 17.45534], [78.41286, 17.45531], [78.41301, 17.45527], [78.41315, 17.45525], [78.41342, 17.4552], [78.41364, 17.45514], [78.41367, 17.45513], [78.41367, 17.45513], [78.41369, 17.45512], [78.41404, 17.45495], [78.41406, 17.45494], [78.41465, 17.45467], [78.41486, 17.45459], [78.41517, 17.45446], [78.41547, 17.45434], [78.41574, 17.45426], [78.41602, 17.45418], [78.41606, 17.45417], [78.41642, 17.45411], [78.4167, 17.45406], [78.41723, 17.45402], [78.41743, 17.454], [78.41762, 17.45399], [78.41788, 17.45398], [78.41836, 17.45396], [78.41842, 17.45396], [78.41852, 17.45396], [78.41849, 17.45258], [78.41849, 17.45251], [78.41848, 17.4523], [78.41848, 17.45217], [78.41847, 17.45201], [78.41847, 17.45175], [78.41847, 17.45143], [78.41846, 17.4513], [78.41846, 17.45113], [78.41845, 17.45088], [78.41844, 17.45065], [78.41844, 17.45056], [78.41844, 17.45054], [78.41834, 17.45055], [78.41833, 17.45055], [78.41831, 17.45056], [78.41827, 17.45058], [78.41825, 17.45059], [78.41822, 17.4506], [78.41811, 17.45064], [78.41798, 17.45069], [78.41792, 17.45071], [78.41792, 17.45071], [78.41791, 17.45071], [78.41791, 17.45071], [78.4179, 17.4507], [78.41771, 17.45078], [78.41772, 17.45085], [78.4177, 17.45085], [78.41765, 17.45085], [78.41762, 17.45086], [78.41761, 17.45086], [78.41756, 17.45087], [78.41737, 17.45094], [78.41737, 17.45108], [78.41714, 17.4511], [78.41713, 17.45104], [78.41695, 17.4511], [78.41678, 17.45117], [78.41652, 17.45125], [78.41621, 17.45134], [78.41619, 17.45134], [78.41619, 17.45135], [78.41618, 17.45135], [78.41618, 17.45135], [78.41617, 17.45135], [78.41617, 17.45135], [78.41617, 17.45134], [78.41616, 17.45134], [78.41616, 17.45134], [78.41616, 17.45134], [78.41615, 17.45134], [78.41615, 17.45134], [78.41614, 17.45133], [78.41614, 17.45133], [78.41614, 17.45133], [78.41614, 17.45133], [78.41613, 17.45132], [78.41613, 17.45132], [78.41613, 17.45132], [78.41613, 17.45131], [78.41613, 17.45131], [78.41608, 17.45119], [78.41601, 17.45099], [78.41594, 17.45084], [78.41587, 17.45073], [78.4158, 17.45065], [78.41574, 17.45057], [78.41561, 17.45029], [78.41552, 17.45011], [78.41544, 17.44993], [78.41534, 17.44976], [78.41532, 17.44992], [78.41531, 17.45007], [78.41531, 17.45009], [78.41532, 17.45011], [78.41532, 17.45013], [78.41526, 17.45015], [78.41508, 17.45021], [78.41494, 17.45025], [78.41484, 17.45027], [78.41477, 17.45029], [78.41474, 17.4503], [78.4147, 17.45033], [78.4147, 17.45033], [78.41469, 17.45033], [78.41469, 17.45033], [78.41469, 17.45032], [78.41469, 17.45032], [78.41468, 17.45032], [78.41468, 17.45032], [78.41468, 17.45032], [78.41468, 17.45032], [78.41467, 17.45032], [78.41466, 17.45032], [78.41459, 17.45034], [78.41451, 17.45035], [78.41437, 17.45041], [78.41403, 17.4505], [78.41372, 17.4506], [78.4137, 17.45051], [78.41367, 17.45041], [78.41362, 17.45023], [78.41357, 17.45011], [78.41354, 17.45005], [78.41349, 17.44995], [78.41339, 17.44974], [78.41334, 17.44958], [78.41332, 17.44945], [78.41331, 17.44935], [78.41328, 17.44928], [78.41327, 17.44923], [78.41325, 17.44906], [78.41324, 17.449], [78.41323, 17.44893], [78.4132, 17.44893], [78.41316, 17.44893], [78.41313, 17.44892], [78.4131, 17.44891], [78.41308, 17.44889], [78.41306, 17.44886], [78.41298, 17.44886], [78.41265, 17.44894], [78.41254, 17.44899], [78.41245, 17.44903], [78.41244, 17.449], [78.41238, 17.44887], [78.41233, 17.44876], [78.41228, 17.44867], [78.41224, 17.44858], [78.41221, 17.4485], [78.41218, 17.4484], [78.41215, 17.44826], [78.41212, 17.44815], [78.4121, 17.44803], [78.41207, 17.44792], [78.41206, 17.44786], [78.41205, 17.44778], [78.41204, 17.4477], [78.41202, 17.4476], [78.41207, 17.44761], [78.41219, 17.44761], [78.41218, 17.44759], [78.41217, 17.44753], [78.41214, 17.44748], [78.41211, 17.44739], [78.41208, 17.4473], [78.41203, 17.44719], [78.41201, 17.44714], [78.41199, 17.44709], [78.41196, 17.44701], [78.41191, 17.4469], [78.41185, 17.44676], [78.41181, 17.44665], [78.41176, 17.44652], [78.4117, 17.44635], [78.41166, 17.44626], [78.41165, 17.44622]]]}}, {"type": "Feature", "properties": {"name": "97-SOMAJIGUDA", "hospital_count": 38, "circle": "17-KHAIRATABAD", "zone": "KHAIRATHABAD ZONE", "ward_no": 97}, "geometry": {"type": "Polygon", "coordinates": [[[78.44252, 17.4399], [78.44316, 17.43848], [78.44368, 17.43708], [78.44381, 17.4369], [78.44393, 17.43676], [78.4441, 17.43656], [78.44453, 17.43594], [78.44495, 17.43519], [78.44519, 17.43465], [78.44541, 17.43434], [78.44576, 17.43399], [78.44579, 17.43396], [78.44613, 17.43408], [78.44662, 17.43425], [78.44694, 17.43436], [78.44712, 17.43442], [78.44731, 17.43446], [78.44744, 17.43442], [78.44757, 17.4344], [78.44769, 17.4344], [78.44799, 17.43443], [78.44822, 17.43446], [78.44852, 17.43449], [78.44865, 17.4345], [78.44933, 17.4346], [78.4496, 17.43466], [78.45041, 17.43488], [78.45123, 17.43499], [78.45138, 17.43502], [78.45143, 17.43505], [78.45164, 17.43522], [78.4521, 17.43567], [78.45233, 17.4359], [78.45247, 17.43606], [78.45256, 17.43609], [78.453, 17.43601], [78.45356, 17.43589], [78.45396, 17.43576], [78.45431, 17.43563], [78.45475, 17.43546], [78.45515, 17.43529], [78.45547, 17.43515], [78.45544, 17.4347], [78.45551, 17.43435], [78.45558, 17.4341], [78.456, 17.43277], [78.45856, 17.43274], [78.45925, 17.4327], [78.46031, 17.43226], [78.46027, 17.43218], [78.46026, 17.43216], [78.46065, 17.43202], [78.46067, 17.43203], [78.46075, 17.432], [78.46075, 17.43202], [78.46104, 17.4319], [78.46105, 17.43192], [78.46112, 17.43187], [78.4613, 17.43177], [78.46137, 17.43173], [78.46155, 17.43164], [78.46178, 17.43153], [78.46187, 17.43149], [78.46321, 17.43088], [78.46282, 17.43025], [78.4625, 17.42969], [78.46235, 17.42941], [78.46211, 17.42884], [78.46204, 17.42856], [78.46202, 17.42835], [78.46206, 17.4277], [78.46212, 17.42705], [78.46218, 17.42682], [78.46234, 17.42631], [78.46281, 17.42484], [78.46292, 17.42449], [78.46301, 17.42434], [78.46311, 17.42421], [78.46326, 17.42407], [78.4635, 17.42388], [78.46372, 17.42375], [78.46392, 17.42366], [78.4642, 17.42357], [78.46439, 17.42347], [78.46461, 17.42331], [78.46482, 17.42308], [78.46497, 17.42277], [78.46507, 17.42236], [78.46507, 17.42233], [78.46508, 17.42227], [78.46511, 17.4219], [78.46514, 17.42158], [78.46522, 17.42107], [78.46526, 17.42075], [78.46533, 17.42029], [78.46537, 17.42005], [78.46539, 17.41998], [78.4654, 17.41992], [78.4654, 17.41991], [78.4654, 17.41985], [78.4654, 17.41984], [78.46541, 17.41977], [78.4654, 17.41969], [78.4654, 17.41968], [78.46538, 17.4196], [78.46538, 17.41957], [78.46536, 17.41948], [78.46521, 17.4195], [78.46516, 17.4195], [78.46495, 17.41953], [78.46494, 17.41953], [78.46472, 17.41955], [78.46431, 17.41956], [78.46403, 17.41957], [78.46353, 17.4196], [78.46311, 17.41964], [78.46256, 17.41969], [78.46253, 17.41969], [78.46243, 17.4197], [78.46232, 17.41972], [78.46226, 17.41973], [78.46209, 17.41976], [78.46216, 17.41998], [78.46223, 17.42019], [78.46232, 17.42049], [78.46236, 17.42066], [78.46242, 17.42086], [78.46249, 17.42113], [78.46255, 17.42134], [78.46259, 17.42151], [78.4626, 17.42152], [78.46265, 17.42173], [78.46268, 17.42188], [78.46268, 17.42193], [78.46269, 17.422], [78.46269, 17.42202], [78.4627, 17.42212], [78.4627, 17.42214], [78.46269, 17.42216], [78.46269, 17.42218], [78.46269, 17.4222], [78.46268, 17.42222], [78.46267, 17.42225], [78.46243, 17.42255], [78.4622, 17.42274], [78.4619, 17.42291], [78.46131, 17.42304], [78.46062, 17.42317], [78.45953, 17.42339], [78.45884, 17.42356], [78.45852, 17.42369], [78.45826, 17.42383], [78.45795, 17.424], [78.45782, 17.42409], [78.4576, 17.4243], [78.45749, 17.42445], [78.45733, 17.42478], [78.45723, 17.42507], [78.45716, 17.42548], [78.45712, 17.42582], [78.45713, 17.42608], [78.45717, 17.42625], [78.45729, 17.42652], [78.45743, 17.42679], [78.45747, 17.42693], [78.45748, 17.42704], [78.45745, 17.42715], [78.45739, 17.4273], [78.45707, 17.42772], [78.45688, 17.42792], [78.45652, 17.42818], [78.45606, 17.42842], [78.45577, 17.42859], [78.45534, 17.42893], [78.45524, 17.42888], [78.45477, 17.42879], [78.45411, 17.42866], [78.4537, 17.42854], [78.45345, 17.42846], [78.45329, 17.42833], [78.45313, 17.42814], [78.45276, 17.42738], [78.45264, 17.42708], [78.45254, 17.42695], [78.45242, 17.42685], [78.4519, 17.42758], [78.45182, 17.42769], [78.45162, 17.42797], [78.45161, 17.42797], [78.45161, 17.42797], [78.45151, 17.42812], [78.45101, 17.4288], [78.45099, 17.42883], [78.45085, 17.42902], [78.45054, 17.42945], [78.45045, 17.42957], [78.45036, 17.42969], [78.45022, 17.42984], [78.45008, 17.42999], [78.45004, 17.43002], [78.44982, 17.42995], [78.44966, 17.42991], [78.44938, 17.42982], [78.44913, 17.42977], [78.44901, 17.42975], [78.44873, 17.42972], [78.44838, 17.42967], [78.44815, 17.42966], [78.448, 17.42968], [78.44755, 17.42974], [78.44717, 17.42979], [78.44685, 17.42983], [78.44666, 17.42986], [78.44648, 17.42988], [78.44639, 17.4299], [78.44629, 17.42991], [78.44618, 17.42992], [78.44599, 17.42995], [78.44579, 17.42997], [78.44568, 17.42998], [78.44543, 17.43002], [78.44537, 17.43003], [78.44516, 17.43004], [78.44508, 17.43005], [78.44497, 17.43006], [78.44479, 17.43008], [78.44465, 17.43009], [78.4445, 17.4301], [78.44439, 17.4301], [78.44423, 17.43011], [78.44411, 17.43011], [78.44393, 17.43012], [78.44335, 17.43013], [78.44286, 17.43014], [78.4424, 17.43014], [78.4421, 17.43014], [78.44172, 17.43015], [78.44081, 17.43015], [78.44063, 17.43014], [78.44027, 17.43014], [78.44, 17.43014], [78.43993, 17.43014], [78.43969, 17.43014], [78.43948, 17.43014], [78.43936, 17.43014], [78.43925, 17.43014], [78.43907, 17.43016], [78.43902, 17.43016], [78.43882, 17.43017], [78.43857, 17.43018], [78.43836, 17.43017], [78.43819, 17.43017], [78.43805, 17.43017], [78.43777, 17.43017], [78.43759, 17.43017], [78.43748, 17.43018], [78.4373, 17.43019], [78.4371, 17.43019], [78.43692, 17.43019], [78.43685, 17.43019], [78.43657, 17.4302], [78.43588, 17.43019], [78.43563, 17.4302], [78.43544, 17.4302], [78.43527, 17.4302], [78.43506, 17.43021], [78.43489, 17.43021], [78.43465, 17.43021], [78.43453, 17.43021], [78.43445, 17.4302], [78.43428, 17.43017], [78.43414, 17.43013], [78.43407, 17.4301], [78.434, 17.43007], [78.43385, 17.42997], [78.43352, 17.42975], [78.43343, 17.42971], [78.4332, 17.42962], [78.43302, 17.42958], [78.43288, 17.42958], [78.43282, 17.42958], [78.43257, 17.42962], [78.43245, 17.42963], [78.4322, 17.42967], [78.43198, 17.42968], [78.43183, 17.42969], [78.43184, 17.42983], [78.43185, 17.42999], [78.43186, 17.43026], [78.43186, 17.43027], [78.43187, 17.4304], [78.43188, 17.43069], [78.43189, 17.43076], [78.43216, 17.43159], [78.43224, 17.43182], [78.43231, 17.432], [78.43249, 17.43236], [78.43272, 17.43281], [78.43274, 17.43283], [78.43274, 17.43285], [78.43276, 17.43289], [78.43311, 17.43361], [78.43321, 17.43376], [78.4333, 17.43392], [78.43362, 17.43432], [78.43395, 17.43469], [78.43396, 17.4347], [78.43447, 17.43521], [78.43472, 17.43544], [78.43475, 17.43542], [78.43482, 17.43536], [78.43494, 17.43525], [78.43503, 17.43517], [78.43516, 17.43508], [78.43526, 17.43499], [78.43531, 17.43494], [78.43543, 17.43485], [78.43552, 17.43477], [78.43562, 17.43469], [78.43577, 17.43457], [78.43589, 17.43446], [78.43594, 17.43441], [78.43615, 17.43421], [78.43637, 17.4341], [78.4366, 17.43401], [78.43704, 17.43386], [78.43706, 17.43386], [78.43716, 17.43384], [78.43728, 17.43381], [78.43734, 17.43379], [78.43743, 17.43378], [78.43744, 17.43378], [78.43767, 17.43373], [78.43768, 17.43373], [78.43769, 17.43373], [78.43788, 17.43371], [78.43804, 17.43369], [78.43826, 17.43367], [78.4383, 17.43366], [78.43832, 17.43366], [78.43843, 17.43364], [78.43854, 17.43362], [78.43857, 17.43362], [78.43866, 17.43377], [78.43876, 17.43377], [78.43882, 17.43395], [78.43888, 17.43393], [78.43893, 17.43392], [78.43897, 17.434], [78.439, 17.43412], [78.43916, 17.43469], [78.43923, 17.43492], [78.43926, 17.43505], [78.43936, 17.4354], [78.43937, 17.43543], [78.43942, 17.43563], [78.43942, 17.43563], [78.43946, 17.43583], [78.43956, 17.43637], [78.43957, 17.4364], [78.43962, 17.43642], [78.43973, 17.43647], [78.43977, 17.4366], [78.43978, 17.43663], [78.43992, 17.43711], [78.44002, 17.43739], [78.4401, 17.43756], [78.44023, 17.43768], [78.44031, 17.43779], [78.44032, 17.43784], [78.44032, 17.43786], [78.44032, 17.43786], [78.44033, 17.43794], [78.4404, 17.43832], [78.44048, 17.43874], [78.44049, 17.43875], [78.44049, 17.43876], [78.44051, 17.43885], [78.4406, 17.43918], [78.44069, 17.43951], [78.44071, 17.43956], [78.44074, 17.43965], [78.44079, 17.43976], [78.44084, 17.43987], [78.44134, 17.43986], [78.44154, 17.43985], [78.44168, 17.43984], [78.44184, 17.43984], [78.44226, 17.43982], [78.44227, 17.43982], [78.44252, 17.4399]]]}}, {"type": "Feature", "properties": {"name": "98-AMEERPET", "hospital_count": 34, "circle": "17-KHAIRATABAD", "zone": "KHAIRATHABAD ZONE", "ward_no": 98}, "geometry": {"type": "Polygon", "coordinates": [[[78.4514, 17.44906], [78.45169, 17.44753], [78.45175, 17.44721], [78.45176, 17.44716], [78.4519, 17.44669], [78.45414, 17.44145], [78.45457, 17.44074], [78.45529, 17.43994], [78.45607, 17.43935], [78.45669, 17.43899], [78.45744, 17.43869], [78.45908, 17.43839], [78.46054, 17.43812], [78.46115, 17.43791], [78.46231, 17.43737], [78.46285, 17.43706], [78.46327, 17.43671], [78.4638, 17.4361], [78.46393, 17.43588], [78.46418, 17.43542], [78.46428, 17.43511], [78.46436, 17.43484], [78.46444, 17.43437], [78.46442, 17.43395], [78.46436, 17.43369], [78.46433, 17.43267], [78.46433, 17.43267], [78.46385, 17.43194], [78.46331, 17.43103], [78.46321, 17.43088], [78.46187, 17.43149], [78.46178, 17.43153], [78.46155, 17.43164], [78.46137, 17.43173], [78.4613, 17.43177], [78.46112, 17.43187], [78.46105, 17.43192], [78.46104, 17.4319], [78.46075, 17.43202], [78.46075, 17.432], [78.46067, 17.43203], [78.46065, 17.43202], [78.46026, 17.43216], [78.46027, 17.43218], [78.46031, 17.43226], [78.45925, 17.4327], [78.45856, 17.43274], [78.456, 17.43277], [78.45558, 17.4341], [78.45551, 17.43435], [78.45544, 17.4347], [78.45547, 17.43515], [78.45515, 17.43529], [78.45475, 17.43546], [78.45431, 17.43563], [78.45396, 17.43576], [78.45356, 17.43589], [78.453, 17.43601], [78.45256, 17.43609], [78.45247, 17.43606], [78.45233, 17.4359], [78.4521, 17.43567], [78.45164, 17.43522], [78.45143, 17.43505], [78.45138, 17.43502], [78.45123, 17.43499], [78.45041, 17.43488], [78.4496, 17.43466], [78.44933, 17.4346], [78.44865, 17.4345], [78.44852, 17.43449], [78.44822, 17.43446], [78.44799, 17.43443], [78.44769, 17.4344], [78.44757, 17.4344], [78.44744, 17.43442], [78.44731, 17.43446], [78.44712, 17.43442], [78.44694, 17.43436], [78.44662, 17.43425], [78.44613, 17.43408], [78.44579, 17.43396], [78.44576, 17.43399], [78.44541, 17.43434], [78.44519, 17.43465], [78.44495, 17.43519], [78.44453, 17.43594], [78.4441, 17.43656], [78.44393, 17.43676], [78.44381, 17.4369], [78.44368, 17.43708], [78.44316, 17.43848], [78.44252, 17.4399], [78.44257, 17.43992], [78.44256, 17.43998], [78.44231, 17.4406], [78.44217, 17.44089], [78.44212, 17.44098], [78.44184, 17.44146], [78.44179, 17.44153], [78.44177, 17.44156], [78.44168, 17.44171], [78.44136, 17.44222], [78.4411, 17.44261], [78.44107, 17.44266], [78.44084, 17.44307], [78.44073, 17.44327], [78.44063, 17.44347], [78.44043, 17.44388], [78.44039, 17.44397], [78.44026, 17.44418], [78.44025, 17.4442], [78.44016, 17.44433], [78.43991, 17.44469], [78.43989, 17.44472], [78.43966, 17.44507], [78.43929, 17.44569], [78.43903, 17.44613], [78.43895, 17.44628], [78.4389, 17.44636], [78.43886, 17.44644], [78.43877, 17.44665], [78.43872, 17.44674], [78.4386, 17.44696], [78.43831, 17.4475], [78.43835, 17.44752], [78.43837, 17.44753], [78.43839, 17.44753], [78.43841, 17.44754], [78.43859, 17.44755], [78.43872, 17.44756], [78.43888, 17.44757], [78.43901, 17.44757], [78.43918, 17.44758], [78.43933, 17.44758], [78.43944, 17.44759], [78.43961, 17.4476], [78.43977, 17.4476], [78.43986, 17.44761], [78.43995, 17.44761], [78.43999, 17.44761], [78.44009, 17.44757], [78.44015, 17.44756], [78.44053, 17.44748], [78.44097, 17.44739], [78.44125, 17.44732], [78.44142, 17.44725], [78.44158, 17.44716], [78.4419, 17.44691], [78.44216, 17.44666], [78.44219, 17.44672], [78.44238, 17.44664], [78.44246, 17.44661], [78.44251, 17.4466], [78.44258, 17.4465], [78.44277, 17.44638], [78.44355, 17.44592], [78.44377, 17.44579], [78.44379, 17.44573], [78.44393, 17.44564], [78.44423, 17.44563], [78.44428, 17.44563], [78.44454, 17.4456], [78.44502, 17.44555], [78.44549, 17.44551], [78.44572, 17.44549], [78.44612, 17.44546], [78.44667, 17.4454], [78.44674, 17.4454], [78.44692, 17.44613], [78.44701, 17.44648], [78.44706, 17.44672], [78.44709, 17.44687], [78.44709, 17.44694], [78.44708, 17.44704], [78.44708, 17.44715], [78.4471, 17.44729], [78.44716, 17.44754], [78.44732, 17.44804], [78.44746, 17.44853], [78.44759, 17.44901], [78.4477, 17.44897], [78.44818, 17.44882], [78.44845, 17.44872], [78.44898, 17.44855], [78.44955, 17.44839], [78.44959, 17.44837], [78.4497, 17.4487], [78.44979, 17.44896], [78.44985, 17.44908], [78.44994, 17.4493], [78.45002, 17.44956], [78.4501, 17.4498], [78.45018, 17.45004], [78.45023, 17.45022], [78.45104, 17.45003], [78.45124, 17.44998], [78.4514, 17.44906]]]}}, {"type": "Feature", "properties": {"name": "101-ERRAGADDA", "hospital_count": 12, "circle": "19-YOUSUFGUDA", "zone": "SERILINGAMPALLY ZONE", "ward_no": 101}, "geometry": {"type": "Polygon", "coordinates": [[[78.41933, 17.45394], [78.41936, 17.45394], [78.41941, 17.45394], [78.41941, 17.45394], [78.41949, 17.45394], [78.42042, 17.45393], [78.42144, 17.454], [78.42193, 17.45406], [78.42201, 17.45407], [78.42211, 17.45409], [78.42291, 17.45425], [78.42337, 17.45432], [78.42319, 17.45221], [78.42316, 17.45213], [78.42317, 17.45193], [78.42435, 17.45175], [78.42434, 17.45131], [78.42433, 17.45112], [78.4243, 17.45063], [78.42467, 17.45058], [78.42501, 17.45051], [78.42532, 17.45049], [78.42558, 17.45051], [78.42597, 17.45043], [78.42625, 17.4503], [78.42638, 17.45028], [78.42641, 17.45059], [78.42642, 17.45073], [78.42647, 17.45118], [78.42651, 17.45154], [78.42651, 17.45162], [78.42654, 17.45206], [78.42654, 17.45208], [78.42656, 17.45238], [78.42659, 17.45288], [78.42651, 17.45289], [78.4265, 17.45289], [78.42602, 17.45295], [78.42554, 17.45298], [78.42534, 17.453], [78.42483, 17.45304], [78.42482, 17.45311], [78.42485, 17.45343], [78.42486, 17.45351], [78.42489, 17.45377], [78.425, 17.45429], [78.42504, 17.45449], [78.42457, 17.45451], [78.42458, 17.45455], [78.42459, 17.45458], [78.42459, 17.45459], [78.42461, 17.45466], [78.42477, 17.4553], [78.42495, 17.4557], [78.42503, 17.45586], [78.42605, 17.45541], [78.42642, 17.45709], [78.42684, 17.45696], [78.42687, 17.45695], [78.42695, 17.45709], [78.42709, 17.45763], [78.4272, 17.45807], [78.42733, 17.45853], [78.42755, 17.45933], [78.42759, 17.45933], [78.4279, 17.45937], [78.42811, 17.45979], [78.42839, 17.45985], [78.42825, 17.46091], [78.42814, 17.46174], [78.4281, 17.46202], [78.42854, 17.46209], [78.42917, 17.46215], [78.42976, 17.46209], [78.43128, 17.46196], [78.43133, 17.46196], [78.43137, 17.46187], [78.43144, 17.46172], [78.43176, 17.461], [78.43217, 17.46011], [78.43242, 17.45954], [78.43276, 17.45881], [78.43315, 17.45811], [78.43337, 17.45761], [78.43356, 17.45721], [78.43364, 17.457], [78.43402, 17.45605], [78.43431, 17.45538], [78.43435, 17.45528], [78.43447, 17.45503], [78.43478, 17.45435], [78.4348, 17.45432], [78.43496, 17.45394], [78.43528, 17.45333], [78.43534, 17.45322], [78.43548, 17.45295], [78.43571, 17.45253], [78.43603, 17.45194], [78.43604, 17.45193], [78.43633, 17.45132], [78.43649, 17.451], [78.43691, 17.45021], [78.43715, 17.44973], [78.43715, 17.44971], [78.43737, 17.4492], [78.43753, 17.44887], [78.43762, 17.44872], [78.43806, 17.44796], [78.43831, 17.4475], [78.43828, 17.44749], [78.43828, 17.44749], [78.43827, 17.4475], [78.43798, 17.44797], [78.43761, 17.44797], [78.43649, 17.4482], [78.4338, 17.44879], [78.43317, 17.44893], [78.43265, 17.44907], [78.43207, 17.44916], [78.43206, 17.44916], [78.43206, 17.44916], [78.4319, 17.44919], [78.43102, 17.44935], [78.43061, 17.44944], [78.43037, 17.44946], [78.43037, 17.44948], [78.4304, 17.44952], [78.43039, 17.44952], [78.43033, 17.44959], [78.43018, 17.44977], [78.43007, 17.4498], [78.42975, 17.44983], [78.42881, 17.44988], [78.42807, 17.4499], [78.42785, 17.44992], [78.42782, 17.44992], [78.42778, 17.44993], [78.42774, 17.44994], [78.4277, 17.44995], [78.42766, 17.44995], [78.42751, 17.44996], [78.42745, 17.45005], [78.42712, 17.45006], [78.42697, 17.45006], [78.42631, 17.45006], [78.42691, 17.4494], [78.42697, 17.4492], [78.42707, 17.44875], [78.42719, 17.44817], [78.42726, 17.4479], [78.42733, 17.44764], [78.42737, 17.44745], [78.42752, 17.44681], [78.42748, 17.44679], [78.42742, 17.44678], [78.42734, 17.44676], [78.42728, 17.44676], [78.42722, 17.44675], [78.42708, 17.44676], [78.42693, 17.44676], [78.42674, 17.44676], [78.42658, 17.44676], [78.42641, 17.44677], [78.42608, 17.44677], [78.42596, 17.44677], [78.42583, 17.44677], [78.42569, 17.44677], [78.42553, 17.44678], [78.4255, 17.44678], [78.42547, 17.44678], [78.42537, 17.44678], [78.42529, 17.44679], [78.42523, 17.44679], [78.4252, 17.44679], [78.42517, 17.44679], [78.42516, 17.44679], [78.42513, 17.44678], [78.4251, 17.44678], [78.42501, 17.44678], [78.42494, 17.44678], [78.42486, 17.44677], [78.42483, 17.44695], [78.42482, 17.44699], [78.42481, 17.44708], [78.4248, 17.44714], [78.42479, 17.44725], [78.42478, 17.44729], [78.42477, 17.44735], [78.42476, 17.4474], [78.42475, 17.44748], [78.42475, 17.44753], [78.42474, 17.44755], [78.42474, 17.44761], [78.42472, 17.44768], [78.42471, 17.44774], [78.4247, 17.44784], [78.4246, 17.44785], [78.42449, 17.44785], [78.42431, 17.44785], [78.42413, 17.44786], [78.42395, 17.44786], [78.42381, 17.44787], [78.42372, 17.44788], [78.42355, 17.44789], [78.42344, 17.44788], [78.4233, 17.44789], [78.42316, 17.44789], [78.42315, 17.44794], [78.42313, 17.44803], [78.42311, 17.44811], [78.4231, 17.44819], [78.42307, 17.44828], [78.42305, 17.44838], [78.42304, 17.44845], [78.42302, 17.44853], [78.42301, 17.44861], [78.423, 17.44868], [78.42299, 17.44877], [78.42299, 17.44887], [78.42297, 17.44904], [78.42297, 17.44921], [78.42296, 17.4493], [78.42278, 17.4493], [78.42278, 17.44929], [78.42264, 17.44929], [78.42239, 17.44928], [78.42211, 17.44927], [78.42177, 17.44926], [78.42173, 17.44925], [78.42167, 17.44924], [78.42161, 17.44924], [78.42152, 17.44924], [78.42137, 17.44932], [78.42129, 17.44935], [78.42112, 17.44943], [78.42098, 17.44949], [78.42087, 17.44954], [78.4208, 17.44957], [78.4208, 17.44963], [78.4207, 17.44973], [78.42059, 17.44983], [78.42049, 17.44992], [78.42046, 17.44994], [78.42044, 17.44996], [78.42041, 17.44999], [78.42037, 17.45003], [78.42034, 17.45006], [78.42024, 17.45015], [78.42018, 17.45021], [78.4201, 17.45029], [78.42001, 17.45035], [78.41996, 17.45039], [78.4199, 17.45042], [78.41979, 17.45047], [78.41977, 17.45048], [78.41974, 17.45049], [78.41971, 17.4505], [78.41971, 17.4505], [78.41969, 17.45051], [78.41956, 17.45051], [78.41942, 17.45052], [78.41929, 17.45053], [78.41921, 17.45053], [78.41911, 17.45054], [78.41897, 17.45054], [78.41871, 17.45055], [78.41844, 17.45056], [78.41844, 17.45065], [78.41845, 17.45088], [78.41846, 17.45113], [78.41846, 17.4513], [78.41847, 17.45143], [78.41847, 17.45175], [78.41847, 17.45201], [78.41848, 17.45217], [78.41848, 17.4523], [78.41849, 17.45251], [78.41849, 17.45258], [78.41852, 17.45396], [78.41862, 17.45395], [78.41875, 17.45395], [78.41881, 17.45395], [78.41915, 17.45394], [78.41919, 17.45394], [78.41933, 17.45394]]]}}, {"type": "Feature", "properties": {"name": "100-SANATH NAGAR", "hospital_count": 12, "circle": "17-KHAIRATABAD", "zone": "KHAIRATHABAD ZONE", "ward_no": 100}, "geometry": {"type": "Polygon", "coordinates": [[[78.43529, 17.45332], [78.43496, 17.45394], [78.4348, 17.45432], [78.43478, 17.45435], [78.43435, 17.45528], [78.43402, 17.45605], [78.43364, 17.457], [78.43356, 17.45721], [78.43315, 17.45811], [78.43276, 17.45881], [78.43242, 17.45954], [78.43217, 17.46011], [78.43176, 17.461], [78.43144, 17.46172], [78.43137, 17.46187], [78.43133, 17.46196], [78.43345, 17.46183], [78.43575, 17.46164], [78.43673, 17.46159], [78.43687, 17.46158], [78.4384, 17.46145], [78.43892, 17.46141], [78.44017, 17.46131], [78.4424, 17.46118], [78.44265, 17.46117], [78.44427, 17.46108], [78.44459, 17.46106], [78.44562, 17.46099], [78.44603, 17.46094], [78.44627, 17.46091], [78.44628, 17.46091], [78.44671, 17.46083], [78.44714, 17.46069], [78.44738, 17.46059], [78.4478, 17.46041], [78.44831, 17.46006], [78.44876, 17.45965], [78.44876, 17.45965], [78.44912, 17.45922], [78.44937, 17.45882], [78.44952, 17.45853], [78.44962, 17.45827], [78.44963, 17.45825], [78.44964, 17.45822], [78.44982, 17.45763], [78.45001, 17.45663], [78.45018, 17.45569], [78.45044, 17.45428], [78.4508, 17.45236], [78.45111, 17.45068], [78.45124, 17.44998], [78.45104, 17.45003], [78.45023, 17.45022], [78.45018, 17.45004], [78.4501, 17.4498], [78.45002, 17.44956], [78.44994, 17.4493], [78.44985, 17.44908], [78.44979, 17.44896], [78.4497, 17.4487], [78.44959, 17.44837], [78.44955, 17.44839], [78.44898, 17.44855], [78.44845, 17.44872], [78.44818, 17.44882], [78.4477, 17.44897], [78.44759, 17.44901], [78.44746, 17.44853], [78.44732, 17.44804], [78.44716, 17.44754], [78.4471, 17.44729], [78.44708, 17.44715], [78.44708, 17.44704], [78.44709, 17.44694], [78.44709, 17.44687], [78.44706, 17.44672], [78.44701, 17.44648], [78.44692, 17.44613], [78.44674, 17.4454], [78.44667, 17.4454], [78.44612, 17.44546], [78.44572, 17.44549], [78.44549, 17.44551], [78.44502, 17.44555], [78.44454, 17.4456], [78.44428, 17.44563], [78.44423, 17.44563], [78.44393, 17.44564], [78.44379, 17.44573], [78.44377, 17.44579], [78.44355, 17.44592], [78.44277, 17.44638], [78.44258, 17.4465], [78.44251, 17.4466], [78.44246, 17.44661], [78.44238, 17.44664], [78.44219, 17.44672], [78.44216, 17.44666], [78.4419, 17.44691], [78.44158, 17.44716], [78.44142, 17.44725], [78.44125, 17.44732], [78.44097, 17.44739], [78.44053, 17.44748], [78.44015, 17.44756], [78.44009, 17.44757], [78.43999, 17.44761], [78.43995, 17.44761], [78.43986, 17.44761], [78.43977, 17.4476], [78.43961, 17.4476], [78.43944, 17.44759], [78.43933, 17.44758], [78.43918, 17.44758], [78.43901, 17.44757], [78.43888, 17.44757], [78.43872, 17.44756], [78.43859, 17.44755], [78.43841, 17.44754], [78.43839, 17.44753], [78.43837, 17.44753], [78.43835, 17.44752], [78.43831, 17.4475], [78.43806, 17.44796], [78.43753, 17.44887], [78.43737, 17.4492], [78.43715, 17.44971], [78.43691, 17.45021], [78.43649, 17.451], [78.43604, 17.45193], [78.43571, 17.45253], [78.43548, 17.45295], [78.43534, 17.45322], [78.43529, 17.45332]]]}}, {"type": "Feature", "properties": {"name": "99-VENGALRAO NAGAR", "hospital_count": 37, "circle": "19-YOUSUFGUDA", "zone": "SERILINGAMPALLY ZONE", "ward_no": 99}, "geometry": {"type": "Polygon", "coordinates": [[[78.43828, 17.44749], [78.43828, 17.44749], [78.43831, 17.4475], [78.4386, 17.44696], [78.43872, 17.44674], [78.43877, 17.44665], [78.4389, 17.44636], [78.43903, 17.44613], [78.43929, 17.44569], [78.43966, 17.44507], [78.43991, 17.44469], [78.44025, 17.4442], [78.44026, 17.44418], [78.44039, 17.44397], [78.44043, 17.44388], [78.44063, 17.44347], [78.44084, 17.44307], [78.44107, 17.44266], [78.44136, 17.44222], [78.44177, 17.44156], [78.44184, 17.44146], [78.44212, 17.44098], [78.44217, 17.44089], [78.44231, 17.4406], [78.44256, 17.43998], [78.44257, 17.43992], [78.44252, 17.4399], [78.44227, 17.43982], [78.44184, 17.43984], [78.44168, 17.43984], [78.44154, 17.43985], [78.44134, 17.43986], [78.44084, 17.43987], [78.44079, 17.43976], [78.44071, 17.43956], [78.44051, 17.43885], [78.44049, 17.43876], [78.44048, 17.43874], [78.4404, 17.43832], [78.44033, 17.43794], [78.44032, 17.43786], [78.44032, 17.43786], [78.44032, 17.43784], [78.44031, 17.43779], [78.44023, 17.43768], [78.4401, 17.43756], [78.44002, 17.43739], [78.43992, 17.43711], [78.43978, 17.43663], [78.43977, 17.4366], [78.43971, 17.43656], [78.43967, 17.43653], [78.43963, 17.4365], [78.43957, 17.43646], [78.43951, 17.43644], [78.43949, 17.43643], [78.43941, 17.4364], [78.43931, 17.43637], [78.43921, 17.43634], [78.43908, 17.4363], [78.43893, 17.43627], [78.43879, 17.43624], [78.43865, 17.43621], [78.43845, 17.43617], [78.43828, 17.43613], [78.43819, 17.43612], [78.43808, 17.4361], [78.43797, 17.43609], [78.43788, 17.43609], [78.43775, 17.43609], [78.43763, 17.4361], [78.4375, 17.4361], [78.43742, 17.4361], [78.43734, 17.43611], [78.4372, 17.43611], [78.43713, 17.43612], [78.43693, 17.43613], [78.43676, 17.43615], [78.43652, 17.43618], [78.43633, 17.43622], [78.4361, 17.43626], [78.43601, 17.43627], [78.43594, 17.43629], [78.43585, 17.43631], [78.43575, 17.43632], [78.43563, 17.43634], [78.43551, 17.43636], [78.43539, 17.43638], [78.43513, 17.43641], [78.435, 17.43642], [78.43488, 17.43643], [78.43476, 17.43644], [78.43464, 17.43644], [78.43453, 17.43645], [78.43446, 17.43645], [78.43432, 17.43645], [78.4342, 17.43646], [78.43408, 17.43646], [78.43396, 17.43647], [78.43389, 17.43648], [78.43376, 17.43649], [78.43368, 17.4365], [78.43366, 17.4365], [78.43361, 17.4365], [78.43354, 17.43649], [78.43351, 17.43649], [78.4335, 17.43647], [78.4335, 17.43645], [78.43348, 17.43642], [78.43346, 17.43641], [78.43344, 17.4364], [78.43343, 17.4364], [78.43342, 17.43639], [78.4334, 17.4364], [78.43339, 17.4364], [78.43338, 17.4364], [78.43331, 17.43643], [78.43323, 17.43647], [78.43318, 17.43649], [78.43311, 17.43651], [78.43307, 17.43653], [78.43304, 17.43653], [78.43296, 17.43655], [78.43289, 17.43656], [78.43282, 17.43656], [78.4328, 17.43656], [78.43277, 17.43656], [78.43276, 17.43656], [78.43273, 17.43655], [78.43271, 17.43655], [78.43268, 17.43654], [78.43258, 17.4365], [78.43249, 17.43647], [78.43244, 17.43645], [78.4324, 17.43643], [78.43235, 17.4364], [78.43229, 17.43636], [78.43221, 17.43628], [78.43221, 17.43628], [78.43222, 17.43627], [78.43222, 17.43627], [78.43223, 17.43626], [78.43223, 17.43625], [78.43223, 17.43625], [78.43223, 17.43624], [78.43223, 17.43623], [78.43223, 17.43622], [78.4322, 17.43617], [78.43219, 17.43615], [78.43213, 17.43605], [78.43212, 17.43604], [78.4321, 17.43601], [78.43206, 17.43596], [78.43202, 17.43591], [78.43197, 17.43586], [78.43194, 17.43584], [78.43192, 17.43582], [78.4319, 17.43579], [78.43188, 17.43576], [78.43187, 17.43574], [78.43186, 17.4357], [78.43185, 17.43571], [78.43181, 17.43573], [78.43177, 17.43576], [78.43174, 17.43577], [78.43171, 17.4358], [78.43169, 17.43582], [78.43168, 17.43582], [78.43163, 17.4358], [78.43158, 17.43579], [78.43155, 17.43579], [78.43152, 17.43579], [78.4315, 17.43579], [78.43148, 17.43579], [78.4314, 17.4358], [78.43133, 17.43581], [78.43118, 17.43586], [78.43097, 17.43592], [78.43055, 17.43607], [78.43029, 17.43615], [78.43004, 17.43623], [78.42993, 17.43626], [78.42983, 17.4363], [78.42958, 17.43638], [78.42939, 17.43644], [78.42925, 17.43649], [78.42909, 17.43655], [78.42897, 17.43659], [78.42887, 17.43662], [78.42873, 17.43666], [78.42863, 17.43668], [78.42855, 17.4367], [78.42848, 17.43671], [78.42845, 17.43672], [78.42823, 17.43677], [78.42819, 17.43678], [78.42804, 17.43681], [78.42808, 17.43693], [78.42812, 17.43702], [78.42816, 17.43713], [78.42819, 17.4372], [78.42821, 17.4373], [78.42823, 17.43738], [78.42822, 17.43738], [78.42819, 17.4374], [78.42818, 17.4374], [78.42812, 17.43743], [78.42796, 17.43751], [78.42787, 17.43756], [78.42772, 17.43762], [78.42761, 17.43767], [78.42741, 17.43775], [78.42728, 17.43781], [78.42718, 17.43786], [78.42703, 17.43793], [78.42687, 17.438], [78.42671, 17.43809], [78.42659, 17.43814], [78.42658, 17.43815], [78.42651, 17.43818], [78.4265, 17.43821], [78.42649, 17.43823], [78.42649, 17.43824], [78.42647, 17.43828], [78.42644, 17.43832], [78.42642, 17.43836], [78.4264, 17.43838], [78.42636, 17.43841], [78.42631, 17.43845], [78.42624, 17.4385], [78.42619, 17.43853], [78.42612, 17.43857], [78.42605, 17.4386], [78.426, 17.43862], [78.42578, 17.4387], [78.42555, 17.43878], [78.42518, 17.43892], [78.42476, 17.43908], [78.42448, 17.43919], [78.42391, 17.43933], [78.4236, 17.43946], [78.42368, 17.43955], [78.42379, 17.43967], [78.42392, 17.4398], [78.42395, 17.43983], [78.42398, 17.43986], [78.42401, 17.43988], [78.42407, 17.43992], [78.42411, 17.43994], [78.42411, 17.43994], [78.42411, 17.43997], [78.42412, 17.44002], [78.42412, 17.44007], [78.42412, 17.44012], [78.42412, 17.44017], [78.42412, 17.44018], [78.42412, 17.44021], [78.42413, 17.44032], [78.42415, 17.44045], [78.42417, 17.44062], [78.42418, 17.44063], [78.42419, 17.44068], [78.4242, 17.44073], [78.42423, 17.44091], [78.42424, 17.441], [78.42426, 17.44121], [78.42427, 17.44133], [78.42428, 17.44138], [78.42429, 17.44145], [78.4243, 17.44156], [78.42431, 17.44163], [78.42432, 17.4417], [78.42433, 17.44177], [78.42434, 17.44184], [78.42436, 17.44199], [78.42437, 17.44209], [78.42438, 17.44218], [78.42439, 17.44228], [78.4244, 17.44237], [78.42441, 17.44248], [78.42443, 17.44262], [78.42444, 17.4427], [78.42445, 17.4428], [78.42447, 17.44292], [78.42448, 17.44301], [78.42449, 17.44308], [78.42451, 17.44316], [78.42451, 17.44323], [78.42451, 17.44327], [78.42451, 17.44331], [78.4245, 17.44336], [78.4245, 17.44339], [78.42449, 17.44343], [78.42447, 17.44348], [78.42446, 17.44351], [78.42445, 17.44354], [78.42439, 17.4437], [78.42429, 17.44395], [78.42421, 17.44417], [78.42417, 17.44429], [78.42408, 17.44456], [78.42405, 17.44463], [78.42403, 17.4447], [78.42397, 17.44485], [78.42393, 17.44495], [78.42388, 17.44509], [78.42384, 17.44519], [78.42379, 17.44531], [78.42375, 17.44541], [78.42371, 17.44552], [78.42367, 17.44562], [78.42363, 17.44573], [78.4236, 17.44581], [78.42356, 17.44592], [78.42353, 17.44602], [78.42347, 17.44618], [78.42343, 17.44628], [78.4234, 17.44641], [78.42337, 17.4465], [78.42335, 17.4466], [78.42333, 17.44671], [78.42333, 17.44676], [78.42346, 17.44672], [78.42355, 17.4467], [78.42367, 17.44667], [78.42379, 17.44664], [78.42382, 17.44663], [78.42435, 17.44648], [78.42432, 17.44675], [78.4244, 17.44674], [78.42449, 17.44673], [78.42457, 17.44673], [78.42467, 17.44673], [78.42482, 17.44673], [78.42484, 17.44673], [78.42486, 17.44673], [78.42486, 17.44677], [78.42494, 17.44678], [78.42501, 17.44678], [78.4251, 17.44678], [78.42513, 17.44678], [78.42516, 17.44679], [78.42517, 17.44679], [78.4252, 17.44679], [78.42523, 17.44679], [78.42529, 17.44679], [78.42537, 17.44678], [78.42547, 17.44678], [78.4255, 17.44678], [78.42553, 17.44678], [78.42569, 17.44677], [78.42583, 17.44677], [78.42596, 17.44677], [78.42608, 17.44677], [78.42641, 17.44677], [78.42658, 17.44676], [78.42674, 17.44676], [78.42693, 17.44676], [78.42708, 17.44676], [78.42722, 17.44675], [78.42728, 17.44676], [78.42734, 17.44676], [78.42742, 17.44678], [78.42748, 17.44679], [78.42752, 17.44681], [78.42737, 17.44745], [78.42733, 17.44764], [78.42726, 17.4479], [78.42719, 17.44817], [78.42707, 17.44875], [78.42697, 17.4492], [78.42691, 17.4494], [78.42631, 17.45006], [78.42697, 17.45006], [78.42712, 17.45006], [78.42745, 17.45005], [78.42751, 17.44996], [78.42766, 17.44995], [78.4277, 17.44995], [78.42774, 17.44994], [78.42778, 17.44993], [78.42782, 17.44992], [78.42785, 17.44992], [78.42807, 17.4499], [78.42881, 17.44988], [78.42975, 17.44983], [78.43007, 17.4498], [78.43018, 17.44977], [78.43033, 17.44959], [78.43039, 17.44952], [78.4304, 17.44952], [78.43037, 17.44948], [78.43037, 17.44946], [78.43061, 17.44944], [78.43102, 17.44935], [78.4319, 17.44919], [78.43206, 17.44916], [78.43206, 17.44916], [78.43207, 17.44916], [78.43265, 17.44907], [78.43317, 17.44893], [78.4338, 17.44879], [78.43649, 17.4482], [78.43761, 17.44797], [78.43798, 17.44797], [78.43827, 17.4475], [78.43828, 17.44749]]]}}, {"type": "Feature", "properties": {"name": "102-RAHAMATH NAGAR", "hospital_count": 2, "circle": "19-YOUSUFGUDA", "zone": "SERILINGAMPALLY ZONE", "ward_no": 102}, "geometry": {"type": "Polygon", "coordinates": [[[78.41695, 17.4511], [78.41713, 17.45104], [78.41714, 17.4511], [78.41737, 17.45108], [78.41737, 17.45094], [78.41756, 17.45087], [78.41761, 17.45086], [78.41762, 17.45086], [78.41765, 17.45085], [78.4177, 17.45085], [78.41772, 17.45085], [78.41771, 17.45078], [78.4179, 17.4507], [78.41791, 17.45071], [78.41791, 17.45071], [78.41792, 17.45071], [78.41792, 17.45071], [78.41798, 17.45069], [78.41811, 17.45064], [78.41822, 17.4506], [78.41825, 17.45059], [78.41827, 17.45058], [78.41831, 17.45056], [78.41833, 17.45055], [78.41834, 17.45055], [78.41844, 17.45054], [78.41844, 17.45056], [78.41871, 17.45055], [78.41897, 17.45054], [78.41911, 17.45054], [78.41921, 17.45053], [78.41929, 17.45053], [78.41942, 17.45052], [78.41956, 17.45051], [78.41969, 17.45051], [78.41971, 17.4505], [78.41971, 17.4505], [78.41974, 17.45049], [78.41977, 17.45048], [78.41979, 17.45047], [78.4199, 17.45042], [78.41996, 17.45039], [78.42001, 17.45035], [78.4201, 17.45029], [78.42018, 17.45021], [78.42024, 17.45015], [78.42034, 17.45006], [78.42037, 17.45003], [78.42041, 17.44999], [78.42044, 17.44996], [78.42046, 17.44994], [78.42049, 17.44992], [78.42059, 17.44983], [78.4207, 17.44973], [78.4208, 17.44963], [78.4208, 17.44957], [78.42087, 17.44954], [78.42098, 17.44949], [78.42112, 17.44943], [78.42129, 17.44935], [78.42137, 17.44932], [78.42152, 17.44924], [78.42161, 17.44924], [78.42167, 17.44924], [78.42173, 17.44925], [78.42177, 17.44926], [78.42211, 17.44927], [78.42239, 17.44928], [78.42264, 17.44929], [78.42278, 17.44929], [78.42278, 17.4493], [78.42296, 17.4493], [78.42297, 17.44921], [78.42297, 17.44904], [78.42299, 17.44887], [78.42299, 17.44877], [78.423, 17.44868], [78.42301, 17.44861], [78.42302, 17.44853], [78.42304, 17.44845], [78.42305, 17.44838], [78.42307, 17.44828], [78.4231, 17.44819], [78.42311, 17.44811], [78.42313, 17.44803], [78.42315, 17.44794], [78.42316, 17.44789], [78.4233, 17.44789], [78.42344, 17.44788], [78.42355, 17.44789], [78.42372, 17.44788], [78.42381, 17.44787], [78.42395, 17.44786], [78.42413, 17.44786], [78.42431, 17.44785], [78.42449, 17.44785], [78.4246, 17.44785], [78.4247, 17.44784], [78.42471, 17.44774], [78.42472, 17.44768], [78.42474, 17.44761], [78.42474, 17.44755], [78.42475, 17.44753], [78.42475, 17.44748], [78.42476, 17.4474], [78.42477, 17.44735], [78.42478, 17.44729], [78.42479, 17.44725], [78.4248, 17.44714], [78.42481, 17.44708], [78.42482, 17.44699], [78.42483, 17.44695], [78.42486, 17.44677], [78.42486, 17.44673], [78.42484, 17.44673], [78.42482, 17.44673], [78.42467, 17.44673], [78.42457, 17.44673], [78.42449, 17.44673], [78.4244, 17.44674], [78.42432, 17.44675], [78.42435, 17.44648], [78.42382, 17.44663], [78.42379, 17.44664], [78.42367, 17.44667], [78.42355, 17.4467], [78.42346, 17.44672], [78.42333, 17.44676], [78.42333, 17.44671], [78.42335, 17.4466], [78.42337, 17.4465], [78.4234, 17.44641], [78.42343, 17.44628], [78.42347, 17.44618], [78.42353, 17.44602], [78.42356, 17.44592], [78.4236, 17.44581], [78.42363, 17.44573], [78.42367, 17.44562], [78.42371, 17.44552], [78.42375, 17.44541], [78.42379, 17.44531], [78.42384, 17.44519], [78.42388, 17.44509], [78.42393, 17.44495], [78.42397, 17.44485], [78.42403, 17.4447], [78.42405, 17.44463], [78.42408, 17.44456], [78.42417, 17.44429], [78.42421, 17.44417], [78.42429, 17.44395], [78.42439, 17.4437], [78.42445, 17.44354], [78.42446, 17.44351], [78.42447, 17.44348], [78.42449, 17.44343], [78.4245, 17.44339], [78.4245, 17.44336], [78.42451, 17.44331], [78.42451, 17.44327], [78.42451, 17.44323], [78.42451, 17.44316], [78.42449, 17.44308], [78.42448, 17.44301], [78.42447, 17.44292], [78.42445, 17.4428], [78.42444, 17.4427], [78.42443, 17.44262], [78.42441, 17.44248], [78.4244, 17.44237], [78.42439, 17.44228], [78.42438, 17.44218], [78.42437, 17.44209], [78.42436, 17.44199], [78.42434, 17.44184], [78.42433, 17.44177], [78.42432, 17.4417], [78.42431, 17.44163], [78.4243, 17.44156], [78.42429, 17.44145], [78.42428, 17.44138], [78.42427, 17.44133], [78.42426, 17.44121], [78.42424, 17.441], [78.42423, 17.44091], [78.4242, 17.44073], [78.42419, 17.44068], [78.42418, 17.44063], [78.42417, 17.44062], [78.42415, 17.44045], [78.42413, 17.44032], [78.42412, 17.44021], [78.42412, 17.44018], [78.42412, 17.44017], [78.42412, 17.44012], [78.42412, 17.44007], [78.42412, 17.44002], [78.42411, 17.43997], [78.42411, 17.43994], [78.42411, 17.43994], [78.42407, 17.43992], [78.42401, 17.43988], [78.42398, 17.43986], [78.42395, 17.43983], [78.42392, 17.4398], [78.42379, 17.43967], [78.42368, 17.43955], [78.4236, 17.43946], [78.42356, 17.43942], [78.42348, 17.43934], [78.42334, 17.43918], [78.42326, 17.43908], [78.42319, 17.43899], [78.42311, 17.43888], [78.42303, 17.43891], [78.42299, 17.4389], [78.42293, 17.43895], [78.42194, 17.43926], [78.42071, 17.43977], [78.42045, 17.43988], [78.41962, 17.44048], [78.41943, 17.44075], [78.41915, 17.44098], [78.4188, 17.44169], [78.41833, 17.44253], [78.41787, 17.44353], [78.41781, 17.44368], [78.4176, 17.44411], [78.41734, 17.44455], [78.41702, 17.4451], [78.41686, 17.44537], [78.41668, 17.4455], [78.41647, 17.44571], [78.41637, 17.44561], [78.41631, 17.44552], [78.41631, 17.44552], [78.4163, 17.44552], [78.4163, 17.44552], [78.4163, 17.44552], [78.4163, 17.44552], [78.4163, 17.44551], [78.41629, 17.44551], [78.41629, 17.44551], [78.41629, 17.44551], [78.41629, 17.44551], [78.41627, 17.44552], [78.41617, 17.44553], [78.41606, 17.44555], [78.41597, 17.44556], [78.41589, 17.44558], [78.41584, 17.44559], [78.4158, 17.4456], [78.41575, 17.44561], [78.41565, 17.44563], [78.41557, 17.44565], [78.41549, 17.44561], [78.41518, 17.44564], [78.41456, 17.44569], [78.41404, 17.44566], [78.41357, 17.44565], [78.41248, 17.44574], [78.41213, 17.44593], [78.41209, 17.44596], [78.41209, 17.44596], [78.41165, 17.44614], [78.41165, 17.44622], [78.41166, 17.44626], [78.4117, 17.44635], [78.41176, 17.44652], [78.41181, 17.44665], [78.41185, 17.44676], [78.41191, 17.4469], [78.41196, 17.44701], [78.41199, 17.44709], [78.41201, 17.44714], [78.41203, 17.44719], [78.41208, 17.4473], [78.41211, 17.44739], [78.41214, 17.44748], [78.41217, 17.44753], [78.41218, 17.44759], [78.41219, 17.44761], [78.41207, 17.44761], [78.41202, 17.4476], [78.41204, 17.4477], [78.41205, 17.44778], [78.41206, 17.44786], [78.41207, 17.44792], [78.4121, 17.44803], [78.41212, 17.44815], [78.41215, 17.44826], [78.41218, 17.4484], [78.41221, 17.4485], [78.41224, 17.44858], [78.41228, 17.44867], [78.41233, 17.44876], [78.41238, 17.44887], [78.41244, 17.449], [78.41245, 17.44903], [78.41254, 17.44899], [78.41265, 17.44894], [78.41298, 17.44886], [78.41306, 17.44886], [78.41308, 17.44889], [78.4131, 17.44891], [78.41313, 17.44892], [78.41316, 17.44893], [78.4132, 17.44893], [78.41323, 17.44893], [78.41324, 17.449], [78.41325, 17.44906], [78.41327, 17.44923], [78.41328, 17.44928], [78.41331, 17.44935], [78.41332, 17.44945], [78.41334, 17.44958], [78.41339, 17.44974], [78.41349, 17.44995], [78.41354, 17.45005], [78.41357, 17.45011], [78.41362, 17.45023], [78.41367, 17.45041], [78.4137, 17.45051], [78.41372, 17.4506], [78.41403, 17.4505], [78.41437, 17.45041], [78.41451, 17.45035], [78.41459, 17.45034], [78.41466, 17.45032], [78.41467, 17.45032], [78.41468, 17.45032], [78.41468, 17.45032], [78.41468, 17.45032], [78.41468, 17.45032], [78.41469, 17.45032], [78.41469, 17.45032], [78.41469, 17.45033], [78.41469, 17.45033], [78.4147, 17.45033], [78.4147, 17.45033], [78.41474, 17.4503], [78.41477, 17.45029], [78.41484, 17.45027], [78.41494, 17.45025], [78.41508, 17.45021], [78.41526, 17.45015], [78.41532, 17.45013], [78.41532, 17.45011], [78.41531, 17.45009], [78.41531, 17.45007], [78.41532, 17.44992], [78.41534, 17.44976], [78.41544, 17.44993], [78.41552, 17.45011], [78.41561, 17.45029], [78.41574, 17.45057], [78.4158, 17.45065], [78.41587, 17.45073], [78.41594, 17.45084], [78.41601, 17.45099], [78.41608, 17.45119], [78.41613, 17.45131], [78.41613, 17.45131], [78.41613, 17.45132], [78.41613, 17.45132], [78.41613, 17.45132], [78.41614, 17.45133], [78.41614, 17.45133], [78.41614, 17.45133], [78.41614, 17.45133], [78.41615, 17.45134], [78.41615, 17.45134], [78.41616, 17.45134], [78.41616, 17.45134], [78.41616, 17.45134], [78.41617, 17.45134], [78.41617, 17.45135], [78.41617, 17.45135], [78.41618, 17.45135], [78.41618, 17.45135], [78.41619, 17.45135], [78.41619, 17.45134], [78.41621, 17.45134], [78.41652, 17.45125], [78.41678, 17.45117], [78.41695, 17.4511]]]}}, {"type": "Feature", "properties": {"name": "6-NACHARAM", "hospital_count": 13, "circle": "1-KAPRA", "zone": "L.B.NAGAR ZONE", "ward_no": 6}, "geometry": {"type": "Polygon", "coordinates": [[[78.56967, 17.42803], [78.56821, 17.42771], [78.5681, 17.42804], [78.56769, 17.42791], [78.56716, 17.42772], [78.56612, 17.42735], [78.5659, 17.42725], [78.56587, 17.42722], [78.56587, 17.42717], [78.56595, 17.427], [78.56598, 17.42694], [78.56603, 17.42684], [78.56606, 17.42675], [78.56607, 17.42669], [78.56604, 17.42665], [78.56599, 17.42661], [78.56568, 17.42648], [78.56507, 17.42627], [78.56451, 17.42605], [78.56242, 17.42528], [78.56193, 17.42506], [78.56186, 17.42501], [78.56193, 17.42491], [78.56233, 17.42429], [78.56255, 17.42396], [78.56162, 17.42345], [78.56161, 17.42343], [78.56158, 17.42336], [78.56147, 17.42339], [78.56134, 17.42343], [78.5611, 17.42353], [78.56085, 17.42344], [78.56018, 17.42314], [78.55978, 17.42299], [78.55894, 17.42312], [78.55864, 17.42273], [78.5586, 17.42261], [78.55853, 17.4225], [78.5585, 17.42242], [78.55834, 17.42189], [78.55859, 17.42172], [78.55817, 17.42089], [78.55817, 17.42088], [78.55799, 17.42029], [78.55773, 17.42036], [78.55299, 17.41832], [78.55109, 17.41774], [78.55014, 17.41679], [78.54913, 17.41601], [78.5488, 17.4156], [78.5465, 17.4168], [78.54533, 17.4157], [78.54522, 17.41579], [78.54463, 17.41629], [78.54396, 17.41686], [78.54329, 17.41746], [78.54269, 17.418], [78.54194, 17.41868], [78.54166, 17.41892], [78.54137, 17.41921], [78.54117, 17.41943], [78.54092, 17.4198], [78.54082, 17.41992], [78.54041, 17.42046], [78.54026, 17.42066], [78.53991, 17.42105], [78.53962, 17.4213], [78.53923, 17.42157], [78.53878, 17.42189], [78.5384, 17.42218], [78.53807, 17.42244], [78.53752, 17.42304], [78.53711, 17.42354], [78.53659, 17.42409], [78.53623, 17.42442], [78.53592, 17.42465], [78.53579, 17.42472], [78.53904, 17.42594], [78.53957, 17.42537], [78.53963, 17.42531], [78.53981, 17.42516], [78.54018, 17.42481], [78.54082, 17.42423], [78.54121, 17.42459], [78.54122, 17.42458], [78.54153, 17.42488], [78.54166, 17.425], [78.54188, 17.42522], [78.54195, 17.42534], [78.542, 17.42541], [78.54214, 17.42559], [78.54218, 17.4256], [78.54226, 17.42556], [78.54242, 17.42547], [78.54263, 17.4258], [78.54279, 17.42611], [78.54292, 17.42641], [78.543, 17.42654], [78.5434, 17.42703], [78.544, 17.42771], [78.5442, 17.42784], [78.54452, 17.42782], [78.5447, 17.42778], [78.54494, 17.42777], [78.54498, 17.42787], [78.54513, 17.42832], [78.54516, 17.42834], [78.54488, 17.42843], [78.54519, 17.4291], [78.5452, 17.42928], [78.54548, 17.43025], [78.54553, 17.43063], [78.54576, 17.43131], [78.54583, 17.4319], [78.54584, 17.43196], [78.54587, 17.43215], [78.54587, 17.43264], [78.54587, 17.43268], [78.54596, 17.43265], [78.54619, 17.43255], [78.5464, 17.43247], [78.54656, 17.4324], [78.54674, 17.43234], [78.54682, 17.43231], [78.547, 17.43225], [78.54709, 17.4325], [78.54711, 17.43258], [78.54708, 17.43269], [78.54705, 17.43284], [78.54706, 17.43297], [78.54709, 17.43308], [78.54708, 17.43316], [78.54702, 17.43326], [78.54698, 17.43335], [78.54699, 17.43349], [78.54701, 17.43362], [78.54703, 17.43375], [78.54704, 17.43386], [78.54704, 17.43413], [78.54704, 17.43424], [78.54707, 17.4343], [78.54713, 17.43437], [78.54721, 17.43446], [78.5473, 17.43451], [78.54744, 17.43451], [78.54756, 17.43452], [78.54759, 17.43455], [78.54762, 17.43462], [78.54764, 17.43466], [78.54773, 17.43466], [78.54796, 17.43461], [78.54805, 17.43459], [78.54814, 17.43456], [78.54872, 17.43557], [78.549, 17.43552], [78.54923, 17.4355], [78.54942, 17.43546], [78.54953, 17.43544], [78.54964, 17.4354], [78.54973, 17.43537], [78.54987, 17.43529], [78.55006, 17.43517], [78.55027, 17.43507], [78.55073, 17.43483], [78.55102, 17.43468], [78.5512, 17.43457], [78.55122, 17.43456], [78.5515, 17.43443], [78.55183, 17.43434], [78.55208, 17.43429], [78.55218, 17.43469], [78.55216, 17.43469], [78.55214, 17.4347], [78.5524, 17.43522], [78.55263, 17.43571], [78.55263, 17.43588], [78.55273, 17.43589], [78.55301, 17.4359], [78.55333, 17.4359], [78.55367, 17.43577], [78.5537, 17.43577], [78.55468, 17.43544], [78.5548, 17.43581], [78.55495, 17.43622], [78.55521, 17.4366], [78.55538, 17.43676], [78.55566, 17.43703], [78.556, 17.43728], [78.55645, 17.43746], [78.55755, 17.43792], [78.55835, 17.43825], [78.55911, 17.43856], [78.55994, 17.43892], [78.56116, 17.43947], [78.56222, 17.43992], [78.56245, 17.44004], [78.56274, 17.4402], [78.563, 17.44035], [78.56331, 17.44052], [78.56351, 17.44063], [78.56381, 17.4408], [78.56406, 17.44094], [78.56427, 17.44106], [78.56454, 17.44121], [78.56494, 17.44143], [78.56521, 17.44158], [78.56543, 17.4417], [78.56552, 17.44175], [78.56563, 17.44183], [78.56575, 17.44192], [78.56595, 17.44151], [78.56597, 17.44068], [78.56617, 17.44068], [78.5665, 17.43934], [78.56663, 17.43875], [78.56673, 17.43826], [78.56678, 17.43795], [78.56685, 17.43751], [78.56695, 17.43708], [78.56702, 17.43662], [78.56712, 17.4362], [78.56716, 17.43596], [78.56722, 17.4356], [78.56729, 17.43531], [78.5674, 17.43495], [78.56751, 17.43459], [78.56766, 17.43413], [78.56777, 17.43391], [78.56806, 17.43402], [78.56835, 17.43415], [78.56855, 17.43421], [78.56859, 17.43406], [78.56862, 17.43392], [78.56863, 17.4338], [78.56865, 17.43364], [78.56867, 17.43348], [78.5687, 17.4333], [78.56872, 17.43317], [78.56874, 17.43303], [78.56877, 17.43286], [78.56883, 17.43254], [78.56886, 17.43235], [78.56887, 17.43229], [78.56891, 17.43203], [78.569, 17.43147], [78.56967, 17.42803]]]}}, {"type": "Feature", "properties": {"name": "84-BAGH AMBERPET", "hospital_count": 8, "circle": "16-AMBERPET", "zone": "SECUNDERABAD ZONE", "ward_no": 84}, "geometry": {"type": "Polygon", "coordinates": [[[78.52778, 17.3969], [78.52785, 17.39687], [78.52834, 17.39663], [78.52837, 17.39662], [78.5287, 17.39646], [78.52904, 17.39627], [78.52904, 17.39627], [78.52901, 17.39619], [78.5289, 17.39614], [78.52876, 17.39608], [78.52848, 17.39597], [78.52844, 17.39596], [78.52832, 17.39591], [78.52815, 17.39584], [78.52785, 17.39575], [78.52781, 17.39573], [78.52718, 17.39549], [78.527, 17.39542], [78.52668, 17.39528], [78.52634, 17.39514], [78.52596, 17.39499], [78.52574, 17.39489], [78.52561, 17.39486], [78.52474, 17.39452], [78.52434, 17.39437], [78.52426, 17.39433], [78.52427, 17.39432], [78.52426, 17.39432], [78.5241, 17.39426], [78.52341, 17.394], [78.52288, 17.39375], [78.5222, 17.39343], [78.52159, 17.39317], [78.52152, 17.39314], [78.52134, 17.39307], [78.52124, 17.39303], [78.52119, 17.39301], [78.52116, 17.393], [78.52109, 17.39297], [78.52084, 17.39288], [78.52065, 17.39281], [78.52045, 17.39274], [78.52033, 17.39271], [78.52019, 17.39266], [78.52017, 17.39266], [78.52008, 17.39264], [78.52003, 17.39263], [78.52, 17.39263], [78.51988, 17.3926], [78.51982, 17.39258], [78.51978, 17.39257], [78.51973, 17.39256], [78.51966, 17.39254], [78.51962, 17.39252], [78.51961, 17.39252], [78.51948, 17.39249], [78.51947, 17.39248], [78.51944, 17.39248], [78.51937, 17.39247], [78.51932, 17.39246], [78.51922, 17.39245], [78.51919, 17.39244], [78.51914, 17.39244], [78.51909, 17.39243], [78.51899, 17.39242], [78.51895, 17.39242], [78.51892, 17.39241], [78.51887, 17.39241], [78.51883, 17.3924], [78.51873, 17.39239], [78.5186, 17.39238], [78.51845, 17.39237], [78.51838, 17.39236], [78.51824, 17.39235], [78.51811, 17.39234], [78.51793, 17.39232], [78.51769, 17.3923], [78.51728, 17.39224], [78.51683, 17.39217], [78.51665, 17.39214], [78.51638, 17.39211], [78.51627, 17.3921], [78.51557, 17.39198], [78.51549, 17.39197], [78.5152, 17.39192], [78.51498, 17.39188], [78.51468, 17.39184], [78.51442, 17.3918], [78.51413, 17.39177], [78.51385, 17.39174], [78.51368, 17.3917], [78.51345, 17.39165], [78.51334, 17.39163], [78.51327, 17.39162], [78.51314, 17.3916], [78.51293, 17.39157], [78.51272, 17.39154], [78.51244, 17.39149], [78.51223, 17.39145], [78.51207, 17.39142], [78.51187, 17.39139], [78.5117, 17.39136], [78.51149, 17.39133], [78.51127, 17.39129], [78.51096, 17.39124], [78.5109, 17.39154], [78.51086, 17.39183], [78.51084, 17.39201], [78.51083, 17.39219], [78.51083, 17.39233], [78.51083, 17.39256], [78.51083, 17.39262], [78.51083, 17.39273], [78.51083, 17.39288], [78.51084, 17.39303], [78.51084, 17.39321], [78.51084, 17.39336], [78.51084, 17.39346], [78.51084, 17.39358], [78.51084, 17.39378], [78.51084, 17.39398], [78.51086, 17.39439], [78.51086, 17.39445], [78.51087, 17.39456], [78.51089, 17.39462], [78.51093, 17.39476], [78.51096, 17.39486], [78.51098, 17.39494], [78.51101, 17.39502], [78.51103, 17.39508], [78.51113, 17.39531], [78.51121, 17.39546], [78.51129, 17.39564], [78.51134, 17.39575], [78.51139, 17.39588], [78.51141, 17.39593], [78.51146, 17.39606], [78.51161, 17.39643], [78.51165, 17.39652], [78.51171, 17.39665], [78.51173, 17.3967], [78.51182, 17.39691], [78.5119, 17.39707], [78.51199, 17.39728], [78.51206, 17.39746], [78.51211, 17.39757], [78.51233, 17.3981], [78.5124, 17.39823], [78.51248, 17.39843], [78.51254, 17.39858], [78.5126, 17.3987], [78.51268, 17.39888], [78.5128, 17.39915], [78.51289, 17.39934], [78.51299, 17.3996], [78.51308, 17.39981], [78.51317, 17.4], [78.51326, 17.40019], [78.51335, 17.40041], [78.51349, 17.40074], [78.51359, 17.40096], [78.51368, 17.40117], [78.51378, 17.40139], [78.51386, 17.40157], [78.51394, 17.40175], [78.51402, 17.40193], [78.5141, 17.4021], [78.51415, 17.40222], [78.5142, 17.40234], [78.51424, 17.40246], [78.5143, 17.40258], [78.51435, 17.4027], [78.5144, 17.40283], [78.51446, 17.40296], [78.51452, 17.40309], [78.51458, 17.40322], [78.51464, 17.40335], [78.51494, 17.40404], [78.51519, 17.40467], [78.51521, 17.40472], [78.51524, 17.40477], [78.51526, 17.40483], [78.51529, 17.40488], [78.51532, 17.40493], [78.51536, 17.40498], [78.51539, 17.40505], [78.51542, 17.40512], [78.51545, 17.4052], [78.51548, 17.40527], [78.51551, 17.40535], [78.51564, 17.40539], [78.51577, 17.40545], [78.51584, 17.40547], [78.51594, 17.40551], [78.51604, 17.40556], [78.51617, 17.40561], [78.5162, 17.40563], [78.51645, 17.40551], [78.51685, 17.40535], [78.5171, 17.40525], [78.51741, 17.40513], [78.51764, 17.40503], [78.51782, 17.40496], [78.51801, 17.40488], [78.5184, 17.40474], [78.51865, 17.40464], [78.51896, 17.40452], [78.51926, 17.4044], [78.51938, 17.40435], [78.51971, 17.40423], [78.51997, 17.40412], [78.52009, 17.40407], [78.52028, 17.40399], [78.52047, 17.40392], [78.52066, 17.40385], [78.52086, 17.40378], [78.52126, 17.40362], [78.52165, 17.40347], [78.52196, 17.40334], [78.522, 17.40332], [78.52201, 17.4033], [78.522, 17.40322], [78.52196, 17.40289], [78.52193, 17.40253], [78.52191, 17.40242], [78.52188, 17.40216], [78.52186, 17.40201], [78.52184, 17.40187], [78.5218, 17.40173], [78.52178, 17.40166], [78.52286, 17.40118], [78.52272, 17.40091], [78.52272, 17.4009], [78.52272, 17.40089], [78.52268, 17.40082], [78.52264, 17.40075], [78.52244, 17.4004], [78.52212, 17.4], [78.5217, 17.39949], [78.52155, 17.39928], [78.52152, 17.39914], [78.52149, 17.399], [78.52134, 17.39869], [78.52129, 17.39858], [78.5211, 17.39824], [78.52111, 17.39824], [78.52117, 17.39818], [78.52119, 17.39806], [78.52154, 17.39796], [78.5219, 17.39788], [78.52212, 17.39784], [78.52222, 17.39781], [78.52237, 17.39776], [78.52242, 17.39785], [78.52265, 17.3978], [78.52264, 17.39766], [78.52297, 17.39756], [78.5234, 17.39744], [78.52409, 17.39727], [78.52413, 17.39727], [78.52421, 17.39749], [78.52459, 17.39736], [78.52458, 17.39709], [78.52459, 17.39694], [78.52459, 17.3969], [78.52462, 17.39665], [78.52479, 17.39644], [78.52478, 17.39624], [78.52482, 17.39613], [78.52523, 17.39601], [78.52542, 17.39592], [78.52578, 17.39664], [78.5262, 17.39639], [78.52623, 17.39638], [78.52631, 17.39636], [78.52668, 17.3972], [78.52672, 17.3972], [78.52683, 17.39717], [78.527, 17.39714], [78.52772, 17.39693], [78.52778, 17.3969]]]}}, {"type": "Feature", "properties": {"name": "81-NALLAKUNTA", "hospital_count": 14, "circle": "16-AMBERPET", "zone": "SECUNDERABAD ZONE", "ward_no": 81}, "geometry": {"type": "Polygon", "coordinates": [[[78.51551, 17.40535], [78.51548, 17.40527], [78.51545, 17.4052], [78.51542, 17.40512], [78.51539, 17.40505], [78.51536, 17.40498], [78.51532, 17.40493], [78.51529, 17.40488], [78.51526, 17.40483], [78.51524, 17.40477], [78.51521, 17.40472], [78.51519, 17.40467], [78.51494, 17.40404], [78.51464, 17.40335], [78.51458, 17.40322], [78.51452, 17.40309], [78.51446, 17.40296], [78.5144, 17.40283], [78.51435, 17.4027], [78.5143, 17.40258], [78.51424, 17.40246], [78.5142, 17.40234], [78.51415, 17.40222], [78.5141, 17.4021], [78.51402, 17.40193], [78.51394, 17.40175], [78.51386, 17.40157], [78.51378, 17.40139], [78.51368, 17.40117], [78.51359, 17.40096], [78.51349, 17.40074], [78.51335, 17.40041], [78.51326, 17.40019], [78.51317, 17.4], [78.51308, 17.39981], [78.51299, 17.3996], [78.51289, 17.39934], [78.5128, 17.39915], [78.51268, 17.39888], [78.5126, 17.3987], [78.51254, 17.39858], [78.51248, 17.39843], [78.5124, 17.39823], [78.51233, 17.3981], [78.51211, 17.39757], [78.51206, 17.39746], [78.51199, 17.39728], [78.5119, 17.39707], [78.51182, 17.39691], [78.51173, 17.3967], [78.51171, 17.39665], [78.51165, 17.39652], [78.51161, 17.39643], [78.51146, 17.39606], [78.51141, 17.39593], [78.51139, 17.39588], [78.51134, 17.39575], [78.51129, 17.39564], [78.51121, 17.39546], [78.51113, 17.39531], [78.51103, 17.39508], [78.51101, 17.39502], [78.51098, 17.39494], [78.51096, 17.39486], [78.51093, 17.39476], [78.51089, 17.39462], [78.51087, 17.39456], [78.51086, 17.39445], [78.51086, 17.39439], [78.51084, 17.39398], [78.51084, 17.39378], [78.51084, 17.39358], [78.51084, 17.39346], [78.51084, 17.39336], [78.51084, 17.39321], [78.51084, 17.39303], [78.51083, 17.39288], [78.51083, 17.39273], [78.51083, 17.39262], [78.51083, 17.39256], [78.51083, 17.39233], [78.51083, 17.39219], [78.51084, 17.39201], [78.51086, 17.39183], [78.5109, 17.39154], [78.51096, 17.39124], [78.51089, 17.39123], [78.51041, 17.39116], [78.51025, 17.39113], [78.51004, 17.3911], [78.50977, 17.39108], [78.50953, 17.39107], [78.50935, 17.39104], [78.50886, 17.39098], [78.50864, 17.39094], [78.50853, 17.39093], [78.50826, 17.39088], [78.50798, 17.39083], [78.5078, 17.3908], [78.50736, 17.39073], [78.50711, 17.39068], [78.50689, 17.39065], [78.5067, 17.39061], [78.50656, 17.39058], [78.50636, 17.39054], [78.50627, 17.3905], [78.50606, 17.39041], [78.50599, 17.39036], [78.50572, 17.39021], [78.50553, 17.39009], [78.5054, 17.39001], [78.50535, 17.38999], [78.50525, 17.38995], [78.5052, 17.38992], [78.50511, 17.38985], [78.50506, 17.38982], [78.50494, 17.38974], [78.50472, 17.38959], [78.50461, 17.3897], [78.50453, 17.38978], [78.5044, 17.38995], [78.5043, 17.39017], [78.5043, 17.39026], [78.5043, 17.39049], [78.50431, 17.39062], [78.50445, 17.39074], [78.50456, 17.39093], [78.50469, 17.3911], [78.50483, 17.39144], [78.50481, 17.3917], [78.50478, 17.39207], [78.50477, 17.39228], [78.5047, 17.39278], [78.50469, 17.39321], [78.50453, 17.39352], [78.50444, 17.39384], [78.50431, 17.39397], [78.504, 17.39418], [78.50371, 17.39386], [78.5032, 17.39328], [78.50312, 17.3932], [78.50305, 17.39328], [78.50304, 17.39329], [78.50304, 17.39329], [78.50301, 17.39332], [78.50291, 17.3934], [78.5028, 17.39349], [78.50268, 17.3936], [78.50259, 17.39367], [78.50246, 17.39378], [78.50236, 17.39386], [78.50223, 17.39397], [78.50213, 17.39406], [78.50209, 17.39409], [78.50208, 17.39409], [78.50207, 17.39409], [78.50207, 17.39409], [78.50205, 17.39408], [78.50203, 17.39405], [78.50192, 17.39391], [78.50176, 17.39372], [78.50171, 17.39366], [78.50169, 17.39364], [78.50168, 17.39363], [78.50165, 17.39365], [78.50118, 17.3932], [78.50116, 17.39321], [78.50106, 17.39327], [78.5009, 17.39336], [78.50075, 17.39344], [78.50059, 17.39352], [78.50049, 17.39356], [78.50018, 17.39372], [78.49996, 17.39383], [78.49989, 17.39387], [78.49979, 17.39392], [78.49974, 17.39394], [78.49965, 17.39398], [78.49953, 17.39405], [78.49952, 17.39405], [78.49951, 17.39406], [78.49931, 17.39417], [78.4991, 17.3943], [78.49896, 17.39439], [78.4988, 17.39451], [78.49873, 17.39456], [78.49841, 17.3947], [78.4971, 17.3958], [78.49639, 17.39633], [78.4965, 17.39653], [78.49665, 17.3964], [78.49704, 17.39614], [78.49713, 17.39619], [78.49729, 17.39619], [78.49766, 17.39617], [78.49776, 17.39616], [78.49782, 17.39615], [78.49792, 17.39615], [78.498, 17.39615], [78.49808, 17.39615], [78.49821, 17.39615], [78.49834, 17.39615], [78.49849, 17.39616], [78.49859, 17.39618], [78.49867, 17.39619], [78.49871, 17.3962], [78.4988, 17.39622], [78.49888, 17.39625], [78.4989, 17.39627], [78.49896, 17.3963], [78.49911, 17.39638], [78.49918, 17.39642], [78.49925, 17.39645], [78.49931, 17.39649], [78.49937, 17.39653], [78.49947, 17.3966], [78.49951, 17.39663], [78.49955, 17.39668], [78.4996, 17.39674], [78.49971, 17.3969], [78.49981, 17.39705], [78.49985, 17.39711], [78.49991, 17.3972], [78.49995, 17.39728], [78.49998, 17.39733], [78.50008, 17.39753], [78.50013, 17.39767], [78.5002, 17.39783], [78.50026, 17.39797], [78.50035, 17.39818], [78.5004, 17.39831], [78.50042, 17.3983], [78.50049, 17.39851], [78.50056, 17.3987], [78.50059, 17.39876], [78.50063, 17.39882], [78.50067, 17.39887], [78.5007, 17.39891], [78.50075, 17.39894], [78.50081, 17.39896], [78.50084, 17.39897], [78.50102, 17.39902], [78.50117, 17.39906], [78.50137, 17.3991], [78.50143, 17.39911], [78.50156, 17.39913], [78.5017, 17.39915], [78.50172, 17.39915], [78.50176, 17.39915], [78.50187, 17.39916], [78.50215, 17.39917], [78.50232, 17.39917], [78.50241, 17.39917], [78.50248, 17.39917], [78.50254, 17.39917], [78.50263, 17.39916], [78.50266, 17.39916], [78.50269, 17.39915], [78.50278, 17.39914], [78.50283, 17.39913], [78.50286, 17.39912], [78.50295, 17.39911], [78.50304, 17.3991], [78.50313, 17.39908], [78.50319, 17.39908], [78.50329, 17.39908], [78.50339, 17.39908], [78.50361, 17.39909], [78.50369, 17.3991], [78.50379, 17.39911], [78.50388, 17.39911], [78.50393, 17.39912], [78.50396, 17.39913], [78.50404, 17.39915], [78.50407, 17.39916], [78.50415, 17.39918], [78.50421, 17.39919], [78.50428, 17.3992], [78.50435, 17.39921], [78.50445, 17.39923], [78.50457, 17.39925], [78.50488, 17.3993], [78.50499, 17.39932], [78.50513, 17.39934], [78.50544, 17.39938], [78.50559, 17.3994], [78.50573, 17.39941], [78.50585, 17.39943], [78.50601, 17.39945], [78.50617, 17.39948], [78.50624, 17.39949], [78.50631, 17.39953], [78.50639, 17.39965], [78.50686, 17.40002], [78.507, 17.40011], [78.50711, 17.40018], [78.50734, 17.40031], [78.50744, 17.40037], [78.50761, 17.40048], [78.50786, 17.40063], [78.50795, 17.40068], [78.50807, 17.40076], [78.50838, 17.401], [78.50866, 17.40123], [78.50889, 17.40144], [78.509, 17.40155], [78.50913, 17.40167], [78.50933, 17.4019], [78.50943, 17.40202], [78.5096, 17.40221], [78.50963, 17.40223], [78.50968, 17.40227], [78.50977, 17.40237], [78.50989, 17.40252], [78.50997, 17.4026], [78.51006, 17.40271], [78.51021, 17.40289], [78.51031, 17.403], [78.51047, 17.40318], [78.51058, 17.40332], [78.51065, 17.4034], [78.51073, 17.4035], [78.51095, 17.40375], [78.51113, 17.40394], [78.51145, 17.40425], [78.51164, 17.40441], [78.51174, 17.40449], [78.51189, 17.4046], [78.51199, 17.40467], [78.51216, 17.40478], [78.51228, 17.40487], [78.51253, 17.405], [78.5127, 17.40511], [78.51276, 17.40515], [78.51276, 17.40515], [78.51283, 17.4052], [78.51305, 17.40536], [78.51318, 17.40543], [78.51325, 17.40545], [78.5133, 17.40547], [78.51338, 17.40549], [78.51345, 17.4055], [78.51349, 17.40551], [78.51358, 17.40552], [78.51361, 17.40552], [78.51367, 17.40551], [78.51373, 17.40549], [78.51384, 17.40545], [78.51387, 17.40544], [78.51391, 17.40542], [78.51415, 17.40534], [78.51422, 17.40531], [78.51486, 17.40603], [78.515, 17.40619], [78.51568, 17.40583], [78.5158, 17.40578], [78.51609, 17.40565], [78.51617, 17.40561], [78.51604, 17.40556], [78.51594, 17.40551], [78.51584, 17.40547], [78.51577, 17.40545], [78.51564, 17.40539], [78.51551, 17.40535]]]}}, {"type": "Feature", "properties": {"name": "80-KACHIGUDA(Barkathpura)", "hospital_count": 15, "circle": "16-AMBERPET", "zone": "SECUNDERABAD ZONE", "ward_no": 80}, "geometry": {"type": "Polygon", "coordinates": [[[78.49648, 17.39654], [78.4965, 17.39653], [78.49639, 17.39633], [78.4971, 17.3958], [78.49841, 17.3947], [78.49873, 17.39456], [78.4988, 17.39451], [78.49896, 17.39439], [78.4991, 17.3943], [78.49931, 17.39417], [78.49951, 17.39406], [78.49952, 17.39405], [78.49953, 17.39405], [78.49965, 17.39398], [78.49974, 17.39394], [78.49979, 17.39392], [78.49989, 17.39387], [78.49996, 17.39383], [78.50018, 17.39372], [78.50049, 17.39356], [78.50059, 17.39352], [78.50075, 17.39344], [78.5009, 17.39336], [78.50106, 17.39327], [78.50116, 17.39321], [78.50118, 17.3932], [78.50165, 17.39365], [78.50168, 17.39363], [78.50169, 17.39364], [78.50171, 17.39366], [78.50176, 17.39372], [78.50192, 17.39391], [78.50203, 17.39405], [78.50205, 17.39408], [78.50207, 17.39409], [78.50207, 17.39409], [78.50208, 17.39409], [78.50209, 17.39409], [78.50213, 17.39406], [78.50223, 17.39397], [78.50236, 17.39386], [78.50246, 17.39378], [78.50259, 17.39367], [78.50268, 17.3936], [78.5028, 17.39349], [78.50291, 17.3934], [78.50301, 17.39332], [78.50304, 17.39329], [78.50304, 17.39329], [78.50305, 17.39328], [78.50312, 17.3932], [78.50268, 17.39272], [78.50228, 17.39226], [78.50169, 17.39164], [78.50075, 17.39062], [78.50015, 17.38998], [78.49885, 17.38859], [78.4977, 17.38732], [78.49731, 17.38688], [78.49693, 17.38648], [78.49655, 17.38612], [78.49628, 17.3858], [78.49587, 17.38526], [78.49567, 17.38495], [78.49545, 17.38467], [78.49531, 17.38447], [78.49511, 17.38409], [78.4951, 17.38406], [78.49504, 17.38407], [78.49498, 17.38408], [78.49482, 17.38409], [78.49473, 17.3841], [78.49467, 17.3841], [78.4945, 17.38412], [78.49418, 17.38414], [78.494, 17.38418], [78.49371, 17.38425], [78.49371, 17.38422], [78.49359, 17.38393], [78.49354, 17.38362], [78.49338, 17.38269], [78.49332, 17.38223], [78.49331, 17.3821], [78.49326, 17.38201], [78.49316, 17.38182], [78.49306, 17.38169], [78.49297, 17.38158], [78.49282, 17.38144], [78.49275, 17.38139], [78.49253, 17.38122], [78.49218, 17.38106], [78.49208, 17.38103], [78.49173, 17.38091], [78.49167, 17.38091], [78.49166, 17.38091], [78.49166, 17.38098], [78.49166, 17.38098], [78.49165, 17.38141], [78.49177, 17.38217], [78.49186, 17.38281], [78.49185, 17.38345], [78.49172, 17.38428], [78.49181, 17.38473], [78.49175, 17.38474], [78.4909, 17.38495], [78.49088, 17.38482], [78.49068, 17.38449], [78.49055, 17.38445], [78.4898, 17.38457], [78.48984, 17.38486], [78.48994, 17.38543], [78.48999, 17.38576], [78.49001, 17.38593], [78.48999, 17.38603], [78.48996, 17.38611], [78.48989, 17.38624], [78.48977, 17.38644], [78.48963, 17.38667], [78.48951, 17.38685], [78.48943, 17.387], [78.48933, 17.38734], [78.48924, 17.3877], [78.4892, 17.38777], [78.48921, 17.38777], [78.48932, 17.38779], [78.48935, 17.3878], [78.48937, 17.38781], [78.48939, 17.38788], [78.48941, 17.38794], [78.4894, 17.38796], [78.48939, 17.38797], [78.48939, 17.38798], [78.48942, 17.38808], [78.48949, 17.38821], [78.48953, 17.38826], [78.48957, 17.38833], [78.48946, 17.38837], [78.48937, 17.38839], [78.48929, 17.38839], [78.48919, 17.3884], [78.48914, 17.38841], [78.48906, 17.38845], [78.48897, 17.38847], [78.48898, 17.3885], [78.48899, 17.38859], [78.489, 17.38865], [78.48902, 17.38869], [78.48904, 17.38872], [78.48898, 17.38874], [78.48901, 17.3888], [78.48906, 17.38892], [78.489, 17.38898], [78.48901, 17.38899], [78.48903, 17.38902], [78.48911, 17.38919], [78.48918, 17.38934], [78.4892, 17.38935], [78.48917, 17.38941], [78.4892, 17.38948], [78.48903, 17.38957], [78.48898, 17.38956], [78.489, 17.38959], [78.48904, 17.38967], [78.48906, 17.38971], [78.48897, 17.38975], [78.48897, 17.38975], [78.48889, 17.38978], [78.48878, 17.38983], [78.48878, 17.38983], [78.48867, 17.38988], [78.48857, 17.38992], [78.48866, 17.39005], [78.48884, 17.39043], [78.48894, 17.39069], [78.48894, 17.39076], [78.48903, 17.39079], [78.48907, 17.39078], [78.4891, 17.3909], [78.48912, 17.39097], [78.48915, 17.39104], [78.48917, 17.39112], [78.48919, 17.39119], [78.48921, 17.39127], [78.48923, 17.39134], [78.48924, 17.39143], [78.48925, 17.39151], [78.48927, 17.39159], [78.48928, 17.39167], [78.48934, 17.39189], [78.48937, 17.39204], [78.4894, 17.39218], [78.48943, 17.39234], [78.48946, 17.3925], [78.48949, 17.39266], [78.48955, 17.39306], [78.48958, 17.3932], [78.48962, 17.39334], [78.48966, 17.39348], [78.48977, 17.39387], [78.49013, 17.39485], [78.49024, 17.39516], [78.4903, 17.39538], [78.49031, 17.39539], [78.49031, 17.3954], [78.49035, 17.39547], [78.49038, 17.39551], [78.49049, 17.3956], [78.49051, 17.39562], [78.49063, 17.39574], [78.49071, 17.39582], [78.49086, 17.39598], [78.49091, 17.39603], [78.49094, 17.39606], [78.49097, 17.3961], [78.49103, 17.39615], [78.49111, 17.39623], [78.49115, 17.39626], [78.49128, 17.39639], [78.49129, 17.3964], [78.49143, 17.39653], [78.49154, 17.39663], [78.49161, 17.39671], [78.49176, 17.39685], [78.49186, 17.39694], [78.49193, 17.39702], [78.4921, 17.39718], [78.49219, 17.39726], [78.49226, 17.39734], [78.49229, 17.39738], [78.49239, 17.39746], [78.49244, 17.39751], [78.4925, 17.39756], [78.49252, 17.39758], [78.49259, 17.39763], [78.49262, 17.39766], [78.49267, 17.3977], [78.49269, 17.39772], [78.49285, 17.39788], [78.49292, 17.39794], [78.49294, 17.39796], [78.49298, 17.398], [78.49301, 17.39802], [78.49306, 17.39807], [78.49308, 17.39809], [78.49313, 17.39815], [78.49315, 17.39816], [78.49317, 17.39819], [78.49319, 17.3982], [78.49322, 17.39823], [78.4933, 17.39831], [78.49337, 17.39836], [78.49346, 17.39842], [78.49371, 17.39864], [78.49378, 17.3987], [78.49386, 17.39878], [78.49388, 17.3988], [78.49401, 17.3989], [78.49408, 17.39897], [78.4942, 17.39906], [78.49429, 17.39915], [78.49456, 17.39882], [78.49464, 17.39871], [78.49511, 17.39803], [78.49553, 17.39747], [78.49581, 17.39712], [78.49648, 17.39654]]]}}, {"type": "Feature", "properties": {"name": "82-GOLNAKA", "hospital_count": 2, "circle": "16-AMBERPET", "zone": "SECUNDERABAD ZONE", "ward_no": 82}, "geometry": {"type": "Polygon", "coordinates": [[[78.50461, 17.3897], [78.50472, 17.38959], [78.50494, 17.38974], [78.50506, 17.38982], [78.50511, 17.38985], [78.5052, 17.38992], [78.50525, 17.38995], [78.50535, 17.38999], [78.5054, 17.39001], [78.50553, 17.39009], [78.50572, 17.39021], [78.50599, 17.39036], [78.50606, 17.39041], [78.50627, 17.3905], [78.50636, 17.39054], [78.50656, 17.39058], [78.5067, 17.39061], [78.50689, 17.39065], [78.50711, 17.39068], [78.50736, 17.39073], [78.5078, 17.3908], [78.50798, 17.39083], [78.50826, 17.39088], [78.50853, 17.39093], [78.50864, 17.39094], [78.50886, 17.39098], [78.50935, 17.39104], [78.50953, 17.39107], [78.50977, 17.39108], [78.51004, 17.3911], [78.51025, 17.39113], [78.51041, 17.39116], [78.51089, 17.39123], [78.51096, 17.39124], [78.51127, 17.39129], [78.51149, 17.39133], [78.5117, 17.39136], [78.51187, 17.39139], [78.51207, 17.39142], [78.51223, 17.39145], [78.51244, 17.39149], [78.51272, 17.39154], [78.51293, 17.39157], [78.51314, 17.3916], [78.51327, 17.39162], [78.51334, 17.39163], [78.51345, 17.39165], [78.51368, 17.3917], [78.51385, 17.39174], [78.51413, 17.39177], [78.51442, 17.3918], [78.51468, 17.39184], [78.51498, 17.39188], [78.5152, 17.39192], [78.51549, 17.39197], [78.51557, 17.39198], [78.51627, 17.3921], [78.51629, 17.39181], [78.51635, 17.3907], [78.51636, 17.39055], [78.5164, 17.38991], [78.51643, 17.38939], [78.51648, 17.38856], [78.5165, 17.38786], [78.51651, 17.38775], [78.51653, 17.38733], [78.51654, 17.38724], [78.51655, 17.38712], [78.51656, 17.38695], [78.51657, 17.38689], [78.51658, 17.38682], [78.51658, 17.38677], [78.51659, 17.38672], [78.51662, 17.38646], [78.51663, 17.38636], [78.51664, 17.38632], [78.51667, 17.38617], [78.51668, 17.38612], [78.51669, 17.38607], [78.51672, 17.38598], [78.51676, 17.38587], [78.5168, 17.38579], [78.51684, 17.38568], [78.51687, 17.3856], [78.51692, 17.38548], [78.51695, 17.38542], [78.51699, 17.38532], [78.51701, 17.38526], [78.51708, 17.38508], [78.5171, 17.38503], [78.51721, 17.38476], [78.51723, 17.38469], [78.51728, 17.38458], [78.5173, 17.38453], [78.51737, 17.38436], [78.5174, 17.38427], [78.51743, 17.38419], [78.51749, 17.38405], [78.51753, 17.38394], [78.51755, 17.38389], [78.51759, 17.38379], [78.51761, 17.38372], [78.51768, 17.38357], [78.51774, 17.3834], [78.51777, 17.38334], [78.51782, 17.38321], [78.51788, 17.38306], [78.51794, 17.38292], [78.518, 17.38279], [78.51806, 17.38265], [78.51807, 17.38261], [78.51809, 17.38257], [78.51818, 17.38238], [78.51822, 17.38231], [78.51824, 17.38226], [78.51827, 17.38217], [78.51829, 17.3821], [78.5183, 17.38205], [78.5183, 17.38201], [78.5183, 17.38194], [78.5183, 17.38187], [78.5183, 17.38183], [78.51829, 17.38177], [78.51828, 17.38174], [78.51827, 17.38167], [78.51825, 17.38163], [78.51824, 17.38159], [78.51822, 17.38154], [78.51821, 17.38151], [78.51819, 17.38147], [78.51818, 17.38145], [78.51815, 17.3814], [78.51805, 17.38129], [78.51798, 17.38116], [78.51736, 17.38046], [78.51727, 17.38036], [78.51687, 17.37983], [78.51539, 17.3811], [78.51398, 17.38269], [78.51228, 17.38475], [78.51181, 17.38516], [78.51123, 17.38551], [78.51053, 17.38574], [78.5094, 17.38586], [78.50797, 17.38585], [78.50651, 17.38592], [78.50517, 17.38604], [78.50385, 17.38609], [78.50317, 17.38602], [78.50233, 17.38577], [78.50121, 17.38531], [78.49983, 17.38459], [78.49857, 17.38347], [78.49691, 17.3822], [78.49532, 17.38095], [78.49496, 17.38078], [78.49474, 17.38068], [78.49399, 17.38043], [78.49371, 17.38034], [78.49353, 17.38028], [78.49313, 17.38014], [78.49239, 17.38009], [78.49179, 17.38007], [78.49169, 17.38078], [78.49167, 17.3808], [78.49166, 17.38091], [78.49167, 17.38091], [78.49173, 17.38091], [78.49208, 17.38103], [78.49218, 17.38106], [78.49253, 17.38122], [78.49275, 17.38139], [78.49282, 17.38144], [78.49297, 17.38158], [78.49306, 17.38169], [78.49316, 17.38182], [78.49326, 17.38201], [78.49331, 17.3821], [78.49332, 17.38223], [78.49338, 17.38269], [78.49354, 17.38362], [78.49359, 17.38393], [78.49371, 17.38422], [78.49371, 17.38425], [78.494, 17.38418], [78.49418, 17.38414], [78.4945, 17.38412], [78.49467, 17.3841], [78.49473, 17.3841], [78.49482, 17.38409], [78.49498, 17.38408], [78.49504, 17.38407], [78.4951, 17.38406], [78.49511, 17.38409], [78.49531, 17.38447], [78.49545, 17.38467], [78.49567, 17.38495], [78.49587, 17.38526], [78.49628, 17.3858], [78.49655, 17.38612], [78.49693, 17.38648], [78.49731, 17.38688], [78.4977, 17.38732], [78.49885, 17.38859], [78.50015, 17.38998], [78.50075, 17.39062], [78.50169, 17.39164], [78.50228, 17.39226], [78.50268, 17.39272], [78.50312, 17.3932], [78.5032, 17.39328], [78.50371, 17.39386], [78.504, 17.39418], [78.50431, 17.39397], [78.50444, 17.39384], [78.50453, 17.39352], [78.50469, 17.39321], [78.5047, 17.39278], [78.50477, 17.39228], [78.50478, 17.39207], [78.50481, 17.3917], [78.50483, 17.39144], [78.50469, 17.3911], [78.50456, 17.39093], [78.50445, 17.39074], [78.50431, 17.39062], [78.5043, 17.39049], [78.5043, 17.39026], [78.5043, 17.39017], [78.5044, 17.38995], [78.50453, 17.38978], [78.50461, 17.3897]]]}}, {"type": "Feature", "properties": {"name": "83-AMBERPET", "hospital_count": 3, "circle": "16-AMBERPET", "zone": "SECUNDERABAD ZONE", "ward_no": 83}, "geometry": {"type": "Polygon", "coordinates": [[[78.52649, 17.38052], [78.52611, 17.37954], [78.5252, 17.37722], [78.52512, 17.37691], [78.52493, 17.37694], [78.52349, 17.37718], [78.5217, 17.37743], [78.51913, 17.37835], [78.51701, 17.37971], [78.51687, 17.37983], [78.51727, 17.38036], [78.51736, 17.38046], [78.51798, 17.38116], [78.51805, 17.38129], [78.51815, 17.3814], [78.51818, 17.38145], [78.51819, 17.38147], [78.51821, 17.38151], [78.51822, 17.38154], [78.51824, 17.38159], [78.51825, 17.38163], [78.51827, 17.38167], [78.51828, 17.38174], [78.51829, 17.38177], [78.5183, 17.38183], [78.5183, 17.38187], [78.5183, 17.38194], [78.5183, 17.38201], [78.5183, 17.38205], [78.51829, 17.3821], [78.51827, 17.38217], [78.51824, 17.38226], [78.51822, 17.38231], [78.51818, 17.38238], [78.51809, 17.38257], [78.51807, 17.38261], [78.51806, 17.38265], [78.518, 17.38279], [78.51794, 17.38292], [78.51788, 17.38306], [78.51782, 17.38321], [78.51777, 17.38334], [78.51774, 17.3834], [78.51768, 17.38357], [78.51761, 17.38372], [78.51759, 17.38379], [78.51755, 17.38389], [78.51753, 17.38394], [78.51749, 17.38405], [78.51743, 17.38419], [78.5174, 17.38427], [78.51737, 17.38436], [78.5173, 17.38453], [78.51728, 17.38458], [78.51723, 17.38469], [78.51721, 17.38476], [78.5171, 17.38503], [78.51708, 17.38508], [78.51701, 17.38526], [78.51699, 17.38532], [78.51695, 17.38542], [78.51692, 17.38548], [78.51687, 17.3856], [78.51684, 17.38568], [78.5168, 17.38579], [78.51676, 17.38587], [78.51672, 17.38598], [78.51669, 17.38607], [78.51668, 17.38612], [78.51667, 17.38617], [78.51664, 17.38632], [78.51663, 17.38636], [78.51662, 17.38646], [78.51659, 17.38672], [78.51658, 17.38677], [78.51658, 17.38682], [78.51657, 17.38689], [78.51656, 17.38695], [78.51655, 17.38712], [78.51654, 17.38724], [78.51653, 17.38733], [78.51651, 17.38775], [78.5165, 17.38786], [78.51648, 17.38856], [78.51643, 17.38939], [78.5164, 17.38991], [78.51636, 17.39055], [78.51635, 17.3907], [78.51629, 17.39181], [78.51627, 17.3921], [78.51638, 17.39211], [78.51665, 17.39214], [78.51683, 17.39217], [78.51728, 17.39224], [78.51769, 17.3923], [78.51793, 17.39232], [78.51811, 17.39234], [78.51824, 17.39235], [78.51838, 17.39236], [78.51845, 17.39237], [78.5186, 17.39238], [78.51873, 17.39239], [78.51883, 17.3924], [78.51887, 17.39241], [78.51892, 17.39241], [78.51895, 17.39242], [78.51899, 17.39242], [78.51909, 17.39243], [78.51914, 17.39244], [78.51919, 17.39244], [78.51922, 17.39245], [78.51932, 17.39246], [78.51937, 17.39247], [78.51944, 17.39248], [78.51947, 17.39248], [78.51948, 17.39249], [78.51961, 17.39252], [78.51962, 17.39252], [78.51966, 17.39254], [78.51973, 17.39256], [78.51978, 17.39257], [78.51982, 17.39258], [78.51988, 17.3926], [78.52, 17.39263], [78.52003, 17.39263], [78.52008, 17.39264], [78.52017, 17.39266], [78.52019, 17.39266], [78.52033, 17.39271], [78.52045, 17.39274], [78.52065, 17.39281], [78.52084, 17.39288], [78.52109, 17.39297], [78.52116, 17.393], [78.52119, 17.39301], [78.52124, 17.39303], [78.52134, 17.39307], [78.52152, 17.39314], [78.52159, 17.39317], [78.5222, 17.39343], [78.52288, 17.39375], [78.52341, 17.394], [78.5241, 17.39426], [78.52426, 17.39432], [78.52427, 17.39432], [78.52426, 17.39433], [78.52434, 17.39437], [78.52474, 17.39452], [78.52561, 17.39486], [78.52574, 17.39489], [78.52596, 17.39499], [78.52634, 17.39514], [78.52668, 17.39528], [78.527, 17.39542], [78.52718, 17.39549], [78.52781, 17.39573], [78.52785, 17.39575], [78.52815, 17.39584], [78.52832, 17.39591], [78.52844, 17.39596], [78.52848, 17.39597], [78.52852, 17.3957], [78.52836, 17.39561], [78.52824, 17.39541], [78.52819, 17.39529], [78.52815, 17.39518], [78.52811, 17.39517], [78.52795, 17.3951], [78.52796, 17.39496], [78.52797, 17.39467], [78.52796, 17.39464], [78.52796, 17.39453], [78.52794, 17.39437], [78.52795, 17.39427], [78.52795, 17.3942], [78.52794, 17.39405], [78.52791, 17.39373], [78.52786, 17.39308], [78.52782, 17.39281], [78.52759, 17.39267], [78.52747, 17.39214], [78.52744, 17.39149], [78.52776, 17.39149], [78.52778, 17.39059], [78.52772, 17.39052], [78.52772, 17.3905], [78.52774, 17.39023], [78.52775, 17.39008], [78.52776, 17.38998], [78.52776, 17.38994], [78.52776, 17.38992], [78.52775, 17.38984], [78.52771, 17.38969], [78.52768, 17.38955], [78.52766, 17.38947], [78.52761, 17.38933], [78.52759, 17.38921], [78.52752, 17.389], [78.52747, 17.38872], [78.52741, 17.38843], [78.52739, 17.38831], [78.52718, 17.38745], [78.52695, 17.38651], [78.52721, 17.38648], [78.52707, 17.38621], [78.52702, 17.38565], [78.52695, 17.38495], [78.5269, 17.38477], [78.52727, 17.38467], [78.52723, 17.38436], [78.52719, 17.38407], [78.52749, 17.38393], [78.52742, 17.38378], [78.52797, 17.38359], [78.52802, 17.38355], [78.52799, 17.38344], [78.52801, 17.38341], [78.52795, 17.38325], [78.52799, 17.38295], [78.5281, 17.38265], [78.52825, 17.38216], [78.52826, 17.38174], [78.52826, 17.38166], [78.52827, 17.38159], [78.52814, 17.38095], [78.52811, 17.38073], [78.52808, 17.38061], [78.52808, 17.38056], [78.52802, 17.38034], [78.52795, 17.38026], [78.5278, 17.38026], [78.5273, 17.3804], [78.52685, 17.3806], [78.52662, 17.38073], [78.52658, 17.38074], [78.52649, 17.38052]]]}}, {"type": "Feature", "properties": {"name": "51-GOSHA MAHAL", "hospital_count": 3, "circle": "14-GOSHAMAHAL", "zone": "KHAIRATHABAD ZONE", "ward_no": 51}, "geometry": {"type": "Polygon", "coordinates": [[[78.47188, 17.38026], [78.47186, 17.38013], [78.47177, 17.37985], [78.4717, 17.37942], [78.47152, 17.37842], [78.4715, 17.37816], [78.47145, 17.37766], [78.47137, 17.37736], [78.4713, 17.37728], [78.47112, 17.37714], [78.47049, 17.37686], [78.47009, 17.37662], [78.46993, 17.37644], [78.46977, 17.37616], [78.46964, 17.37599], [78.4693, 17.37604], [78.46886, 17.37613], [78.46883, 17.37623], [78.46877, 17.37627], [78.46783, 17.37641], [78.46774, 17.3763], [78.46734, 17.37646], [78.46664, 17.37649], [78.46566, 17.37667], [78.46532, 17.37673], [78.46514, 17.37676], [78.46459, 17.37712], [78.46421, 17.37723], [78.46397, 17.37729], [78.46369, 17.3773], [78.46351, 17.3773], [78.46343, 17.3772], [78.46328, 17.37681], [78.46309, 17.37603], [78.46289, 17.37543], [78.46276, 17.37515], [78.46272, 17.3749], [78.46271, 17.3749], [78.46265, 17.37442], [78.46256, 17.37361], [78.46253, 17.37265], [78.46244, 17.37169], [78.4623, 17.37069], [78.4626, 17.37079], [78.46332, 17.37094], [78.46504, 17.37101], [78.46708, 17.37125], [78.46862, 17.37139], [78.46892, 17.37141], [78.46892, 17.37134], [78.46888, 17.37111], [78.46889, 17.3708], [78.46889, 17.3704], [78.46889, 17.37025], [78.4689, 17.36973], [78.46794, 17.36958], [78.46634, 17.36963], [78.4656, 17.36965], [78.46375, 17.36904], [78.46312, 17.36877], [78.46237, 17.36845], [78.46079, 17.36807], [78.46025, 17.36794], [78.45908, 17.36767], [78.45837, 17.36742], [78.45811, 17.3681], [78.45798, 17.36846], [78.45785, 17.36868], [78.45786, 17.3688], [78.45808, 17.36895], [78.45832, 17.36908], [78.45845, 17.3692], [78.45849, 17.36967], [78.45855, 17.37081], [78.4586, 17.37125], [78.45877, 17.3718], [78.45899, 17.37244], [78.45935, 17.37307], [78.45977, 17.37385], [78.46003, 17.37452], [78.4601, 17.37479], [78.46026, 17.37546], [78.46029, 17.37561], [78.46046, 17.37639], [78.46056, 17.37708], [78.46072, 17.37785], [78.46075, 17.37799], [78.46093, 17.37871], [78.46097, 17.37882], [78.46109, 17.37914], [78.46113, 17.37958], [78.46121, 17.3802], [78.46124, 17.38041], [78.46139, 17.38114], [78.46162, 17.38195], [78.46174, 17.38238], [78.46189, 17.38241], [78.46238, 17.38244], [78.46296, 17.3825], [78.46338, 17.38254], [78.46365, 17.38258], [78.46413, 17.38262], [78.46463, 17.38266], [78.46482, 17.38271], [78.46518, 17.3828], [78.46544, 17.38287], [78.46555, 17.3829], [78.46565, 17.38293], [78.46586, 17.38303], [78.46605, 17.38301], [78.46614, 17.383], [78.46639, 17.38296], [78.46708, 17.38286], [78.46718, 17.38284], [78.46733, 17.38261], [78.46751, 17.38234], [78.4676, 17.38217], [78.4676, 17.38216], [78.4676, 17.38215], [78.4676, 17.38215], [78.4676, 17.38214], [78.46761, 17.38213], [78.46761, 17.38212], [78.46761, 17.38212], [78.46761, 17.38211], [78.4676, 17.38201], [78.46757, 17.38178], [78.46757, 17.38177], [78.46757, 17.38176], [78.46757, 17.38176], [78.46757, 17.38175], [78.46757, 17.38174], [78.46757, 17.38173], [78.46757, 17.38173], [78.46758, 17.38172], [78.46758, 17.38172], [78.46758, 17.38171], [78.46759, 17.3817], [78.46759, 17.3817], [78.4676, 17.38169], [78.4676, 17.38168], [78.46761, 17.38168], [78.46761, 17.38168], [78.46762, 17.38167], [78.46763, 17.38167], [78.46781, 17.38159], [78.46795, 17.38153], [78.468, 17.38151], [78.46807, 17.38148], [78.46821, 17.38143], [78.46821, 17.38143], [78.46821, 17.38144], [78.46822, 17.38145], [78.46822, 17.38145], [78.46822, 17.38146], [78.46822, 17.38147], [78.46823, 17.38148], [78.46829, 17.38143], [78.46833, 17.3814], [78.46836, 17.38136], [78.46837, 17.38136], [78.46838, 17.38135], [78.46838, 17.38135], [78.46839, 17.38135], [78.46839, 17.38134], [78.4684, 17.38134], [78.46841, 17.38134], [78.46841, 17.38133], [78.46843, 17.38132], [78.46844, 17.38132], [78.46846, 17.38132], [78.46847, 17.38131], [78.46852, 17.3813], [78.46855, 17.3813], [78.46869, 17.38126], [78.4688, 17.38125], [78.46889, 17.38123], [78.469, 17.38121], [78.4691, 17.38118], [78.46926, 17.38115], [78.46934, 17.38114], [78.46942, 17.38112], [78.46956, 17.3811], [78.46969, 17.38107], [78.46975, 17.38106], [78.46974, 17.38098], [78.46973, 17.38096], [78.46973, 17.38094], [78.46972, 17.38092], [78.46971, 17.38086], [78.46971, 17.38085], [78.46971, 17.38084], [78.46971, 17.38083], [78.4697, 17.3808], [78.4697, 17.38078], [78.46971, 17.38077], [78.46971, 17.38069], [78.46972, 17.38065], [78.46979, 17.38066], [78.46984, 17.38066], [78.46989, 17.38065], [78.46997, 17.38065], [78.47001, 17.38065], [78.47002, 17.38065], [78.47003, 17.38065], [78.47004, 17.38065], [78.47005, 17.38064], [78.47013, 17.38063], [78.4702, 17.38062], [78.47028, 17.3806], [78.47035, 17.38058], [78.4705, 17.38055], [78.47062, 17.38053], [78.47076, 17.38051], [78.47087, 17.38049], [78.47094, 17.38048], [78.47102, 17.38047], [78.47113, 17.38044], [78.47118, 17.38043], [78.47128, 17.3804], [78.47134, 17.38038], [78.47137, 17.38036], [78.4716, 17.38032], [78.47188, 17.38026]]]}}, {"type": "Feature", "properties": {"name": "68-TOLICHOWKI", "hospital_count": 3, "circle": "13-KARWAN", "zone": "KHAIRATHABAD ZONE", "ward_no": 68}, "geometry": {"type": "Polygon", "coordinates": [[[78.41425, 17.3986], [78.41474, 17.39858], [78.41484, 17.39858], [78.41495, 17.39858], [78.41546, 17.39868], [78.41564, 17.39882], [78.41573, 17.39893], [78.41617, 17.39874], [78.41679, 17.39857], [78.41695, 17.39851], [78.41707, 17.3985], [78.41779, 17.39849], [78.41796, 17.39849], [78.41815, 17.39847], [78.41833, 17.39845], [78.41849, 17.39842], [78.4186, 17.39838], [78.41874, 17.3983], [78.41894, 17.39816], [78.41909, 17.39805], [78.4191, 17.39804], [78.41908, 17.39789], [78.41893, 17.39728], [78.41896, 17.3972], [78.41873, 17.39636], [78.41872, 17.39618], [78.41871, 17.39614], [78.41862, 17.39601], [78.41848, 17.39612], [78.41802, 17.39651], [78.41758, 17.39689], [78.41744, 17.397], [78.41743, 17.3966], [78.41736, 17.39619], [78.41733, 17.39585], [78.41732, 17.39504], [78.41645, 17.39503], [78.41614, 17.3951], [78.41606, 17.3951], [78.41574, 17.39512], [78.41556, 17.39509], [78.41503, 17.39503], [78.41486, 17.39494], [78.41457, 17.3948], [78.41448, 17.39463], [78.41449, 17.39441], [78.41458, 17.39395], [78.41466, 17.39362], [78.41452, 17.39358], [78.41452, 17.39338], [78.41457, 17.39321], [78.41472, 17.39285], [78.4151, 17.39221], [78.41529, 17.39196], [78.41541, 17.39192], [78.41597, 17.39188], [78.41599, 17.39172], [78.41635, 17.39171], [78.41637, 17.39171], [78.41638, 17.39163], [78.41632, 17.39146], [78.41604, 17.39124], [78.4155, 17.39114], [78.41473, 17.39123], [78.41395, 17.39126], [78.41398, 17.39114], [78.41418, 17.39103], [78.41442, 17.39088], [78.41455, 17.39081], [78.41481, 17.39062], [78.41502, 17.39074], [78.41562, 17.39055], [78.41593, 17.3905], [78.4162, 17.39043], [78.4165, 17.39059], [78.4165, 17.39059], [78.41639, 17.39045], [78.4163, 17.39009], [78.41603, 17.3892], [78.41584, 17.38859], [78.41561, 17.38777], [78.41551, 17.38755], [78.41516, 17.3866], [78.4149, 17.38653], [78.41431, 17.38638], [78.41378, 17.38624], [78.41359, 17.38619], [78.41333, 17.38611], [78.41293, 17.38597], [78.41262, 17.38576], [78.41224, 17.38548], [78.41201, 17.38533], [78.41187, 17.3852], [78.41175, 17.38508], [78.41163, 17.38508], [78.41157, 17.38507], [78.41149, 17.38506], [78.41114, 17.38551], [78.41085, 17.3859], [78.41062, 17.38616], [78.41038, 17.38651], [78.41013, 17.38688], [78.40996, 17.3869], [78.40992, 17.38692], [78.40986, 17.38702], [78.40967, 17.38737], [78.40963, 17.38748], [78.40953, 17.38769], [78.40949, 17.38776], [78.40942, 17.38783], [78.4094, 17.38787], [78.40936, 17.38793], [78.40932, 17.38797], [78.40927, 17.388], [78.40913, 17.38822], [78.40893, 17.38838], [78.40868, 17.38852], [78.40856, 17.38859], [78.40849, 17.38867], [78.40828, 17.38872], [78.40807, 17.38876], [78.40772, 17.38879], [78.4074, 17.38878], [78.4071, 17.38889], [78.40673, 17.38908], [78.40623, 17.38942], [78.40575, 17.38973], [78.40527, 17.39002], [78.40497, 17.39009], [78.40464, 17.39013], [78.40417, 17.39021], [78.40416, 17.39017], [78.40404, 17.39024], [78.40385, 17.3903], [78.40347, 17.39039], [78.40339, 17.38995], [78.40329, 17.3895], [78.40331, 17.38926], [78.40362, 17.38915], [78.40387, 17.38908], [78.40384, 17.38899], [78.40385, 17.38892], [78.40383, 17.38876], [78.40381, 17.38864], [78.40375, 17.38839], [78.40371, 17.38835], [78.40367, 17.38817], [78.40414, 17.38807], [78.40453, 17.38798], [78.40519, 17.38786], [78.40513, 17.38756], [78.40502, 17.38721], [78.40439, 17.38729], [78.40374, 17.38737], [78.40303, 17.38744], [78.40301, 17.38744], [78.40299, 17.38732], [78.40299, 17.38709], [78.40297, 17.38685], [78.40294, 17.38657], [78.40289, 17.38623], [78.40268, 17.38624], [78.40232, 17.38631], [78.40229, 17.38648], [78.40212, 17.38661], [78.40213, 17.38669], [78.40213, 17.38675], [78.40203, 17.38692], [78.40186, 17.38697], [78.40162, 17.38707], [78.40153, 17.38714], [78.40181, 17.38762], [78.40112, 17.38794], [78.40058, 17.38833], [78.40043, 17.38849], [78.40039, 17.3887], [78.39965, 17.38888], [78.39931, 17.38898], [78.39914, 17.38822], [78.39906, 17.38815], [78.39905, 17.38813], [78.39907, 17.38821], [78.39898, 17.38824], [78.39878, 17.38784], [78.39812, 17.38804], [78.39768, 17.38817], [78.39736, 17.3882], [78.39718, 17.38816], [78.3969, 17.38795], [78.39661, 17.38788], [78.39634, 17.38786], [78.39606, 17.38802], [78.39592, 17.38818], [78.39598, 17.3888], [78.39615, 17.3894], [78.39607, 17.38957], [78.3961, 17.38978], [78.39625, 17.3901], [78.39672, 17.39037], [78.39694, 17.39056], [78.39749, 17.39108], [78.39801, 17.39107], [78.40014, 17.39181], [78.40014, 17.39184], [78.40007, 17.3919], [78.39993, 17.3919], [78.39983, 17.39203], [78.39979, 17.39225], [78.3998, 17.39228], [78.39986, 17.39227], [78.39989, 17.39249], [78.39992, 17.39267], [78.39994, 17.39274], [78.39995, 17.3928], [78.4, 17.39312], [78.40005, 17.39336], [78.40005, 17.39337], [78.40009, 17.39358], [78.40011, 17.39368], [78.40011, 17.39372], [78.40014, 17.39387], [78.40028, 17.39498], [78.4003, 17.39521], [78.40034, 17.39555], [78.4004, 17.39604], [78.40051, 17.39699], [78.40055, 17.39732], [78.40058, 17.39734], [78.40064, 17.39735], [78.4007, 17.39736], [78.40138, 17.39738], [78.40259, 17.3974], [78.40296, 17.39741], [78.40308, 17.39741], [78.40321, 17.39744], [78.40339, 17.39748], [78.40353, 17.39752], [78.40379, 17.39761], [78.40403, 17.39767], [78.40422, 17.39771], [78.40442, 17.39775], [78.40492, 17.39785], [78.40509, 17.3979], [78.40518, 17.39793], [78.4054, 17.39801], [78.40562, 17.39816], [78.40571, 17.39823], [78.40579, 17.39829], [78.4058, 17.3983], [78.40588, 17.39836], [78.40594, 17.39842], [78.40599, 17.39847], [78.40603, 17.39852], [78.40611, 17.3986], [78.4062, 17.39868], [78.40634, 17.3988], [78.4064, 17.39887], [78.40648, 17.39893], [78.40648, 17.39893], [78.40651, 17.39895], [78.40654, 17.39898], [78.40663, 17.39903], [78.40673, 17.39909], [78.40677, 17.39911], [78.40704, 17.39927], [78.40709, 17.3993], [78.40745, 17.39943], [78.4077, 17.39951], [78.40787, 17.39955], [78.40792, 17.39956], [78.40828, 17.39955], [78.40836, 17.39953], [78.40863, 17.39946], [78.40877, 17.39941], [78.40883, 17.39938], [78.40904, 17.39931], [78.4094, 17.39918], [78.40969, 17.39907], [78.40974, 17.39905], [78.40981, 17.39903], [78.4102, 17.39891], [78.41034, 17.39888], [78.41051, 17.39884], [78.41068, 17.39881], [78.41091, 17.39875], [78.41102, 17.39874], [78.41134, 17.39872], [78.41159, 17.3987], [78.41209, 17.39866], [78.4122, 17.39865], [78.41256, 17.39864], [78.41302, 17.39863], [78.41329, 17.39862], [78.4134, 17.39862], [78.41383, 17.39861], [78.41392, 17.39861], [78.41425, 17.3986]]]}}, {"type": "Feature", "properties": {"name": "67-GOLCONDA", "hospital_count": 4, "circle": "13-KARWAN", "zone": "KHAIRATHABAD ZONE", "ward_no": 67}, "geometry": {"type": "Polygon", "coordinates": [[[78.41848, 17.39612], [78.41862, 17.39601], [78.41871, 17.39614], [78.41872, 17.39618], [78.41887, 17.3961], [78.41892, 17.39605], [78.41897, 17.39593], [78.41917, 17.39576], [78.41941, 17.39561], [78.41946, 17.39555], [78.41951, 17.39548], [78.41963, 17.39535], [78.4197, 17.39524], [78.4199, 17.39504], [78.41995, 17.39487], [78.4199, 17.39465], [78.41985, 17.39464], [78.41964, 17.39465], [78.41947, 17.39469], [78.41936, 17.39439], [78.41923, 17.39373], [78.41913, 17.393], [78.4192, 17.39291], [78.41916, 17.39259], [78.41909, 17.39255], [78.4189, 17.39253], [78.41845, 17.39246], [78.41827, 17.39158], [78.41841, 17.39161], [78.41872, 17.39158], [78.41974, 17.39155], [78.42108, 17.39149], [78.42139, 17.39151], [78.42178, 17.39162], [78.42258, 17.39185], [78.42294, 17.39188], [78.42292, 17.39099], [78.42265, 17.38769], [78.42281, 17.38765], [78.42359, 17.38744], [78.42418, 17.38727], [78.42513, 17.38699], [78.42513, 17.38699], [78.42495, 17.38577], [78.42502, 17.38554], [78.42483, 17.38522], [78.42485, 17.38499], [78.42472, 17.38492], [78.42462, 17.38332], [78.42474, 17.38249], [78.42534, 17.38239], [78.42543, 17.3822], [78.42551, 17.38054], [78.42551, 17.38], [78.42551, 17.3787], [78.42578, 17.37762], [78.42583, 17.3773], [78.42579, 17.37729], [78.42532, 17.37738], [78.42452, 17.37754], [78.42382, 17.37768], [78.4232, 17.3778], [78.42228, 17.37792], [78.42205, 17.37796], [78.42079, 17.37818], [78.42072, 17.37819], [78.4207, 17.3782], [78.41928, 17.37835], [78.41848, 17.37846], [78.41788, 17.37854], [78.41759, 17.37863], [78.41735, 17.37872], [78.4171, 17.37882], [78.41606, 17.37933], [78.4159, 17.37938], [78.41558, 17.3794], [78.41497, 17.37933], [78.41437, 17.37925], [78.41392, 17.37927], [78.41343, 17.37927], [78.41308, 17.37927], [78.41298, 17.37923], [78.41292, 17.37919], [78.41289, 17.37918], [78.41284, 17.37919], [78.41282, 17.37923], [78.41279, 17.37926], [78.41275, 17.37928], [78.41269, 17.37927], [78.41259, 17.37924], [78.41251, 17.37925], [78.41247, 17.37925], [78.41244, 17.37926], [78.41242, 17.37929], [78.41238, 17.37934], [78.41225, 17.37944], [78.41219, 17.37947], [78.41215, 17.37949], [78.41212, 17.37945], [78.41213, 17.37943], [78.41212, 17.37941], [78.41208, 17.37943], [78.41039, 17.38019], [78.40972, 17.38057], [78.40853, 17.3813], [78.40674, 17.38218], [78.40553, 17.38283], [78.40473, 17.38318], [78.40367, 17.38367], [78.40369, 17.38371], [78.40343, 17.3838], [78.40338, 17.38384], [78.40336, 17.38393], [78.40335, 17.384], [78.40336, 17.38428], [78.40326, 17.38453], [78.40314, 17.38462], [78.40288, 17.38479], [78.40237, 17.38522], [78.40185, 17.38581], [78.40137, 17.38633], [78.40099, 17.38699], [78.40075, 17.3872], [78.40012, 17.38759], [78.39986, 17.38778], [78.39905, 17.38813], [78.39905, 17.38813], [78.39906, 17.38815], [78.39914, 17.38822], [78.39931, 17.38898], [78.39965, 17.38888], [78.40039, 17.3887], [78.40043, 17.38849], [78.40058, 17.38833], [78.40112, 17.38794], [78.40181, 17.38762], [78.40153, 17.38714], [78.40162, 17.38707], [78.40186, 17.38697], [78.40203, 17.38692], [78.40213, 17.38675], [78.40213, 17.38669], [78.40212, 17.38661], [78.40229, 17.38648], [78.40232, 17.38631], [78.40268, 17.38624], [78.40289, 17.38623], [78.40294, 17.38657], [78.40297, 17.38685], [78.40299, 17.38709], [78.40299, 17.38732], [78.40301, 17.38744], [78.40303, 17.38744], [78.40374, 17.38737], [78.40439, 17.38729], [78.40502, 17.38721], [78.40513, 17.38756], [78.40519, 17.38786], [78.40453, 17.38798], [78.40414, 17.38807], [78.40367, 17.38817], [78.40371, 17.38835], [78.40375, 17.38839], [78.40381, 17.38864], [78.40383, 17.38876], [78.40385, 17.38892], [78.40384, 17.38899], [78.40387, 17.38908], [78.40362, 17.38915], [78.40331, 17.38926], [78.40329, 17.3895], [78.40339, 17.38995], [78.40347, 17.39039], [78.40385, 17.3903], [78.40404, 17.39024], [78.40416, 17.39017], [78.40417, 17.39021], [78.40464, 17.39013], [78.40497, 17.39009], [78.40527, 17.39002], [78.40575, 17.38973], [78.40623, 17.38942], [78.40673, 17.38908], [78.4071, 17.38889], [78.4074, 17.38878], [78.40772, 17.38879], [78.40807, 17.38876], [78.40828, 17.38872], [78.40849, 17.38867], [78.40856, 17.38859], [78.40868, 17.38852], [78.40893, 17.38838], [78.40913, 17.38822], [78.40927, 17.388], [78.40932, 17.38797], [78.40936, 17.38793], [78.4094, 17.38787], [78.40942, 17.38783], [78.40949, 17.38776], [78.40953, 17.38769], [78.40963, 17.38748], [78.40967, 17.38737], [78.40986, 17.38702], [78.40992, 17.38692], [78.40996, 17.3869], [78.41013, 17.38688], [78.41038, 17.38651], [78.41062, 17.38616], [78.41085, 17.3859], [78.41114, 17.38551], [78.41149, 17.38506], [78.41157, 17.38507], [78.41163, 17.38508], [78.41175, 17.38508], [78.41187, 17.3852], [78.41201, 17.38533], [78.41224, 17.38548], [78.41262, 17.38576], [78.41293, 17.38597], [78.41333, 17.38611], [78.41359, 17.38619], [78.41378, 17.38624], [78.41431, 17.38638], [78.4149, 17.38653], [78.41516, 17.3866], [78.41551, 17.38755], [78.41561, 17.38777], [78.41584, 17.38859], [78.41603, 17.3892], [78.4163, 17.39009], [78.41639, 17.39045], [78.4165, 17.39059], [78.4165, 17.39059], [78.4162, 17.39043], [78.41593, 17.3905], [78.41562, 17.39055], [78.41502, 17.39074], [78.41481, 17.39062], [78.41455, 17.39081], [78.41442, 17.39088], [78.41418, 17.39103], [78.41398, 17.39114], [78.41395, 17.39126], [78.41473, 17.39123], [78.4155, 17.39114], [78.41604, 17.39124], [78.41632, 17.39146], [78.41638, 17.39163], [78.41637, 17.39171], [78.41635, 17.39171], [78.41599, 17.39172], [78.41597, 17.39188], [78.41541, 17.39192], [78.41529, 17.39196], [78.4151, 17.39221], [78.41472, 17.39285], [78.41457, 17.39321], [78.41452, 17.39338], [78.41452, 17.39358], [78.41466, 17.39362], [78.41458, 17.39395], [78.41449, 17.39441], [78.41448, 17.39463], [78.41457, 17.3948], [78.41486, 17.39494], [78.41503, 17.39503], [78.41556, 17.39509], [78.41574, 17.39512], [78.41606, 17.3951], [78.41614, 17.3951], [78.41645, 17.39503], [78.41732, 17.39504], [78.41733, 17.39585], [78.41736, 17.39619], [78.41743, 17.3966], [78.41744, 17.397], [78.41758, 17.39689], [78.41802, 17.39651], [78.41848, 17.39612]]]}}, {"type": "Feature", "properties": {"name": "77-JAMBAGH(Nampally)", "hospital_count": 9, "circle": "14-GOSHAMAHAL", "zone": "KHAIRATHABAD ZONE", "ward_no": 77}, "geometry": {"type": "Polygon", "coordinates": [[[78.47009, 17.39217], [78.47008, 17.39172], [78.4701, 17.39121], [78.47059, 17.39089], [78.47111, 17.39056], [78.47128, 17.39045], [78.47137, 17.3904], [78.47154, 17.39029], [78.47165, 17.39021], [78.47176, 17.39014], [78.47189, 17.39006], [78.47199, 17.38999], [78.47218, 17.38986], [78.47232, 17.38976], [78.47258, 17.38959], [78.47259, 17.38959], [78.47276, 17.38947], [78.47299, 17.38932], [78.4731, 17.38926], [78.47322, 17.38919], [78.47329, 17.38914], [78.47338, 17.38908], [78.47351, 17.38899], [78.47358, 17.38894], [78.47359, 17.38894], [78.47373, 17.38884], [78.47385, 17.38876], [78.47396, 17.3887], [78.47403, 17.38867], [78.47421, 17.38862], [78.47434, 17.38858], [78.47439, 17.38857], [78.47441, 17.38857], [78.47448, 17.38856], [78.47453, 17.38856], [78.47457, 17.38856], [78.47462, 17.38856], [78.47475, 17.38856], [78.4749, 17.38856], [78.47504, 17.38857], [78.47517, 17.38857], [78.47561, 17.38858], [78.47572, 17.38859], [78.47583, 17.38859], [78.47595, 17.38858], [78.47606, 17.38858], [78.47609, 17.38858], [78.47617, 17.38858], [78.47637, 17.38857], [78.47637, 17.38858], [78.47625, 17.38982], [78.47634, 17.38983], [78.4768, 17.38981], [78.47703, 17.3898], [78.47733, 17.3898], [78.47756, 17.3898], [78.47771, 17.3898], [78.47801, 17.3898], [78.47851, 17.3898], [78.47887, 17.3898], [78.47907, 17.3898], [78.47957, 17.3898], [78.4798, 17.3898], [78.48002, 17.3898], [78.48015, 17.3898], [78.48021, 17.3898], [78.48025, 17.3898], [78.48036, 17.38982], [78.48038, 17.38974], [78.4804, 17.38969], [78.48042, 17.38964], [78.48044, 17.38961], [78.48045, 17.38956], [78.48046, 17.38951], [78.48047, 17.38947], [78.48047, 17.38946], [78.48048, 17.3893], [78.48048, 17.38914], [78.48049, 17.38907], [78.4805, 17.38903], [78.48052, 17.38897], [78.48053, 17.38893], [78.48056, 17.38879], [78.48061, 17.38858], [78.48064, 17.38847], [78.48068, 17.3883], [78.4807, 17.38814], [78.48072, 17.388], [78.48073, 17.38797], [78.48071, 17.38791], [78.48071, 17.38791], [78.4807, 17.3879], [78.4807, 17.38789], [78.4807, 17.38788], [78.4807, 17.38788], [78.4807, 17.38787], [78.48069, 17.38786], [78.48069, 17.38786], [78.48069, 17.38785], [78.48069, 17.38784], [78.48068, 17.38784], [78.48068, 17.38783], [78.48068, 17.38783], [78.48067, 17.38782], [78.48067, 17.38781], [78.48066, 17.38781], [78.48063, 17.38776], [78.48062, 17.38775], [78.48062, 17.38775], [78.48061, 17.38774], [78.4806, 17.38773], [78.4806, 17.38772], [78.48059, 17.38771], [78.48059, 17.3877], [78.48059, 17.3877], [78.48058, 17.38769], [78.48055, 17.38759], [78.48049, 17.38743], [78.48046, 17.38729], [78.48044, 17.38717], [78.48043, 17.38712], [78.48042, 17.38712], [78.48042, 17.38711], [78.48042, 17.3871], [78.48042, 17.38709], [78.48042, 17.38709], [78.48041, 17.38708], [78.48041, 17.38707], [78.48041, 17.38706], [78.4804, 17.38706], [78.4804, 17.38705], [78.4804, 17.38704], [78.48039, 17.38703], [78.48039, 17.38703], [78.48038, 17.38701], [78.48034, 17.38695], [78.48033, 17.38694], [78.48033, 17.38693], [78.48032, 17.38691], [78.48031, 17.3869], [78.48024, 17.38676], [78.48016, 17.3866], [78.4801, 17.38647], [78.48005, 17.3864], [78.48005, 17.38639], [78.48004, 17.38638], [78.48003, 17.38637], [78.48003, 17.38637], [78.48002, 17.38635], [78.48001, 17.38635], [78.47999, 17.38634], [78.47998, 17.38633], [78.47998, 17.38632], [78.4798, 17.38621], [78.4797, 17.38612], [78.47969, 17.38612], [78.47968, 17.38611], [78.47967, 17.38609], [78.47966, 17.38608], [78.47964, 17.38606], [78.47963, 17.38605], [78.47962, 17.38604], [78.47961, 17.38602], [78.47958, 17.38596], [78.4795, 17.38582], [78.47952, 17.38583], [78.47953, 17.38583], [78.47953, 17.38583], [78.47954, 17.38583], [78.47954, 17.38583], [78.47955, 17.38582], [78.47956, 17.38582], [78.47956, 17.38582], [78.47959, 17.38582], [78.47962, 17.38581], [78.47976, 17.38578], [78.47986, 17.38576], [78.47991, 17.38575], [78.48004, 17.38573], [78.48019, 17.3857], [78.48039, 17.38567], [78.48053, 17.38564], [78.48077, 17.3856], [78.48087, 17.38558], [78.48103, 17.38556], [78.48112, 17.38554], [78.48126, 17.38552], [78.48137, 17.3855], [78.48151, 17.38548], [78.48161, 17.38546], [78.48206, 17.38536], [78.48234, 17.38531], [78.48267, 17.38526], [78.48295, 17.38521], [78.4833, 17.38515], [78.48367, 17.38509], [78.48412, 17.38501], [78.48438, 17.38498], [78.48424, 17.38479], [78.4841, 17.38461], [78.48391, 17.38438], [78.48354, 17.38396], [78.48321, 17.38355], [78.48268, 17.383], [78.48247, 17.38277], [78.48241, 17.38272], [78.48225, 17.38256], [78.48216, 17.38246], [78.48193, 17.38223], [78.48176, 17.38206], [78.48171, 17.382], [78.48157, 17.38186], [78.48142, 17.38172], [78.48126, 17.38155], [78.48113, 17.38141], [78.48097, 17.38123], [78.48087, 17.3811], [78.48073, 17.38093], [78.48057, 17.38075], [78.48041, 17.38058], [78.4803, 17.38043], [78.48019, 17.38031], [78.48011, 17.38024], [78.48006, 17.38019], [78.47991, 17.38004], [78.47971, 17.37984], [78.47934, 17.37945], [78.47931, 17.37942], [78.4793, 17.37943], [78.47926, 17.37939], [78.47891, 17.37938], [78.47885, 17.37939], [78.47857, 17.37948], [78.47849, 17.37951], [78.4784, 17.37956], [78.47812, 17.37976], [78.47809, 17.37979], [78.47773, 17.37995], [78.47764, 17.37998], [78.47758, 17.37998], [78.47749, 17.37996], [78.47732, 17.37992], [78.47713, 17.37976], [78.47701, 17.37968], [78.47665, 17.37946], [78.47654, 17.3795], [78.47637, 17.37966], [78.47632, 17.37969], [78.47606, 17.37976], [78.47538, 17.37977], [78.475, 17.37979], [78.4749, 17.37979], [78.4744, 17.37983], [78.47431, 17.37983], [78.47327, 17.38005], [78.47304, 17.3801], [78.47236, 17.38028], [78.47206, 17.38036], [78.47201, 17.38033], [78.47188, 17.38026], [78.4716, 17.38032], [78.47137, 17.38036], [78.47134, 17.38038], [78.47128, 17.3804], [78.47118, 17.38043], [78.47113, 17.38044], [78.47102, 17.38047], [78.47094, 17.38048], [78.47087, 17.38049], [78.47076, 17.38051], [78.47062, 17.38053], [78.4705, 17.38055], [78.47035, 17.38058], [78.47028, 17.3806], [78.4702, 17.38062], [78.47013, 17.38063], [78.47005, 17.38064], [78.47004, 17.38065], [78.47003, 17.38065], [78.47002, 17.38065], [78.47001, 17.38065], [78.46997, 17.38065], [78.46989, 17.38065], [78.46984, 17.38066], [78.46979, 17.38066], [78.46972, 17.38065], [78.46971, 17.38069], [78.46971, 17.38077], [78.4697, 17.38078], [78.4697, 17.3808], [78.46971, 17.38083], [78.46971, 17.38084], [78.46971, 17.38085], [78.46971, 17.38086], [78.46972, 17.38092], [78.46973, 17.38094], [78.46973, 17.38096], [78.46974, 17.38098], [78.46975, 17.38106], [78.46969, 17.38107], [78.46956, 17.3811], [78.46942, 17.38112], [78.46934, 17.38114], [78.46926, 17.38115], [78.4691, 17.38118], [78.469, 17.38121], [78.46889, 17.38123], [78.4688, 17.38125], [78.46869, 17.38126], [78.46855, 17.3813], [78.46852, 17.3813], [78.46847, 17.38131], [78.46846, 17.38132], [78.46844, 17.38132], [78.46843, 17.38132], [78.46841, 17.38133], [78.46841, 17.38134], [78.4684, 17.38134], [78.46839, 17.38134], [78.46839, 17.38135], [78.46838, 17.38135], [78.46838, 17.38135], [78.46837, 17.38136], [78.46836, 17.38136], [78.46833, 17.3814], [78.46829, 17.38143], [78.46823, 17.38148], [78.46822, 17.38147], [78.46822, 17.38146], [78.46822, 17.38145], [78.46822, 17.38145], [78.46821, 17.38144], [78.46821, 17.38143], [78.46821, 17.38143], [78.46807, 17.38148], [78.468, 17.38151], [78.46795, 17.38153], [78.46781, 17.38159], [78.46763, 17.38167], [78.46762, 17.38167], [78.46761, 17.38168], [78.46761, 17.38168], [78.4676, 17.38168], [78.4676, 17.38169], [78.46759, 17.3817], [78.46759, 17.3817], [78.46758, 17.38171], [78.46758, 17.38172], [78.46758, 17.38172], [78.46757, 17.38173], [78.46757, 17.38173], [78.46757, 17.38174], [78.46757, 17.38175], [78.46757, 17.38176], [78.46757, 17.38176], [78.46757, 17.38177], [78.46757, 17.38178], [78.4676, 17.38201], [78.46761, 17.38211], [78.46761, 17.38212], [78.46761, 17.38212], [78.46761, 17.38213], [78.4676, 17.38214], [78.4676, 17.38215], [78.4676, 17.38215], [78.4676, 17.38216], [78.4676, 17.38217], [78.46751, 17.38234], [78.46733, 17.38261], [78.46718, 17.38284], [78.46708, 17.38286], [78.46639, 17.38296], [78.46614, 17.383], [78.46605, 17.38301], [78.46586, 17.38303], [78.46565, 17.38293], [78.46555, 17.3829], [78.46544, 17.38287], [78.46518, 17.3828], [78.46482, 17.38271], [78.46463, 17.38266], [78.46413, 17.38262], [78.46365, 17.38258], [78.46338, 17.38254], [78.46336, 17.38281], [78.46337, 17.38348], [78.4634, 17.38434], [78.46347, 17.3844], [78.46342, 17.38454], [78.46328, 17.38467], [78.46339, 17.38504], [78.46332, 17.38508], [78.46306, 17.38526], [78.46298, 17.38532], [78.46275, 17.38554], [78.46253, 17.38585], [78.46228, 17.38617], [78.46214, 17.38635], [78.46191, 17.38672], [78.46189, 17.38675], [78.46179, 17.38697], [78.46172, 17.38713], [78.46156, 17.38763], [78.46155, 17.3877], [78.46152, 17.38804], [78.46151, 17.38834], [78.46153, 17.38842], [78.46164, 17.38854], [78.46175, 17.38866], [78.46184, 17.38884], [78.46186, 17.3889], [78.46189, 17.38901], [78.46193, 17.38943], [78.462, 17.38942], [78.46246, 17.38939], [78.4627, 17.38936], [78.46281, 17.38935], [78.46366, 17.39042], [78.46435, 17.39113], [78.46439, 17.39116], [78.46482, 17.39122], [78.46526, 17.39132], [78.46554, 17.3914], [78.46555, 17.39139], [78.4657, 17.39128], [78.46603, 17.39106], [78.46629, 17.39097], [78.46697, 17.39086], [78.46761, 17.39082], [78.46777, 17.39101], [78.46787, 17.39119], [78.46827, 17.39143], [78.46877, 17.39175], [78.46878, 17.39205], [78.46883, 17.39216], [78.46892, 17.39221], [78.46935, 17.39219], [78.46958, 17.39218], [78.47009, 17.39217]]]}}, {"type": "Feature", "properties": {"name": "63-MANGALHAT", "hospital_count": 2, "circle": "14-GOSHAMAHAL", "zone": "KHAIRATHABAD ZONE", "ward_no": 63}, "geometry": {"type": "Polygon", "coordinates": [[[78.46328, 17.38467], [78.46342, 17.38454], [78.46347, 17.3844], [78.4634, 17.38434], [78.46337, 17.38348], [78.46336, 17.38281], [78.46338, 17.38254], [78.46296, 17.3825], [78.46238, 17.38244], [78.46189, 17.38241], [78.46174, 17.38238], [78.46162, 17.38195], [78.46139, 17.38114], [78.46124, 17.38041], [78.46121, 17.3802], [78.46113, 17.37958], [78.46109, 17.37914], [78.46097, 17.37882], [78.46093, 17.37871], [78.46075, 17.37799], [78.46072, 17.37785], [78.46056, 17.37708], [78.46046, 17.37639], [78.46029, 17.37561], [78.46026, 17.37546], [78.4601, 17.37479], [78.46003, 17.37452], [78.45977, 17.37385], [78.45935, 17.37307], [78.45899, 17.37244], [78.45877, 17.3718], [78.4586, 17.37125], [78.45855, 17.37081], [78.45849, 17.36967], [78.45845, 17.3692], [78.45832, 17.36908], [78.45808, 17.36895], [78.45786, 17.3688], [78.45785, 17.36868], [78.45773, 17.36867], [78.45761, 17.36865], [78.45736, 17.36864], [78.45729, 17.36864], [78.45672, 17.36876], [78.45639, 17.36888], [78.45619, 17.36896], [78.45566, 17.36916], [78.45549, 17.36921], [78.45541, 17.36923], [78.45439, 17.36923], [78.454, 17.36923], [78.45341, 17.36927], [78.4534, 17.36937], [78.45326, 17.36954], [78.4531, 17.36973], [78.45325, 17.37004], [78.45336, 17.37016], [78.45355, 17.37046], [78.45358, 17.37055], [78.4534, 17.37055], [78.45336, 17.37076], [78.45337, 17.37093], [78.4532, 17.37096], [78.45315, 17.37091], [78.4529, 17.37095], [78.45252, 17.371], [78.45241, 17.37109], [78.45235, 17.37115], [78.45236, 17.37127], [78.45255, 17.37132], [78.45256, 17.37153], [78.45248, 17.37155], [78.45247, 17.37169], [78.45335, 17.37156], [78.45347, 17.37156], [78.45351, 17.37182], [78.45345, 17.3721], [78.45337, 17.37273], [78.45348, 17.37273], [78.4536, 17.37274], [78.45389, 17.37269], [78.45438, 17.37251], [78.45462, 17.3725], [78.4547, 17.37287], [78.45485, 17.37317], [78.45455, 17.37324], [78.4546, 17.37368], [78.45462, 17.37476], [78.45457, 17.37524], [78.45498, 17.37527], [78.45533, 17.37532], [78.45546, 17.37532], [78.45577, 17.3753], [78.45645, 17.37529], [78.45653, 17.37579], [78.45661, 17.37611], [78.45671, 17.37627], [78.45677, 17.37655], [78.45687, 17.37679], [78.45696, 17.37698], [78.45703, 17.37719], [78.45642, 17.37728], [78.45593, 17.3774], [78.45536, 17.37742], [78.45455, 17.37748], [78.45392, 17.37757], [78.454, 17.37822], [78.45391, 17.37824], [78.45399, 17.37874], [78.45406, 17.37909], [78.45411, 17.37929], [78.45401, 17.37931], [78.45379, 17.37938], [78.45376, 17.37945], [78.45374, 17.37954], [78.45365, 17.37947], [78.45356, 17.37925], [78.4535, 17.37908], [78.45329, 17.37912], [78.45287, 17.37918], [78.45268, 17.37922], [78.45278, 17.37939], [78.45274, 17.37944], [78.45276, 17.37948], [78.45292, 17.37952], [78.45302, 17.37962], [78.45303, 17.37966], [78.45309, 17.37985], [78.45304, 17.37995], [78.45328, 17.38], [78.45333, 17.38006], [78.45356, 17.38009], [78.45362, 17.38011], [78.45357, 17.38043], [78.45332, 17.38044], [78.45332, 17.38047], [78.45317, 17.38047], [78.45297, 17.38051], [78.45285, 17.3805], [78.4527, 17.38052], [78.45274, 17.38096], [78.45293, 17.38108], [78.45314, 17.38119], [78.45321, 17.38123], [78.45339, 17.38135], [78.45348, 17.38146], [78.45356, 17.38149], [78.45358, 17.38149], [78.45367, 17.38152], [78.45374, 17.38164], [78.45382, 17.38176], [78.45383, 17.38178], [78.45383, 17.38178], [78.45396, 17.38183], [78.45428, 17.38194], [78.45434, 17.382], [78.45436, 17.38208], [78.45438, 17.38232], [78.45443, 17.38259], [78.45454, 17.38287], [78.45454, 17.38291], [78.45457, 17.38316], [78.45457, 17.38365], [78.45459, 17.38369], [78.45473, 17.3839], [78.45496, 17.3842], [78.45495, 17.38444], [78.45514, 17.38449], [78.45533, 17.38459], [78.45556, 17.38466], [78.45572, 17.38476], [78.45576, 17.38478], [78.45584, 17.38478], [78.45588, 17.38488], [78.45618, 17.38565], [78.45619, 17.38568], [78.45701, 17.38532], [78.45742, 17.38514], [78.45765, 17.38504], [78.45787, 17.38495], [78.45787, 17.38495], [78.45795, 17.38491], [78.4581, 17.38484], [78.45815, 17.38482], [78.45858, 17.38466], [78.45953, 17.38378], [78.45953, 17.38379], [78.45961, 17.38383], [78.45987, 17.38392], [78.46003, 17.3841], [78.46036, 17.38409], [78.46053, 17.38425], [78.46057, 17.3843], [78.46103, 17.38428], [78.4612, 17.38438], [78.46153, 17.38435], [78.46181, 17.38429], [78.46209, 17.38424], [78.46221, 17.3842], [78.46231, 17.38417], [78.46233, 17.38416], [78.46244, 17.38411], [78.46257, 17.38405], [78.46262, 17.38411], [78.46271, 17.3842], [78.46271, 17.38421], [78.46281, 17.38432], [78.46291, 17.38443], [78.46301, 17.38451], [78.46328, 17.38467]]]}}, {"type": "Feature", "properties": {"name": "71-GUDIMALKAPUR", "hospital_count": 7, "circle": "12-MEDHDIPATNAM", "zone": "KHAIRATHABAD ZONE", "ward_no": 71}, "geometry": {"type": "Polygon", "coordinates": [[[78.42676, 17.39305], [78.42695, 17.39306], [78.42764, 17.3931], [78.42819, 17.39316], [78.42841, 17.39314], [78.42888, 17.39319], [78.42951, 17.39325], [78.42944, 17.39345], [78.42943, 17.3935], [78.42937, 17.39378], [78.42936, 17.39383], [78.42936, 17.394], [78.42938, 17.39407], [78.43012, 17.39397], [78.43064, 17.39391], [78.43115, 17.39388], [78.43116, 17.39339], [78.43101, 17.39318], [78.43096, 17.39227], [78.4307, 17.39123], [78.4311, 17.39116], [78.43153, 17.39106], [78.43205, 17.39102], [78.43236, 17.39103], [78.43264, 17.39097], [78.43329, 17.39083], [78.43367, 17.3907], [78.43412, 17.39071], [78.43422, 17.39081], [78.43458, 17.39082], [78.43501, 17.3907], [78.43518, 17.39057], [78.43532, 17.39045], [78.43544, 17.39029], [78.43549, 17.39022], [78.43556, 17.3902], [78.43568, 17.39004], [78.4358, 17.38986], [78.43593, 17.38973], [78.43605, 17.38959], [78.43609, 17.38952], [78.43613, 17.38943], [78.43613, 17.38927], [78.43644, 17.38939], [78.43652, 17.38947], [78.43654, 17.38928], [78.4365, 17.38912], [78.43645, 17.38891], [78.43652, 17.38887], [78.43664, 17.38884], [78.43652, 17.3884], [78.43647, 17.38807], [78.43648, 17.38771], [78.43645, 17.38755], [78.43647, 17.38742], [78.43605, 17.38735], [78.4355, 17.38731], [78.43521, 17.38728], [78.43525, 17.38685], [78.43527, 17.38646], [78.43532, 17.38599], [78.43535, 17.38573], [78.43535, 17.3854], [78.43529, 17.38534], [78.43518, 17.38531], [78.43523, 17.38495], [78.43527, 17.38445], [78.43528, 17.38426], [78.43552, 17.38424], [78.43588, 17.38422], [78.43626, 17.38418], [78.43634, 17.38416], [78.43634, 17.3841], [78.43662, 17.38397], [78.4377, 17.38356], [78.43809, 17.38344], [78.4385, 17.38319], [78.43858, 17.38293], [78.43877, 17.38296], [78.43943, 17.38295], [78.44015, 17.38297], [78.44055, 17.38295], [78.44072, 17.38291], [78.44115, 17.38292], [78.4412, 17.38326], [78.44165, 17.38329], [78.44193, 17.38332], [78.44196, 17.38332], [78.44204, 17.38333], [78.44226, 17.38321], [78.44242, 17.38316], [78.44243, 17.38315], [78.44247, 17.38313], [78.4427, 17.38298], [78.44292, 17.38298], [78.44319, 17.38291], [78.4431, 17.3825], [78.4431, 17.38245], [78.44294, 17.3815], [78.44291, 17.38131], [78.44279, 17.38086], [78.44302, 17.38082], [78.44304, 17.38034], [78.4438, 17.38034], [78.44408, 17.38032], [78.44512, 17.3802], [78.44617, 17.38006], [78.44724, 17.37993], [78.44727, 17.37993], [78.4476, 17.37986], [78.44769, 17.37983], [78.44763, 17.3796], [78.44761, 17.37946], [78.44761, 17.37935], [78.44761, 17.37923], [78.44764, 17.37905], [78.44771, 17.37872], [78.44772, 17.37868], [78.44776, 17.37834], [78.44777, 17.37805], [78.4478, 17.37795], [78.44783, 17.37761], [78.44782, 17.37762], [78.44742, 17.37765], [78.44704, 17.37772], [78.44667, 17.37779], [78.44636, 17.3778], [78.44635, 17.3778], [78.44635, 17.3778], [78.44619, 17.37781], [78.44608, 17.37783], [78.44604, 17.37778], [78.44595, 17.37763], [78.44569, 17.37771], [78.44558, 17.37773], [78.44553, 17.37777], [78.44553, 17.3778], [78.44553, 17.37784], [78.44553, 17.37787], [78.4455, 17.37797], [78.4455, 17.37804], [78.44549, 17.37809], [78.44545, 17.3781], [78.44539, 17.37811], [78.44534, 17.37814], [78.44528, 17.37817], [78.44521, 17.37821], [78.44515, 17.37823], [78.44509, 17.37799], [78.44505, 17.37782], [78.44493, 17.3777], [78.4448, 17.37757], [78.44478, 17.37744], [78.44478, 17.37724], [78.44438, 17.37731], [78.44417, 17.37736], [78.44383, 17.3774], [78.44362, 17.37744], [78.44336, 17.37746], [78.44302, 17.37748], [78.44262, 17.37751], [78.44248, 17.37747], [78.44252, 17.37734], [78.4426, 17.37723], [78.44237, 17.37717], [78.44222, 17.37724], [78.44198, 17.37726], [78.44174, 17.3773], [78.44159, 17.37697], [78.44151, 17.37701], [78.44146, 17.37685], [78.44141, 17.37676], [78.44134, 17.37662], [78.44124, 17.37633], [78.44119, 17.37618], [78.44111, 17.37621], [78.44103, 17.37622], [78.44097, 17.37614], [78.44087, 17.37597], [78.44073, 17.37572], [78.44062, 17.37597], [78.44069, 17.3761], [78.44028, 17.37619], [78.43977, 17.37636], [78.43982, 17.37652], [78.43973, 17.37658], [78.43979, 17.3768], [78.43972, 17.37682], [78.43972, 17.37688], [78.43964, 17.37705], [78.4396, 17.37716], [78.43958, 17.37721], [78.43957, 17.37729], [78.43953, 17.37737], [78.43945, 17.37752], [78.4394, 17.3776], [78.43938, 17.37764], [78.43923, 17.3776], [78.439, 17.37762], [78.43888, 17.37751], [78.43875, 17.37735], [78.43867, 17.37708], [78.43858, 17.37709], [78.43839, 17.37655], [78.43855, 17.3765], [78.43849, 17.37627], [78.4379, 17.37638], [78.43794, 17.3766], [78.43677, 17.37676], [78.43682, 17.3769], [78.43706, 17.37737], [78.43647, 17.37746], [78.43589, 17.37761], [78.43507, 17.37782], [78.43519, 17.37823], [78.4354, 17.37899], [78.4356, 17.37972], [78.4358, 17.37959], [78.43609, 17.37938], [78.43631, 17.37932], [78.43678, 17.37907], [78.43737, 17.37882], [78.43784, 17.37865], [78.4379, 17.3787], [78.43791, 17.37878], [78.43789, 17.37937], [78.43778, 17.38001], [78.43767, 17.38044], [78.43755, 17.3808], [78.43747, 17.38105], [78.4373, 17.38134], [78.43717, 17.38155], [78.43699, 17.38194], [78.43685, 17.38217], [78.43666, 17.38238], [78.43648, 17.38251], [78.43641, 17.38264], [78.43592, 17.38263], [78.43531, 17.38292], [78.4346, 17.38322], [78.43454, 17.38324], [78.4343, 17.38314], [78.43427, 17.38313], [78.43387, 17.38313], [78.43355, 17.38306], [78.43305, 17.38293], [78.43256, 17.38284], [78.43219, 17.38268], [78.43195, 17.38261], [78.4316, 17.38253], [78.43119, 17.38243], [78.43093, 17.38246], [78.43057, 17.38256], [78.4304, 17.38263], [78.43008, 17.38268], [78.42984, 17.38271], [78.42947, 17.38274], [78.42945, 17.38206], [78.42945, 17.38101], [78.42914, 17.38086], [78.42865, 17.38065], [78.42818, 17.3805], [78.42786, 17.38035], [78.42759, 17.38022], [78.42734, 17.38016], [78.4271, 17.38011], [78.42673, 17.38005], [78.42644, 17.38004], [78.42595, 17.38004], [78.42565, 17.38002], [78.42551, 17.38], [78.42551, 17.38054], [78.42543, 17.3822], [78.42534, 17.38239], [78.42474, 17.38249], [78.42462, 17.38332], [78.42472, 17.38492], [78.42485, 17.38499], [78.42483, 17.38522], [78.42502, 17.38554], [78.42495, 17.38577], [78.42513, 17.38699], [78.42529, 17.38693], [78.42592, 17.38675], [78.42613, 17.38671], [78.42643, 17.38658], [78.42698, 17.38632], [78.4274, 17.38615], [78.42762, 17.38606], [78.42773, 17.38595], [78.42796, 17.38571], [78.4281, 17.38566], [78.42834, 17.3856], [78.42887, 17.38557], [78.42932, 17.38555], [78.42952, 17.38555], [78.42954, 17.38622], [78.42954, 17.38633], [78.42955, 17.38657], [78.42964, 17.38761], [78.42963, 17.38766], [78.42921, 17.38809], [78.42895, 17.38834], [78.42874, 17.3885], [78.42854, 17.38865], [78.42845, 17.38878], [78.4282, 17.38916], [78.42791, 17.38959], [78.4279, 17.38961], [78.42751, 17.39027], [78.42732, 17.39055], [78.42703, 17.39099], [78.42682, 17.3913], [78.42672, 17.39152], [78.42667, 17.39172], [78.42665, 17.392], [78.42669, 17.39259], [78.42676, 17.39305]]]}}, {"type": "Feature", "properties": {"name": "70-MEHDIPATNAM", "hospital_count": 15, "circle": "12-MEDHDIPATNAM", "zone": "KHAIRATHABAD ZONE", "ward_no": 70}, "geometry": {"type": "Polygon", "coordinates": [[[78.43301, 17.39546], [78.43317, 17.39538], [78.43326, 17.39534], [78.43344, 17.39529], [78.43361, 17.39527], [78.43399, 17.39523], [78.43529, 17.39512], [78.43555, 17.39509], [78.43556, 17.39509], [78.43657, 17.39501], [78.43677, 17.39499], [78.4372, 17.39496], [78.43739, 17.39494], [78.43832, 17.39485], [78.43839, 17.39485], [78.43909, 17.39479], [78.43931, 17.39477], [78.43948, 17.39477], [78.43971, 17.39479], [78.43995, 17.39485], [78.44006, 17.39464], [78.44041, 17.39438], [78.44067, 17.39432], [78.44221, 17.394], [78.44402, 17.39356], [78.44448, 17.39346], [78.44563, 17.39299], [78.44562, 17.39293], [78.44575, 17.39285], [78.44639, 17.39256], [78.44733, 17.39211], [78.44738, 17.39171], [78.44746, 17.39045], [78.44668, 17.39042], [78.44622, 17.3904], [78.44617, 17.38986], [78.44619, 17.38933], [78.44625, 17.38871], [78.44671, 17.38872], [78.44674, 17.3885], [78.44679, 17.38838], [78.44621, 17.38834], [78.44583, 17.38834], [78.44583, 17.38833], [78.44582, 17.38833], [78.44583, 17.38828], [78.44584, 17.38815], [78.44585, 17.38805], [78.44587, 17.38799], [78.44588, 17.38792], [78.4459, 17.38784], [78.44591, 17.38779], [78.44593, 17.38768], [78.44593, 17.38761], [78.44595, 17.38746], [78.44598, 17.3872], [78.44598, 17.3872], [78.44598, 17.38719], [78.44567, 17.38719], [78.44554, 17.3872], [78.44551, 17.38723], [78.44539, 17.38732], [78.44516, 17.38734], [78.44478, 17.38737], [78.44435, 17.38735], [78.44362, 17.38727], [78.44297, 17.38718], [78.44243, 17.3871], [78.44196, 17.38702], [78.44147, 17.38694], [78.44134, 17.3869], [78.44093, 17.38678], [78.44074, 17.38675], [78.44042, 17.38674], [78.43991, 17.38668], [78.43989, 17.38674], [78.43969, 17.38669], [78.43944, 17.38662], [78.43914, 17.38658], [78.43891, 17.38654], [78.43879, 17.38648], [78.43867, 17.38635], [78.43861, 17.38634], [78.4386, 17.38661], [78.43859, 17.38678], [78.43857, 17.3871], [78.43856, 17.38723], [78.43855, 17.38743], [78.43854, 17.38759], [78.43853, 17.38765], [78.43852, 17.38768], [78.43851, 17.38771], [78.43848, 17.38775], [78.43846, 17.38781], [78.43845, 17.38786], [78.43845, 17.38788], [78.43845, 17.38795], [78.43846, 17.38798], [78.43849, 17.38806], [78.43851, 17.38812], [78.43853, 17.38816], [78.43854, 17.38819], [78.43856, 17.38823], [78.43856, 17.38826], [78.43854, 17.38828], [78.43849, 17.38831], [78.43845, 17.38833], [78.43841, 17.38834], [78.43838, 17.38835], [78.43835, 17.38835], [78.43833, 17.38834], [78.43831, 17.38834], [78.43829, 17.38835], [78.43826, 17.38838], [78.43823, 17.38841], [78.43821, 17.38843], [78.43818, 17.38843], [78.43819, 17.38845], [78.43821, 17.38847], [78.43826, 17.38849], [78.43829, 17.38851], [78.43832, 17.38852], [78.43838, 17.38852], [78.43844, 17.38852], [78.43852, 17.38853], [78.43856, 17.38855], [78.4386, 17.38856], [78.43861, 17.38862], [78.43862, 17.38865], [78.43866, 17.38873], [78.43868, 17.38879], [78.43869, 17.38883], [78.43871, 17.38891], [78.43873, 17.38897], [78.43874, 17.389], [78.43877, 17.38908], [78.43881, 17.38915], [78.43884, 17.3892], [78.43887, 17.38923], [78.43898, 17.38938], [78.43898, 17.38938], [78.43885, 17.38934], [78.43868, 17.38933], [78.43852, 17.38938], [78.43835, 17.38942], [78.43789, 17.38867], [78.43775, 17.38855], [78.43707, 17.38874], [78.43664, 17.38884], [78.43652, 17.38887], [78.43645, 17.38891], [78.4365, 17.38912], [78.43654, 17.38928], [78.43652, 17.38947], [78.43644, 17.38939], [78.43613, 17.38927], [78.43613, 17.38943], [78.43609, 17.38952], [78.43605, 17.38959], [78.43593, 17.38973], [78.4358, 17.38986], [78.43568, 17.39004], [78.43556, 17.3902], [78.43549, 17.39022], [78.43544, 17.39029], [78.43532, 17.39045], [78.43518, 17.39057], [78.43501, 17.3907], [78.43458, 17.39082], [78.43422, 17.39081], [78.43412, 17.39071], [78.43367, 17.3907], [78.43329, 17.39083], [78.43264, 17.39097], [78.43236, 17.39103], [78.43205, 17.39102], [78.43153, 17.39106], [78.4311, 17.39116], [78.4307, 17.39123], [78.43096, 17.39227], [78.43101, 17.39318], [78.43116, 17.39339], [78.43115, 17.39388], [78.43064, 17.39391], [78.43012, 17.39397], [78.42938, 17.39407], [78.42936, 17.394], [78.42936, 17.39383], [78.42937, 17.39378], [78.42943, 17.3935], [78.42944, 17.39345], [78.42951, 17.39325], [78.42888, 17.39319], [78.42841, 17.39314], [78.42819, 17.39316], [78.42764, 17.3931], [78.42695, 17.39306], [78.42676, 17.39305], [78.42678, 17.39317], [78.42684, 17.39346], [78.42702, 17.39405], [78.42703, 17.39409], [78.42722, 17.39472], [78.42727, 17.39489], [78.4274, 17.39527], [78.42759, 17.39563], [78.4277, 17.39596], [78.42775, 17.39611], [78.42827, 17.39608], [78.42869, 17.39605], [78.42989, 17.39597], [78.43004, 17.39596], [78.43054, 17.39593], [78.43192, 17.39583], [78.43206, 17.39585], [78.43218, 17.39583], [78.43227, 17.39582], [78.43236, 17.39579], [78.43247, 17.39575], [78.4327, 17.39564], [78.43273, 17.39562], [78.43301, 17.39546]]]}}, {"type": "Feature", "properties": {"name": "76-MALLEPALLY", "hospital_count": 9, "circle": "12-MEDHDIPATNAM", "zone": "KHAIRATHABAD ZONE", "ward_no": 76}, "geometry": {"type": "Polygon", "coordinates": [[[78.46555, 17.39139], [78.46554, 17.3914], [78.46526, 17.39132], [78.46482, 17.39122], [78.46439, 17.39116], [78.46435, 17.39113], [78.46366, 17.39042], [78.46281, 17.38935], [78.4627, 17.38936], [78.46246, 17.38939], [78.462, 17.38942], [78.46193, 17.38943], [78.46189, 17.38901], [78.46186, 17.3889], [78.46184, 17.38884], [78.46175, 17.38866], [78.46164, 17.38854], [78.46153, 17.38842], [78.46151, 17.38834], [78.46152, 17.38804], [78.46155, 17.3877], [78.46156, 17.38763], [78.46172, 17.38713], [78.46179, 17.38697], [78.46189, 17.38675], [78.46191, 17.38672], [78.46214, 17.38635], [78.46228, 17.38617], [78.46253, 17.38585], [78.46275, 17.38554], [78.46298, 17.38532], [78.46306, 17.38526], [78.46332, 17.38508], [78.46339, 17.38504], [78.46328, 17.38467], [78.46301, 17.38451], [78.46291, 17.38443], [78.46281, 17.38432], [78.46271, 17.38421], [78.46271, 17.3842], [78.46262, 17.38411], [78.46257, 17.38405], [78.46244, 17.38411], [78.46233, 17.38416], [78.46231, 17.38417], [78.46221, 17.3842], [78.46209, 17.38424], [78.46181, 17.38429], [78.46153, 17.38435], [78.4612, 17.38438], [78.46103, 17.38428], [78.46057, 17.3843], [78.46053, 17.38425], [78.46036, 17.38409], [78.46003, 17.3841], [78.45987, 17.38392], [78.45961, 17.38383], [78.45953, 17.38379], [78.45953, 17.38378], [78.45858, 17.38466], [78.45815, 17.38482], [78.4581, 17.38484], [78.45795, 17.38491], [78.45787, 17.38495], [78.45787, 17.38495], [78.45765, 17.38504], [78.45742, 17.38514], [78.45701, 17.38532], [78.45619, 17.38568], [78.45618, 17.38565], [78.45588, 17.38488], [78.45584, 17.38478], [78.45576, 17.38478], [78.45577, 17.3848], [78.45574, 17.38483], [78.45573, 17.38482], [78.45573, 17.38484], [78.45568, 17.3849], [78.45547, 17.38514], [78.45534, 17.3853], [78.45514, 17.38553], [78.45502, 17.38563], [78.45475, 17.38575], [78.45455, 17.38581], [78.45425, 17.38589], [78.45406, 17.38593], [78.45382, 17.38601], [78.454, 17.38631], [78.45407, 17.38651], [78.45408, 17.38654], [78.45399, 17.38656], [78.45399, 17.38659], [78.45393, 17.38659], [78.45368, 17.38669], [78.45342, 17.38693], [78.45316, 17.38715], [78.45308, 17.38725], [78.45315, 17.38733], [78.45312, 17.38749], [78.45307, 17.38749], [78.45303, 17.38753], [78.45308, 17.38774], [78.45308, 17.38811], [78.45311, 17.38854], [78.45343, 17.3885], [78.45349, 17.38905], [78.45425, 17.38903], [78.45483, 17.38911], [78.45507, 17.38914], [78.45525, 17.38911], [78.45527, 17.39135], [78.4553, 17.39162], [78.45541, 17.39196], [78.45557, 17.39215], [78.45592, 17.39243], [78.45598, 17.39247], [78.45525, 17.39348], [78.45519, 17.39355], [78.45613, 17.39425], [78.45697, 17.39315], [78.45922, 17.39468], [78.45934, 17.39477], [78.45934, 17.39476], [78.45948, 17.39478], [78.45982, 17.3947], [78.46045, 17.39453], [78.46064, 17.39451], [78.46148, 17.39439], [78.46216, 17.3943], [78.46258, 17.39423], [78.46319, 17.39392], [78.46386, 17.3935], [78.46432, 17.39305], [78.46488, 17.39232], [78.46528, 17.39176], [78.46547, 17.39154], [78.46555, 17.39139]]]}}, {"type": "Feature", "properties": {"name": "62-ZIAGUDA", "hospital_count": 1, "circle": "13-KARWAN", "zone": "KHAIRATHABAD ZONE", "ward_no": 62}, "geometry": {"type": "Polygon", "coordinates": [[[78.45837, 17.36742], [78.45823, 17.36736], [78.458, 17.36727], [78.45757, 17.36699], [78.45739, 17.36687], [78.45698, 17.36628], [78.45612, 17.36517], [78.45565, 17.36412], [78.45516, 17.36274], [78.45466, 17.36211], [78.45407, 17.36157], [78.45315, 17.36082], [78.45226, 17.36044], [78.45142, 17.36003], [78.45089, 17.35987], [78.4502, 17.35983], [78.44977, 17.3598], [78.44932, 17.35987], [78.44895, 17.35998], [78.44846, 17.36028], [78.44796, 17.36069], [78.4469, 17.36213], [78.44593, 17.36326], [78.44412, 17.36557], [78.44321, 17.36654], [78.4423, 17.36751], [78.44189, 17.368], [78.44095, 17.3691], [78.44043, 17.3697], [78.4397, 17.37049], [78.43996, 17.37046], [78.44095, 17.37043], [78.44104, 17.37057], [78.44127, 17.37052], [78.4416, 17.37028], [78.44165, 17.37032], [78.44219, 17.37021], [78.44191, 17.37042], [78.44164, 17.37064], [78.44141, 17.37088], [78.44102, 17.37115], [78.44079, 17.37138], [78.44044, 17.37157], [78.44023, 17.37174], [78.44027, 17.3718], [78.4404, 17.37213], [78.44056, 17.37288], [78.44058, 17.37305], [78.44062, 17.37317], [78.44068, 17.37327], [78.44066, 17.3734], [78.44086, 17.37338], [78.44099, 17.37335], [78.44109, 17.37339], [78.44115, 17.37339], [78.44121, 17.37337], [78.44128, 17.37337], [78.44128, 17.37333], [78.44159, 17.37332], [78.44155, 17.37317], [78.44171, 17.37315], [78.442, 17.37305], [78.44236, 17.37298], [78.44292, 17.37285], [78.44289, 17.37272], [78.44363, 17.37263], [78.44384, 17.37266], [78.44401, 17.37274], [78.44424, 17.37277], [78.44438, 17.37274], [78.44427, 17.37243], [78.44482, 17.37237], [78.44507, 17.37232], [78.44507, 17.37222], [78.44521, 17.37224], [78.44524, 17.37235], [78.44561, 17.37236], [78.44567, 17.37281], [78.4457, 17.37299], [78.44579, 17.37298], [78.44586, 17.37291], [78.44597, 17.37281], [78.4461, 17.37277], [78.44629, 17.37265], [78.44647, 17.37248], [78.44656, 17.37241], [78.44671, 17.37238], [78.44672, 17.3723], [78.44698, 17.37224], [78.44689, 17.37136], [78.4468, 17.37103], [78.44676, 17.37096], [78.44667, 17.37096], [78.44661, 17.37094], [78.44657, 17.37085], [78.44654, 17.3707], [78.44653, 17.37068], [78.44637, 17.37077], [78.44589, 17.37084], [78.4459, 17.37059], [78.44587, 17.37046], [78.44607, 17.37036], [78.44617, 17.37021], [78.44613, 17.37018], [78.44601, 17.37011], [78.44587, 17.37009], [78.4457, 17.37007], [78.4455, 17.37008], [78.44544, 17.36952], [78.44562, 17.36959], [78.44604, 17.3698], [78.44638, 17.36988], [78.44711, 17.36991], [78.44787, 17.36991], [78.44819, 17.36991], [78.4486, 17.36986], [78.44869, 17.37015], [78.44877, 17.37029], [78.44885, 17.37041], [78.44894, 17.37051], [78.4492, 17.37086], [78.44933, 17.37112], [78.44933, 17.37112], [78.44971, 17.37079], [78.45011, 17.37046], [78.45062, 17.36986], [78.45068, 17.36973], [78.45083, 17.36974], [78.45107, 17.3697], [78.45141, 17.36961], [78.4515, 17.36956], [78.45191, 17.3694], [78.45211, 17.36938], [78.45232, 17.36938], [78.45241, 17.36936], [78.45257, 17.36936], [78.45294, 17.36929], [78.45342, 17.36922], [78.45341, 17.36927], [78.45382, 17.36924], [78.454, 17.36923], [78.45439, 17.36923], [78.45541, 17.36923], [78.45549, 17.36921], [78.45566, 17.36916], [78.4557, 17.36915], [78.45619, 17.36896], [78.45639, 17.36888], [78.45672, 17.36876], [78.45727, 17.36864], [78.45729, 17.36864], [78.45736, 17.36864], [78.45761, 17.36865], [78.45773, 17.36867], [78.45785, 17.36868], [78.45798, 17.36846], [78.45811, 17.3681], [78.45837, 17.36742]]]}}, {"type": "Feature", "properties": {"name": "72-ASIF NAGAR", "hospital_count": 0, "circle": "12-MEDHDIPATNAM", "zone": "KHAIRATHABAD ZONE", "ward_no": 72}, "geometry": {"type": "Polygon", "coordinates": [[[78.45222, 17.38078], [78.4519, 17.38066], [78.45121, 17.38047], [78.45112, 17.38046], [78.45104, 17.38044], [78.45047, 17.38038], [78.45043, 17.38039], [78.45046, 17.38062], [78.45047, 17.38072], [78.44959, 17.38087], [78.4496, 17.3809], [78.44966, 17.38118], [78.44966, 17.3812], [78.44971, 17.38178], [78.44907, 17.38184], [78.44866, 17.38189], [78.44863, 17.38169], [78.44859, 17.38146], [78.44857, 17.38135], [78.44849, 17.381], [78.44848, 17.38097], [78.4484, 17.38063], [78.4484, 17.38063], [78.44831, 17.38031], [78.44827, 17.38022], [78.44822, 17.38008], [78.44821, 17.38007], [78.44816, 17.37994], [78.44799, 17.37999], [78.44776, 17.38006], [78.4477, 17.37986], [78.44769, 17.37983], [78.4476, 17.37986], [78.44727, 17.37993], [78.44617, 17.38006], [78.44512, 17.3802], [78.44408, 17.38032], [78.4438, 17.38034], [78.44304, 17.38034], [78.44302, 17.38082], [78.44279, 17.38086], [78.44291, 17.38131], [78.44294, 17.3815], [78.4431, 17.38245], [78.4431, 17.3825], [78.44319, 17.38291], [78.44292, 17.38298], [78.4427, 17.38298], [78.44247, 17.38313], [78.44243, 17.38315], [78.44242, 17.38316], [78.44226, 17.38321], [78.44204, 17.38333], [78.44196, 17.38332], [78.44193, 17.38332], [78.44165, 17.38329], [78.4412, 17.38326], [78.44115, 17.38292], [78.44072, 17.38291], [78.44055, 17.38295], [78.44015, 17.38297], [78.43943, 17.38295], [78.43877, 17.38296], [78.43858, 17.38293], [78.4385, 17.38319], [78.43809, 17.38344], [78.4377, 17.38356], [78.43662, 17.38397], [78.43634, 17.3841], [78.43634, 17.38416], [78.43626, 17.38418], [78.43588, 17.38422], [78.43552, 17.38424], [78.43528, 17.38426], [78.43527, 17.38445], [78.43523, 17.38495], [78.43518, 17.38531], [78.43529, 17.38534], [78.43535, 17.3854], [78.43535, 17.38573], [78.43532, 17.38599], [78.43527, 17.38646], [78.43525, 17.38685], [78.43521, 17.38728], [78.4355, 17.38731], [78.43605, 17.38735], [78.43647, 17.38742], [78.43645, 17.38755], [78.43648, 17.38771], [78.43647, 17.38807], [78.43652, 17.3884], [78.43664, 17.38884], [78.43707, 17.38874], [78.43775, 17.38855], [78.43789, 17.38867], [78.43835, 17.38942], [78.43852, 17.38938], [78.43868, 17.38933], [78.43885, 17.38934], [78.43898, 17.38938], [78.43898, 17.38938], [78.43887, 17.38923], [78.43884, 17.3892], [78.43881, 17.38915], [78.43877, 17.38908], [78.43874, 17.389], [78.43873, 17.38897], [78.43871, 17.38891], [78.43869, 17.38883], [78.43868, 17.38879], [78.43866, 17.38873], [78.43862, 17.38865], [78.43861, 17.38862], [78.4386, 17.38856], [78.43856, 17.38855], [78.43852, 17.38853], [78.43844, 17.38852], [78.43838, 17.38852], [78.43832, 17.38852], [78.43829, 17.38851], [78.43826, 17.38849], [78.43821, 17.38847], [78.43819, 17.38845], [78.43818, 17.38843], [78.43821, 17.38843], [78.43823, 17.38841], [78.43826, 17.38838], [78.43829, 17.38835], [78.43831, 17.38834], [78.43833, 17.38834], [78.43835, 17.38835], [78.43838, 17.38835], [78.43841, 17.38834], [78.43845, 17.38833], [78.43849, 17.38831], [78.43854, 17.38828], [78.43856, 17.38826], [78.43856, 17.38823], [78.43854, 17.38819], [78.43853, 17.38816], [78.43851, 17.38812], [78.43849, 17.38806], [78.43846, 17.38798], [78.43845, 17.38795], [78.43845, 17.38788], [78.43845, 17.38786], [78.43846, 17.38781], [78.43848, 17.38775], [78.43851, 17.38771], [78.43852, 17.38768], [78.43853, 17.38765], [78.43854, 17.38759], [78.43855, 17.38743], [78.43856, 17.38723], [78.43857, 17.3871], [78.43859, 17.38678], [78.4386, 17.38661], [78.43861, 17.38634], [78.43867, 17.38635], [78.43879, 17.38648], [78.43891, 17.38654], [78.43914, 17.38658], [78.43944, 17.38662], [78.43969, 17.38669], [78.43989, 17.38674], [78.43991, 17.38668], [78.44042, 17.38674], [78.44074, 17.38675], [78.44093, 17.38678], [78.44134, 17.3869], [78.44147, 17.38694], [78.44196, 17.38702], [78.44243, 17.3871], [78.44297, 17.38718], [78.44362, 17.38727], [78.44435, 17.38735], [78.44478, 17.38737], [78.44516, 17.38734], [78.44539, 17.38732], [78.44551, 17.38723], [78.44554, 17.3872], [78.44567, 17.38719], [78.44598, 17.38719], [78.44598, 17.3872], [78.44633, 17.38724], [78.44718, 17.38725], [78.44773, 17.38727], [78.44858, 17.38734], [78.44948, 17.38731], [78.44967, 17.38731], [78.44962, 17.38704], [78.4496, 17.38689], [78.45013, 17.38678], [78.45094, 17.38659], [78.45161, 17.38651], [78.45215, 17.3864], [78.45295, 17.38616], [78.45311, 17.38613], [78.45382, 17.38601], [78.45406, 17.38593], [78.45425, 17.38589], [78.45455, 17.38581], [78.45475, 17.38575], [78.45502, 17.38563], [78.45514, 17.38553], [78.45534, 17.3853], [78.45547, 17.38514], [78.45568, 17.3849], [78.45573, 17.38484], [78.45573, 17.38482], [78.45574, 17.38483], [78.45577, 17.3848], [78.45576, 17.38478], [78.45572, 17.38476], [78.45556, 17.38466], [78.45533, 17.38459], [78.45514, 17.38449], [78.45495, 17.38444], [78.45495, 17.38435], [78.45496, 17.3842], [78.45473, 17.3839], [78.45466, 17.3838], [78.45459, 17.38369], [78.45457, 17.38365], [78.45457, 17.38321], [78.45457, 17.38316], [78.45454, 17.38291], [78.45454, 17.38287], [78.45448, 17.38272], [78.45444, 17.38262], [78.45443, 17.38259], [78.45438, 17.38232], [78.45436, 17.38208], [78.45434, 17.382], [78.45428, 17.38194], [78.45396, 17.38183], [78.45389, 17.3818], [78.45383, 17.38178], [78.45382, 17.38176], [78.45374, 17.38164], [78.45367, 17.38152], [78.45358, 17.38149], [78.45356, 17.38149], [78.45348, 17.38146], [78.45339, 17.38135], [78.45321, 17.38123], [78.45314, 17.38119], [78.45293, 17.38108], [78.45274, 17.38096], [78.4527, 17.38094], [78.45261, 17.38091], [78.45226, 17.38079], [78.45222, 17.38078]]]}}, {"type": "Feature", "properties": {"name": "73-VIJAYANAGAR COLONY", "hospital_count": 16, "circle": "12-MEDHDIPATNAM", "zone": "KHAIRATHABAD ZONE", "ward_no": 73}, "geometry": {"type": "Polygon", "coordinates": [[[78.44022, 17.39494], [78.4404, 17.39503], [78.44073, 17.39518], [78.44149, 17.39556], [78.44181, 17.39571], [78.44205, 17.39583], [78.44232, 17.39599], [78.44255, 17.39621], [78.44265, 17.39636], [78.44271, 17.39647], [78.44281, 17.39678], [78.44289, 17.39703], [78.44297, 17.39727], [78.44308, 17.39766], [78.44319, 17.39786], [78.44331, 17.39805], [78.44358, 17.39827], [78.44412, 17.39855], [78.44437, 17.39858], [78.44526, 17.39867], [78.44575, 17.39874], [78.44647, 17.39887], [78.44661, 17.3989], [78.44711, 17.39906], [78.44772, 17.39905], [78.44865, 17.39892], [78.44875, 17.39893], [78.44878, 17.39889], [78.44942, 17.39882], [78.4499, 17.39878], [78.44995, 17.39882], [78.45028, 17.39856], [78.4508, 17.3982], [78.45095, 17.39805], [78.45098, 17.39792], [78.45093, 17.39745], [78.45069, 17.39675], [78.4508, 17.39677], [78.45141, 17.39691], [78.45229, 17.39716], [78.45293, 17.39734], [78.45355, 17.39749], [78.45434, 17.39759], [78.45407, 17.39864], [78.45374, 17.39992], [78.45348, 17.40188], [78.45333, 17.40289], [78.45322, 17.40344], [78.4533, 17.40365], [78.45381, 17.40402], [78.45414, 17.40421], [78.45446, 17.4043], [78.4548, 17.40429], [78.45506, 17.4042], [78.45555, 17.40393], [78.45605, 17.40365], [78.45663, 17.40334], [78.45735, 17.40299], [78.45733, 17.40294], [78.45768, 17.40278], [78.45772, 17.40259], [78.4579, 17.40221], [78.45797, 17.40214], [78.45798, 17.40206], [78.45807, 17.4018], [78.45839, 17.4012], [78.4587, 17.40058], [78.45921, 17.39927], [78.45911, 17.39924], [78.45823, 17.39907], [78.45795, 17.39948], [78.45751, 17.39935], [78.45668, 17.39921], [78.4566, 17.39874], [78.45655, 17.39824], [78.45656, 17.3979], [78.45658, 17.39756], [78.45693, 17.39658], [78.4571, 17.39611], [78.45746, 17.39515], [78.45697, 17.39524], [78.45627, 17.39532], [78.4552, 17.39535], [78.45458, 17.3952], [78.45407, 17.39508], [78.45467, 17.39425], [78.45519, 17.39355], [78.45525, 17.39348], [78.45598, 17.39247], [78.45592, 17.39243], [78.45557, 17.39215], [78.45541, 17.39196], [78.4553, 17.39162], [78.45527, 17.39135], [78.45525, 17.38911], [78.45507, 17.38914], [78.45483, 17.38911], [78.45425, 17.38903], [78.45349, 17.38905], [78.45343, 17.3885], [78.45311, 17.38854], [78.45308, 17.38811], [78.45308, 17.38774], [78.45303, 17.38753], [78.45307, 17.38749], [78.45312, 17.38749], [78.45315, 17.38733], [78.45308, 17.38725], [78.45316, 17.38715], [78.45342, 17.38693], [78.45368, 17.38669], [78.45393, 17.38659], [78.45399, 17.38659], [78.45399, 17.38656], [78.45408, 17.38654], [78.45407, 17.38651], [78.454, 17.38631], [78.45382, 17.38601], [78.45311, 17.38613], [78.45295, 17.38616], [78.45215, 17.3864], [78.45161, 17.38651], [78.45094, 17.38659], [78.45013, 17.38678], [78.4496, 17.38689], [78.44962, 17.38704], [78.44967, 17.38731], [78.44948, 17.38731], [78.44858, 17.38734], [78.44773, 17.38727], [78.44718, 17.38725], [78.44633, 17.38724], [78.44598, 17.3872], [78.44598, 17.3872], [78.44595, 17.38746], [78.44593, 17.38761], [78.44593, 17.38768], [78.44591, 17.38779], [78.4459, 17.38784], [78.44588, 17.38792], [78.44587, 17.38799], [78.44585, 17.38805], [78.44584, 17.38815], [78.44583, 17.38828], [78.44582, 17.38833], [78.44583, 17.38833], [78.44583, 17.38834], [78.44621, 17.38834], [78.44679, 17.38838], [78.44674, 17.3885], [78.44671, 17.38872], [78.44625, 17.38871], [78.44619, 17.38933], [78.44617, 17.38986], [78.44622, 17.3904], [78.44668, 17.39042], [78.44746, 17.39045], [78.44738, 17.39171], [78.44733, 17.39211], [78.44639, 17.39256], [78.44575, 17.39285], [78.44562, 17.39293], [78.44563, 17.39299], [78.44448, 17.39346], [78.44402, 17.39356], [78.44221, 17.394], [78.44067, 17.39432], [78.44041, 17.39438], [78.44006, 17.39464], [78.43995, 17.39485], [78.4401, 17.39489], [78.44022, 17.39494]]]}}, {"type": "Feature", "properties": {"name": "5-MALLAPUR", "hospital_count": 4, "circle": "1-KAPRA", "zone": "L.B.NAGAR ZONE", "ward_no": 5}, "geometry": {"type": "Polygon", "coordinates": [[[78.56967, 17.42803], [78.569, 17.43147], [78.56891, 17.43203], [78.56887, 17.43229], [78.56886, 17.43235], [78.56883, 17.43254], [78.56877, 17.43286], [78.56874, 17.43303], [78.56872, 17.43317], [78.5687, 17.4333], [78.56867, 17.43348], [78.56865, 17.43364], [78.56863, 17.4338], [78.56862, 17.43392], [78.56859, 17.43406], [78.56855, 17.43421], [78.56835, 17.43415], [78.56806, 17.43402], [78.56777, 17.43391], [78.56766, 17.43413], [78.56751, 17.43459], [78.5674, 17.43495], [78.56729, 17.43531], [78.56722, 17.4356], [78.56716, 17.43596], [78.56712, 17.4362], [78.56702, 17.43662], [78.56695, 17.43708], [78.56685, 17.43751], [78.56678, 17.43795], [78.56673, 17.43826], [78.56663, 17.43875], [78.5665, 17.43934], [78.56617, 17.44068], [78.56597, 17.44068], [78.56595, 17.44151], [78.56575, 17.44192], [78.56563, 17.44183], [78.56552, 17.44175], [78.56543, 17.4417], [78.56521, 17.44158], [78.56494, 17.44143], [78.56454, 17.44121], [78.56427, 17.44106], [78.56406, 17.44094], [78.56381, 17.4408], [78.56351, 17.44063], [78.56331, 17.44052], [78.563, 17.44035], [78.56274, 17.4402], [78.56245, 17.44004], [78.56222, 17.43992], [78.56116, 17.43947], [78.55994, 17.43892], [78.55911, 17.43856], [78.55835, 17.43825], [78.55755, 17.43792], [78.55645, 17.43746], [78.556, 17.43728], [78.55566, 17.43703], [78.55538, 17.43676], [78.55521, 17.4366], [78.55495, 17.43622], [78.5548, 17.43581], [78.55468, 17.43544], [78.5537, 17.43577], [78.55367, 17.43577], [78.55333, 17.4359], [78.55301, 17.4359], [78.55273, 17.43589], [78.55263, 17.43588], [78.55263, 17.43571], [78.5524, 17.43522], [78.55214, 17.4347], [78.55216, 17.43469], [78.55218, 17.43469], [78.55208, 17.43429], [78.55183, 17.43434], [78.5515, 17.43443], [78.55122, 17.43456], [78.5512, 17.43457], [78.55102, 17.43468], [78.55073, 17.43483], [78.55027, 17.43507], [78.55006, 17.43517], [78.54987, 17.43529], [78.54973, 17.43537], [78.54964, 17.4354], [78.54953, 17.43544], [78.54942, 17.43546], [78.54923, 17.4355], [78.549, 17.43552], [78.54872, 17.43557], [78.54873, 17.43557], [78.54872, 17.4358], [78.54872, 17.43582], [78.5487, 17.436], [78.54869, 17.43628], [78.54867, 17.43703], [78.54865, 17.43757], [78.5488, 17.43823], [78.54891, 17.43869], [78.54898, 17.43894], [78.54904, 17.43889], [78.54907, 17.43886], [78.54921, 17.43876], [78.5493, 17.43869], [78.54953, 17.43854], [78.5496, 17.43849], [78.54967, 17.43848], [78.55085, 17.44004], [78.55102, 17.43997], [78.55119, 17.43988], [78.55143, 17.43975], [78.5515, 17.43973], [78.55206, 17.4396], [78.55249, 17.43951], [78.55285, 17.43939], [78.55313, 17.43928], [78.55347, 17.43907], [78.55381, 17.43888], [78.55421, 17.43863], [78.55437, 17.43873], [78.55471, 17.43896], [78.55539, 17.43915], [78.55618, 17.44027], [78.55659, 17.44003], [78.55726, 17.43962], [78.55734, 17.43991], [78.55525, 17.44127], [78.55449, 17.44162], [78.55279, 17.44201], [78.55277, 17.44207], [78.55283, 17.44221], [78.55363, 17.44319], [78.55481, 17.44404], [78.55635, 17.44481], [78.55829, 17.44551], [78.55824, 17.44609], [78.55736, 17.44751], [78.56032, 17.44915], [78.56074, 17.4494], [78.56092, 17.44951], [78.56261, 17.45043], [78.56376, 17.45085], [78.56518, 17.45093], [78.5666, 17.45085], [78.5666, 17.45085], [78.56853, 17.44935], [78.56838, 17.44904], [78.56853, 17.449], [78.56878, 17.44896], [78.56898, 17.44893], [78.56908, 17.4489], [78.56911, 17.4489], [78.56913, 17.44888], [78.56909, 17.44854], [78.56902, 17.44821], [78.569, 17.44814], [78.56898, 17.44804], [78.56893, 17.44788], [78.5689, 17.44775], [78.56883, 17.44758], [78.56876, 17.44743], [78.56843, 17.44671], [78.56859, 17.44682], [78.56867, 17.44687], [78.56875, 17.44693], [78.56883, 17.44698], [78.56898, 17.44705], [78.5691, 17.44711], [78.56932, 17.4472], [78.56941, 17.44723], [78.56953, 17.44727], [78.56966, 17.44731], [78.56969, 17.44732], [78.56981, 17.44733], [78.5699, 17.44734], [78.57001, 17.44734], [78.57014, 17.44733], [78.57035, 17.4473], [78.57052, 17.44728], [78.57065, 17.44727], [78.57077, 17.44725], [78.57093, 17.44723], [78.57105, 17.44722], [78.57118, 17.44721], [78.57136, 17.44719], [78.57151, 17.44717], [78.57164, 17.44715], [78.57176, 17.44713], [78.5719, 17.44711], [78.57205, 17.44708], [78.5722, 17.44705], [78.57236, 17.44702], [78.57255, 17.44698], [78.57273, 17.44693], [78.57288, 17.44691], [78.57301, 17.44688], [78.5732, 17.44684], [78.57339, 17.44679], [78.57361, 17.44675], [78.57383, 17.4467], [78.57401, 17.44666], [78.57402, 17.44666], [78.57427, 17.4466], [78.57437, 17.44659], [78.57451, 17.44659], [78.57462, 17.44661], [78.57473, 17.44667], [78.57492, 17.44688], [78.57499, 17.44703], [78.57511, 17.44741], [78.57513, 17.44747], [78.57518, 17.44761], [78.57528, 17.44794], [78.57533, 17.44813], [78.57537, 17.44825], [78.57543, 17.44835], [78.57545, 17.44839], [78.57545, 17.44837], [78.5755, 17.44841], [78.57563, 17.44844], [78.57602, 17.44838], [78.57645, 17.4483], [78.57665, 17.44827], [78.57682, 17.44823], [78.57694, 17.44822], [78.57699, 17.44821], [78.57714, 17.44821], [78.57721, 17.44823], [78.57744, 17.4483], [78.57771, 17.44841], [78.57784, 17.44845], [78.57807, 17.44851], [78.57836, 17.44858], [78.57877, 17.44864], [78.57908, 17.4487], [78.57922, 17.44873], [78.57926, 17.44874], [78.5793, 17.44876], [78.57939, 17.4488], [78.57964, 17.44895], [78.57993, 17.44916], [78.58021, 17.44939], [78.5804, 17.44955], [78.58065, 17.44976], [78.58088, 17.44994], [78.581, 17.45005], [78.58112, 17.45019], [78.58117, 17.45025], [78.58121, 17.45031], [78.58131, 17.45053], [78.58134, 17.45063], [78.58136, 17.45074], [78.58138, 17.45087], [78.58141, 17.45115], [78.58144, 17.45142], [78.58148, 17.45176], [78.58152, 17.45209], [78.58154, 17.45228], [78.58156, 17.45246], [78.58158, 17.45262], [78.58161, 17.45289], [78.58161, 17.4531], [78.5816, 17.45332], [78.58158, 17.45352], [78.58155, 17.45381], [78.58154, 17.45395], [78.58151, 17.4542], [78.58144, 17.45502], [78.58144, 17.45514], [78.58144, 17.45515], [78.58141, 17.45529], [78.58138, 17.45537], [78.58134, 17.45543], [78.58129, 17.45549], [78.58124, 17.45553], [78.58117, 17.45556], [78.5806, 17.45562], [78.58024, 17.45566], [78.57993, 17.45569], [78.57974, 17.45571], [78.57966, 17.45573], [78.57961, 17.45578], [78.57956, 17.45588], [78.57953, 17.45599], [78.57952, 17.45609], [78.57956, 17.45641], [78.57956, 17.45652], [78.57955, 17.45658], [78.57953, 17.45663], [78.5795, 17.45667], [78.57945, 17.45671], [78.57939, 17.45675], [78.57912, 17.45694], [78.57898, 17.45704], [78.57893, 17.45708], [78.57892, 17.4571], [78.5789, 17.45712], [78.5789, 17.4572], [78.5789, 17.45732], [78.57894, 17.45774], [78.57898, 17.45821], [78.57899, 17.45856], [78.57899, 17.4586], [78.57887, 17.45906], [78.57883, 17.4592], [78.57873, 17.45947], [78.57839, 17.46006], [78.57742, 17.46161], [78.57714, 17.46207], [78.57944, 17.46247], [78.57974, 17.46249], [78.57994, 17.46275], [78.58019, 17.46304], [78.58394, 17.46266], [78.58386, 17.46178], [78.58379, 17.46119], [78.58376, 17.46071], [78.5837, 17.46026], [78.5836, 17.45992], [78.5836, 17.45989], [78.58374, 17.46002], [78.58392, 17.46008], [78.58449, 17.46002], [78.58614, 17.45983], [78.58757, 17.45971], [78.59064, 17.4594], [78.59061, 17.45913], [78.59026, 17.45585], [78.59026, 17.45571], [78.59009, 17.45465], [78.59021, 17.45464], [78.5903, 17.45463], [78.59036, 17.4546], [78.59041, 17.45449], [78.59042, 17.45446], [78.58997, 17.45421], [78.58928, 17.45385], [78.59083, 17.45074], [78.59084, 17.45073], [78.59079, 17.4507], [78.59048, 17.45052], [78.58989, 17.45022], [78.59084, 17.44948], [78.59296, 17.448], [78.59414, 17.44715], [78.59433, 17.44703], [78.59504, 17.44651], [78.59539, 17.44625], [78.59545, 17.44625], [78.59367, 17.4454], [78.58763, 17.44211], [78.58367, 17.4399], [78.58029, 17.43603], [78.57989, 17.43556], [78.57877, 17.4345], [78.57848, 17.43433], [78.57801, 17.43412], [78.5772, 17.43374], [78.57756, 17.43328], [78.57782, 17.43289], [78.57804, 17.43253], [78.57828, 17.43209], [78.57838, 17.43192], [78.57792, 17.43144], [78.5772, 17.43058], [78.57713, 17.43051], [78.5771, 17.43047], [78.57708, 17.43046], [78.57703, 17.43046], [78.57685, 17.43054], [78.5767, 17.43064], [78.57636, 17.4309], [78.57477, 17.42904], [78.57437, 17.42858], [78.57215, 17.42834], [78.56967, 17.42803]]]}}, {"type": "Feature", "properties": {"name": "3-CHERLAPALLY", "hospital_count": 4, "circle": "1-KAPRA", "zone": "L.B.NAGAR ZONE", "ward_no": 3}, "geometry": {"type": "Polygon", "coordinates": [[[78.58741, 17.49266], [78.58754, 17.49265], [78.58779, 17.49267], [78.58809, 17.49269], [78.58834, 17.4927], [78.58843, 17.49271], [78.58842, 17.49259], [78.58842, 17.49258], [78.58842, 17.49254], [78.58842, 17.49252], [78.58843, 17.4925], [78.58847, 17.49244], [78.58846, 17.49244], [78.58846, 17.49244], [78.58845, 17.4924], [78.58843, 17.49238], [78.5884, 17.49237], [78.58837, 17.49236], [78.58823, 17.49234], [78.5882, 17.49234], [78.58822, 17.49204], [78.58823, 17.49186], [78.58824, 17.4917], [78.58825, 17.49146], [78.58827, 17.49127], [78.58828, 17.49106], [78.5883, 17.49081], [78.58831, 17.49064], [78.58832, 17.49055], [78.58832, 17.49046], [78.58831, 17.49032], [78.58829, 17.48884], [78.58833, 17.48878], [78.58842, 17.48857], [78.5884, 17.48854], [78.5881, 17.4884], [78.58771, 17.48824], [78.58819, 17.48724], [78.58848, 17.48657], [78.58871, 17.48602], [78.58877, 17.48566], [78.58877, 17.48543], [78.58876, 17.48522], [78.58878, 17.48495], [78.58878, 17.48456], [78.58878, 17.48393], [78.58875, 17.48339], [78.58867, 17.48319], [78.5886, 17.48302], [78.58853, 17.48286], [78.58886, 17.48272], [78.58888, 17.48271], [78.58889, 17.48269], [78.5889, 17.48265], [78.58889, 17.48261], [78.58888, 17.48256], [78.58875, 17.4823], [78.58871, 17.48223], [78.5893, 17.48102], [78.58966, 17.48094], [78.59001, 17.48086], [78.59, 17.48085], [78.59029, 17.48035], [78.58982, 17.48014], [78.59108, 17.47962], [78.59211, 17.47923], [78.59237, 17.47912], [78.59239, 17.47911], [78.59335, 17.47866], [78.59367, 17.47851], [78.59384, 17.47841], [78.59391, 17.47835], [78.59428, 17.47859], [78.59431, 17.4786], [78.59433, 17.47861], [78.59466, 17.47876], [78.59471, 17.47878], [78.59473, 17.47873], [78.59477, 17.47867], [78.59515, 17.47886], [78.59539, 17.47893], [78.598, 17.47971], [78.59812, 17.4797], [78.59891, 17.47947], [78.59899, 17.47963], [78.59901, 17.47967], [78.59923, 17.47962], [78.59926, 17.47961], [78.60005, 17.47932], [78.60072, 17.4789], [78.60075, 17.47888], [78.60085, 17.47882], [78.60093, 17.47878], [78.60108, 17.47872], [78.60116, 17.47869], [78.60123, 17.47866], [78.60142, 17.47857], [78.60166, 17.47848], [78.602, 17.47833], [78.60233, 17.4782], [78.60263, 17.47806], [78.60297, 17.47792], [78.60342, 17.47773], [78.60368, 17.47762], [78.60369, 17.47764], [78.60386, 17.47803], [78.60405, 17.47845], [78.60426, 17.47892], [78.60455, 17.4796], [78.60459, 17.47968], [78.61102, 17.47928], [78.61096, 17.47848], [78.61577, 17.47855], [78.61849, 17.47789], [78.61875, 17.47787], [78.61862, 17.47685], [78.61839, 17.47532], [78.61818, 17.47523], [78.61813, 17.47508], [78.61808, 17.47496], [78.61775, 17.47442], [78.61664, 17.47207], [78.61658, 17.47187], [78.61651, 17.47171], [78.61649, 17.47165], [78.61597, 17.46802], [78.61597, 17.46801], [78.61592, 17.46787], [78.61558, 17.46735], [78.61519, 17.46669], [78.61515, 17.46657], [78.61511, 17.46645], [78.61512, 17.46638], [78.61511, 17.46638], [78.61523, 17.46606], [78.61552, 17.46547], [78.61569, 17.46527], [78.61585, 17.46502], [78.61599, 17.46478], [78.61615, 17.46448], [78.61631, 17.46447], [78.61657, 17.46442], [78.61679, 17.46435], [78.61606, 17.46154], [78.61553, 17.46158], [78.61487, 17.45991], [78.61382, 17.46023], [78.61329, 17.46028], [78.61289, 17.46008], [78.61233, 17.45975], [78.61267, 17.45811], [78.61238, 17.45578], [78.61136, 17.45585], [78.6112, 17.45382], [78.61084, 17.44987], [78.60877, 17.44662], [78.60398, 17.44647], [78.59769, 17.44628], [78.59545, 17.44625], [78.59539, 17.44625], [78.59504, 17.44651], [78.59433, 17.44703], [78.59414, 17.44715], [78.59296, 17.448], [78.59084, 17.44948], [78.58989, 17.45022], [78.59048, 17.45052], [78.59079, 17.4507], [78.59084, 17.45073], [78.59083, 17.45074], [78.58928, 17.45385], [78.58997, 17.45421], [78.59042, 17.45446], [78.59041, 17.45449], [78.59036, 17.4546], [78.5903, 17.45463], [78.59021, 17.45464], [78.59009, 17.45465], [78.59026, 17.45571], [78.59026, 17.45585], [78.59061, 17.45913], [78.59064, 17.4594], [78.58757, 17.45971], [78.58614, 17.45983], [78.58449, 17.46002], [78.58392, 17.46008], [78.58374, 17.46002], [78.5836, 17.45989], [78.5836, 17.45992], [78.5837, 17.46026], [78.58376, 17.46071], [78.58379, 17.46119], [78.58386, 17.46178], [78.58394, 17.46266], [78.58019, 17.46304], [78.57994, 17.46275], [78.57974, 17.46249], [78.57944, 17.46247], [78.57714, 17.46207], [78.5768, 17.46261], [78.57608, 17.46379], [78.57608, 17.46379], [78.57599, 17.46393], [78.57542, 17.46487], [78.5751, 17.46539], [78.57491, 17.4657], [78.57467, 17.46608], [78.57392, 17.46731], [78.57389, 17.46737], [78.57365, 17.46775], [78.57348, 17.46802], [78.5733, 17.46834], [78.57325, 17.46842], [78.57308, 17.46868], [78.57303, 17.46877], [78.57285, 17.46906], [78.57278, 17.46917], [78.5726, 17.46943], [78.57237, 17.46982], [78.57205, 17.47037], [78.57194, 17.47057], [78.57164, 17.47101], [78.57144, 17.47134], [78.57122, 17.4717], [78.57114, 17.47183], [78.57113, 17.47188], [78.57039, 17.47303], [78.57083, 17.47339], [78.57083, 17.47339], [78.57082, 17.4734], [78.57082, 17.4734], [78.57081, 17.47341], [78.57081, 17.47341], [78.57081, 17.47342], [78.5708, 17.47343], [78.5708, 17.47343], [78.5708, 17.47344], [78.5708, 17.47345], [78.5708, 17.47346], [78.5708, 17.47347], [78.5708, 17.47348], [78.57081, 17.47349], [78.57081, 17.4735], [78.57082, 17.4735], [78.57083, 17.47351], [78.57084, 17.47352], [78.5698, 17.47376], [78.56934, 17.47392], [78.56922, 17.47396], [78.56917, 17.47398], [78.56908, 17.47403], [78.56899, 17.47407], [78.5689, 17.47413], [78.56882, 17.47419], [78.56874, 17.47426], [78.56864, 17.47435], [78.56859, 17.47441], [78.56853, 17.47447], [78.56851, 17.4745], [78.56868, 17.47496], [78.56883, 17.47496], [78.56927, 17.47493], [78.56967, 17.47483], [78.5705, 17.47463], [78.57056, 17.47461], [78.57057, 17.47494], [78.57057, 17.47547], [78.57056, 17.47556], [78.57053, 17.47651], [78.57051, 17.47687], [78.57049, 17.47728], [78.57065, 17.47729], [78.57127, 17.47732], [78.57178, 17.47734], [78.57226, 17.47737], [78.57268, 17.47739], [78.57321, 17.47743], [78.5734, 17.47746], [78.57351, 17.47766], [78.57365, 17.47791], [78.57379, 17.47822], [78.57349, 17.47836], [78.57315, 17.4785], [78.57296, 17.47858], [78.57275, 17.47867], [78.57258, 17.47874], [78.57232, 17.47886], [78.57219, 17.47893], [78.57215, 17.47894], [78.57207, 17.47895], [78.57206, 17.47905], [78.57189, 17.47903], [78.57159, 17.47901], [78.5712, 17.479], [78.57118, 17.47981], [78.57059, 17.47978], [78.57056, 17.48042], [78.57055, 17.48083], [78.57057, 17.48083], [78.57072, 17.48084], [78.57095, 17.48087], [78.57118, 17.48088], [78.57132, 17.4809], [78.57132, 17.48094], [78.57131, 17.48099], [78.57128, 17.48101], [78.57122, 17.48102], [78.5711, 17.48105], [78.57105, 17.48107], [78.57102, 17.48108], [78.57101, 17.48111], [78.57101, 17.48115], [78.57107, 17.48148], [78.57119, 17.48209], [78.57124, 17.48244], [78.57125, 17.48249], [78.571, 17.48254], [78.57106, 17.48289], [78.57123, 17.48383], [78.57123, 17.48383], [78.57125, 17.48384], [78.57128, 17.48385], [78.57129, 17.48386], [78.5713, 17.48388], [78.57131, 17.48393], [78.57133, 17.484], [78.57138, 17.48427], [78.57143, 17.48459], [78.57165, 17.4855], [78.57306, 17.48492], [78.57325, 17.48488], [78.57332, 17.48485], [78.57352, 17.48475], [78.57376, 17.48467], [78.57391, 17.48462], [78.57406, 17.48456], [78.57411, 17.48454], [78.5741, 17.485], [78.57467, 17.48548], [78.57473, 17.48552], [78.57495, 17.48548], [78.57502, 17.48547], [78.57503, 17.4855], [78.57514, 17.48598], [78.57523, 17.48632], [78.57527, 17.48645], [78.5753, 17.48653], [78.57495, 17.48662], [78.57481, 17.48715], [78.57469, 17.48766], [78.57482, 17.48809], [78.57492, 17.48807], [78.5754, 17.48799], [78.57562, 17.48793], [78.57586, 17.48788], [78.57622, 17.4878], [78.57623, 17.48779], [78.57628, 17.48777], [78.57632, 17.48773], [78.57666, 17.48766], [78.57693, 17.48761], [78.57718, 17.48855], [78.57708, 17.48856], [78.57697, 17.48857], [78.57708, 17.48896], [78.57728, 17.48891], [78.57749, 17.48958], [78.5779, 17.48944], [78.57817, 17.48933], [78.57829, 17.48921], [78.57872, 17.4891], [78.57911, 17.48905], [78.57942, 17.489], [78.57968, 17.48903], [78.57994, 17.48897], [78.58045, 17.48884], [78.581, 17.48871], [78.58188, 17.4885], [78.5822, 17.48841], [78.58239, 17.48826], [78.58262, 17.48814], [78.58266, 17.48829], [78.58277, 17.48875], [78.5829, 17.48915], [78.58301, 17.48962], [78.58345, 17.48951], [78.58373, 17.48963], [78.58477, 17.48974], [78.58487, 17.49101], [78.58495, 17.49221], [78.58536, 17.4927], [78.58555, 17.49271], [78.58581, 17.49271], [78.58611, 17.49272], [78.58622, 17.49273], [78.58626, 17.49275], [78.58647, 17.49276], [78.58682, 17.49277], [78.58726, 17.49279], [78.58739, 17.4928], [78.58741, 17.49266]]]}}, {"type": "Feature", "properties": {"name": "96-YOUSUFGUDA", "hospital_count": 8, "circle": "19-YOUSUFGUDA", "zone": "SERILINGAMPALLY ZONE", "ward_no": 96}, "geometry": {"type": "Polygon", "coordinates": [[[78.41428, 17.44336], [78.41312, 17.4445], [78.41229, 17.44548], [78.41197, 17.44565], [78.41204, 17.44583], [78.41207, 17.44591], [78.41209, 17.44596], [78.41213, 17.44593], [78.41248, 17.44574], [78.41357, 17.44565], [78.41404, 17.44566], [78.41456, 17.44569], [78.41518, 17.44564], [78.41549, 17.44561], [78.41557, 17.44565], [78.41565, 17.44563], [78.41575, 17.44561], [78.4158, 17.4456], [78.41584, 17.44559], [78.41589, 17.44558], [78.41597, 17.44556], [78.41606, 17.44555], [78.41617, 17.44553], [78.41627, 17.44552], [78.41629, 17.44551], [78.41629, 17.44551], [78.41629, 17.44551], [78.41629, 17.44551], [78.4163, 17.44551], [78.4163, 17.44552], [78.4163, 17.44552], [78.4163, 17.44552], [78.4163, 17.44552], [78.41631, 17.44552], [78.41631, 17.44552], [78.41637, 17.44561], [78.41647, 17.44571], [78.41668, 17.4455], [78.41686, 17.44537], [78.41702, 17.4451], [78.41734, 17.44455], [78.4176, 17.44411], [78.41781, 17.44368], [78.41787, 17.44353], [78.41833, 17.44253], [78.4188, 17.44169], [78.41915, 17.44098], [78.41943, 17.44075], [78.41962, 17.44048], [78.42045, 17.43988], [78.42071, 17.43977], [78.42194, 17.43926], [78.42293, 17.43895], [78.42299, 17.4389], [78.42303, 17.43891], [78.42311, 17.43888], [78.42319, 17.43899], [78.42326, 17.43908], [78.42334, 17.43918], [78.42348, 17.43934], [78.42356, 17.43942], [78.4236, 17.43946], [78.42391, 17.43933], [78.42448, 17.43919], [78.42476, 17.43908], [78.42518, 17.43892], [78.42555, 17.43878], [78.42578, 17.4387], [78.426, 17.43862], [78.42605, 17.4386], [78.42612, 17.43857], [78.42619, 17.43853], [78.42624, 17.4385], [78.42631, 17.43845], [78.42636, 17.43841], [78.4264, 17.43838], [78.42642, 17.43836], [78.42644, 17.43832], [78.42647, 17.43828], [78.42649, 17.43824], [78.42649, 17.43823], [78.4265, 17.43821], [78.42651, 17.43818], [78.42658, 17.43815], [78.42659, 17.43814], [78.42671, 17.43809], [78.42687, 17.438], [78.42703, 17.43793], [78.42718, 17.43786], [78.42728, 17.43781], [78.42741, 17.43775], [78.42761, 17.43767], [78.42772, 17.43762], [78.42787, 17.43756], [78.42796, 17.43751], [78.42812, 17.43743], [78.42818, 17.4374], [78.42819, 17.4374], [78.42822, 17.43738], [78.42823, 17.43738], [78.42821, 17.4373], [78.42819, 17.4372], [78.42816, 17.43713], [78.42812, 17.43702], [78.42808, 17.43693], [78.42804, 17.43681], [78.42819, 17.43678], [78.42823, 17.43677], [78.42845, 17.43672], [78.42848, 17.43671], [78.42855, 17.4367], [78.42863, 17.43668], [78.42873, 17.43666], [78.42887, 17.43662], [78.42897, 17.43659], [78.42909, 17.43655], [78.42925, 17.43649], [78.42939, 17.43644], [78.42958, 17.43638], [78.42983, 17.4363], [78.42993, 17.43626], [78.43004, 17.43623], [78.43029, 17.43615], [78.43055, 17.43607], [78.43097, 17.43592], [78.43118, 17.43586], [78.43133, 17.43581], [78.4314, 17.4358], [78.43148, 17.43579], [78.4315, 17.43579], [78.43152, 17.43579], [78.43155, 17.43579], [78.43158, 17.43579], [78.43163, 17.4358], [78.43168, 17.43582], [78.43169, 17.43582], [78.43171, 17.4358], [78.43174, 17.43577], [78.43177, 17.43576], [78.43181, 17.43573], [78.43185, 17.43571], [78.43186, 17.4357], [78.43187, 17.43574], [78.43188, 17.43576], [78.4319, 17.43579], [78.43192, 17.43582], [78.43194, 17.43584], [78.43197, 17.43586], [78.43202, 17.43591], [78.43206, 17.43596], [78.4321, 17.43601], [78.43212, 17.43604], [78.43213, 17.43605], [78.43219, 17.43615], [78.4322, 17.43617], [78.43223, 17.43622], [78.43223, 17.43623], [78.43223, 17.43624], [78.43223, 17.43625], [78.43223, 17.43625], [78.43223, 17.43626], [78.43222, 17.43627], [78.43222, 17.43627], [78.43221, 17.43628], [78.43221, 17.43628], [78.43229, 17.43636], [78.43235, 17.4364], [78.4324, 17.43643], [78.43244, 17.43645], [78.43249, 17.43647], [78.43258, 17.4365], [78.43268, 17.43654], [78.43271, 17.43655], [78.43273, 17.43655], [78.43276, 17.43656], [78.43277, 17.43656], [78.4328, 17.43656], [78.43282, 17.43656], [78.43289, 17.43656], [78.43296, 17.43655], [78.43304, 17.43653], [78.43307, 17.43653], [78.43311, 17.43651], [78.43318, 17.43649], [78.43323, 17.43647], [78.43331, 17.43643], [78.43338, 17.4364], [78.43339, 17.4364], [78.4334, 17.4364], [78.43342, 17.43639], [78.43343, 17.4364], [78.43344, 17.4364], [78.43346, 17.43641], [78.43348, 17.43642], [78.4335, 17.43645], [78.4335, 17.43647], [78.43351, 17.43649], [78.43354, 17.43649], [78.43361, 17.4365], [78.43366, 17.4365], [78.43368, 17.4365], [78.43376, 17.43649], [78.43389, 17.43648], [78.43396, 17.43647], [78.43408, 17.43646], [78.4342, 17.43646], [78.43432, 17.43645], [78.43446, 17.43645], [78.43453, 17.43645], [78.43464, 17.43644], [78.43476, 17.43644], [78.43488, 17.43643], [78.435, 17.43642], [78.43513, 17.43641], [78.43539, 17.43638], [78.43551, 17.43636], [78.43563, 17.43634], [78.43575, 17.43632], [78.43585, 17.43631], [78.43594, 17.43629], [78.43601, 17.43627], [78.4361, 17.43626], [78.43633, 17.43622], [78.43652, 17.43618], [78.43676, 17.43615], [78.43693, 17.43613], [78.43713, 17.43612], [78.4372, 17.43611], [78.43734, 17.43611], [78.43742, 17.4361], [78.4375, 17.4361], [78.43763, 17.4361], [78.43775, 17.43609], [78.43788, 17.43609], [78.43797, 17.43609], [78.43808, 17.4361], [78.43819, 17.43612], [78.43828, 17.43613], [78.43845, 17.43617], [78.43865, 17.43621], [78.43879, 17.43624], [78.43893, 17.43627], [78.43908, 17.4363], [78.43921, 17.43634], [78.43931, 17.43637], [78.43941, 17.4364], [78.43949, 17.43643], [78.43951, 17.43644], [78.43957, 17.43646], [78.43963, 17.4365], [78.43967, 17.43653], [78.43971, 17.43656], [78.43977, 17.4366], [78.43973, 17.43647], [78.43962, 17.43642], [78.43957, 17.4364], [78.43942, 17.43563], [78.43942, 17.43563], [78.43937, 17.43543], [78.43923, 17.43492], [78.439, 17.43412], [78.43897, 17.434], [78.43893, 17.43392], [78.43888, 17.43393], [78.43882, 17.43395], [78.43876, 17.43377], [78.43866, 17.43377], [78.43857, 17.43362], [78.43854, 17.43362], [78.43843, 17.43364], [78.43832, 17.43366], [78.4383, 17.43366], [78.43826, 17.43367], [78.43768, 17.43373], [78.43767, 17.43373], [78.43744, 17.43378], [78.43728, 17.43381], [78.43716, 17.43384], [78.43706, 17.43386], [78.43704, 17.43386], [78.4366, 17.43401], [78.43637, 17.4341], [78.43615, 17.43421], [78.43594, 17.43441], [78.43589, 17.43446], [78.43577, 17.43457], [78.43562, 17.43469], [78.43552, 17.43477], [78.43543, 17.43485], [78.43531, 17.43494], [78.43526, 17.43499], [78.43516, 17.43508], [78.43503, 17.43517], [78.43494, 17.43525], [78.43482, 17.43536], [78.43472, 17.43544], [78.43462, 17.43534], [78.43447, 17.43521], [78.43396, 17.4347], [78.43395, 17.43469], [78.43362, 17.43432], [78.43342, 17.43407], [78.4333, 17.43392], [78.43321, 17.43376], [78.43311, 17.43361], [78.43296, 17.43331], [78.43276, 17.43289], [78.43274, 17.43285], [78.43272, 17.43281], [78.4326, 17.43256], [78.43249, 17.43236], [78.43231, 17.432], [78.43226, 17.43186], [78.43224, 17.43182], [78.43216, 17.43159], [78.43189, 17.43076], [78.43189, 17.43073], [78.43188, 17.43069], [78.43187, 17.4304], [78.43186, 17.43026], [78.43185, 17.42999], [78.43183, 17.42969], [78.43163, 17.4297], [78.43144, 17.42971], [78.43116, 17.42973], [78.43104, 17.42974], [78.43086, 17.42974], [78.43071, 17.42975], [78.4305, 17.42975], [78.43033, 17.42975], [78.43015, 17.42975], [78.43003, 17.42975], [78.42964, 17.42976], [78.42949, 17.42977], [78.42936, 17.42977], [78.4292, 17.42977], [78.42902, 17.42977], [78.42887, 17.42978], [78.42873, 17.42978], [78.42854, 17.42979], [78.42842, 17.42979], [78.42831, 17.42979], [78.42821, 17.42979], [78.42814, 17.42979], [78.428, 17.4298], [78.42782, 17.4298], [78.42765, 17.4298], [78.42748, 17.42981], [78.42733, 17.42981], [78.42721, 17.42981], [78.42685, 17.42981], [78.42669, 17.42981], [78.42653, 17.42979], [78.4264, 17.42979], [78.4263, 17.42979], [78.42622, 17.4298], [78.42617, 17.4298], [78.42599, 17.42982], [78.4258, 17.42984], [78.42561, 17.42987], [78.42544, 17.4299], [78.42524, 17.42995], [78.42532, 17.43013], [78.42534, 17.43018], [78.425, 17.43031], [78.42464, 17.43045], [78.42435, 17.43056], [78.42389, 17.43076], [78.42309, 17.43106], [78.42281, 17.43116], [78.4226, 17.43124], [78.42252, 17.43127], [78.4224, 17.4313], [78.42228, 17.43134], [78.42217, 17.43138], [78.42212, 17.43139], [78.42209, 17.43139], [78.42206, 17.43139], [78.42205, 17.43138], [78.42202, 17.43138], [78.42201, 17.43137], [78.42195, 17.43134], [78.42183, 17.43128], [78.42174, 17.43123], [78.4217, 17.43122], [78.42169, 17.43121], [78.42166, 17.43121], [78.42163, 17.43121], [78.42158, 17.43121], [78.42145, 17.43123], [78.42122, 17.43127], [78.42108, 17.4313], [78.42102, 17.43116], [78.42095, 17.43099], [78.4209, 17.43086], [78.42083, 17.43072], [78.42082, 17.43069], [78.4208, 17.43065], [78.42072, 17.43061], [78.42052, 17.43052], [78.42031, 17.43043], [78.42025, 17.43044], [78.42017, 17.43045], [78.42008, 17.4305], [78.41989, 17.43069], [78.41981, 17.43076], [78.41975, 17.43081], [78.41973, 17.43084], [78.42, 17.43105], [78.42007, 17.43111], [78.42046, 17.43138], [78.4205, 17.43146], [78.42051, 17.43154], [78.4205, 17.43161], [78.42047, 17.43166], [78.42038, 17.43172], [78.42026, 17.43176], [78.4198, 17.43179], [78.41971, 17.43178], [78.41966, 17.43178], [78.41915, 17.43179], [78.41903, 17.43182], [78.41897, 17.43183], [78.41878, 17.4319], [78.41849, 17.43203], [78.41839, 17.43208], [78.41788, 17.43231], [78.41741, 17.43253], [78.41732, 17.43262], [78.41731, 17.43264], [78.41727, 17.43271], [78.41724, 17.43278], [78.41718, 17.4329], [78.41702, 17.43323], [78.41686, 17.43343], [78.41659, 17.43374], [78.41632, 17.434], [78.4163, 17.43402], [78.41625, 17.43405], [78.41608, 17.43416], [78.41583, 17.43426], [78.41561, 17.43432], [78.41546, 17.43436], [78.41539, 17.43438], [78.41538, 17.43442], [78.41539, 17.4345], [78.4154, 17.43454], [78.41541, 17.43458], [78.41545, 17.43474], [78.4155, 17.43491], [78.41554, 17.43507], [78.4156, 17.43525], [78.41563, 17.43532], [78.41573, 17.43563], [78.41526, 17.43573], [78.41529, 17.43614], [78.4154, 17.43615], [78.41541, 17.43619], [78.41543, 17.43628], [78.41545, 17.43632], [78.4155, 17.43652], [78.41557, 17.43672], [78.41567, 17.43709], [78.41568, 17.43712], [78.41572, 17.43723], [78.41588, 17.4377], [78.41603, 17.43811], [78.41541, 17.43835], [78.41472, 17.43862], [78.4151, 17.43971], [78.41513, 17.43976], [78.41543, 17.4406], [78.41567, 17.44111], [78.41508, 17.4414], [78.41516, 17.44159], [78.41491, 17.4417], [78.41509, 17.44206], [78.41494, 17.44214], [78.41502, 17.44253], [78.4147, 17.44269], [78.41482, 17.44302], [78.41428, 17.44336]]]}}, {"type": "Feature", "properties": {"name": "95-JUBILEE HILLS", "hospital_count": 27, "circle": "18-JUBILEE HILLS", "zone": "KHAIRATHABAD ZONE", "ward_no": 95}, "geometry": {"type": "Polygon", "coordinates": [[[78.40926, 17.44626], [78.40939, 17.44625], [78.40951, 17.44624], [78.40974, 17.44623], [78.40987, 17.44622], [78.41003, 17.4462], [78.41019, 17.44619], [78.41031, 17.44617], [78.41047, 17.44615], [78.41063, 17.44613], [78.41077, 17.44611], [78.41091, 17.44609], [78.41101, 17.44607], [78.41112, 17.44606], [78.41131, 17.44603], [78.41143, 17.44597], [78.41144, 17.44575], [78.4115, 17.44574], [78.41153, 17.44574], [78.41165, 17.44614], [78.41209, 17.44596], [78.41207, 17.44591], [78.41204, 17.44583], [78.41197, 17.44565], [78.41229, 17.44548], [78.41312, 17.4445], [78.41428, 17.44336], [78.41482, 17.44302], [78.4147, 17.44269], [78.41502, 17.44253], [78.41494, 17.44214], [78.41509, 17.44206], [78.41491, 17.4417], [78.41516, 17.44159], [78.41508, 17.4414], [78.41547, 17.44121], [78.41567, 17.44111], [78.41543, 17.4406], [78.41513, 17.43976], [78.4151, 17.43971], [78.41472, 17.43862], [78.41535, 17.43838], [78.41541, 17.43835], [78.41603, 17.43811], [78.41572, 17.43723], [78.41568, 17.43712], [78.41567, 17.43709], [78.41557, 17.43672], [78.41545, 17.43632], [78.41543, 17.43628], [78.4154, 17.43615], [78.41529, 17.43614], [78.41526, 17.43573], [78.41573, 17.43563], [78.41563, 17.43532], [78.4156, 17.43525], [78.41554, 17.43507], [78.4155, 17.43491], [78.41545, 17.43474], [78.41541, 17.43458], [78.4154, 17.43454], [78.41539, 17.4345], [78.41538, 17.43442], [78.41539, 17.43438], [78.41546, 17.43436], [78.41583, 17.43426], [78.41608, 17.43416], [78.4163, 17.43402], [78.41632, 17.434], [78.41659, 17.43374], [78.41686, 17.43343], [78.41702, 17.43323], [78.41724, 17.43278], [78.41727, 17.43271], [78.41731, 17.43264], [78.41732, 17.43262], [78.41741, 17.43253], [78.41788, 17.43231], [78.41849, 17.43203], [78.41878, 17.4319], [78.41897, 17.43183], [78.41903, 17.43182], [78.41915, 17.43179], [78.41966, 17.43178], [78.4198, 17.43179], [78.42026, 17.43176], [78.42038, 17.43172], [78.42047, 17.43166], [78.4205, 17.43161], [78.42051, 17.43154], [78.4205, 17.43146], [78.42046, 17.43138], [78.42007, 17.43111], [78.42, 17.43105], [78.41973, 17.43084], [78.41975, 17.43081], [78.41981, 17.43076], [78.41989, 17.43069], [78.42008, 17.4305], [78.42017, 17.43045], [78.42025, 17.43044], [78.42031, 17.43043], [78.42052, 17.43052], [78.42072, 17.43061], [78.4208, 17.43065], [78.42082, 17.43069], [78.4209, 17.43086], [78.42095, 17.43099], [78.42102, 17.43116], [78.42108, 17.4313], [78.42122, 17.43127], [78.42145, 17.43123], [78.42158, 17.43121], [78.42163, 17.43121], [78.42166, 17.43121], [78.42169, 17.43121], [78.4217, 17.43122], [78.42174, 17.43123], [78.42183, 17.43128], [78.42195, 17.43134], [78.42201, 17.43137], [78.42202, 17.43138], [78.42205, 17.43138], [78.42206, 17.43139], [78.42209, 17.43139], [78.42212, 17.43139], [78.42217, 17.43138], [78.42228, 17.43134], [78.4224, 17.4313], [78.42252, 17.43127], [78.4226, 17.43124], [78.42281, 17.43116], [78.42309, 17.43106], [78.42389, 17.43076], [78.42435, 17.43056], [78.42464, 17.43045], [78.425, 17.43031], [78.42534, 17.43018], [78.42532, 17.43013], [78.42524, 17.42995], [78.42544, 17.4299], [78.42561, 17.42987], [78.4258, 17.42984], [78.42599, 17.42982], [78.42617, 17.4298], [78.42622, 17.4298], [78.4263, 17.42979], [78.4264, 17.42979], [78.42653, 17.42979], [78.42669, 17.42981], [78.42685, 17.42981], [78.42721, 17.42981], [78.42733, 17.42981], [78.42748, 17.42981], [78.42765, 17.4298], [78.42782, 17.4298], [78.428, 17.4298], [78.42814, 17.42979], [78.42821, 17.42979], [78.42831, 17.42979], [78.42842, 17.42979], [78.42854, 17.42979], [78.42873, 17.42978], [78.42887, 17.42978], [78.42902, 17.42977], [78.4292, 17.42977], [78.42936, 17.42977], [78.42949, 17.42977], [78.42964, 17.42976], [78.43003, 17.42975], [78.43015, 17.42975], [78.43033, 17.42975], [78.4305, 17.42975], [78.43071, 17.42975], [78.43086, 17.42974], [78.43104, 17.42974], [78.43116, 17.42973], [78.43144, 17.42971], [78.43163, 17.4297], [78.43183, 17.42969], [78.43198, 17.42968], [78.4322, 17.42967], [78.43245, 17.42963], [78.43257, 17.42962], [78.43282, 17.42958], [78.43288, 17.42958], [78.43302, 17.42958], [78.4332, 17.42962], [78.43343, 17.42971], [78.43352, 17.42975], [78.43385, 17.42997], [78.434, 17.43007], [78.43407, 17.4301], [78.43414, 17.43013], [78.43428, 17.43017], [78.43445, 17.4302], [78.43453, 17.43021], [78.43465, 17.43021], [78.43489, 17.43021], [78.43506, 17.43021], [78.43527, 17.4302], [78.43544, 17.4302], [78.43563, 17.4302], [78.43588, 17.43019], [78.43657, 17.4302], [78.43657, 17.43012], [78.43656, 17.42984], [78.43657, 17.4296], [78.43656, 17.42921], [78.43657, 17.429], [78.43657, 17.42892], [78.43656, 17.42881], [78.43655, 17.42875], [78.43795, 17.42852], [78.43793, 17.42825], [78.43792, 17.42818], [78.43792, 17.42816], [78.43797, 17.42813], [78.43805, 17.4281], [78.43812, 17.42809], [78.43822, 17.42806], [78.43834, 17.42804], [78.43847, 17.42802], [78.43861, 17.428], [78.43875, 17.42796], [78.43889, 17.42792], [78.43891, 17.42792], [78.43898, 17.42789], [78.439, 17.42789], [78.43906, 17.42785], [78.43915, 17.42781], [78.43925, 17.42776], [78.43934, 17.42771], [78.43943, 17.42768], [78.43963, 17.42763], [78.43964, 17.42756], [78.43967, 17.42709], [78.43933, 17.42698], [78.43876, 17.42675], [78.4385, 17.42652], [78.43828, 17.42635], [78.4382, 17.42635], [78.43805, 17.42633], [78.43784, 17.42631], [78.43772, 17.4263], [78.4376, 17.42624], [78.4374, 17.42616], [78.43713, 17.42602], [78.43675, 17.42591], [78.43583, 17.42567], [78.43465, 17.42537], [78.4335, 17.42502], [78.43251, 17.42478], [78.4293, 17.42413], [78.4287, 17.42398], [78.42795, 17.42372], [78.42685, 17.42326], [78.42651, 17.4231], [78.42646, 17.42303], [78.42636, 17.42307], [78.42635, 17.42307], [78.42634, 17.42307], [78.42628, 17.42309], [78.42618, 17.42311], [78.42605, 17.42316], [78.42592, 17.42319], [78.42584, 17.42322], [78.42579, 17.42323], [78.42571, 17.42327], [78.42552, 17.42334], [78.42544, 17.42337], [78.42535, 17.4234], [78.42525, 17.42344], [78.42515, 17.42348], [78.42506, 17.42351], [78.42498, 17.42354], [78.42487, 17.42358], [78.42479, 17.42361], [78.42468, 17.42365], [78.42461, 17.42368], [78.42449, 17.42372], [78.42441, 17.42375], [78.42425, 17.42381], [78.42414, 17.42385], [78.42403, 17.42389], [78.42397, 17.42391], [78.42386, 17.42395], [78.42381, 17.42397], [78.4236, 17.42405], [78.42346, 17.4241], [78.42337, 17.42414], [78.42326, 17.42418], [78.42308, 17.42425], [78.42299, 17.42428], [78.42294, 17.4243], [78.42274, 17.42437], [78.42267, 17.4244], [78.42255, 17.42444], [78.42244, 17.42448], [78.42239, 17.4245], [78.42221, 17.42457], [78.42202, 17.42463], [78.42183, 17.4247], [78.42156, 17.42481], [78.42134, 17.42489], [78.42117, 17.42495], [78.42102, 17.425], [78.42102, 17.425], [78.42102, 17.425], [78.42102, 17.42501], [78.42102, 17.42501], [78.42102, 17.42501], [78.42058, 17.42517], [78.41882, 17.42582], [78.41764, 17.42622], [78.41756, 17.42625], [78.41749, 17.42627], [78.41746, 17.42628], [78.41742, 17.42629], [78.41732, 17.42632], [78.41727, 17.42633], [78.41722, 17.42635], [78.41715, 17.42637], [78.4171, 17.42638], [78.41702, 17.4264], [78.41694, 17.42642], [78.41681, 17.42646], [78.41675, 17.42648], [78.41669, 17.42649], [78.4166, 17.42652], [78.41652, 17.42653], [78.41646, 17.42654], [78.41641, 17.42655], [78.41635, 17.42655], [78.41628, 17.42656], [78.41623, 17.42656], [78.41608, 17.42656], [78.416, 17.42656], [78.41592, 17.42656], [78.41582, 17.42656], [78.41577, 17.42656], [78.41576, 17.42656], [78.41576, 17.42656], [78.41576, 17.42656], [78.41576, 17.42656], [78.41575, 17.42657], [78.41575, 17.42657], [78.41553, 17.42655], [78.41544, 17.42655], [78.41542, 17.42657], [78.4154, 17.42655], [78.41533, 17.42647], [78.41528, 17.42641], [78.41521, 17.42635], [78.41513, 17.42627], [78.41504, 17.42618], [78.41494, 17.42607], [78.41486, 17.42598], [78.41479, 17.4259], [78.41472, 17.42581], [78.41466, 17.42572], [78.41461, 17.42565], [78.41458, 17.42556], [78.41456, 17.42551], [78.41454, 17.42547], [78.4145, 17.42542], [78.41442, 17.42534], [78.41435, 17.42526], [78.41429, 17.4252], [78.41424, 17.42515], [78.41414, 17.42505], [78.41405, 17.42495], [78.41391, 17.42481], [78.41386, 17.42476], [78.41378, 17.42468], [78.4137, 17.4246], [78.41364, 17.42453], [78.4136, 17.42449], [78.41353, 17.42442], [78.41346, 17.42434], [78.41341, 17.42429], [78.41335, 17.42423], [78.41333, 17.42421], [78.41331, 17.42419], [78.41329, 17.42416], [78.41326, 17.4241], [78.41323, 17.42405], [78.4132, 17.42397], [78.41319, 17.42394], [78.41317, 17.4239], [78.41312, 17.42382], [78.4131, 17.4238], [78.41306, 17.42376], [78.413, 17.42372], [78.41293, 17.42369], [78.41285, 17.42365], [78.41274, 17.42361], [78.41265, 17.42358], [78.41255, 17.42354], [78.41247, 17.42351], [78.41238, 17.42348], [78.41225, 17.42344], [78.41215, 17.4234], [78.41203, 17.42337], [78.41192, 17.42333], [78.41188, 17.42332], [78.4118, 17.4233], [78.41171, 17.42326], [78.41167, 17.42324], [78.41155, 17.42318], [78.41147, 17.42313], [78.41137, 17.42308], [78.41134, 17.42306], [78.4113, 17.42302], [78.41127, 17.42298], [78.41124, 17.42294], [78.41123, 17.42291], [78.4112, 17.42283], [78.41117, 17.42275], [78.41115, 17.4227], [78.41115, 17.42267], [78.41114, 17.42264], [78.41113, 17.42261], [78.41112, 17.42255], [78.4111, 17.4225], [78.41108, 17.42244], [78.41106, 17.4224], [78.41104, 17.42233], [78.41102, 17.42227], [78.41101, 17.42224], [78.411, 17.42221], [78.41099, 17.42218], [78.41098, 17.42214], [78.41094, 17.422], [78.41092, 17.42192], [78.41091, 17.42187], [78.4109, 17.42184], [78.41086, 17.42175], [78.41084, 17.4217], [78.41083, 17.42167], [78.41081, 17.42164], [78.4108, 17.42161], [78.41079, 17.42159], [78.41076, 17.4215], [78.41076, 17.42148], [78.41075, 17.42143], [78.41075, 17.42141], [78.41074, 17.42138], [78.41075, 17.42134], [78.41075, 17.4213], [78.41077, 17.42126], [78.41077, 17.42124], [78.41078, 17.42123], [78.41078, 17.42122], [78.41081, 17.42118], [78.41084, 17.42114], [78.41087, 17.4211], [78.41089, 17.42108], [78.41094, 17.42104], [78.41098, 17.421], [78.41101, 17.42098], [78.41104, 17.42096], [78.4111, 17.42091], [78.4112, 17.42082], [78.4113, 17.42072], [78.41136, 17.42067], [78.41139, 17.42064], [78.41146, 17.42058], [78.41155, 17.4205], [78.4116, 17.42045], [78.41163, 17.42042], [78.41169, 17.42037], [78.41176, 17.42031], [78.41183, 17.42025], [78.41189, 17.42019], [78.41195, 17.42013], [78.41201, 17.42008], [78.41205, 17.42004], [78.41209, 17.42001], [78.41215, 17.41994], [78.41217, 17.4199], [78.4122, 17.41987], [78.41222, 17.41985], [78.41224, 17.4198], [78.41226, 17.41977], [78.41229, 17.41973], [78.41231, 17.4197], [78.41233, 17.41966], [78.41235, 17.41961], [78.41238, 17.41955], [78.41241, 17.41948], [78.41243, 17.41941], [78.41246, 17.41934], [78.41247, 17.41932], [78.41248, 17.41928], [78.4125, 17.41922], [78.41251, 17.41919], [78.4126, 17.41921], [78.41263, 17.41914], [78.41264, 17.4191], [78.41266, 17.41906], [78.41267, 17.41901], [78.4127, 17.41893], [78.41273, 17.41887], [78.41275, 17.41883], [78.41276, 17.4188], [78.41279, 17.41876], [78.41281, 17.41872], [78.41283, 17.4187], [78.41285, 17.41867], [78.41286, 17.41866], [78.4129, 17.41863], [78.41293, 17.41861], [78.41297, 17.41858], [78.41303, 17.41854], [78.41316, 17.41845], [78.41322, 17.41841], [78.41327, 17.41838], [78.41329, 17.41836], [78.41332, 17.41835], [78.41335, 17.41833], [78.41339, 17.4183], [78.41342, 17.41827], [78.41346, 17.41824], [78.41349, 17.41821], [78.41355, 17.41816], [78.4136, 17.41812], [78.41366, 17.41808], [78.41372, 17.41804], [78.41377, 17.418], [78.41384, 17.41795], [78.41393, 17.41789], [78.41399, 17.41786], [78.41409, 17.41781], [78.41418, 17.41777], [78.41423, 17.41775], [78.41431, 17.41773], [78.41438, 17.41771], [78.41446, 17.41769], [78.41452, 17.41767], [78.41472, 17.41762], [78.41503, 17.41755], [78.41519, 17.41751], [78.4154, 17.41746], [78.41555, 17.41742], [78.41572, 17.41738], [78.41581, 17.41736], [78.4159, 17.41734], [78.41603, 17.4173], [78.41614, 17.41728], [78.41629, 17.41724], [78.41665, 17.41715], [78.4168, 17.41711], [78.417, 17.41706], [78.41722, 17.41702], [78.41725, 17.41701], [78.41732, 17.417], [78.41741, 17.41698], [78.41752, 17.41697], [78.41762, 17.41695], [78.41768, 17.41693], [78.41777, 17.4169], [78.41786, 17.41686], [78.41798, 17.41679], [78.41802, 17.41676], [78.41807, 17.41671], [78.41813, 17.41665], [78.41817, 17.4166], [78.41825, 17.41652], [78.4183, 17.41648], [78.41834, 17.41645], [78.41842, 17.4164], [78.41851, 17.41634], [78.41855, 17.41632], [78.41862, 17.41629], [78.41873, 17.41625], [78.41879, 17.41623], [78.41889, 17.4162], [78.419, 17.41616], [78.41914, 17.41612], [78.4192, 17.41611], [78.41936, 17.41608], [78.41942, 17.41606], [78.4195, 17.41605], [78.41957, 17.41605], [78.41965, 17.41606], [78.41973, 17.41608], [78.41979, 17.4161], [78.41986, 17.41613], [78.41999, 17.41619], [78.42009, 17.41624], [78.4202, 17.41629], [78.42028, 17.41633], [78.42038, 17.41638], [78.42044, 17.41639], [78.42051, 17.41641], [78.42059, 17.41641], [78.42066, 17.41642], [78.42074, 17.41642], [78.4208, 17.41641], [78.42086, 17.4164], [78.42089, 17.41639], [78.42092, 17.41638], [78.42095, 17.41635], [78.42104, 17.41626], [78.4211, 17.41616], [78.42117, 17.41604], [78.42131, 17.41578], [78.4214, 17.41561], [78.42148, 17.41547], [78.42155, 17.41534], [78.42161, 17.41526], [78.42166, 17.41518], [78.42173, 17.41511], [78.42175, 17.41509], [78.42168, 17.41496], [78.42162, 17.41487], [78.42153, 17.4147], [78.42149, 17.41465], [78.42147, 17.41462], [78.42134, 17.41418], [78.42132, 17.41413], [78.42131, 17.41404], [78.4213, 17.41397], [78.42129, 17.41394], [78.42129, 17.4139], [78.4213, 17.4138], [78.4213, 17.41374], [78.42131, 17.41367], [78.42132, 17.41358], [78.42133, 17.41348], [78.42135, 17.4134], [78.42136, 17.41334], [78.42136, 17.41329], [78.42138, 17.41322], [78.4214, 17.41316], [78.4214, 17.41315], [78.42141, 17.41313], [78.42142, 17.41312], [78.42143, 17.41309], [78.42145, 17.41305], [78.42143, 17.41304], [78.42139, 17.41302], [78.42135, 17.413], [78.42129, 17.41297], [78.42122, 17.41294], [78.42116, 17.41291], [78.42111, 17.41289], [78.42107, 17.41287], [78.42103, 17.41285], [78.42098, 17.41283], [78.42095, 17.41281], [78.42094, 17.41281], [78.4209, 17.41279], [78.42083, 17.41275], [78.42075, 17.41271], [78.42069, 17.41267], [78.42066, 17.41265], [78.42062, 17.41262], [78.42056, 17.41258], [78.42052, 17.41255], [78.42047, 17.41251], [78.42041, 17.41246], [78.42038, 17.41243], [78.42035, 17.4124], [78.42034, 17.41237], [78.42033, 17.41235], [78.42032, 17.41231], [78.42031, 17.41225], [78.4203, 17.41219], [78.4203, 17.41215], [78.42029, 17.41211], [78.42025, 17.41201], [78.42025, 17.41198], [78.42023, 17.41193], [78.42023, 17.41191], [78.42022, 17.41188], [78.42021, 17.41184], [78.42021, 17.4118], [78.4202, 17.41176], [78.4202, 17.41174], [78.4202, 17.41171], [78.42021, 17.41166], [78.42022, 17.41162], [78.42023, 17.41159], [78.42024, 17.41156], [78.42025, 17.41152], [78.42027, 17.41148], [78.42029, 17.41145], [78.42031, 17.41141], [78.42033, 17.41138], [78.42035, 17.41135], [78.42037, 17.41132], [78.42039, 17.41129], [78.4204, 17.41127], [78.42041, 17.41124], [78.42042, 17.4112], [78.42043, 17.41114], [78.42045, 17.41108], [78.42046, 17.41105], [78.42047, 17.411], [78.42048, 17.41096], [78.4205, 17.41091], [78.42052, 17.41086], [78.42055, 17.41081], [78.42057, 17.41076], [78.42059, 17.41074], [78.42059, 17.41071], [78.4206, 17.41069], [78.4206, 17.41066], [78.4206, 17.41064], [78.4206, 17.41058], [78.42059, 17.41055], [78.42059, 17.41048], [78.42059, 17.41044], [78.42059, 17.4104], [78.42058, 17.41033], [78.42056, 17.41016], [78.42054, 17.41002], [78.42052, 17.40997], [78.42051, 17.40993], [78.4205, 17.40989], [78.42048, 17.40985], [78.42044, 17.40977], [78.42042, 17.40973], [78.42038, 17.40968], [78.42035, 17.40966], [78.42033, 17.40962], [78.4203, 17.4096], [78.42028, 17.40958], [78.42022, 17.40954], [78.4202, 17.40952], [78.42017, 17.4095], [78.42015, 17.40948], [78.42011, 17.40945], [78.42007, 17.40942], [78.42003, 17.40939], [78.41999, 17.40936], [78.41995, 17.40934], [78.4199, 17.40931], [78.41985, 17.40928], [78.41981, 17.40925], [78.41977, 17.40922], [78.41974, 17.40919], [78.41971, 17.40917], [78.41967, 17.40914], [78.41963, 17.4091], [78.41959, 17.40907], [78.41957, 17.40905], [78.41952, 17.40902], [78.41959, 17.40888], [78.41969, 17.40861], [78.4197, 17.4086], [78.41965, 17.40855], [78.41963, 17.40852], [78.41963, 17.40847], [78.41964, 17.40841], [78.41966, 17.40836], [78.41968, 17.40819], [78.41969, 17.40808], [78.41969, 17.408], [78.4197, 17.40792], [78.41973, 17.40782], [78.41976, 17.40769], [78.41979, 17.40759], [78.4198, 17.40753], [78.4198, 17.40749], [78.41979, 17.40743], [78.41976, 17.40712], [78.41975, 17.4071], [78.41974, 17.40709], [78.41972, 17.40701], [78.41965, 17.40701], [78.41909, 17.40708], [78.41861, 17.40721], [78.41853, 17.40723], [78.41764, 17.40745], [78.41763, 17.40743], [78.41762, 17.40743], [78.41762, 17.40746], [78.41763, 17.40747], [78.41756, 17.40749], [78.41746, 17.40752], [78.41736, 17.40755], [78.41724, 17.40757], [78.41719, 17.40758], [78.41719, 17.40754], [78.41718, 17.4075], [78.41714, 17.40741], [78.41712, 17.40741], [78.41709, 17.4074], [78.41695, 17.4074], [78.41676, 17.4074], [78.41663, 17.4074], [78.41647, 17.4074], [78.41634, 17.4074], [78.41624, 17.40739], [78.4162, 17.40739], [78.41611, 17.40737], [78.41609, 17.40737], [78.41605, 17.40735], [78.41601, 17.40733], [78.41594, 17.4073], [78.41591, 17.40729], [78.41586, 17.40727], [78.41583, 17.40726], [78.41579, 17.40726], [78.41576, 17.40725], [78.41572, 17.40725], [78.41566, 17.40724], [78.4156, 17.40724], [78.41555, 17.40723], [78.41551, 17.40723], [78.41539, 17.40724], [78.4153, 17.40724], [78.41523, 17.40724], [78.41514, 17.40724], [78.41509, 17.40724], [78.41502, 17.40724], [78.41495, 17.40724], [78.41489, 17.40724], [78.41486, 17.40725], [78.41481, 17.40725], [78.41479, 17.40726], [78.41477, 17.40726], [78.41469, 17.40726], [78.41462, 17.40726], [78.41454, 17.40726], [78.41444, 17.40727], [78.41432, 17.40727], [78.41419, 17.40728], [78.41407, 17.40728], [78.41402, 17.40727], [78.414, 17.40727], [78.414, 17.40738], [78.41402, 17.40748], [78.41403, 17.40758], [78.41404, 17.40761], [78.41405, 17.40769], [78.41401, 17.40769], [78.41388, 17.40769], [78.41376, 17.40769], [78.4137, 17.40769], [78.41365, 17.40769], [78.4135, 17.40769], [78.41337, 17.4077], [78.41337, 17.40772], [78.41338, 17.40775], [78.41339, 17.40787], [78.41342, 17.408], [78.41346, 17.40813], [78.41349, 17.40825], [78.41352, 17.40836], [78.41354, 17.40847], [78.41354, 17.40849], [78.41353, 17.40849], [78.41343, 17.40851], [78.4133, 17.40854], [78.41317, 17.40857], [78.41304, 17.4086], [78.41291, 17.40863], [78.4129, 17.40864], [78.41288, 17.40865], [78.41287, 17.40866], [78.4128, 17.40867], [78.4127, 17.40868], [78.41261, 17.4087], [78.41255, 17.40872], [78.41255, 17.40872], [78.41254, 17.40873], [78.41254, 17.40873], [78.41254, 17.40873], [78.41253, 17.40874], [78.41253, 17.40874], [78.41253, 17.40874], [78.41251, 17.40874], [78.41248, 17.40874], [78.41241, 17.40874], [78.41229, 17.40874], [78.41214, 17.40874], [78.41199, 17.40875], [78.41188, 17.40876], [78.41176, 17.40877], [78.41157, 17.40877], [78.41139, 17.40877], [78.41124, 17.40878], [78.41113, 17.4088], [78.41105, 17.4088], [78.41094, 17.40882], [78.4108, 17.40884], [78.41063, 17.40889], [78.41052, 17.40891], [78.4104, 17.40893], [78.41031, 17.40895], [78.41024, 17.40896], [78.41021, 17.40896], [78.41018, 17.40895], [78.41016, 17.40892], [78.41016, 17.40893], [78.41013, 17.40895], [78.41011, 17.40896], [78.41001, 17.40899], [78.4099, 17.40901], [78.40983, 17.40903], [78.40966, 17.40906], [78.40966, 17.40906], [78.40966, 17.40905], [78.40965, 17.40905], [78.40965, 17.40905], [78.40965, 17.40904], [78.40965, 17.40904], [78.40965, 17.40904], [78.40964, 17.40904], [78.40964, 17.40904], [78.40963, 17.40904], [78.40963, 17.40904], [78.40963, 17.40903], [78.40962, 17.40903], [78.40962, 17.40903], [78.40956, 17.40905], [78.40951, 17.40906], [78.40943, 17.40907], [78.40931, 17.40909], [78.40931, 17.4091], [78.40927, 17.4091], [78.40915, 17.40914], [78.40893, 17.40919], [78.40881, 17.40923], [78.40869, 17.40926], [78.4086, 17.40928], [78.4085, 17.40931], [78.40842, 17.40934], [78.40829, 17.40937], [78.40825, 17.40938], [78.4082, 17.40939], [78.40814, 17.4094], [78.4081, 17.40941], [78.40807, 17.40942], [78.40805, 17.40942], [78.40789, 17.40947], [78.40788, 17.40948], [78.40778, 17.4095], [78.40773, 17.40951], [78.40767, 17.40953], [78.40762, 17.40954], [78.40755, 17.40956], [78.40748, 17.40958], [78.40742, 17.4096], [78.40739, 17.40961], [78.40729, 17.40963], [78.4072, 17.40965], [78.40715, 17.40967], [78.40712, 17.40968], [78.4071, 17.40969], [78.40706, 17.40972], [78.40706, 17.40972], [78.40705, 17.40973], [78.40678, 17.40974], [78.40672, 17.40967], [78.40668, 17.40973], [78.40662, 17.40978], [78.40658, 17.40981], [78.4065, 17.40988], [78.40637, 17.40998], [78.40631, 17.41002], [78.40626, 17.41007], [78.40621, 17.41011], [78.40615, 17.41016], [78.40609, 17.41021], [78.40604, 17.41025], [78.406, 17.41028], [78.40596, 17.41032], [78.40593, 17.41034], [78.40588, 17.41038], [78.40584, 17.41042], [78.40579, 17.41046], [78.40575, 17.41049], [78.40572, 17.41052], [78.4057, 17.41054], [78.40569, 17.41056], [78.40567, 17.41057], [78.40565, 17.41059], [78.4056, 17.41061], [78.40559, 17.41062], [78.40557, 17.41063], [78.40553, 17.41065], [78.40544, 17.41068], [78.40537, 17.4107], [78.40532, 17.41072], [78.40517, 17.41076], [78.40507, 17.41079], [78.4049, 17.41084], [78.4048, 17.41086], [78.40474, 17.41088], [78.40468, 17.41089], [78.40464, 17.41091], [78.40459, 17.41092], [78.40455, 17.41092], [78.40449, 17.41093], [78.40443, 17.41094], [78.40436, 17.41096], [78.40429, 17.41097], [78.40421, 17.41098], [78.40414, 17.41099], [78.40408, 17.411], [78.40404, 17.411], [78.40395, 17.41102], [78.40389, 17.41102], [78.40383, 17.41102], [78.4038, 17.41102], [78.40377, 17.41101], [78.40371, 17.411], [78.40367, 17.41099], [78.40363, 17.41098], [78.40356, 17.41096], [78.40354, 17.41096], [78.40351, 17.41096], [78.40347, 17.41096], [78.40344, 17.41096], [78.4034, 17.41097], [78.4034, 17.41098], [78.4034, 17.411], [78.4034, 17.41102], [78.4034, 17.41105], [78.40339, 17.41107], [78.40338, 17.41107], [78.40338, 17.41107], [78.40336, 17.41107], [78.40335, 17.41107], [78.40333, 17.41108], [78.40332, 17.41108], [78.40331, 17.41109], [78.40328, 17.41111], [78.40326, 17.41113], [78.40324, 17.41117], [78.40324, 17.41118], [78.40324, 17.4112], [78.40322, 17.4112], [78.40319, 17.41121], [78.40317, 17.41122], [78.40313, 17.41122], [78.40308, 17.41123], [78.40302, 17.41124], [78.40293, 17.41127], [78.40279, 17.41132], [78.40265, 17.41137], [78.40245, 17.41145], [78.40238, 17.41148], [78.40223, 17.41153], [78.40216, 17.41156], [78.40202, 17.41161], [78.40191, 17.41165], [78.4018, 17.41169], [78.4017, 17.41173], [78.40159, 17.41177], [78.40147, 17.41181], [78.40137, 17.41185], [78.40129, 17.41188], [78.40119, 17.41193], [78.40118, 17.41193], [78.40122, 17.41202], [78.40125, 17.4121], [78.40129, 17.41219], [78.40134, 17.41232], [78.40142, 17.41251], [78.40172, 17.41325], [78.4012, 17.41348], [78.40119, 17.41347], [78.40117, 17.41345], [78.40117, 17.41345], [78.40115, 17.41344], [78.40114, 17.41343], [78.4011, 17.41342], [78.40109, 17.41342], [78.40107, 17.41342], [78.40105, 17.41342], [78.40103, 17.41343], [78.401, 17.41344], [78.40097, 17.41345], [78.4009, 17.41349], [78.40085, 17.4135], [78.40083, 17.41352], [78.4008, 17.41353], [78.40073, 17.41358], [78.40068, 17.41361], [78.40062, 17.41365], [78.40058, 17.41367], [78.40055, 17.41368], [78.40053, 17.41369], [78.40051, 17.41369], [78.40047, 17.4137], [78.40034, 17.41373], [78.40026, 17.41374], [78.40014, 17.41376], [78.40012, 17.41376], [78.4001, 17.41376], [78.40009, 17.41377], [78.40008, 17.41377], [78.40007, 17.41378], [78.40006, 17.41379], [78.40002, 17.41382], [78.39999, 17.41384], [78.39996, 17.41386], [78.39995, 17.41386], [78.39995, 17.41387], [78.39995, 17.41387], [78.39994, 17.41388], [78.39994, 17.41389], [78.39994, 17.41393], [78.39994, 17.41396], [78.39994, 17.41399], [78.39994, 17.41404], [78.39995, 17.41406], [78.39995, 17.41407], [78.39995, 17.41408], [78.39996, 17.41411], [78.39997, 17.41413], [78.39998, 17.41418], [78.39994, 17.41418], [78.39986, 17.41418], [78.39979, 17.41418], [78.39973, 17.41418], [78.39961, 17.41418], [78.39952, 17.41418], [78.39953, 17.41414], [78.39953, 17.41399], [78.39954, 17.41386], [78.39954, 17.4138], [78.39954, 17.41378], [78.39953, 17.41377], [78.39953, 17.41376], [78.39952, 17.41375], [78.39951, 17.41375], [78.39945, 17.41374], [78.39939, 17.41375], [78.39931, 17.41375], [78.39926, 17.41376], [78.39916, 17.41376], [78.39911, 17.41376], [78.39907, 17.41376], [78.39904, 17.41377], [78.39903, 17.41378], [78.399, 17.41379], [78.39897, 17.41383], [78.39893, 17.41388], [78.39891, 17.41391], [78.39889, 17.41393], [78.39888, 17.41396], [78.39887, 17.41399], [78.39886, 17.41402], [78.39886, 17.41404], [78.39885, 17.41407], [78.39884, 17.41422], [78.39883, 17.41445], [78.39881, 17.41461], [78.39873, 17.41493], [78.39861, 17.4154], [78.39827, 17.41662], [78.39783, 17.41729], [78.39769, 17.41749], [78.39779, 17.41752], [78.39797, 17.41769], [78.39824, 17.41792], [78.39836, 17.41803], [78.39845, 17.41816], [78.39855, 17.41832], [78.39861, 17.41838], [78.39866, 17.41841], [78.39871, 17.41843], [78.39874, 17.41844], [78.39845, 17.41924], [78.39821, 17.41991], [78.39832, 17.42032], [78.39843, 17.42066], [78.39833, 17.42089], [78.39805, 17.42098], [78.39808, 17.42195], [78.39808, 17.42227], [78.39788, 17.423], [78.39773, 17.42314], [78.39792, 17.42365], [78.3976, 17.42488], [78.39743, 17.42522], [78.39722, 17.42568], [78.39698, 17.42581], [78.39636, 17.42623], [78.39559, 17.42653], [78.39468, 17.42682], [78.3946, 17.42695], [78.39469, 17.42699], [78.39477, 17.42723], [78.39485, 17.42739], [78.39485, 17.42764], [78.39481, 17.42785], [78.39466, 17.428], [78.3943, 17.42826], [78.39466, 17.42918], [78.39355, 17.42969], [78.39353, 17.42969], [78.3935, 17.4297], [78.39342, 17.42976], [78.39335, 17.42982], [78.39332, 17.42987], [78.39329, 17.42992], [78.39329, 17.42998], [78.39327, 17.43003], [78.39327, 17.43004], [78.39326, 17.43009], [78.39326, 17.43014], [78.39327, 17.43017], [78.39329, 17.43023], [78.39331, 17.43027], [78.39332, 17.43029], [78.39332, 17.43029], [78.39333, 17.43031], [78.39337, 17.4304], [78.39341, 17.43043], [78.39345, 17.43045], [78.39362, 17.43049], [78.39375, 17.4305], [78.39446, 17.43055], [78.39473, 17.43051], [78.39527, 17.43047], [78.39575, 17.43048], [78.39613, 17.43054], [78.39627, 17.43056], [78.39668, 17.43067], [78.39697, 17.43072], [78.39704, 17.43073], [78.39735, 17.43082], [78.39736, 17.43082], [78.39758, 17.43088], [78.39776, 17.43092], [78.39802, 17.431], [78.39848, 17.43107], [78.39849, 17.4311], [78.39861, 17.43175], [78.39861, 17.43191], [78.39861, 17.43192], [78.39855, 17.43216], [78.3988, 17.43267], [78.39889, 17.43284], [78.39846, 17.43316], [78.3984, 17.43321], [78.39823, 17.4333], [78.39789, 17.43347], [78.3977, 17.43357], [78.3972, 17.43384], [78.39721, 17.43385], [78.39767, 17.43428], [78.3979, 17.4345], [78.39791, 17.43455], [78.39824, 17.43475], [78.39829, 17.43479], [78.39819, 17.43492], [78.39803, 17.43516], [78.3979, 17.43538], [78.39779, 17.43556], [78.39778, 17.43556], [78.39777, 17.43556], [78.39777, 17.43556], [78.39772, 17.43561], [78.39753, 17.43582], [78.39733, 17.43604], [78.39717, 17.43622], [78.39662, 17.43648], [78.39515, 17.43713], [78.39579, 17.43852], [78.39598, 17.43896], [78.39607, 17.43913], [78.39615, 17.43926], [78.39622, 17.43937], [78.3963, 17.43928], [78.39649, 17.43912], [78.39692, 17.4389], [78.3978, 17.43861], [78.39838, 17.43843], [78.39867, 17.43841], [78.39882, 17.43852], [78.39926, 17.43883], [78.39924, 17.43886], [78.39915, 17.43896], [78.39903, 17.43908], [78.39895, 17.43917], [78.39894, 17.43919], [78.39928, 17.43943], [78.39982, 17.43979], [78.39993, 17.43985], [78.40028, 17.44013], [78.40056, 17.4403], [78.40062, 17.44032], [78.4008, 17.44046], [78.40098, 17.44057], [78.40156, 17.44085], [78.40194, 17.44111], [78.40286, 17.44161], [78.40313, 17.44158], [78.40361, 17.44159], [78.40435, 17.44176], [78.40525, 17.44206], [78.40648, 17.44225], [78.40665, 17.44229], [78.4067, 17.44244], [78.40647, 17.44398], [78.40637, 17.44423], [78.40588, 17.44547], [78.40565, 17.44623], [78.40633, 17.44625], [78.40706, 17.44622], [78.40852, 17.44629], [78.4087, 17.44628], [78.40882, 17.44628], [78.40895, 17.44628], [78.40904, 17.44627], [78.40915, 17.44626], [78.40926, 17.44626]]]}}, {"type": "Feature", "properties": {"name": "50-BEGUM BAZAR", "hospital_count": 7, "circle": "14-GOSHAMAHAL", "zone": "KHAIRATHABAD ZONE", "ward_no": 50}, "geometry": {"type": "Polygon", "coordinates": [[[78.47654, 17.3795], [78.47665, 17.37946], [78.47701, 17.37968], [78.47713, 17.37976], [78.47732, 17.37992], [78.47749, 17.37996], [78.47758, 17.37998], [78.47764, 17.37998], [78.47773, 17.37995], [78.47809, 17.37979], [78.47812, 17.37976], [78.4784, 17.37956], [78.47849, 17.37951], [78.47857, 17.37948], [78.47885, 17.37939], [78.47891, 17.37938], [78.47926, 17.37939], [78.4793, 17.37943], [78.47931, 17.37942], [78.47934, 17.37945], [78.47971, 17.37984], [78.47991, 17.38004], [78.48006, 17.38019], [78.48031, 17.38005], [78.48048, 17.37996], [78.48066, 17.37985], [78.48079, 17.37977], [78.48091, 17.37969], [78.48107, 17.37959], [78.48119, 17.37952], [78.48132, 17.37945], [78.48138, 17.37941], [78.48167, 17.37925], [78.48209, 17.37905], [78.48213, 17.37903], [78.48215, 17.37905], [78.48296, 17.37858], [78.48202, 17.3773], [78.48144, 17.37622], [78.48117, 17.37547], [78.48099, 17.37494], [78.48092, 17.37474], [78.48082, 17.37446], [78.4807, 17.37411], [78.47991, 17.37312], [78.47885, 17.37253], [78.47677, 17.37164], [78.47655, 17.37155], [78.47648, 17.37153], [78.47628, 17.37147], [78.47618, 17.37143], [78.47614, 17.37142], [78.47417, 17.37074], [78.47161, 17.3703], [78.46929, 17.36979], [78.4689, 17.36973], [78.46889, 17.37025], [78.46889, 17.3704], [78.46889, 17.3708], [78.46888, 17.37111], [78.46892, 17.37134], [78.46892, 17.37141], [78.46862, 17.37139], [78.46708, 17.37125], [78.46504, 17.37101], [78.46332, 17.37094], [78.4626, 17.37079], [78.4623, 17.37069], [78.46244, 17.37169], [78.46253, 17.37265], [78.46256, 17.37361], [78.46265, 17.37442], [78.46271, 17.3749], [78.46272, 17.3749], [78.46276, 17.37515], [78.46289, 17.37543], [78.46309, 17.37603], [78.46328, 17.37681], [78.46343, 17.3772], [78.46351, 17.3773], [78.46369, 17.3773], [78.46397, 17.37729], [78.46421, 17.37723], [78.46459, 17.37712], [78.46514, 17.37676], [78.46532, 17.37673], [78.46566, 17.37667], [78.46664, 17.37649], [78.46734, 17.37646], [78.46774, 17.3763], [78.46783, 17.37641], [78.46877, 17.37627], [78.46883, 17.37623], [78.46886, 17.37613], [78.4693, 17.37604], [78.46964, 17.37599], [78.46977, 17.37616], [78.46993, 17.37644], [78.47009, 17.37662], [78.47049, 17.37686], [78.47112, 17.37714], [78.4713, 17.37728], [78.47137, 17.37736], [78.47145, 17.37766], [78.4715, 17.37816], [78.47152, 17.37842], [78.4717, 17.37942], [78.47177, 17.37985], [78.47186, 17.38013], [78.47188, 17.38026], [78.47201, 17.38033], [78.47206, 17.38036], [78.47236, 17.38028], [78.47304, 17.3801], [78.47327, 17.38005], [78.47431, 17.37983], [78.4744, 17.37983], [78.4749, 17.37979], [78.475, 17.37979], [78.47538, 17.37977], [78.47606, 17.37976], [78.47632, 17.37969], [78.47637, 17.37966], [78.47654, 17.3795]]]}}, {"type": "Feature", "properties": {"name": "78-GUNFOUNDRY(Abids)", "hospital_count": 28, "circle": "14-GOSHAMAHAL", "zone": "KHAIRATHABAD ZONE", "ward_no": 78}, "geometry": {"type": "Polygon", "coordinates": [[[78.47608, 17.40825], [78.47648, 17.40775], [78.47686, 17.40725], [78.47697, 17.40699], [78.477, 17.40691], [78.4771, 17.40662], [78.47709, 17.40638], [78.47707, 17.40625], [78.47706, 17.40618], [78.47701, 17.40604], [78.47699, 17.40595], [78.47697, 17.40589], [78.47684, 17.40539], [78.4768, 17.40521], [78.47679, 17.40517], [78.47666, 17.40486], [78.47652, 17.40449], [78.47643, 17.40424], [78.47635, 17.40397], [78.47632, 17.40388], [78.47626, 17.40318], [78.47625, 17.40316], [78.47622, 17.40276], [78.47612, 17.40233], [78.476, 17.40203], [78.47571, 17.40129], [78.47562, 17.40105], [78.47582, 17.40094], [78.476, 17.40076], [78.47622, 17.40051], [78.47686, 17.40018], [78.47741, 17.39987], [78.47802, 17.39952], [78.47836, 17.39926], [78.47862, 17.39898], [78.47884, 17.3986], [78.47897, 17.39827], [78.47919, 17.39755], [78.47927, 17.39732], [78.47949, 17.39691], [78.47984, 17.3964], [78.47986, 17.39638], [78.47997, 17.39616], [78.48001, 17.39603], [78.47999, 17.39572], [78.47997, 17.39536], [78.48001, 17.3948], [78.48006, 17.39445], [78.48012, 17.39389], [78.48014, 17.39382], [78.4802, 17.39378], [78.48077, 17.39361], [78.48125, 17.39353], [78.48159, 17.3936], [78.48213, 17.39372], [78.48273, 17.3938], [78.48297, 17.39382], [78.48324, 17.39382], [78.48336, 17.3938], [78.48354, 17.3937], [78.48364, 17.39357], [78.48378, 17.39337], [78.48401, 17.39297], [78.48421, 17.39236], [78.48445, 17.39166], [78.48463, 17.39138], [78.4849, 17.39095], [78.4852, 17.39057], [78.48529, 17.39042], [78.48533, 17.39035], [78.4854, 17.39029], [78.48552, 17.39027], [78.4857, 17.39027], [78.48586, 17.39031], [78.48605, 17.39038], [78.48635, 17.39054], [78.48662, 17.39065], [78.48695, 17.39079], [78.48728, 17.39087], [78.48734, 17.39087], [78.48761, 17.3909], [78.48785, 17.39093], [78.48805, 17.39092], [78.4884, 17.39088], [78.48875, 17.39081], [78.48894, 17.39076], [78.48894, 17.39069], [78.48884, 17.39043], [78.48866, 17.39005], [78.48857, 17.38992], [78.48867, 17.38988], [78.48878, 17.38983], [78.48878, 17.38983], [78.48889, 17.38978], [78.48897, 17.38975], [78.48897, 17.38975], [78.48906, 17.38971], [78.48904, 17.38967], [78.489, 17.38959], [78.48898, 17.38956], [78.48903, 17.38957], [78.4892, 17.38948], [78.48917, 17.38941], [78.4892, 17.38935], [78.48918, 17.38934], [78.48911, 17.38919], [78.48903, 17.38902], [78.48901, 17.38899], [78.489, 17.38898], [78.48906, 17.38892], [78.48901, 17.3888], [78.48898, 17.38874], [78.48904, 17.38872], [78.48902, 17.38869], [78.489, 17.38865], [78.48899, 17.38859], [78.48898, 17.3885], [78.48897, 17.38847], [78.48906, 17.38845], [78.48914, 17.38841], [78.48919, 17.3884], [78.48929, 17.38839], [78.48937, 17.38839], [78.48946, 17.38837], [78.48957, 17.38833], [78.48953, 17.38826], [78.48949, 17.38821], [78.48942, 17.38808], [78.48939, 17.38798], [78.48939, 17.38797], [78.4894, 17.38796], [78.48941, 17.38794], [78.48939, 17.38788], [78.48937, 17.38781], [78.48935, 17.3878], [78.48932, 17.38779], [78.48921, 17.38777], [78.4892, 17.38777], [78.48924, 17.3877], [78.48933, 17.38734], [78.48943, 17.387], [78.48951, 17.38685], [78.48963, 17.38667], [78.48977, 17.38644], [78.48989, 17.38624], [78.48996, 17.38611], [78.48999, 17.38603], [78.49001, 17.38593], [78.48999, 17.38576], [78.48994, 17.38543], [78.48984, 17.38486], [78.4898, 17.38457], [78.49055, 17.38445], [78.49068, 17.38449], [78.49088, 17.38482], [78.4909, 17.38495], [78.49175, 17.38474], [78.49181, 17.38473], [78.49172, 17.38428], [78.49185, 17.38345], [78.49186, 17.38281], [78.49177, 17.38217], [78.49165, 17.38141], [78.49166, 17.38098], [78.49166, 17.38098], [78.49166, 17.38091], [78.49167, 17.3808], [78.49169, 17.38078], [78.49179, 17.38007], [78.49007, 17.38003], [78.4885, 17.38001], [78.48751, 17.38011], [78.48609, 17.38024], [78.48506, 17.38014], [78.48477, 17.38011], [78.48398, 17.37986], [78.48362, 17.37947], [78.48354, 17.37938], [78.48296, 17.37858], [78.48215, 17.37905], [78.48213, 17.37903], [78.48209, 17.37905], [78.48167, 17.37925], [78.48138, 17.37941], [78.48132, 17.37945], [78.48119, 17.37952], [78.48107, 17.37959], [78.48091, 17.37969], [78.48079, 17.37977], [78.48066, 17.37985], [78.48048, 17.37996], [78.48031, 17.38005], [78.48006, 17.38019], [78.48011, 17.38024], [78.48019, 17.38031], [78.4803, 17.38043], [78.48041, 17.38058], [78.48057, 17.38075], [78.48073, 17.38093], [78.48087, 17.3811], [78.48097, 17.38123], [78.48113, 17.38141], [78.48126, 17.38155], [78.48142, 17.38172], [78.48157, 17.38186], [78.48171, 17.382], [78.48176, 17.38206], [78.48193, 17.38223], [78.48216, 17.38246], [78.48225, 17.38256], [78.48241, 17.38272], [78.48247, 17.38277], [78.48268, 17.383], [78.48321, 17.38355], [78.48354, 17.38396], [78.48391, 17.38438], [78.4841, 17.38461], [78.48424, 17.38479], [78.48438, 17.38498], [78.48412, 17.38501], [78.48367, 17.38509], [78.4833, 17.38515], [78.48295, 17.38521], [78.48267, 17.38526], [78.48234, 17.38531], [78.48206, 17.38536], [78.48161, 17.38546], [78.48151, 17.38548], [78.48137, 17.3855], [78.48126, 17.38552], [78.48112, 17.38554], [78.48103, 17.38556], [78.48087, 17.38558], [78.48077, 17.3856], [78.48053, 17.38564], [78.48039, 17.38567], [78.48019, 17.3857], [78.48004, 17.38573], [78.47991, 17.38575], [78.47986, 17.38576], [78.47976, 17.38578], [78.47962, 17.38581], [78.47959, 17.38582], [78.47956, 17.38582], [78.47956, 17.38582], [78.47955, 17.38582], [78.47954, 17.38583], [78.47954, 17.38583], [78.47953, 17.38583], [78.47953, 17.38583], [78.47952, 17.38583], [78.4795, 17.38582], [78.47958, 17.38596], [78.47961, 17.38602], [78.47962, 17.38604], [78.47963, 17.38605], [78.47964, 17.38606], [78.47966, 17.38608], [78.47967, 17.38609], [78.47968, 17.38611], [78.47969, 17.38612], [78.4797, 17.38612], [78.4798, 17.38621], [78.47998, 17.38632], [78.47998, 17.38633], [78.47999, 17.38634], [78.48001, 17.38635], [78.48002, 17.38635], [78.48003, 17.38637], [78.48003, 17.38637], [78.48004, 17.38638], [78.48005, 17.38639], [78.48005, 17.3864], [78.4801, 17.38647], [78.48016, 17.3866], [78.48024, 17.38676], [78.48031, 17.3869], [78.48032, 17.38691], [78.48033, 17.38693], [78.48033, 17.38694], [78.48034, 17.38695], [78.48038, 17.38701], [78.48039, 17.38703], [78.48039, 17.38703], [78.4804, 17.38704], [78.4804, 17.38705], [78.4804, 17.38706], [78.48041, 17.38706], [78.48041, 17.38707], [78.48041, 17.38708], [78.48042, 17.38709], [78.48042, 17.38709], [78.48042, 17.3871], [78.48042, 17.38711], [78.48042, 17.38712], [78.48043, 17.38712], [78.48044, 17.38717], [78.48046, 17.38729], [78.48049, 17.38743], [78.48055, 17.38759], [78.48058, 17.38769], [78.48059, 17.3877], [78.48059, 17.3877], [78.48059, 17.38771], [78.4806, 17.38772], [78.4806, 17.38773], [78.48061, 17.38774], [78.48062, 17.38775], [78.48062, 17.38775], [78.48063, 17.38776], [78.48066, 17.38781], [78.48067, 17.38781], [78.48067, 17.38782], [78.48068, 17.38783], [78.48068, 17.38783], [78.48068, 17.38784], [78.48069, 17.38784], [78.48069, 17.38785], [78.48069, 17.38786], [78.48069, 17.38786], [78.4807, 17.38787], [78.4807, 17.38788], [78.4807, 17.38788], [78.4807, 17.38789], [78.4807, 17.3879], [78.48071, 17.38791], [78.48071, 17.38791], [78.48073, 17.38797], [78.48072, 17.388], [78.4807, 17.38814], [78.48068, 17.3883], [78.48064, 17.38847], [78.48061, 17.38858], [78.48056, 17.38879], [78.48053, 17.38893], [78.48052, 17.38897], [78.4805, 17.38903], [78.48049, 17.38907], [78.48048, 17.38914], [78.48048, 17.3893], [78.48047, 17.38946], [78.48047, 17.38947], [78.48046, 17.38951], [78.48045, 17.38956], [78.48044, 17.38961], [78.48042, 17.38964], [78.4804, 17.38969], [78.48038, 17.38974], [78.48036, 17.38982], [78.48025, 17.3898], [78.48021, 17.3898], [78.48015, 17.3898], [78.48002, 17.3898], [78.4798, 17.3898], [78.47957, 17.3898], [78.47907, 17.3898], [78.47887, 17.3898], [78.47851, 17.3898], [78.47801, 17.3898], [78.47771, 17.3898], [78.47756, 17.3898], [78.47733, 17.3898], [78.47703, 17.3898], [78.4768, 17.38981], [78.47634, 17.38983], [78.47625, 17.38982], [78.47637, 17.38858], [78.47637, 17.38857], [78.47617, 17.38858], [78.47609, 17.38858], [78.47606, 17.38858], [78.47595, 17.38858], [78.47583, 17.38859], [78.47572, 17.38859], [78.47561, 17.38858], [78.47517, 17.38857], [78.47504, 17.38857], [78.4749, 17.38856], [78.47475, 17.38856], [78.47462, 17.38856], [78.47457, 17.38856], [78.47453, 17.38856], [78.47448, 17.38856], [78.47441, 17.38857], [78.47439, 17.38857], [78.47434, 17.38858], [78.47421, 17.38862], [78.47403, 17.38867], [78.47396, 17.3887], [78.47385, 17.38876], [78.47373, 17.38884], [78.47359, 17.38894], [78.47358, 17.38894], [78.47351, 17.38899], [78.47338, 17.38908], [78.47329, 17.38914], [78.47322, 17.38919], [78.4731, 17.38926], [78.47299, 17.38932], [78.47276, 17.38947], [78.47259, 17.38959], [78.47258, 17.38959], [78.47232, 17.38976], [78.47218, 17.38986], [78.47199, 17.38999], [78.47189, 17.39006], [78.47176, 17.39014], [78.47165, 17.39021], [78.47154, 17.39029], [78.47137, 17.3904], [78.47128, 17.39045], [78.47111, 17.39056], [78.47059, 17.39089], [78.4701, 17.39121], [78.47008, 17.39172], [78.47009, 17.39217], [78.47011, 17.39229], [78.47018, 17.39269], [78.4702, 17.39292], [78.47024, 17.39345], [78.47032, 17.39418], [78.47037, 17.39455], [78.47038, 17.39463], [78.47051, 17.39491], [78.4708, 17.39541], [78.47087, 17.39554], [78.47098, 17.39582], [78.4711, 17.39613], [78.47113, 17.39632], [78.47113, 17.39642], [78.47111, 17.39648], [78.471, 17.39704], [78.47093, 17.39737], [78.47092, 17.39742], [78.47087, 17.39791], [78.47084, 17.39825], [78.47079, 17.39874], [78.47078, 17.39885], [78.47077, 17.39889], [78.4707, 17.39946], [78.47063, 17.3997], [78.47061, 17.39976], [78.47046, 17.4001], [78.47041, 17.40022], [78.47036, 17.40036], [78.47022, 17.40061], [78.47019, 17.40066], [78.47011, 17.40076], [78.46992, 17.40094], [78.4698, 17.40106], [78.4698, 17.40106], [78.46951, 17.40129], [78.46937, 17.40141], [78.46923, 17.40153], [78.46875, 17.40194], [78.46832, 17.40232], [78.46808, 17.40259], [78.46793, 17.40283], [78.46789, 17.40298], [78.46779, 17.40346], [78.4676, 17.40407], [78.46734, 17.40522], [78.46726, 17.40588], [78.46724, 17.4061], [78.46727, 17.40624], [78.46733, 17.40646], [78.46743, 17.40671], [78.46772, 17.40719], [78.46806, 17.40754], [78.46852, 17.40782], [78.46875, 17.40786], [78.46948, 17.40776], [78.46995, 17.40775], [78.47035, 17.40774], [78.471, 17.40776], [78.47134, 17.40777], [78.47185, 17.40784], [78.47193, 17.40784], [78.47193, 17.40784], [78.47214, 17.40787], [78.47218, 17.40787], [78.47339, 17.40809], [78.47428, 17.40821], [78.47468, 17.40832], [78.47512, 17.40853], [78.47529, 17.40868], [78.47536, 17.40873], [78.47545, 17.40885], [78.47569, 17.40861], [78.47608, 17.40825]]]}}, {"type": "Feature", "properties": {"name": "65-KARWAN", "hospital_count": 4, "circle": "13-KARWAN", "zone": "KHAIRATHABAD ZONE", "ward_no": 65}, "geometry": {"type": "Polygon", "coordinates": [[[78.43531, 17.38292], [78.43592, 17.38263], [78.43641, 17.38264], [78.43648, 17.38251], [78.43666, 17.38238], [78.43685, 17.38217], [78.43699, 17.38194], [78.43717, 17.38155], [78.4373, 17.38134], [78.43747, 17.38105], [78.43755, 17.3808], [78.43767, 17.38044], [78.43778, 17.38001], [78.43789, 17.37937], [78.43791, 17.37878], [78.4379, 17.3787], [78.43784, 17.37865], [78.43737, 17.37882], [78.43678, 17.37907], [78.43631, 17.37932], [78.43609, 17.37938], [78.4358, 17.37959], [78.4356, 17.37972], [78.4354, 17.37899], [78.43519, 17.37823], [78.43507, 17.37782], [78.43589, 17.37761], [78.43647, 17.37746], [78.43706, 17.37737], [78.43682, 17.3769], [78.43677, 17.37676], [78.43794, 17.3766], [78.4379, 17.37638], [78.43849, 17.37627], [78.43855, 17.3765], [78.43839, 17.37655], [78.43858, 17.37709], [78.43867, 17.37708], [78.43875, 17.37735], [78.43888, 17.37751], [78.439, 17.37762], [78.43923, 17.3776], [78.43938, 17.37764], [78.4394, 17.3776], [78.43945, 17.37752], [78.43953, 17.37737], [78.43957, 17.37729], [78.43958, 17.37721], [78.4396, 17.37716], [78.43964, 17.37705], [78.43972, 17.37688], [78.43972, 17.37682], [78.43979, 17.3768], [78.43973, 17.37658], [78.43982, 17.37652], [78.43977, 17.37636], [78.44028, 17.37619], [78.44069, 17.3761], [78.44062, 17.37597], [78.44073, 17.37572], [78.44087, 17.37597], [78.44097, 17.37614], [78.44103, 17.37622], [78.44111, 17.37621], [78.44119, 17.37618], [78.44124, 17.37633], [78.44134, 17.37662], [78.44141, 17.37676], [78.44146, 17.37685], [78.44151, 17.37701], [78.44159, 17.37697], [78.44174, 17.3773], [78.44198, 17.37726], [78.44222, 17.37724], [78.44237, 17.37717], [78.4426, 17.37723], [78.44252, 17.37734], [78.44248, 17.37747], [78.44262, 17.37751], [78.44302, 17.37748], [78.44336, 17.37746], [78.44362, 17.37744], [78.44383, 17.3774], [78.44417, 17.37736], [78.44438, 17.37731], [78.44478, 17.37724], [78.44478, 17.37744], [78.4448, 17.37757], [78.44493, 17.3777], [78.44505, 17.37782], [78.44509, 17.37799], [78.44515, 17.37823], [78.44521, 17.37821], [78.44528, 17.37817], [78.44534, 17.37814], [78.44539, 17.37811], [78.44545, 17.3781], [78.44549, 17.37809], [78.4455, 17.37804], [78.4455, 17.37797], [78.44553, 17.37787], [78.44553, 17.37784], [78.44553, 17.3778], [78.44553, 17.37777], [78.44558, 17.37773], [78.44569, 17.37771], [78.44595, 17.37763], [78.44604, 17.37778], [78.44608, 17.37783], [78.44619, 17.37781], [78.44635, 17.3778], [78.44635, 17.3778], [78.44636, 17.3778], [78.44667, 17.37779], [78.44704, 17.37772], [78.44742, 17.37765], [78.44782, 17.37762], [78.44785, 17.37758], [78.44786, 17.37728], [78.448, 17.37643], [78.44813, 17.37569], [78.44815, 17.37541], [78.44821, 17.37479], [78.44821, 17.37476], [78.44818, 17.37438], [78.44812, 17.37412], [78.44803, 17.37364], [78.44801, 17.37354], [78.44814, 17.37345], [78.44834, 17.37331], [78.44873, 17.37308], [78.44875, 17.37307], [78.44944, 17.37271], [78.44966, 17.37256], [78.44994, 17.37244], [78.45058, 17.37216], [78.45131, 17.37194], [78.45235, 17.37171], [78.45247, 17.37169], [78.45248, 17.37155], [78.45256, 17.37153], [78.45255, 17.37132], [78.45236, 17.37127], [78.45235, 17.37115], [78.45241, 17.37109], [78.45252, 17.371], [78.4529, 17.37095], [78.45315, 17.37091], [78.4532, 17.37096], [78.45337, 17.37093], [78.45336, 17.37076], [78.4534, 17.37055], [78.45358, 17.37055], [78.45355, 17.37046], [78.45336, 17.37016], [78.45325, 17.37004], [78.4531, 17.36973], [78.45326, 17.36954], [78.4534, 17.36937], [78.45342, 17.36922], [78.45294, 17.36929], [78.45257, 17.36936], [78.45241, 17.36936], [78.45232, 17.36938], [78.45211, 17.36938], [78.45191, 17.3694], [78.4515, 17.36956], [78.45141, 17.36961], [78.45107, 17.3697], [78.45083, 17.36974], [78.45068, 17.36973], [78.45062, 17.36986], [78.45011, 17.37046], [78.44971, 17.37079], [78.44933, 17.37112], [78.44933, 17.37112], [78.4492, 17.37086], [78.44894, 17.37051], [78.44885, 17.37041], [78.44877, 17.37029], [78.44869, 17.37015], [78.4486, 17.36986], [78.44819, 17.36991], [78.44787, 17.36991], [78.44711, 17.36991], [78.44638, 17.36988], [78.44604, 17.3698], [78.44562, 17.36959], [78.44544, 17.36952], [78.4455, 17.37008], [78.4457, 17.37007], [78.44587, 17.37009], [78.44601, 17.37011], [78.44613, 17.37018], [78.44617, 17.37021], [78.44607, 17.37036], [78.44587, 17.37046], [78.4459, 17.37059], [78.44589, 17.37084], [78.44637, 17.37077], [78.44653, 17.37068], [78.44654, 17.3707], [78.44657, 17.37085], [78.44661, 17.37094], [78.44667, 17.37096], [78.44676, 17.37096], [78.4468, 17.37103], [78.44689, 17.37136], [78.44698, 17.37224], [78.44672, 17.3723], [78.44671, 17.37238], [78.44656, 17.37241], [78.44647, 17.37248], [78.44629, 17.37265], [78.4461, 17.37277], [78.44597, 17.37281], [78.44586, 17.37291], [78.44579, 17.37298], [78.4457, 17.37299], [78.44567, 17.37281], [78.44561, 17.37236], [78.44524, 17.37235], [78.44521, 17.37224], [78.44507, 17.37222], [78.44507, 17.37232], [78.44482, 17.37237], [78.44427, 17.37243], [78.44438, 17.37274], [78.44424, 17.37277], [78.44401, 17.37274], [78.44384, 17.37266], [78.44363, 17.37263], [78.44289, 17.37272], [78.44292, 17.37285], [78.44236, 17.37298], [78.442, 17.37305], [78.44171, 17.37315], [78.44155, 17.37317], [78.44159, 17.37332], [78.44128, 17.37333], [78.44128, 17.37337], [78.44121, 17.37337], [78.44115, 17.37339], [78.44109, 17.37339], [78.44099, 17.37335], [78.44086, 17.37338], [78.44066, 17.3734], [78.44068, 17.37327], [78.44062, 17.37317], [78.44058, 17.37305], [78.44056, 17.37288], [78.4404, 17.37213], [78.44027, 17.3718], [78.44023, 17.37174], [78.44044, 17.37157], [78.44079, 17.37138], [78.44102, 17.37115], [78.44141, 17.37088], [78.44164, 17.37064], [78.44191, 17.37042], [78.44219, 17.37021], [78.44165, 17.37032], [78.4416, 17.37028], [78.44127, 17.37052], [78.44104, 17.37057], [78.44095, 17.37043], [78.43996, 17.37046], [78.4397, 17.37049], [78.43909, 17.37115], [78.4385, 17.37172], [78.43733, 17.37283], [78.43662, 17.37336], [78.43655, 17.37341], [78.43582, 17.37358], [78.43504, 17.37376], [78.43496, 17.37377], [78.43435, 17.37403], [78.43362, 17.37445], [78.43299, 17.37444], [78.43287, 17.37443], [78.43219, 17.3743], [78.43151, 17.37397], [78.43053, 17.3735], [78.4301, 17.3733], [78.43, 17.37325], [78.428, 17.37264], [78.42764, 17.37254], [78.42759, 17.37252], [78.42758, 17.37252], [78.42754, 17.37268], [78.42742, 17.37324], [78.42742, 17.3736], [78.42737, 17.37384], [78.42739, 17.37464], [78.42706, 17.37465], [78.42656, 17.37468], [78.42651, 17.37497], [78.4265, 17.37501], [78.42649, 17.37511], [78.42642, 17.37521], [78.42641, 17.37522], [78.42639, 17.3753], [78.4264, 17.3754], [78.42639, 17.3755], [78.42638, 17.37559], [78.42636, 17.3756], [78.42634, 17.37571], [78.4263, 17.37577], [78.42616, 17.3758], [78.42603, 17.37582], [78.42598, 17.37678], [78.42595, 17.37696], [78.42593, 17.37729], [78.42583, 17.3773], [78.42578, 17.37762], [78.42551, 17.3787], [78.42551, 17.38], [78.42565, 17.38002], [78.42595, 17.38004], [78.42644, 17.38004], [78.42673, 17.38005], [78.4271, 17.38011], [78.42734, 17.38016], [78.42759, 17.38022], [78.42786, 17.38035], [78.42818, 17.3805], [78.42865, 17.38065], [78.42914, 17.38086], [78.42945, 17.38101], [78.42945, 17.38206], [78.42947, 17.38274], [78.42984, 17.38271], [78.43008, 17.38268], [78.4304, 17.38263], [78.43057, 17.38256], [78.43093, 17.38246], [78.43119, 17.38243], [78.4316, 17.38253], [78.43195, 17.38261], [78.43219, 17.38268], [78.43256, 17.38284], [78.43305, 17.38293], [78.43355, 17.38306], [78.43387, 17.38313], [78.43427, 17.38313], [78.4343, 17.38314], [78.43454, 17.38324], [78.4346, 17.38322], [78.43531, 17.38292]]]}}, {"type": "Feature", "properties": {"name": "2-DR.A.S.RAO NAGAR", "hospital_count": 16, "circle": "1-KAPRA", "zone": "L.B.NAGAR ZONE", "ward_no": 2}, "geometry": {"type": "Polygon", "coordinates": [[[78.587, 17.50091], [78.58725, 17.50097], [78.58726, 17.50098], [78.58727, 17.50098], [78.58733, 17.50099], [78.58758, 17.50008], [78.58787, 17.50016], [78.58787, 17.50013], [78.58796, 17.49988], [78.58801, 17.49972], [78.58805, 17.49954], [78.58819, 17.49913], [78.5883, 17.49878], [78.58836, 17.49852], [78.58849, 17.49816], [78.58864, 17.4976], [78.58869, 17.49747], [78.5887, 17.49743], [78.58874, 17.49725], [78.58881, 17.49704], [78.5889, 17.49676], [78.58899, 17.4965], [78.58885, 17.49623], [78.5889, 17.49515], [78.58909, 17.49516], [78.58911, 17.49477], [78.58897, 17.49476], [78.58873, 17.49474], [78.58874, 17.49441], [78.5887, 17.49441], [78.58873, 17.49394], [78.58877, 17.49332], [78.58878, 17.49305], [78.58866, 17.49304], [78.58855, 17.49304], [78.58857, 17.49271], [78.58834, 17.4927], [78.58809, 17.49269], [78.58779, 17.49267], [78.58754, 17.49265], [78.58741, 17.49266], [78.58739, 17.4928], [78.58726, 17.49279], [78.58682, 17.49277], [78.58647, 17.49276], [78.58626, 17.49275], [78.58622, 17.49273], [78.58611, 17.49272], [78.58581, 17.49271], [78.58555, 17.49271], [78.58536, 17.4927], [78.58495, 17.49221], [78.58487, 17.49101], [78.58477, 17.48974], [78.58373, 17.48963], [78.58345, 17.48951], [78.58301, 17.48962], [78.5829, 17.48915], [78.58277, 17.48875], [78.58266, 17.48829], [78.58262, 17.48814], [78.58239, 17.48826], [78.5822, 17.48841], [78.58188, 17.4885], [78.581, 17.48871], [78.58045, 17.48884], [78.57994, 17.48897], [78.57968, 17.48903], [78.57942, 17.489], [78.57911, 17.48905], [78.57872, 17.4891], [78.57829, 17.48921], [78.57817, 17.48933], [78.5779, 17.48944], [78.57749, 17.48958], [78.57728, 17.48891], [78.57708, 17.48896], [78.57697, 17.48857], [78.57708, 17.48856], [78.57718, 17.48855], [78.57693, 17.48761], [78.57666, 17.48766], [78.57632, 17.48773], [78.57628, 17.48777], [78.57623, 17.48779], [78.57622, 17.4878], [78.57586, 17.48788], [78.57562, 17.48793], [78.5754, 17.48799], [78.57492, 17.48807], [78.57482, 17.48809], [78.57469, 17.48766], [78.57481, 17.48715], [78.57495, 17.48662], [78.5753, 17.48653], [78.57527, 17.48645], [78.57523, 17.48632], [78.57514, 17.48598], [78.57503, 17.4855], [78.57502, 17.48547], [78.57495, 17.48548], [78.57473, 17.48552], [78.57467, 17.48548], [78.5741, 17.485], [78.57411, 17.48454], [78.57406, 17.48456], [78.57391, 17.48462], [78.57376, 17.48467], [78.57352, 17.48475], [78.57332, 17.48485], [78.57325, 17.48488], [78.57306, 17.48492], [78.57165, 17.4855], [78.57143, 17.48459], [78.57138, 17.48427], [78.57133, 17.484], [78.57131, 17.48393], [78.5713, 17.48388], [78.57129, 17.48386], [78.57128, 17.48385], [78.57125, 17.48384], [78.57123, 17.48383], [78.57123, 17.48383], [78.57106, 17.48289], [78.571, 17.48254], [78.57125, 17.48249], [78.57124, 17.48244], [78.57119, 17.48209], [78.57107, 17.48148], [78.57101, 17.48115], [78.57101, 17.48111], [78.57102, 17.48108], [78.57105, 17.48107], [78.5711, 17.48105], [78.57122, 17.48102], [78.57128, 17.48101], [78.57131, 17.48099], [78.57132, 17.48094], [78.57132, 17.4809], [78.57118, 17.48088], [78.57095, 17.48087], [78.57072, 17.48084], [78.57057, 17.48083], [78.57055, 17.48083], [78.57056, 17.48042], [78.57059, 17.47978], [78.57118, 17.47981], [78.5712, 17.479], [78.57159, 17.47901], [78.57189, 17.47903], [78.57206, 17.47905], [78.57207, 17.47895], [78.57215, 17.47894], [78.57219, 17.47893], [78.57232, 17.47886], [78.57258, 17.47874], [78.57275, 17.47867], [78.57296, 17.47858], [78.57315, 17.4785], [78.57349, 17.47836], [78.57379, 17.47822], [78.57365, 17.47791], [78.57351, 17.47766], [78.5734, 17.47746], [78.57321, 17.47743], [78.57268, 17.47739], [78.57226, 17.47737], [78.57178, 17.47734], [78.57127, 17.47732], [78.57065, 17.47729], [78.57049, 17.47728], [78.57051, 17.47687], [78.57053, 17.47651], [78.57056, 17.47556], [78.57057, 17.47547], [78.57057, 17.47494], [78.57056, 17.47461], [78.5705, 17.47463], [78.56967, 17.47483], [78.56927, 17.47493], [78.56883, 17.47496], [78.56868, 17.47496], [78.56851, 17.4745], [78.56853, 17.47447], [78.56859, 17.47441], [78.56864, 17.47435], [78.56874, 17.47426], [78.56882, 17.47419], [78.5689, 17.47413], [78.56899, 17.47407], [78.56908, 17.47403], [78.56917, 17.47398], [78.56922, 17.47396], [78.56934, 17.47392], [78.5698, 17.47376], [78.57084, 17.47352], [78.57083, 17.47351], [78.57082, 17.4735], [78.57081, 17.4735], [78.57081, 17.47349], [78.5708, 17.47348], [78.5708, 17.47347], [78.5708, 17.47346], [78.5708, 17.47345], [78.5708, 17.47344], [78.5708, 17.47343], [78.5708, 17.47343], [78.57081, 17.47342], [78.57081, 17.47341], [78.57081, 17.47341], [78.57082, 17.4734], [78.57082, 17.4734], [78.57083, 17.47339], [78.57083, 17.47339], [78.57039, 17.47303], [78.57113, 17.47188], [78.57114, 17.47183], [78.57122, 17.4717], [78.57144, 17.47134], [78.57164, 17.47101], [78.57194, 17.47057], [78.57205, 17.47037], [78.57237, 17.46982], [78.5726, 17.46943], [78.57278, 17.46917], [78.57285, 17.46906], [78.57303, 17.46877], [78.57308, 17.46868], [78.57325, 17.46842], [78.5733, 17.46834], [78.57348, 17.46802], [78.57365, 17.46775], [78.57389, 17.46737], [78.57392, 17.46731], [78.57467, 17.46608], [78.57491, 17.4657], [78.5751, 17.46539], [78.57542, 17.46487], [78.57599, 17.46393], [78.57608, 17.46379], [78.57457, 17.4629], [78.57457, 17.4629], [78.57426, 17.46272], [78.57344, 17.46233], [78.57301, 17.46211], [78.57282, 17.46209], [78.57258, 17.46213], [78.57233, 17.46224], [78.57219, 17.46226], [78.57205, 17.46223], [78.57198, 17.46224], [78.57183, 17.46223], [78.57153, 17.4622], [78.5715, 17.46251], [78.57135, 17.46265], [78.57111, 17.46237], [78.5711, 17.46236], [78.57109, 17.46237], [78.57105, 17.4624], [78.57042, 17.46289], [78.5704, 17.46289], [78.57038, 17.46289], [78.57037, 17.46287], [78.57023, 17.46272], [78.56975, 17.46217], [78.56973, 17.46215], [78.56944, 17.46191], [78.56644, 17.46286], [78.56581, 17.46559], [78.56477, 17.46564], [78.56481, 17.46598], [78.56511, 17.46611], [78.56522, 17.46626], [78.56539, 17.46699], [78.56541, 17.46714], [78.56546, 17.46738], [78.5656, 17.46822], [78.56541, 17.46829], [78.56523, 17.46839], [78.56509, 17.4685], [78.56577, 17.46951], [78.56609, 17.4699], [78.56619, 17.46998], [78.56653, 17.47035], [78.56636, 17.47047], [78.56592, 17.47073], [78.5656, 17.47092], [78.56524, 17.47112], [78.56501, 17.47124], [78.56502, 17.47126], [78.56507, 17.47134], [78.56462, 17.47159], [78.56468, 17.47168], [78.56421, 17.47194], [78.56369, 17.47222], [78.56306, 17.47259], [78.5625, 17.47292], [78.56239, 17.47298], [78.56243, 17.47306], [78.56136, 17.47327], [78.56074, 17.47342], [78.56037, 17.4735], [78.5603, 17.4735], [78.56026, 17.47347], [78.56018, 17.47336], [78.56011, 17.47319], [78.55998, 17.47289], [78.55988, 17.47261], [78.55968, 17.47269], [78.55934, 17.47286], [78.55866, 17.47319], [78.55834, 17.47334], [78.55805, 17.47348], [78.55782, 17.47358], [78.55764, 17.47368], [78.55776, 17.47395], [78.55725, 17.47418], [78.55709, 17.47429], [78.55703, 17.47434], [78.5566, 17.47474], [78.55622, 17.47513], [78.55577, 17.47556], [78.55443, 17.47717], [78.55468, 17.47768], [78.55403, 17.47796], [78.55351, 17.47818], [78.55372, 17.47865], [78.55403, 17.47939], [78.55357, 17.47958], [78.55401, 17.48056], [78.55424, 17.48112], [78.55298, 17.48164], [78.55178, 17.4821], [78.55182, 17.48252], [78.5518, 17.48258], [78.55211, 17.48243], [78.55219, 17.48286], [78.55221, 17.48308], [78.55224, 17.48331], [78.55228, 17.48354], [78.5523, 17.48369], [78.55231, 17.48377], [78.55236, 17.48398], [78.55239, 17.48412], [78.55247, 17.48448], [78.55249, 17.4846], [78.55251, 17.4847], [78.55254, 17.48478], [78.55257, 17.48482], [78.55259, 17.48484], [78.55266, 17.48487], [78.55271, 17.48489], [78.55289, 17.48496], [78.55299, 17.485], [78.55303, 17.48502], [78.55319, 17.48509], [78.55352, 17.48521], [78.55382, 17.48532], [78.55428, 17.48548], [78.5547, 17.48564], [78.55505, 17.48573], [78.55521, 17.4856], [78.55544, 17.48541], [78.55554, 17.48533], [78.55589, 17.48503], [78.55584, 17.4849], [78.55584, 17.48476], [78.55583, 17.48456], [78.55571, 17.48382], [78.55656, 17.48366], [78.55666, 17.48438], [78.557, 17.4841], [78.55742, 17.48376], [78.55782, 17.48343], [78.55813, 17.48318], [78.55814, 17.48316], [78.55845, 17.48291], [78.55848, 17.48289], [78.55887, 17.48256], [78.55918, 17.48231], [78.55947, 17.48206], [78.56012, 17.48154], [78.56012, 17.48153], [78.56019, 17.48147], [78.56062, 17.48111], [78.56088, 17.48089], [78.56109, 17.48073], [78.56126, 17.48059], [78.56138, 17.48049], [78.56144, 17.48044], [78.56151, 17.48039], [78.56157, 17.48036], [78.56169, 17.48031], [78.56192, 17.48023], [78.56222, 17.48012], [78.56252, 17.48001], [78.56287, 17.47988], [78.5632, 17.47977], [78.56351, 17.47965], [78.56367, 17.4796], [78.56376, 17.47958], [78.56375, 17.47946], [78.56376, 17.47962], [78.5638, 17.4801], [78.56388, 17.48057], [78.56391, 17.4807], [78.56389, 17.4807], [78.56394, 17.48091], [78.56404, 17.48124], [78.56415, 17.4816], [78.56425, 17.48195], [78.56431, 17.48207], [78.5644, 17.48227], [78.56452, 17.48252], [78.56462, 17.48273], [78.56469, 17.48286], [78.56479, 17.48304], [78.56493, 17.48326], [78.56505, 17.48344], [78.56517, 17.48362], [78.56525, 17.48377], [78.56535, 17.48395], [78.5654, 17.48404], [78.56563, 17.48445], [78.56576, 17.48472], [78.56597, 17.48511], [78.56614, 17.48546], [78.56619, 17.48557], [78.5662, 17.48557], [78.56624, 17.48566], [78.56627, 17.48579], [78.56629, 17.48589], [78.5664, 17.4863], [78.56647, 17.48658], [78.56647, 17.48658], [78.56664, 17.48698], [78.56675, 17.4873], [78.56681, 17.48742], [78.56688, 17.48754], [78.56695, 17.48766], [78.56701, 17.48772], [78.56708, 17.48781], [78.56715, 17.48787], [78.56724, 17.48793], [78.56742, 17.48804], [78.56764, 17.48819], [78.56799, 17.48843], [78.56814, 17.48853], [78.56828, 17.48862], [78.56846, 17.48871], [78.5687, 17.48881], [78.56908, 17.48896], [78.56941, 17.48909], [78.56959, 17.48917], [78.56969, 17.48922], [78.56977, 17.48925], [78.56983, 17.48927], [78.5699, 17.48928], [78.57, 17.48928], [78.5701, 17.48928], [78.57022, 17.48928], [78.5703, 17.48928], [78.57039, 17.48928], [78.57058, 17.48931], [78.57073, 17.48932], [78.57087, 17.48935], [78.57103, 17.48938], [78.57114, 17.48941], [78.57122, 17.48944], [78.57129, 17.48947], [78.57137, 17.48953], [78.57152, 17.48962], [78.57187, 17.48983], [78.5722, 17.49004], [78.57242, 17.49018], [78.57254, 17.49025], [78.57299, 17.49054], [78.57329, 17.49074], [78.57361, 17.49094], [78.5738, 17.49107], [78.57396, 17.4912], [78.57413, 17.49135], [78.57433, 17.49154], [78.57448, 17.49167], [78.57458, 17.49174], [78.57475, 17.49185], [78.57495, 17.49197], [78.57505, 17.49204], [78.57515, 17.4921], [78.57528, 17.49217], [78.57545, 17.49225], [78.57562, 17.49234], [78.57582, 17.49247], [78.57602, 17.4926], [78.5762, 17.49272], [78.57647, 17.49291], [78.57673, 17.49309], [78.577, 17.49328], [78.57722, 17.49343], [78.57742, 17.49356], [78.57756, 17.49367], [78.57771, 17.49379], [78.57788, 17.49394], [78.57802, 17.4941], [78.5784, 17.49453], [78.57861, 17.49476], [78.5788, 17.49497], [78.57901, 17.49523], [78.57915, 17.49539], [78.57927, 17.49552], [78.57937, 17.49563], [78.57948, 17.49573], [78.57955, 17.49581], [78.57964, 17.49591], [78.57971, 17.49602], [78.57982, 17.49617], [78.57991, 17.49632], [78.57995, 17.49637], [78.58001, 17.49644], [78.58009, 17.49653], [78.58018, 17.49663], [78.58035, 17.49678], [78.58052, 17.49694], [78.58059, 17.49701], [78.5807, 17.49711], [78.58083, 17.49722], [78.58094, 17.49733], [78.58125, 17.49759], [78.58154, 17.4978], [78.58179, 17.498], [78.58215, 17.49831], [78.58227, 17.49841], [78.58249, 17.49857], [78.58264, 17.49868], [78.58275, 17.49875], [78.58282, 17.49878], [78.58296, 17.49886], [78.58319, 17.49898], [78.58336, 17.49907], [78.58356, 17.49917], [78.5841, 17.49943], [78.58448, 17.49962], [78.58482, 17.49979], [78.58522, 17.5], [78.58544, 17.50012], [78.58566, 17.50022], [78.58596, 17.50037], [78.58636, 17.50056], [78.58642, 17.50059], [78.58673, 17.50072], [78.58699, 17.50086], [78.58702, 17.50087], [78.587, 17.50091]]]}}, {"type": "Feature", "properties": {"name": "4-MEERPET H.B.COLONY", "hospital_count": 5, "circle": "1-KAPRA", "zone": "L.B.NAGAR ZONE", "ward_no": 4}, "geometry": {"type": "Polygon", "coordinates": [[[78.56414, 17.46563], [78.56477, 17.46559], [78.56477, 17.46564], [78.56581, 17.46559], [78.56644, 17.46286], [78.56944, 17.46191], [78.56973, 17.46215], [78.56975, 17.46217], [78.57023, 17.46272], [78.57037, 17.46287], [78.57038, 17.46289], [78.5704, 17.46289], [78.57042, 17.46289], [78.57105, 17.4624], [78.57109, 17.46237], [78.5711, 17.46236], [78.57111, 17.46237], [78.57135, 17.46265], [78.5715, 17.46251], [78.57153, 17.4622], [78.57183, 17.46223], [78.57198, 17.46224], [78.57205, 17.46223], [78.57219, 17.46226], [78.57233, 17.46224], [78.57258, 17.46213], [78.57282, 17.46209], [78.57301, 17.46211], [78.57344, 17.46233], [78.57426, 17.46272], [78.57457, 17.4629], [78.57457, 17.4629], [78.57608, 17.46379], [78.57608, 17.46379], [78.5768, 17.46261], [78.57714, 17.46207], [78.57742, 17.46161], [78.57839, 17.46006], [78.57873, 17.45947], [78.57883, 17.4592], [78.57887, 17.45906], [78.57899, 17.4586], [78.57899, 17.45856], [78.57898, 17.45821], [78.57894, 17.45774], [78.5789, 17.45732], [78.5789, 17.4572], [78.5789, 17.45712], [78.57892, 17.4571], [78.57893, 17.45708], [78.57898, 17.45704], [78.57912, 17.45694], [78.57939, 17.45675], [78.57945, 17.45671], [78.5795, 17.45667], [78.57953, 17.45663], [78.57955, 17.45658], [78.57956, 17.45652], [78.57956, 17.45641], [78.57952, 17.45609], [78.57953, 17.45599], [78.57956, 17.45588], [78.57961, 17.45578], [78.57966, 17.45573], [78.57974, 17.45571], [78.57993, 17.45569], [78.58024, 17.45566], [78.5806, 17.45562], [78.58117, 17.45556], [78.58124, 17.45553], [78.58129, 17.45549], [78.58134, 17.45543], [78.58138, 17.45537], [78.58141, 17.45529], [78.58144, 17.45515], [78.58144, 17.45514], [78.58144, 17.45502], [78.58151, 17.4542], [78.58154, 17.45395], [78.58155, 17.45381], [78.58158, 17.45352], [78.5816, 17.45332], [78.58161, 17.4531], [78.58161, 17.45289], [78.58158, 17.45262], [78.58156, 17.45246], [78.58154, 17.45228], [78.58152, 17.45209], [78.58148, 17.45176], [78.58144, 17.45142], [78.58141, 17.45115], [78.58138, 17.45087], [78.58136, 17.45074], [78.58134, 17.45063], [78.58131, 17.45053], [78.58121, 17.45031], [78.58117, 17.45025], [78.58112, 17.45019], [78.581, 17.45005], [78.58088, 17.44994], [78.58065, 17.44976], [78.5804, 17.44955], [78.58021, 17.44939], [78.57993, 17.44916], [78.57964, 17.44895], [78.57939, 17.4488], [78.5793, 17.44876], [78.57926, 17.44874], [78.57922, 17.44873], [78.57908, 17.4487], [78.57877, 17.44864], [78.57836, 17.44858], [78.57807, 17.44851], [78.57784, 17.44845], [78.57771, 17.44841], [78.57744, 17.4483], [78.57721, 17.44823], [78.57714, 17.44821], [78.57699, 17.44821], [78.57694, 17.44822], [78.57682, 17.44823], [78.57665, 17.44827], [78.57645, 17.4483], [78.57602, 17.44838], [78.57563, 17.44844], [78.5755, 17.44841], [78.57545, 17.44837], [78.57545, 17.44839], [78.57543, 17.44835], [78.57537, 17.44825], [78.57533, 17.44813], [78.57528, 17.44794], [78.57518, 17.44761], [78.57513, 17.44747], [78.57511, 17.44741], [78.57499, 17.44703], [78.57492, 17.44688], [78.57473, 17.44667], [78.57462, 17.44661], [78.57451, 17.44659], [78.57437, 17.44659], [78.57427, 17.4466], [78.57402, 17.44666], [78.57401, 17.44666], [78.57383, 17.4467], [78.57361, 17.44675], [78.57339, 17.44679], [78.5732, 17.44684], [78.57301, 17.44688], [78.57288, 17.44691], [78.57273, 17.44693], [78.57255, 17.44698], [78.57236, 17.44702], [78.5722, 17.44705], [78.57205, 17.44708], [78.5719, 17.44711], [78.57176, 17.44713], [78.57164, 17.44715], [78.57151, 17.44717], [78.57136, 17.44719], [78.57118, 17.44721], [78.57105, 17.44722], [78.57093, 17.44723], [78.57077, 17.44725], [78.57065, 17.44727], [78.57052, 17.44728], [78.57035, 17.4473], [78.57014, 17.44733], [78.57001, 17.44734], [78.5699, 17.44734], [78.56981, 17.44733], [78.56969, 17.44732], [78.56966, 17.44731], [78.56953, 17.44727], [78.56941, 17.44723], [78.56932, 17.4472], [78.5691, 17.44711], [78.56898, 17.44705], [78.56883, 17.44698], [78.56875, 17.44693], [78.56867, 17.44687], [78.56859, 17.44682], [78.56843, 17.44671], [78.56876, 17.44743], [78.56883, 17.44758], [78.5689, 17.44775], [78.56893, 17.44788], [78.56898, 17.44804], [78.569, 17.44814], [78.56902, 17.44821], [78.56909, 17.44854], [78.56913, 17.44888], [78.56911, 17.4489], [78.56908, 17.4489], [78.56898, 17.44893], [78.56878, 17.44896], [78.56853, 17.449], [78.56838, 17.44904], [78.56853, 17.44935], [78.5666, 17.45085], [78.5666, 17.45085], [78.56518, 17.45093], [78.56376, 17.45085], [78.56261, 17.45043], [78.56092, 17.44951], [78.56074, 17.4494], [78.56073, 17.44941], [78.56052, 17.44974], [78.56029, 17.45018], [78.56094, 17.45046], [78.56096, 17.45078], [78.56099, 17.45113], [78.56105, 17.45174], [78.56109, 17.45215], [78.56115, 17.45251], [78.56123, 17.45272], [78.56131, 17.45294], [78.56142, 17.45316], [78.56108, 17.45329], [78.56118, 17.45356], [78.56125, 17.45372], [78.56111, 17.45378], [78.56115, 17.45386], [78.56137, 17.45466], [78.5613, 17.45469], [78.5614, 17.455], [78.56147, 17.45533], [78.56152, 17.45544], [78.56157, 17.4555], [78.56162, 17.4556], [78.56168, 17.45577], [78.56176, 17.45612], [78.56187, 17.45647], [78.56194, 17.45671], [78.562, 17.45695], [78.56202, 17.45707], [78.56205, 17.45723], [78.56209, 17.45733], [78.56215, 17.45751], [78.56216, 17.45764], [78.56217, 17.45771], [78.5623, 17.45816], [78.56244, 17.45873], [78.56262, 17.45944], [78.56275, 17.45993], [78.56288, 17.46039], [78.56297, 17.4607], [78.56301, 17.46074], [78.56305, 17.46089], [78.5631, 17.46113], [78.56312, 17.46137], [78.56315, 17.46149], [78.5632, 17.46161], [78.56313, 17.46166], [78.56313, 17.46166], [78.56328, 17.46221], [78.56342, 17.46279], [78.56346, 17.46286], [78.56371, 17.4628], [78.56378, 17.46328], [78.56382, 17.46371], [78.5639, 17.46432], [78.56391, 17.46484], [78.56396, 17.46523], [78.56398, 17.46539], [78.56404, 17.46559], [78.56404, 17.46559], [78.56408, 17.46561], [78.56414, 17.46563]]]}}, {"type": "Feature", "properties": {"name": "1-KAPRA", "hospital_count": 4, "circle": "1-KAPRA", "zone": "L.B.NAGAR ZONE", "ward_no": 1}, "geometry": {"type": "Polygon", "coordinates": [[[78.587, 17.50091], [78.58702, 17.50087], [78.58699, 17.50086], [78.58673, 17.50072], [78.58642, 17.50059], [78.58636, 17.50056], [78.58596, 17.50037], [78.58566, 17.50022], [78.58544, 17.50012], [78.58522, 17.5], [78.58482, 17.49979], [78.58448, 17.49962], [78.5841, 17.49943], [78.58356, 17.49917], [78.58336, 17.49907], [78.58319, 17.49898], [78.58296, 17.49886], [78.58282, 17.49878], [78.58275, 17.49875], [78.58264, 17.49868], [78.58249, 17.49857], [78.58227, 17.49841], [78.58215, 17.49831], [78.58179, 17.498], [78.58154, 17.4978], [78.58125, 17.49759], [78.58094, 17.49733], [78.58083, 17.49722], [78.5807, 17.49711], [78.58059, 17.49701], [78.58052, 17.49694], [78.58035, 17.49678], [78.58018, 17.49663], [78.58009, 17.49653], [78.58001, 17.49644], [78.57995, 17.49637], [78.57991, 17.49632], [78.57982, 17.49617], [78.57971, 17.49602], [78.57964, 17.49591], [78.57955, 17.49581], [78.57948, 17.49573], [78.57937, 17.49563], [78.57927, 17.49552], [78.57915, 17.49539], [78.57901, 17.49523], [78.5788, 17.49497], [78.57861, 17.49476], [78.5784, 17.49453], [78.57802, 17.4941], [78.57788, 17.49394], [78.57771, 17.49379], [78.57756, 17.49367], [78.57742, 17.49356], [78.57722, 17.49343], [78.577, 17.49328], [78.57673, 17.49309], [78.57647, 17.49291], [78.5762, 17.49272], [78.57602, 17.4926], [78.57582, 17.49247], [78.57562, 17.49234], [78.57545, 17.49225], [78.57528, 17.49217], [78.57515, 17.4921], [78.57505, 17.49204], [78.57495, 17.49197], [78.57475, 17.49185], [78.57458, 17.49174], [78.57448, 17.49167], [78.57433, 17.49154], [78.57413, 17.49135], [78.57396, 17.4912], [78.5738, 17.49107], [78.57361, 17.49094], [78.57329, 17.49074], [78.57299, 17.49054], [78.57254, 17.49025], [78.57242, 17.49018], [78.5722, 17.49004], [78.57187, 17.48983], [78.57152, 17.48962], [78.57137, 17.48953], [78.57129, 17.48947], [78.57122, 17.48944], [78.57114, 17.48941], [78.57103, 17.48938], [78.57087, 17.48935], [78.57073, 17.48932], [78.57058, 17.48931], [78.57039, 17.48928], [78.5703, 17.48928], [78.57022, 17.48928], [78.5701, 17.48928], [78.57, 17.48928], [78.5699, 17.48928], [78.56983, 17.48927], [78.56977, 17.48925], [78.56969, 17.48922], [78.56959, 17.48917], [78.56941, 17.48909], [78.56908, 17.48896], [78.5687, 17.48881], [78.56846, 17.48871], [78.56828, 17.48862], [78.56814, 17.48853], [78.56799, 17.48843], [78.56764, 17.48819], [78.56742, 17.48804], [78.56724, 17.48793], [78.56715, 17.48787], [78.56708, 17.48781], [78.56701, 17.48772], [78.56695, 17.48766], [78.56688, 17.48754], [78.56681, 17.48742], [78.56675, 17.4873], [78.56664, 17.48698], [78.56647, 17.48658], [78.56647, 17.48658], [78.5664, 17.4863], [78.56629, 17.48589], [78.56627, 17.48579], [78.56624, 17.48566], [78.5662, 17.48557], [78.56619, 17.48557], [78.56614, 17.48546], [78.56597, 17.48511], [78.56576, 17.48472], [78.56563, 17.48445], [78.5654, 17.48404], [78.56535, 17.48395], [78.56525, 17.48377], [78.56517, 17.48362], [78.56505, 17.48344], [78.56493, 17.48326], [78.56479, 17.48304], [78.56469, 17.48286], [78.56462, 17.48273], [78.56452, 17.48252], [78.5644, 17.48227], [78.56431, 17.48207], [78.56425, 17.48195], [78.56415, 17.4816], [78.56404, 17.48124], [78.56394, 17.48091], [78.56389, 17.4807], [78.56391, 17.4807], [78.56388, 17.48057], [78.5638, 17.4801], [78.56376, 17.47962], [78.56375, 17.47946], [78.56376, 17.47958], [78.56367, 17.4796], [78.56351, 17.47965], [78.5632, 17.47977], [78.56287, 17.47988], [78.56252, 17.48001], [78.56222, 17.48012], [78.56192, 17.48023], [78.56169, 17.48031], [78.56157, 17.48036], [78.56151, 17.48039], [78.56144, 17.48044], [78.56138, 17.48049], [78.56126, 17.48059], [78.56109, 17.48073], [78.56088, 17.48089], [78.56062, 17.48111], [78.56019, 17.48147], [78.56012, 17.48153], [78.56012, 17.48154], [78.55947, 17.48206], [78.55918, 17.48231], [78.55887, 17.48256], [78.55848, 17.48289], [78.55845, 17.48291], [78.55814, 17.48316], [78.55813, 17.48318], [78.55782, 17.48343], [78.55742, 17.48376], [78.557, 17.4841], [78.55666, 17.48438], [78.55656, 17.48366], [78.55571, 17.48382], [78.55583, 17.48456], [78.55584, 17.48476], [78.55584, 17.4849], [78.55589, 17.48503], [78.55554, 17.48533], [78.55544, 17.48541], [78.55521, 17.4856], [78.55505, 17.48573], [78.5547, 17.48564], [78.55428, 17.48548], [78.55382, 17.48532], [78.55352, 17.48521], [78.55319, 17.48509], [78.55303, 17.48502], [78.55299, 17.485], [78.55289, 17.48496], [78.55271, 17.48489], [78.55266, 17.48487], [78.55259, 17.48484], [78.55257, 17.48482], [78.55254, 17.48478], [78.55251, 17.4847], [78.55249, 17.4846], [78.55247, 17.48448], [78.55239, 17.48412], [78.55236, 17.48398], [78.55231, 17.48377], [78.5523, 17.48369], [78.55228, 17.48354], [78.55224, 17.48331], [78.55221, 17.48308], [78.55219, 17.48286], [78.55211, 17.48243], [78.5518, 17.48258], [78.55073, 17.4831], [78.55073, 17.48311], [78.54986, 17.48362], [78.54983, 17.48363], [78.54975, 17.48367], [78.54949, 17.48383], [78.5494, 17.48388], [78.54915, 17.48402], [78.54864, 17.48432], [78.54647, 17.48558], [78.54501, 17.48642], [78.54382, 17.48708], [78.54322, 17.48743], [78.54229, 17.48796], [78.54162, 17.48836], [78.54166, 17.48847], [78.54174, 17.48868], [78.54177, 17.48885], [78.54181, 17.48903], [78.54181, 17.48923], [78.54136, 17.48926], [78.54107, 17.48942], [78.54098, 17.4895], [78.5405, 17.48963], [78.5407, 17.48994], [78.54075, 17.49005], [78.54054, 17.49005], [78.54049, 17.49007], [78.54035, 17.49011], [78.53999, 17.49016], [78.5397, 17.49019], [78.53938, 17.49025], [78.53924, 17.49034], [78.53932, 17.49105], [78.53825, 17.4912], [78.53824, 17.49151], [78.53765, 17.49151], [78.53765, 17.4917], [78.53719, 17.4917], [78.53713, 17.49173], [78.53701, 17.49178], [78.5369, 17.4918], [78.53701, 17.49197], [78.53704, 17.49205], [78.53708, 17.49214], [78.5371, 17.49229], [78.53706, 17.49245], [78.53694, 17.49262], [78.53677, 17.49274], [78.53623, 17.493], [78.53579, 17.49319], [78.53572, 17.49318], [78.53556, 17.49308], [78.53499, 17.49348], [78.53462, 17.49392], [78.53511, 17.4947], [78.53545, 17.49593], [78.53615, 17.49832], [78.53663, 17.49894], [78.53702, 17.49878], [78.53721, 17.49871], [78.5373, 17.49897], [78.53725, 17.49899], [78.53733, 17.49927], [78.53779, 17.49914], [78.53788, 17.49938], [78.53822, 17.49928], [78.53821, 17.49924], [78.53847, 17.49925], [78.53857, 17.49962], [78.53868, 17.50004], [78.53914, 17.49992], [78.53928, 17.49988], [78.53928, 17.49989], [78.53942, 17.49985], [78.53924, 17.49917], [78.53899, 17.49816], [78.53882, 17.49782], [78.53867, 17.49726], [78.53947, 17.49705], [78.5395, 17.49697], [78.53954, 17.49692], [78.53991, 17.49692], [78.54037, 17.49687], [78.54091, 17.49669], [78.54101, 17.49667], [78.54121, 17.49653], [78.54158, 17.49625], [78.5417, 17.49621], [78.54184, 17.49638], [78.54203, 17.49676], [78.54221, 17.49707], [78.54244, 17.49728], [78.54256, 17.49738], [78.54251, 17.49743], [78.54249, 17.49745], [78.54258, 17.4975], [78.54301, 17.49761], [78.54338, 17.49773], [78.54362, 17.49786], [78.54388, 17.49794], [78.54388, 17.49791], [78.54383, 17.49776], [78.54363, 17.49708], [78.54421, 17.49682], [78.54473, 17.49657], [78.54504, 17.49733], [78.5454, 17.49718], [78.54599, 17.49693], [78.54604, 17.49691], [78.54609, 17.49692], [78.54623, 17.49758], [78.54644, 17.49857], [78.54655, 17.49908], [78.54674, 17.49993], [78.54713, 17.5], [78.54788, 17.49834], [78.54836, 17.4983], [78.54852, 17.49829], [78.54903, 17.49828], [78.54997, 17.49829], [78.55012, 17.49833], [78.55031, 17.49847], [78.55142, 17.49917], [78.55157, 17.49939], [78.55195, 17.50005], [78.55231, 17.50036], [78.55262, 17.50041], [78.553, 17.50063], [78.55331, 17.50103], [78.55343, 17.50094], [78.55411, 17.5014], [78.55545, 17.5024], [78.55566, 17.50254], [78.55587, 17.50294], [78.5567, 17.50447], [78.55688, 17.50482], [78.55687, 17.50518], [78.55685, 17.50519], [78.55689, 17.5055], [78.55695, 17.50571], [78.55697, 17.50613], [78.55703, 17.50672], [78.55708, 17.50758], [78.55708, 17.50764], [78.5571, 17.50785], [78.557, 17.50786], [78.55681, 17.50788], [78.55669, 17.5079], [78.55653, 17.50793], [78.55617, 17.50799], [78.55605, 17.50802], [78.55572, 17.50806], [78.55501, 17.50817], [78.55356, 17.5084], [78.55356, 17.5084], [78.55354, 17.50841], [78.55298, 17.5085], [78.55529, 17.50916], [78.55776, 17.50958], [78.56169, 17.50897], [78.56359, 17.50827], [78.5636, 17.50844], [78.56393, 17.50848], [78.56416, 17.50706], [78.56652, 17.50572], [78.56835, 17.50614], [78.56863, 17.50621], [78.56873, 17.50648], [78.56886, 17.50651], [78.56891, 17.50688], [78.5693, 17.50672], [78.56936, 17.50683], [78.56946, 17.50699], [78.5698, 17.50697], [78.57005, 17.50699], [78.57082, 17.50708], [78.57081, 17.50711], [78.57074, 17.50757], [78.57067, 17.50773], [78.57066, 17.50827], [78.57186, 17.50861], [78.57183, 17.50871], [78.57259, 17.50885], [78.57297, 17.50893], [78.57337, 17.50899], [78.57388, 17.50906], [78.57406, 17.50909], [78.57469, 17.50917], [78.5748, 17.50918], [78.57564, 17.50938], [78.57571, 17.50887], [78.5758, 17.50833], [78.57588, 17.50768], [78.57599, 17.50689], [78.5763, 17.5069], [78.57677, 17.50693], [78.57751, 17.50697], [78.57774, 17.50699], [78.57778, 17.507], [78.57785, 17.50652], [78.57819, 17.50656], [78.57826, 17.50602], [78.57828, 17.50584], [78.57838, 17.50585], [78.5786, 17.50588], [78.57893, 17.50592], [78.57943, 17.50599], [78.57946, 17.50599], [78.57947, 17.50592], [78.57951, 17.50567], [78.57953, 17.50555], [78.57959, 17.50517], [78.5796, 17.5051], [78.57962, 17.50507], [78.58016, 17.50515], [78.58019, 17.50515], [78.5802, 17.5047], [78.58025, 17.50468], [78.58037, 17.5046], [78.58103, 17.50442], [78.5814, 17.50417], [78.58173, 17.50392], [78.5818, 17.50401], [78.58193, 17.5042], [78.58211, 17.50439], [78.58213, 17.50442], [78.58254, 17.50374], [78.58268, 17.50351], [78.58304, 17.50294], [78.58325, 17.50306], [78.58369, 17.5033], [78.58387, 17.50342], [78.58401, 17.50319], [78.5849, 17.50181], [78.58506, 17.50191], [78.58527, 17.50204], [78.58557, 17.50222], [78.58574, 17.50232], [78.58576, 17.50229], [78.586, 17.5019], [78.5861, 17.50175], [78.58618, 17.50159], [78.58628, 17.50146], [78.58672, 17.50158], [78.587, 17.50091]]]}}, {"type": "Feature", "properties": {"name": "94-SHAIKPET", "hospital_count": 8, "circle": "18-JUBILEE HILLS", "zone": "KHAIRATHABAD ZONE", "ward_no": 94}, "geometry": {"type": "Polygon", "coordinates": [[[78.39979, 17.41418], [78.39986, 17.41418], [78.39994, 17.41418], [78.39998, 17.41418], [78.39997, 17.41413], [78.39996, 17.41411], [78.39995, 17.41408], [78.39995, 17.41407], [78.39995, 17.41406], [78.39994, 17.41404], [78.39994, 17.41399], [78.39994, 17.41396], [78.39994, 17.41393], [78.39994, 17.41389], [78.39994, 17.41388], [78.39995, 17.41387], [78.39995, 17.41387], [78.39995, 17.41386], [78.39996, 17.41386], [78.39999, 17.41384], [78.40002, 17.41382], [78.40006, 17.41379], [78.40007, 17.41378], [78.40008, 17.41377], [78.40009, 17.41377], [78.4001, 17.41376], [78.40012, 17.41376], [78.40014, 17.41376], [78.40026, 17.41374], [78.40034, 17.41373], [78.40047, 17.4137], [78.40051, 17.41369], [78.40053, 17.41369], [78.40055, 17.41368], [78.40058, 17.41367], [78.40062, 17.41365], [78.40068, 17.41361], [78.40073, 17.41358], [78.4008, 17.41353], [78.40083, 17.41352], [78.40085, 17.4135], [78.4009, 17.41349], [78.40097, 17.41345], [78.401, 17.41344], [78.40103, 17.41343], [78.40105, 17.41342], [78.40107, 17.41342], [78.40109, 17.41342], [78.4011, 17.41342], [78.40114, 17.41343], [78.40115, 17.41344], [78.40117, 17.41345], [78.40117, 17.41345], [78.40119, 17.41347], [78.4012, 17.41348], [78.40172, 17.41325], [78.40142, 17.41251], [78.40134, 17.41232], [78.40129, 17.41219], [78.40125, 17.4121], [78.40122, 17.41202], [78.40118, 17.41193], [78.40119, 17.41193], [78.40129, 17.41188], [78.40137, 17.41185], [78.40147, 17.41181], [78.40159, 17.41177], [78.4017, 17.41173], [78.4018, 17.41169], [78.40191, 17.41165], [78.40202, 17.41161], [78.40216, 17.41156], [78.40223, 17.41153], [78.40238, 17.41148], [78.40245, 17.41145], [78.40265, 17.41137], [78.40279, 17.41132], [78.40293, 17.41127], [78.40302, 17.41124], [78.40308, 17.41123], [78.40313, 17.41122], [78.40317, 17.41122], [78.40319, 17.41121], [78.40322, 17.4112], [78.40324, 17.4112], [78.40324, 17.41118], [78.40324, 17.41117], [78.40326, 17.41113], [78.40328, 17.41111], [78.40331, 17.41109], [78.40332, 17.41108], [78.40333, 17.41108], [78.40335, 17.41107], [78.40336, 17.41107], [78.40338, 17.41107], [78.40338, 17.41107], [78.40339, 17.41107], [78.4034, 17.41105], [78.4034, 17.41102], [78.4034, 17.411], [78.4034, 17.41098], [78.4034, 17.41097], [78.40344, 17.41096], [78.40347, 17.41096], [78.40351, 17.41096], [78.40354, 17.41096], [78.40356, 17.41096], [78.40363, 17.41098], [78.40367, 17.41099], [78.40371, 17.411], [78.40377, 17.41101], [78.4038, 17.41102], [78.40383, 17.41102], [78.40389, 17.41102], [78.40395, 17.41102], [78.40404, 17.411], [78.40408, 17.411], [78.40414, 17.41099], [78.40421, 17.41098], [78.40429, 17.41097], [78.40436, 17.41096], [78.40443, 17.41094], [78.40449, 17.41093], [78.40455, 17.41092], [78.40459, 17.41092], [78.40464, 17.41091], [78.40468, 17.41089], [78.40474, 17.41088], [78.4048, 17.41086], [78.4049, 17.41084], [78.40507, 17.41079], [78.40517, 17.41076], [78.40532, 17.41072], [78.40537, 17.4107], [78.40544, 17.41068], [78.40553, 17.41065], [78.40557, 17.41063], [78.40559, 17.41062], [78.4056, 17.41061], [78.40565, 17.41059], [78.40567, 17.41057], [78.40569, 17.41056], [78.4057, 17.41054], [78.40572, 17.41052], [78.40575, 17.41049], [78.40579, 17.41046], [78.40584, 17.41042], [78.40588, 17.41038], [78.40593, 17.41034], [78.40596, 17.41032], [78.406, 17.41028], [78.40604, 17.41025], [78.40609, 17.41021], [78.40615, 17.41016], [78.40621, 17.41011], [78.40626, 17.41007], [78.40631, 17.41002], [78.40637, 17.40998], [78.4065, 17.40988], [78.40658, 17.40981], [78.40662, 17.40978], [78.40668, 17.40973], [78.40672, 17.40967], [78.40678, 17.40974], [78.40705, 17.40973], [78.40706, 17.40972], [78.40706, 17.40972], [78.4071, 17.40969], [78.40712, 17.40968], [78.40715, 17.40967], [78.4072, 17.40965], [78.40729, 17.40963], [78.40739, 17.40961], [78.40742, 17.4096], [78.40748, 17.40958], [78.40755, 17.40956], [78.40762, 17.40954], [78.40767, 17.40953], [78.40773, 17.40951], [78.40778, 17.4095], [78.40788, 17.40948], [78.40789, 17.40947], [78.40805, 17.40942], [78.40807, 17.40942], [78.4081, 17.40941], [78.40814, 17.4094], [78.4082, 17.40939], [78.40825, 17.40938], [78.40829, 17.40937], [78.40842, 17.40934], [78.4085, 17.40931], [78.4086, 17.40928], [78.40869, 17.40926], [78.40881, 17.40923], [78.40893, 17.40919], [78.40915, 17.40914], [78.40927, 17.4091], [78.40931, 17.4091], [78.40931, 17.40909], [78.40943, 17.40907], [78.40951, 17.40906], [78.40956, 17.40905], [78.40962, 17.40903], [78.40962, 17.40903], [78.40963, 17.40903], [78.40963, 17.40904], [78.40963, 17.40904], [78.40964, 17.40904], [78.40964, 17.40904], [78.40965, 17.40904], [78.40965, 17.40904], [78.40965, 17.40904], [78.40965, 17.40905], [78.40965, 17.40905], [78.40966, 17.40905], [78.40966, 17.40906], [78.40966, 17.40906], [78.40983, 17.40903], [78.4099, 17.40901], [78.41001, 17.40899], [78.41011, 17.40896], [78.41013, 17.40895], [78.41016, 17.40893], [78.41016, 17.40892], [78.41018, 17.40895], [78.41021, 17.40896], [78.41024, 17.40896], [78.41031, 17.40895], [78.4104, 17.40893], [78.41052, 17.40891], [78.41063, 17.40889], [78.4108, 17.40884], [78.41094, 17.40882], [78.41105, 17.4088], [78.41113, 17.4088], [78.41124, 17.40878], [78.41139, 17.40877], [78.41157, 17.40877], [78.41176, 17.40877], [78.41188, 17.40876], [78.41199, 17.40875], [78.41214, 17.40874], [78.41229, 17.40874], [78.41241, 17.40874], [78.41248, 17.40874], [78.41251, 17.40874], [78.41253, 17.40874], [78.41253, 17.40874], [78.41253, 17.40874], [78.41254, 17.40873], [78.41254, 17.40873], [78.41254, 17.40873], [78.41255, 17.40872], [78.41255, 17.40872], [78.41261, 17.4087], [78.4127, 17.40868], [78.4128, 17.40867], [78.41287, 17.40866], [78.41288, 17.40865], [78.4129, 17.40864], [78.41291, 17.40863], [78.41304, 17.4086], [78.41317, 17.40857], [78.4133, 17.40854], [78.41343, 17.40851], [78.41353, 17.40849], [78.41354, 17.40849], [78.41354, 17.40847], [78.41352, 17.40836], [78.41349, 17.40825], [78.41346, 17.40813], [78.41342, 17.408], [78.41339, 17.40787], [78.41338, 17.40775], [78.41337, 17.40772], [78.41337, 17.4077], [78.4135, 17.40769], [78.41365, 17.40769], [78.4137, 17.40769], [78.41376, 17.40769], [78.41388, 17.40769], [78.41401, 17.40769], [78.41405, 17.40769], [78.41404, 17.40761], [78.41403, 17.40758], [78.41402, 17.40748], [78.414, 17.40738], [78.414, 17.40727], [78.41402, 17.40727], [78.41407, 17.40728], [78.41419, 17.40728], [78.41432, 17.40727], [78.41444, 17.40727], [78.41454, 17.40726], [78.41462, 17.40726], [78.41469, 17.40726], [78.41477, 17.40726], [78.41479, 17.40726], [78.41481, 17.40725], [78.41486, 17.40725], [78.41489, 17.40724], [78.41495, 17.40724], [78.41502, 17.40724], [78.41509, 17.40724], [78.41514, 17.40724], [78.41523, 17.40724], [78.4153, 17.40724], [78.41539, 17.40724], [78.41551, 17.40723], [78.41555, 17.40723], [78.4156, 17.40724], [78.41566, 17.40724], [78.41572, 17.40725], [78.41576, 17.40725], [78.41579, 17.40726], [78.41583, 17.40726], [78.41586, 17.40727], [78.41591, 17.40729], [78.41594, 17.4073], [78.41601, 17.40733], [78.41605, 17.40735], [78.41609, 17.40737], [78.41611, 17.40737], [78.4162, 17.40739], [78.41624, 17.40739], [78.41634, 17.4074], [78.41647, 17.4074], [78.41663, 17.4074], [78.41676, 17.4074], [78.41695, 17.4074], [78.41709, 17.4074], [78.41712, 17.40741], [78.41714, 17.40741], [78.41718, 17.4075], [78.41719, 17.40754], [78.41719, 17.40758], [78.41724, 17.40757], [78.41736, 17.40755], [78.41746, 17.40752], [78.41756, 17.40749], [78.41763, 17.40747], [78.41762, 17.40746], [78.41762, 17.40743], [78.41763, 17.40743], [78.41756, 17.4072], [78.41749, 17.40696], [78.41744, 17.40675], [78.41742, 17.40668], [78.41741, 17.40666], [78.41733, 17.40646], [78.41736, 17.40634], [78.41737, 17.40633], [78.41764, 17.40595], [78.41731, 17.40559], [78.41743, 17.40555], [78.4175, 17.40552], [78.4175, 17.40552], [78.4175, 17.40521], [78.41749, 17.4052], [78.41746, 17.40504], [78.41744, 17.40494], [78.41737, 17.40478], [78.41728, 17.40453], [78.41728, 17.40453], [78.41712, 17.40409], [78.41709, 17.40401], [78.41705, 17.40391], [78.41703, 17.40386], [78.41702, 17.4037], [78.41702, 17.40357], [78.41704, 17.40348], [78.41712, 17.40322], [78.41713, 17.40318], [78.41725, 17.40286], [78.41732, 17.40268], [78.4174, 17.40246], [78.41744, 17.40234], [78.41748, 17.40221], [78.41753, 17.40206], [78.41753, 17.40194], [78.41753, 17.40186], [78.41752, 17.40182], [78.41746, 17.40155], [78.41742, 17.40145], [78.41738, 17.40134], [78.41738, 17.40134], [78.41714, 17.40084], [78.41714, 17.40083], [78.417, 17.40065], [78.41672, 17.40026], [78.41654, 17.40002], [78.41654, 17.40002], [78.41622, 17.39959], [78.4162, 17.39957], [78.41595, 17.39923], [78.41582, 17.39906], [78.41573, 17.39893], [78.41564, 17.39882], [78.41546, 17.39868], [78.41495, 17.39858], [78.41484, 17.39858], [78.41474, 17.39858], [78.41425, 17.3986], [78.41392, 17.39861], [78.41383, 17.39861], [78.4134, 17.39862], [78.41329, 17.39862], [78.41302, 17.39863], [78.41256, 17.39864], [78.4122, 17.39865], [78.41209, 17.39866], [78.41159, 17.3987], [78.41134, 17.39872], [78.41102, 17.39874], [78.41091, 17.39875], [78.41068, 17.39881], [78.41051, 17.39884], [78.41034, 17.39888], [78.4102, 17.39891], [78.40981, 17.39903], [78.40974, 17.39905], [78.40969, 17.39907], [78.4094, 17.39918], [78.40904, 17.39931], [78.40883, 17.39938], [78.40877, 17.39941], [78.40863, 17.39946], [78.40836, 17.39953], [78.40828, 17.39955], [78.40792, 17.39956], [78.40787, 17.39955], [78.4077, 17.39951], [78.40745, 17.39943], [78.40709, 17.3993], [78.40704, 17.39927], [78.40677, 17.39911], [78.40673, 17.39909], [78.40663, 17.39903], [78.40654, 17.39898], [78.40651, 17.39895], [78.40648, 17.39893], [78.40648, 17.39893], [78.4064, 17.39887], [78.40634, 17.3988], [78.4062, 17.39868], [78.40611, 17.3986], [78.40603, 17.39852], [78.40599, 17.39847], [78.40594, 17.39842], [78.40588, 17.39836], [78.4058, 17.3983], [78.40579, 17.39829], [78.40571, 17.39823], [78.40562, 17.39816], [78.4054, 17.39801], [78.40518, 17.39793], [78.40509, 17.3979], [78.40492, 17.39785], [78.40442, 17.39775], [78.40422, 17.39771], [78.40403, 17.39767], [78.40379, 17.39761], [78.40353, 17.39752], [78.40339, 17.39748], [78.40321, 17.39744], [78.40308, 17.39741], [78.40296, 17.39741], [78.40259, 17.3974], [78.40138, 17.39738], [78.4007, 17.39736], [78.40064, 17.39735], [78.40058, 17.39734], [78.40055, 17.39732], [78.40051, 17.39699], [78.4004, 17.39604], [78.40034, 17.39555], [78.4003, 17.39521], [78.40028, 17.39498], [78.40014, 17.39387], [78.40011, 17.39372], [78.40011, 17.39368], [78.40009, 17.39358], [78.40005, 17.39337], [78.40005, 17.39336], [78.4, 17.39312], [78.39995, 17.3928], [78.39994, 17.39274], [78.39992, 17.39267], [78.39989, 17.39249], [78.39986, 17.39227], [78.3998, 17.39228], [78.39901, 17.39231], [78.39881, 17.39232], [78.39858, 17.39235], [78.39799, 17.3924], [78.39723, 17.39246], [78.39688, 17.39249], [78.39682, 17.3925], [78.39628, 17.39254], [78.39624, 17.39254], [78.3958, 17.39258], [78.39558, 17.39257], [78.39542, 17.39256], [78.39534, 17.39256], [78.39475, 17.39251], [78.39456, 17.39249], [78.39431, 17.39251], [78.39404, 17.39252], [78.39353, 17.39262], [78.39344, 17.39263], [78.3932, 17.39271], [78.39307, 17.39275], [78.39296, 17.39276], [78.39289, 17.39274], [78.39285, 17.39273], [78.39261, 17.39254], [78.39233, 17.39242], [78.39212, 17.39233], [78.39175, 17.39226], [78.39171, 17.39226], [78.39137, 17.39226], [78.39098, 17.39228], [78.39078, 17.39229], [78.39053, 17.39233], [78.39053, 17.3924], [78.39058, 17.39305], [78.39064, 17.39368], [78.39064, 17.39372], [78.39065, 17.39384], [78.39067, 17.39405], [78.39068, 17.39413], [78.39072, 17.39413], [78.39088, 17.39413], [78.39115, 17.39413], [78.39132, 17.39413], [78.39148, 17.39412], [78.39156, 17.39412], [78.39169, 17.39412], [78.39187, 17.39411], [78.39189, 17.3943], [78.3919, 17.39447], [78.39192, 17.39458], [78.39193, 17.3948], [78.39194, 17.39501], [78.39195, 17.39503], [78.39197, 17.39507], [78.39197, 17.39507], [78.39195, 17.39508], [78.39195, 17.39511], [78.39194, 17.39522], [78.39193, 17.39547], [78.39191, 17.39582], [78.39191, 17.39588], [78.3919, 17.39607], [78.39189, 17.39625], [78.39168, 17.39623], [78.39132, 17.39622], [78.39119, 17.39621], [78.39108, 17.3962], [78.39108, 17.39625], [78.39108, 17.39636], [78.39108, 17.39647], [78.39107, 17.39659], [78.39107, 17.3967], [78.39104, 17.3971], [78.39103, 17.39718], [78.39102, 17.3973], [78.39098, 17.39729], [78.39095, 17.39728], [78.39094, 17.39732], [78.39093, 17.39739], [78.39091, 17.39747], [78.39091, 17.39753], [78.3909, 17.39756], [78.3909, 17.39758], [78.3909, 17.39758], [78.39091, 17.39759], [78.39092, 17.39761], [78.39093, 17.39762], [78.39094, 17.39763], [78.39095, 17.39764], [78.39098, 17.39775], [78.39099, 17.39784], [78.39101, 17.39796], [78.39104, 17.39832], [78.39118, 17.3983], [78.39124, 17.39829], [78.39127, 17.39847], [78.39129, 17.39868], [78.39163, 17.40099], [78.39164, 17.40119], [78.39166, 17.40146], [78.39167, 17.40195], [78.39169, 17.40226], [78.39169, 17.40233], [78.39171, 17.40264], [78.39103, 17.40267], [78.391, 17.40258], [78.39097, 17.40226], [78.39097, 17.40218], [78.39093, 17.40178], [78.3904, 17.40182], [78.39041, 17.40189], [78.38996, 17.40194], [78.39003, 17.40233], [78.39012, 17.40286], [78.39008, 17.40296], [78.39009, 17.40326], [78.39039, 17.40323], [78.3907, 17.40321], [78.3908, 17.40321], [78.39082, 17.40321], [78.39068, 17.40349], [78.39055, 17.40398], [78.39035, 17.40468], [78.39025, 17.40471], [78.39027, 17.40499], [78.39029, 17.40528], [78.39033, 17.40559], [78.39037, 17.40592], [78.39038, 17.40594], [78.39039, 17.40604], [78.39039, 17.40609], [78.39039, 17.40611], [78.39036, 17.40611], [78.39019, 17.40613], [78.39013, 17.40613], [78.38985, 17.40619], [78.38941, 17.40625], [78.38906, 17.40628], [78.38858, 17.40632], [78.38815, 17.40636], [78.38795, 17.40656], [78.38766, 17.40684], [78.38762, 17.40688], [78.38751, 17.40694], [78.38742, 17.40703], [78.38735, 17.4071], [78.38733, 17.40713], [78.38733, 17.40715], [78.38733, 17.4072], [78.38737, 17.4074], [78.38694, 17.40746], [78.38697, 17.40756], [78.38698, 17.40778], [78.38697, 17.40793], [78.387, 17.40829], [78.3881, 17.40822], [78.38836, 17.40822], [78.38889, 17.40818], [78.38888, 17.40789], [78.3899, 17.40776], [78.38991, 17.40782], [78.38994, 17.40792], [78.38995, 17.408], [78.38997, 17.40807], [78.38998, 17.40813], [78.39, 17.40822], [78.39002, 17.40828], [78.39006, 17.40843], [78.39008, 17.4085], [78.39011, 17.40857], [78.39014, 17.40866], [78.39016, 17.40872], [78.39021, 17.40882], [78.39025, 17.40891], [78.39031, 17.40906], [78.39037, 17.40919], [78.3904, 17.40927], [78.39043, 17.40934], [78.39046, 17.40943], [78.39049, 17.40953], [78.39052, 17.40964], [78.39053, 17.40967], [78.39055, 17.40974], [78.39055, 17.40978], [78.39056, 17.4098], [78.39071, 17.41016], [78.3908, 17.41042], [78.39096, 17.41057], [78.39109, 17.41071], [78.39119, 17.41085], [78.39188, 17.4107], [78.39223, 17.41064], [78.39243, 17.41069], [78.39259, 17.41073], [78.39271, 17.41075], [78.39285, 17.41074], [78.39325, 17.41075], [78.39386, 17.41074], [78.39405, 17.41073], [78.39434, 17.41073], [78.39486, 17.41073], [78.39486, 17.41078], [78.39487, 17.41078], [78.39484, 17.41187], [78.39482, 17.41266], [78.39494, 17.41268], [78.39503, 17.41269], [78.3951, 17.4127], [78.39515, 17.4127], [78.39564, 17.41221], [78.39568, 17.41217], [78.39588, 17.41199], [78.39591, 17.41197], [78.39629, 17.41164], [78.39652, 17.41146], [78.39709, 17.411], [78.39719, 17.41091], [78.39756, 17.41133], [78.39772, 17.41161], [78.39794, 17.41203], [78.39829, 17.4128], [78.39855, 17.41336], [78.39877, 17.41386], [78.39886, 17.41404], [78.39886, 17.41402], [78.39887, 17.41399], [78.39888, 17.41396], [78.39889, 17.41393], [78.39891, 17.41391], [78.39893, 17.41388], [78.39897, 17.41383], [78.399, 17.41379], [78.39903, 17.41378], [78.39904, 17.41377], [78.39907, 17.41376], [78.39911, 17.41376], [78.39916, 17.41376], [78.39926, 17.41376], [78.39931, 17.41375], [78.39939, 17.41375], [78.39945, 17.41374], [78.39951, 17.41375], [78.39952, 17.41375], [78.39953, 17.41376], [78.39953, 17.41377], [78.39954, 17.41378], [78.39954, 17.4138], [78.39954, 17.41386], [78.39953, 17.41399], [78.39953, 17.41414], [78.39952, 17.41418], [78.39961, 17.41418], [78.39973, 17.41418], [78.39979, 17.41418]]]}}, {"type": "Feature", "properties": {"name": "64-DATTATHREYA NAGAR", "hospital_count": 1, "circle": "14-GOSHAMAHAL", "zone": "KHAIRATHABAD ZONE", "ward_no": 64}, "geometry": {"type": "Polygon", "coordinates": [[[78.45222, 17.38078], [78.45226, 17.38079], [78.45261, 17.38091], [78.4527, 17.38094], [78.45274, 17.38096], [78.4527, 17.38052], [78.45285, 17.3805], [78.45297, 17.38051], [78.45317, 17.38047], [78.45332, 17.38047], [78.45332, 17.38044], [78.45357, 17.38043], [78.45362, 17.38011], [78.45356, 17.38009], [78.45333, 17.38006], [78.45328, 17.38], [78.45304, 17.37995], [78.45309, 17.37985], [78.45303, 17.37966], [78.45302, 17.37962], [78.45292, 17.37952], [78.45276, 17.37948], [78.45274, 17.37944], [78.45278, 17.37939], [78.45268, 17.37922], [78.45287, 17.37918], [78.45329, 17.37912], [78.4535, 17.37908], [78.45356, 17.37925], [78.45365, 17.37947], [78.45374, 17.37954], [78.45376, 17.37945], [78.45379, 17.37938], [78.45401, 17.37931], [78.45411, 17.37929], [78.45406, 17.37909], [78.45399, 17.37874], [78.45391, 17.37824], [78.454, 17.37822], [78.45392, 17.37757], [78.45455, 17.37748], [78.45536, 17.37742], [78.45593, 17.3774], [78.45642, 17.37728], [78.45703, 17.37719], [78.45696, 17.37698], [78.45687, 17.37679], [78.45677, 17.37655], [78.45671, 17.37627], [78.45661, 17.37611], [78.45653, 17.37579], [78.45645, 17.37529], [78.45577, 17.3753], [78.45546, 17.37532], [78.45533, 17.37532], [78.45498, 17.37527], [78.45457, 17.37524], [78.45462, 17.37476], [78.4546, 17.37368], [78.45455, 17.37324], [78.45485, 17.37317], [78.4547, 17.37287], [78.45462, 17.3725], [78.45438, 17.37251], [78.45389, 17.37269], [78.4536, 17.37274], [78.45348, 17.37273], [78.45337, 17.37273], [78.45345, 17.3721], [78.45351, 17.37182], [78.45347, 17.37156], [78.45335, 17.37156], [78.45247, 17.37169], [78.45235, 17.37171], [78.45131, 17.37194], [78.45058, 17.37216], [78.44994, 17.37244], [78.44966, 17.37256], [78.44944, 17.37271], [78.44875, 17.37307], [78.44873, 17.37308], [78.44834, 17.37331], [78.44814, 17.37345], [78.44801, 17.37354], [78.44803, 17.37364], [78.44812, 17.37412], [78.44818, 17.37438], [78.44821, 17.37476], [78.44821, 17.37479], [78.44815, 17.37541], [78.44813, 17.37569], [78.448, 17.37643], [78.44786, 17.37728], [78.44785, 17.37758], [78.44782, 17.37762], [78.44783, 17.37761], [78.4478, 17.37795], [78.44777, 17.37805], [78.44776, 17.37834], [78.44772, 17.37868], [78.44771, 17.37872], [78.44764, 17.37905], [78.44761, 17.37923], [78.44761, 17.37935], [78.44761, 17.37946], [78.44763, 17.3796], [78.4477, 17.37986], [78.44776, 17.38006], [78.44799, 17.37999], [78.44816, 17.37994], [78.44821, 17.38007], [78.44822, 17.38008], [78.44831, 17.38031], [78.4484, 17.38063], [78.44848, 17.38097], [78.44857, 17.38135], [78.44863, 17.38169], [78.44866, 17.38189], [78.44907, 17.38184], [78.44971, 17.38178], [78.44966, 17.3812], [78.44966, 17.38118], [78.4496, 17.3809], [78.44959, 17.38087], [78.45047, 17.38072], [78.45046, 17.38062], [78.45043, 17.38039], [78.45047, 17.38038], [78.45104, 17.38044], [78.45112, 17.38046], [78.45121, 17.38047], [78.4519, 17.38066], [78.45222, 17.38078]]]}}, {"type": "Feature", "properties": {"name": "69-NANALNAGAR", "hospital_count": 6, "circle": "13-KARWAN", "zone": "KHAIRATHABAD ZONE", "ward_no": 69}, "geometry": {"type": "Polygon", "coordinates": [[[78.42271, 17.40818], [78.42295, 17.40774], [78.42341, 17.40783], [78.42471, 17.40775], [78.42531, 17.40766], [78.426, 17.4075], [78.42675, 17.40714], [78.42787, 17.40682], [78.42787, 17.4068], [78.4278, 17.40635], [78.42766, 17.40549], [78.4273, 17.40326], [78.42769, 17.40324], [78.42806, 17.4032], [78.42828, 17.4032], [78.42841, 17.40318], [78.42848, 17.40312], [78.42857, 17.40292], [78.42862, 17.40285], [78.42879, 17.40271], [78.42887, 17.40265], [78.42892, 17.40262], [78.42929, 17.40233], [78.42945, 17.40228], [78.42991, 17.40227], [78.43001, 17.40226], [78.43051, 17.40227], [78.43087, 17.40232], [78.43089, 17.40233], [78.43107, 17.40229], [78.43125, 17.40219], [78.43152, 17.40198], [78.43178, 17.40183], [78.43214, 17.40174], [78.4322, 17.40172], [78.43268, 17.4016], [78.43268, 17.4016], [78.43275, 17.40158], [78.43371, 17.40133], [78.43435, 17.40114], [78.43462, 17.40106], [78.43484, 17.40099], [78.43574, 17.40069], [78.43635, 17.40047], [78.43694, 17.40039], [78.43694, 17.40026], [78.43708, 17.39943], [78.43792, 17.39926], [78.43904, 17.39904], [78.44242, 17.39849], [78.44342, 17.39838], [78.44351, 17.39832], [78.44358, 17.39827], [78.44331, 17.39805], [78.44319, 17.39786], [78.44308, 17.39766], [78.44297, 17.39727], [78.44289, 17.39703], [78.44281, 17.39678], [78.44271, 17.39647], [78.44265, 17.39636], [78.44259, 17.39627], [78.44255, 17.39621], [78.44232, 17.39599], [78.44205, 17.39583], [78.44181, 17.39571], [78.44149, 17.39556], [78.44073, 17.39518], [78.4404, 17.39503], [78.44022, 17.39494], [78.4401, 17.39489], [78.43995, 17.39485], [78.43971, 17.39479], [78.43948, 17.39477], [78.43931, 17.39477], [78.43909, 17.39479], [78.43839, 17.39485], [78.43832, 17.39485], [78.43739, 17.39494], [78.4372, 17.39496], [78.43677, 17.39499], [78.43556, 17.39509], [78.43529, 17.39512], [78.43399, 17.39523], [78.43361, 17.39527], [78.43344, 17.39529], [78.43326, 17.39534], [78.43317, 17.39538], [78.43301, 17.39546], [78.43273, 17.39562], [78.4327, 17.39564], [78.43247, 17.39575], [78.43236, 17.39579], [78.43227, 17.39582], [78.43218, 17.39583], [78.43206, 17.39585], [78.43192, 17.39583], [78.43157, 17.39586], [78.43154, 17.39586], [78.43054, 17.39593], [78.43004, 17.39596], [78.42992, 17.39597], [78.42989, 17.39597], [78.42869, 17.39605], [78.42827, 17.39608], [78.42775, 17.39611], [78.4277, 17.39596], [78.42759, 17.39563], [78.42747, 17.39541], [78.4274, 17.39527], [78.42732, 17.39505], [78.42727, 17.39489], [78.42722, 17.39472], [78.4271, 17.3943], [78.42703, 17.39409], [78.42702, 17.39405], [78.42686, 17.39352], [78.42684, 17.39346], [78.42678, 17.39317], [78.42676, 17.39305], [78.42675, 17.39296], [78.42669, 17.39259], [78.42665, 17.39207], [78.42665, 17.392], [78.42667, 17.39172], [78.42672, 17.39152], [78.42682, 17.3913], [78.42703, 17.39099], [78.42731, 17.39056], [78.42732, 17.39055], [78.42751, 17.39027], [78.4279, 17.38961], [78.42791, 17.38959], [78.42798, 17.38949], [78.4282, 17.38916], [78.42843, 17.3888], [78.42845, 17.38878], [78.42854, 17.38865], [78.42874, 17.3885], [78.42895, 17.38834], [78.42921, 17.38809], [78.42963, 17.38766], [78.42964, 17.38761], [78.42957, 17.38674], [78.42955, 17.38657], [78.42954, 17.38633], [78.42952, 17.38555], [78.42932, 17.38555], [78.42887, 17.38557], [78.42834, 17.3856], [78.4281, 17.38566], [78.42796, 17.38571], [78.42773, 17.38595], [78.42762, 17.38606], [78.4274, 17.38615], [78.42698, 17.38632], [78.42643, 17.38658], [78.42613, 17.38671], [78.42592, 17.38675], [78.42529, 17.38693], [78.42513, 17.38699], [78.42513, 17.38699], [78.42418, 17.38727], [78.42359, 17.38744], [78.42281, 17.38765], [78.42265, 17.38769], [78.42292, 17.39099], [78.42294, 17.39188], [78.42258, 17.39185], [78.42178, 17.39162], [78.42139, 17.39151], [78.42108, 17.39149], [78.41974, 17.39155], [78.41872, 17.39158], [78.41841, 17.39161], [78.41827, 17.39158], [78.41845, 17.39246], [78.4189, 17.39253], [78.41909, 17.39255], [78.41916, 17.39259], [78.4192, 17.39291], [78.41913, 17.393], [78.41923, 17.39373], [78.41936, 17.39439], [78.41947, 17.39469], [78.41964, 17.39465], [78.41985, 17.39464], [78.4199, 17.39465], [78.41995, 17.39487], [78.4199, 17.39504], [78.4197, 17.39524], [78.41963, 17.39535], [78.41951, 17.39548], [78.41946, 17.39555], [78.41941, 17.39561], [78.41917, 17.39576], [78.41897, 17.39593], [78.41892, 17.39605], [78.41887, 17.3961], [78.41872, 17.39618], [78.41873, 17.39636], [78.41896, 17.3972], [78.41893, 17.39728], [78.41908, 17.39789], [78.4191, 17.39804], [78.41909, 17.39805], [78.41894, 17.39816], [78.41874, 17.3983], [78.4186, 17.39838], [78.41849, 17.39842], [78.41833, 17.39845], [78.41815, 17.39847], [78.41796, 17.39849], [78.41779, 17.39849], [78.41707, 17.3985], [78.41695, 17.39851], [78.41679, 17.39857], [78.41617, 17.39874], [78.41573, 17.39893], [78.41582, 17.39906], [78.41595, 17.39923], [78.4162, 17.39957], [78.41622, 17.39959], [78.41654, 17.40002], [78.41654, 17.40002], [78.41672, 17.40026], [78.417, 17.40065], [78.41714, 17.40083], [78.41714, 17.40084], [78.41738, 17.40134], [78.41738, 17.40134], [78.41742, 17.40145], [78.41746, 17.40155], [78.41752, 17.40182], [78.41753, 17.40186], [78.41753, 17.40194], [78.41753, 17.40206], [78.41748, 17.40221], [78.41744, 17.40234], [78.4174, 17.40246], [78.41732, 17.40268], [78.41725, 17.40286], [78.41713, 17.40318], [78.41712, 17.40322], [78.41704, 17.40348], [78.41702, 17.40357], [78.41702, 17.4037], [78.41703, 17.40386], [78.41705, 17.40391], [78.41709, 17.40401], [78.41712, 17.40409], [78.41728, 17.40453], [78.41728, 17.40453], [78.41737, 17.40478], [78.41744, 17.40494], [78.41746, 17.40504], [78.41749, 17.4052], [78.4175, 17.40521], [78.4175, 17.40552], [78.4175, 17.40552], [78.41744, 17.40554], [78.41743, 17.40555], [78.41731, 17.40559], [78.41764, 17.40595], [78.41737, 17.40633], [78.41736, 17.40634], [78.41733, 17.40646], [78.41741, 17.40666], [78.41742, 17.40668], [78.41744, 17.40675], [78.41749, 17.40696], [78.41756, 17.4072], [78.41763, 17.40743], [78.41764, 17.40745], [78.41806, 17.40735], [78.41853, 17.40723], [78.41857, 17.40722], [78.41861, 17.40721], [78.41909, 17.40708], [78.41965, 17.40701], [78.41972, 17.40701], [78.41974, 17.40709], [78.41979, 17.40711], [78.41995, 17.40716], [78.42019, 17.40701], [78.42031, 17.40724], [78.42226, 17.4062], [78.42249, 17.40625], [78.4226, 17.40628], [78.42257, 17.40632], [78.42247, 17.40638], [78.4224, 17.40642], [78.42231, 17.4065], [78.42169, 17.40742], [78.42167, 17.40745], [78.42158, 17.40769], [78.4216, 17.40789], [78.42162, 17.40796], [78.4219, 17.40796], [78.42241, 17.40804], [78.42271, 17.40818]]]}}]}